37141 8151 19495 18929 22658 17105 6933 1099 2862 8424 22403 23156 37361 14432 35849 31497 28974 33245 39956 39347 11388 19748 20028 30835 11363 35309 28847 8026 1949 13606 21553 39089 18109 37399 18018 766 14503 21302 1864 13717 29725 20619 36872 27086 35050 32720 18582 24023 22316 14889 19721 30056 34637 39749 20890 2351 35057 6088 6728 33357 16046 28280 32446 34154 25678 6815 34919 36532 28116 36782 10248 17841 13752 7120 1278 5153 36191 16211 29176 18507 31100 5248 8562 22088 1348 25803 24438 32756 28242 31165 26113 4287 19444 18558 38440 1473 25372 29710 38004 9839 22844 8252 27679 36595 11723 28956 1748 7913 5167 27275 22771 32618 32522 27684 14705 30222 13486 39142 22977 38080 26658 9089 2366 2453 23998 37158 3925 5721 26867 38280 15560 9710 6531 39590 6305 14605 28546 4404 22518 30064 28030 1640 22681 20551 29324 33737 10772 39161 29230 30101 37240 15887 39189 39606 18339 19539 36763 18615 25259 19981 16894 37170 29691 23425 36760 32347 34381 25305 33102 16898 11720 21131 14890 30752 38033 4213 24488 8805 3373 13717 35257 613 25955 34445 36570 4293 10335 29684 22907 35594 9664 36152 32763 35706 19576 25874 28052 13957 11178 21153
27206 19249 38635 2095 10000 36668 2659 34487 5472 6032 4555 728 2996 30509 31524 35917 31153 1859 25600 14059 33804 31615 10211 22918 27321 26138 8792 15372 36446 16321 32877 20004 35570 31511 18450 1921 28178 21109 32760 30001 23492 37314 27080 26487 24175 14956 22403 15327 13166 4354 25738 3321 35968 35948 26238 23288 18437 31381 35012 11235 4054 24240 27590 35975 12102 6039 37895 36632 27147 30654 22984 6990 24320 6416 33476 8494 21371 12230 23820 30888 12935 9557 34208 8903 1856 16797 28542 16645 4530 19905 24231 8583 4144 11820 4557 12598 17858 2451 9229 1357 29457 32212 8346 10128 38627 38174 18621 16349 6755 38792 7236 19690 4701 37795 24944 2908 10944 9837 19552 15473 29742 3782 24055 30237 15601 28611 2834 29811 27413 12062 27519 13221 626 32216 19700 39252 30389 34672 11953 33496 33464 15540 13185 34516 13335 34480 37423 20630 668 16975 36102 30409 17108 16508 16998 32709 1470 19831 18871 25234 28245 6389 38455 28870 38604 14506 24473 25345 9178 36425 18840 2641 11965 28376 37156 21651 19207 30930 38632 19874 7904 34733 10283 25012 11240 27280 14072 12709 3462 29294 37942 31706 35682 32748 16927 30637 7254 1400 15981 12783
34176 31172 15423 2492 19547 8930 24142 38753 36211 22773 18627 4115 13857 25261 25478 21448 8892 35901 30508 12353 25194 24802 411 17227 17549 17337 7863 21154 18736 20196 33936 12912 11367 5710 15403 30914 10991 35897 26018 7202 15021 996 7668 25230 26256 29497 6677 31499 25397 37185 204 10590 21986 614 24168 35886 14302 32030 13392 29390 12225 3679 38653 23592 5741 10407 10857 13083 6303 36874 16636 17676 34222 24303 2905 20477 13799 5933 8328 35547 39469 8531 2488 21454 5496 26655 13692 16149 18685 23435 5538 27261 27113 4190 7204 29205 14597 18060 2288 17251 11286 18923 31278 5507 39578 30534 22335 9728 36467 27014 5275 35935 35544 7762 13741 37391 34417 23784 13540 9453 7218 19077 36713 30682 19619 3917 16239 30567 18328 14878 7817 25965 30152 35447 27823 29729 25980 10158 39457 18798 37171 1083 11085 29067 8844 21177 26457 39612 4960 36348 9064 8529 11777 2129 35562 31395 6045 11800 21961 20724 23029 26129 6689 13181 17927 34511 2909 3907 1020 38717 19056 34543 36151 26492 23609 1347 7668 6417 958 8979 39117 6374 13859 10893 8502 9421 38639 10898 17572 16951 31621 601 39431 34661 10133 17358 25524 13041 17616 26543
8110 36671 17437 4260 23163 37397 5606 27182 166 2916 36161 39282 9289 10019 10174 17790 15791 5164 25039 29715 22114 13011 26667 21544 4024 36799 38901 29547 9839 16516 12441 14300 9539 29878 18560 29053 27274 20517 16234 23791 23432 8746 23072 32720 15117 29597 6861 30907 34760 31899 16973 16873 1262 3639 38417 5285 437 33669 34831 6628 10185 3623 20927 16075 29852 35838 5127 13478 16355 17712 37268 36138 26458 20340 28858 1574 9936 32070 28832 4696 23969 5805 17920 21582 9443 16336 26866 6232 6357 18048 9211 16541 21670 30137 28967 11522 22327 30445 24999 35033 8156 22266 31170 30965 2605 20027 28890 8893 8449 17722 13588 32417 19878 27859 10350 25672 4195 37215 28255 10551 15262 37465 23443 36931 27602 8761 4804 6280 39205 29802 1312 3712 12068 32481 34677 11024 8860 23566 16268 17308 37639 26207 6076 17516 14066 16425 39540 14612 9991 27794 21514 25252 25259 4956 18534 9212 10068 23338 15491 9272 13139 13154 12983 21558 5634 4011 28934 10845 27577 5201 24504 25215 31408 26931 39083 5473 3355 34974 20084 13345 22767 37949 34948 8025 39256 13482 13588 9323 36819 29078 14946 6309 2231 27928 27867 4217 31939 13152 11413 15867
18352 35917 37433 6111 22847 32867 7935 22554 27840 24370 32250 10607 22318 27198 14983 21573 679 28571 30895 33849 14000 5840 157 16231 30120 24375 16799 18410 37526 28211 30628 12230 20479 28060 14692 39678 20927 22627 18583 8766 3348 10832 19372 22018 34381 30707 3590 31411 19277 30837 25259 33276 33028 25416 5858 19499 6142 22656 37908 3668 7219 28535 12249 24049 12947 23292 20078 33873 2270 38660 38990 5618 5844 18362 27635 224 5420 27576 31635 24696 18412 16893 17971 7792 38660 20181 27290 4802 2836 21550 4821 6406 6436 13421 26807 19382 36712 6884 9606 38982 1896 8596 951 7739 23309 24937 4314 28728 12512 32300 13423 27276 5545 27745 35067 4204 7925 22356 5357 7113 257 6529 13518 6693 16301 36676 26074 13013 3560 32032 8346 5455 627 5648 9545 23935 30584 10210 9014 3095 2510 22436 30370 8054 6532 21788 8609 14457 496 10318 17921 752 13198 27790 7444 29499 24466 29870 38863 28025 21901 7208 29831 18879 12855 35727 2813 39790 5936 11826 2884 4797 30613 29606 9202 37144 7745 17811 7952 8240 24480 25872 5344 37677 13662 12787 27175 34479 39008 26037 22503 17260 29596 8685 36138 38802 763 35302 38591 3050
3479 37827 7847 34091 23784 17048 27587 31528 31210 31890 36120 15689 14114 1463 9718 24127 10601 36892 18605 5961 19281 1107 23220 5228 6143 15710 4030 6905 11011 38972 9954 14490 33150 14152 4932 13285 31200 28870 4813 22409 20760 37284 34450 34873 38746 4167 18999 5698 37410 37603 11658 16690 35061 34878 18270 37555 10587 18651 4459 17949 17622 10764 28790 7124 24916 33722 20408 12467 22591 21572 34875 39702 18855 25676 30926 13952 29842 6276 19650 27252 230 27659 293 31642 18888 18562 29196 29474 37212 30006 3775 11186 770 32564 18309 22037 26285 35068 34503 5228 16640 25729 1281 31846 11405 32207 5798 1246 34834 21799 24849 35064 9457 25142 26705 28345 3703 12253 14170 37267 2258 17944 8452 39379 10508 23112 17767 33144 18179 12269 34723 31170 34350 36004 23016 5754 24562 25165 3351 15747 6963 28200 10810 12771 13341 33867 1115 13395 2471 11637 10661 4728 25932 15464 459 36439 34927 18225 25935 9458 26846 17009 627 21195 13012 23642 23300 33925 5158 26650 9672 12120 14849 16833 24891 24541 7051 22357 37936 9521 33993 4948 10601 19925 16764 7411 12715 11690 25635 35001 21147 8832 12010 21774 30026 21373 1767 9677 11650 6925
36327 17673 15396 7527 34505 286 32068 37908 18995 26355 3780 12987 31302 10732 29263 4417 18142 38330 16107 129 33330 37253 8960 1691 15378 35338 23064 13497 5014 34713 20421 37692 12385 35816 5219 3241 32454 37286 37500 11448 23640 1280 20786 11293 8363 6401 15710 26505 4730 28168 26633 34411 21772 31944 36102 37150 23633 15517 10646 28647 10229 27418 26338 18965 19585 31556 18557 12038 25193 12409 19837 5184 10040 36975 12829 18402 39727 24890 4906 808 13057 27890 35218 34828 16186 27671 28329 39818 3187 38974 24816 9767 26391 7506 25083 2328 35413 39992 10717 20606 8752 30554 22141 18791 23880 34969 37192 19958 19858 38450 20765 29266 22691 12334 24094 38876 36357 12422 38694 35895 7748 23509 5662 30490 31014 27096 32817 26427 23439 3534 3384 32190 30439 25524 10980 10670 20493 4524 30627 36702 39325 7743 25968 22015 16428 6413 20891 12784 15186 15936 8679 22933 35796 10692 9775 23162 37787 2591 5940 17578 2476 9323 9767 32914 31198 17099 39935 11690 17974 26913 4744 17298 34655 30711 39312 11083 33475 16554 23866 8660 28841 28896 31593 24637 39587 37719 4150 33726 309 10089 11303 39137 15763 17421 28402 6960 34519 28337 18650 12492
15249 19745 26141 6256 10455 21805 17338 3929 38358 37555 8940 23551 26451 36884 8187 26037 34602 8688 16114 31263 18776 23768 30399 34538 1189 18800 1497 32059 3488 16498 903 15089 36242 27043 21344 3048 8847 35033 3328 3557 32587 12268 27107 15389 9151 31645 37778 3753 332 13891 31367 19107 37659 21765 9996 38847 36916 7844 27257 36756 24342 28159 11844 16935 11554 33187 19983 20400 24571 19662 20308 17157 31929 7414 28898 37432 39058 26675 1184 35741 565 32550 11199 34575 10666 21194 33421 3933 29038 17030 688 9731 5188 12531 26665 16741 2069 2999 33493 26639 22661 13800 148 14589 21214 29045 12020 16623 15719 9555 8716 12635 38456 19914 7210 5473 37460 36982 9406 26497 14011 10093 32579 19199 18976 19243 32291 21044 18594 25783 4035 1254 35935 4182 12194 13500 29578 20566 30122 1648 26472 38837 14282 24928 15103 17843 26752 12562 14825 36157 35410 28835 6250 27988 4385 25225 3582 33028 2620 22175 15162 6654 19780 11096 7187 31974 24595 36764 8891 11069 34763 35362 6257 9045 16641 21359 23239 3393 30272 38063 39549 25681 23250 2150 10020 27634 23726 13602 17013 26346 32128 32175 29351 8260 39622 36538 233 24217 29653 5475
31637 24416 836 34245 29812 17477 15604 13050 17221 2227 7465 16769 27908 30714 15271 37927 14699 38996 7880 31712 25341 36360 23886 14692 4619 23507 7581 1203 4075 37233 6677 32063 18000 3864 26308 7811 21340 38263 17213 34912 489 24677 11681 24748 11742 26951 22675 26440 25946 26906 14503 7639 23265 34740 22330 27883 14599 29910 29085 18673 23494 32113 7088 1494 35977 33395 5656 13668 28009 19220 8580 28497 248 16612 13245 11989 3562 32271 34781 25859 19176 9283 29849 2441 375 12178 26675 14973 38439 12112 33645 18285 4224 37084 16130 36552 30478 21785 10220 14838 1005 18799 3335 37604 31762 12931 9593 35323 5201 725 17533 20728 6359 7382 19520 6733 15911 6195 21705 10702 14658 11702 25338 18881 8785 1467 15433 35615 19603 22004 10452 16959 37154 10138 14563 28915 23068 20507 20589 24620 21231 34473 5348 23941 1854 24867 30674 14117 27413 12378 21170 2070 20431 6507 17303 29216 7973 29087 21182 27575 11090 27985 4534 4595 38123 15448 33509 21190 35954 10449 2162 17184 4921 7509 1124 3127 28727 28149 13595 12492 36879 34764 14561 17309 1270 28215 2876 5594 17301 20409 29520 24742 8394 30405 29336 6516 5852 19196 24057 1805
29644 26218 15340 30917 30078 12816 34043 15157 964 7637 27648 34194 38752 38560 11503 36373 26775 10730 1966 427 31139 31485 25169 39532 18242 14504 6047 24093 33700 26455 25898 19695 12673 37589 10611 39102 10404 1005 14258 7720 4993 1905 1913 3744 36817 13415 116 23591 20497 2081 24017 11635 29918 5537 11166 4511 20041 13564 28603 10092 18 10852 26138 12690 8441 36749 8144 18844 34105 22401 22915 39098 20658 24828 2841 17474 34594 2957 37416 15090 1389 17784 26724 27658 23321 34241 32168 39713 7804 17123 6156 7822 27974 32293 16863 36414 25393 25006 11610 19498 3759 34524 14947 24416 15703 17787 1889 10297 17095 35656 21738 14836 13439 8462 38845 36759 39054 31013 32823 6858 4487 38978 11031 32460 27623 24245 25226 13015 5603 36835 28864 9361 27710 3810 30128 3413 17949 32016 13709 35043 24023 31798 6230 37461 259 5075 30572 35665 32439 23394 38874 36925 18724 9904 29384 6346 30500 14609 19360 36102 7795 4576 1814 35505 8385 31941 38917 22685 20308 8977 17728 4330 774 23957 38143 37385 29031 28714 33049 21469 8459 28274 14745 27182 34529 4129 33527 25028 15089 9239 17482 22884 13814 15647 18388 18550 7588 17304 1235 24247
22632 15314 24929 19757 35622 23071 13493 24653 11784 2893 2473 20242 31166 13570 3776 25694 17698 37302 7074 32786 6540 24555 15669 20353 201 34056 35255 4140 7711 36489 24739 26694 11802 9667 6451 7423 32737 19943 28427 872 22836 27252 17465 10353 821 21240 36047 14870 14894 3120 7655 21433 24026 19676 38138 20578 10083 33392 24718 14146 29880 5808 839 38033 15474 3641 5455 4562 19936 30234 1785 39123 17485 19249 9475 14657 36841 1873 29526 11734 4992 33532 33166 25369 13207 31303 5947 23290 21046 27016 37435 10925 32823 34625 8957 8296 38266 10764 9209 14553 997 10993 13675 14833 30241 23149 25841 23433 21374 15366 35166 26365 5249 24684 11734 18456 12338 14032 38097 33384 1047 31883 660 33869 26507 5969 38516 21124 16732 7724 35676 14080 18716 9350 25264 5308 28851 11104 28741 10224 22821 20258 32940 28069 1293 1025 2876 13631 15056 972 3366 12454 32854 4025 6322 15713 6345 1189 36836 19428 8912 32512 33507 23979 38213 15122 29287 23415 22577 14379 29990 5397 34636 22930 29818 35929 20306 32693 5911 31714 30017 9276 4167 19222 9652 6841 34934 15997 8029 31770 31776 13293 20633 21635 37271 15197 36756 26557 38612 15685
935 28601 21081 31923 7882 7250 27851 28188 36295 30113 16253 22663 39388 20419 1884 5391 27259 36818 17739 35288 24939 9515 4932 1923 31149 2202 17119 24256 25111 12082 39940 22397 683 17373 14319 4916 20974 38521 33103 17268 28633 9355 39930 24372 26126 38166 29763 13384 34983 3853 5023 16273 13367 9954 14547 867 8508 31665 25123 33618 99 21414 16014 781 38786 30333 2048 19760 25205 35151 33379 13838 857 29661 38209 23334 27826 24323 33070 19160 28176 34444 35432 1542 750 6330 38761 9257 37994 20235 39226 38092 1648 15239 35224 36786 1923 37272 12897 27128 28774 2627 37317 25982 32287 31877 5668 20112 16200 38737 39271 4375 33180 31054 2268 30281 37383 37380 39537 31729 17614 38762 26172 15614 10353 17748 12399 12275 11371 21647 35754 36496 24273 29422 18829 16560 21299 24496 33023 37498 23232 28646 38224 12764 19699 36843 3044 13434 34223 38933 1514 11836 34046 24037 27449 4398 1784 36199 13025 13154 17845 5130 6001 2118 34552 24830 15029 15850 9325 8051 9699 28909 36696 7922 1672 12747 4764 1067 26180 35338 39999 27693 7174 34045 8081 30974 34794 9865 27173 7818 19370 1369 12948 25371 3486 7499 10200 18514 19700 15876
22917 29398 4784 19612 37319 2807 32358 38434 3874 14889 33772 224 38933 37297 34268 7014 24622 25414 13230 11794 33231 32599 9515 6178 14321 13000 10028 20872 27866 29727 36748 7134 19124 1531 26745 12794 4338 15455 7580 4563 26695 37703 4786 25628 34999 35406 28993 15972 20819 2222 27766 14049 31172 33632 16579 5493 6631 22958 26364 30848 12685 23111 37981 28160 20994 21078 37306 21683 32884 1237 26245 19578 38939 31030 1557 30289 26435 30549 6260 7253 29122 30377 17654 20294 24008 30584 25786 26991 13541 8501 14190 22577 27964 12171 10737 8957 29600 4394 26991 22483 5630 13235 38412 920 616 36321 31208 23403 23221 33819 27007 12343 24196 4660 28988 4555 35243 11125 31545 8784 19625 5735 31360 7588 14257 38448 12896 208 39193 36238 19042 1174 9472 17453 2093 6440 13773 29652 29842 36994 23471 16848 5688 7666 17860 34675 8572 13102 5799 117 18237 21775 2203 5949 25715 12811 748 34962 13018 39941 31200 32059 37466 671 5863 39559 3462 19636 29210 33303 12981 12680 6503 15020 16697 24362 9694 21621 33815 11844 21737 12052 33618 20291 14352 19332 33101 15099 14294 6118 11391 5493 34528 8857 2515 390 4767 2329 16377 30328
35631 29357 39360 38485 728 12408 22846 6773 34028 13013 18616 12116 21416 8586 32406 35767 27917 21858 7217 38562 24327 14960 406 18854 20168 39273 19244 24934 1601 31972 11613 33583 17681 10972 32068 18408 19732 11265 25181 13759 20629 3796 25875 2044 12381 14632 34162 36650 32842 1379 31563 17168 16338 31969 32374 36505 31241 7969 17790 29193 39940 25754 22775 17620 36726 11194 36028 16457 18811 21208 26567 39439 21355 8793 1483 30088 23425 35644 26737 12618 33374 18299 29785 6063 6619 18510 38919 37859 26478 16708 23403 22770 38814 6178 36741 35539 13723 32768 8347 32533 10327 34913 28324 28034 58 26158 18121 23482 18153 1209 32451 11527 15859 18587 17589 22478 37097 16508 16688 19926 29567 91 39047 28380 2620 35788 20270 16342 24907 24968 5227 35234 16233 29902 19619 16290 16059 37739 36123 34211 35299 28573 2089 11157 7159 19678 33634 607 32537 10322 20533 18455 6764 19579 3187 5735 11718 19808 18428 36625 4776 23654 28210 21008 13555 7828 33649 25965 1918 29771 20176 37216 18343 22264 4724 21853 38293 38358 22460 27181 5031 39344 1988 8146 15274 1526 13880 26992 21333 32307 23616 22460 15961 8177 39819 25867 16004 33467 11832 14273
19589 28359 11488 37931 6974 16211 16136 5267 10920 38595 28799 12302 34290 30786 20447 9563 32311 34326 36554 9996 26633 16521 32455 38945 24697 28626 21163 37052 22092 29346 11324 1681 14056 22811 35963 21030 35374 8450 26296 2645 7044 11446 14947 37685 2232 35393 7248 30894 26071 153 37241 9055 16674 26048 7999 37722 14673 25513 34774 33116 14859 6097 34796 28914 25260 27111 6295 16985 35560 28942 19629 38956 388 34575 36640 38971 26320 239 26216 12390 392 23457 21444 13417 9504 25794 11138 24176 7658 5911 17291 18868 8360 8439 4134 33619 31901 10428 10603 23812 39370 26583 19119 39757 21158 12111 38727 3829 12349 21294 12570 9092 4750 30365 22508 10605 12510 33646 31132 20167 35908 8423 39035 4267 13213 3168 37885 1465 13595 4839 25276 9316 31422 747 9072 8931 12857 4150 12759 21557 25444 21680 30649 26545 12044 13156 37150 24553 6801 28281 4719 2709 33055 105 6975 2619 39624 1212 4083 13219 6050 25711 22534 33823 26457 27958 2753 35665 28459 11863 17221 13902 33542 4221 36799 5585 17377 33948 26489 20529 22228 27560 19589 11635 27664 22916 14253 27288 20479 18336 36858 26528 398 15743 16703 23206 3700 19455 18870 28511
31318 32442 2412 24859 33015 39210 26796 10391 29509 13284 27271 8089 843 3212 19723 24859 26127 33975 12146 6605 8662 5355 29484 9059 21097 6186 28616 21149 21993 3837 6011 13310 32631 8422 34520 25645 3984 21315 32387 29844 30951 19657 37932 31793 22868 17654 13003 5346 7981 21500 8302 16642 26854 34138 22053 4303 36675 10668 21803 18667 14505 27813 31976 7135 32586 22848 32779 32921 4162 21517 22765 35112 1173 17048 23257 20393 34702 32611 22090 39034 14111 26744 15675 37316 20881 34079 1618 17555 1099 19772 36222 15603 3936 24549 19089 36522 7396 8219 25794 11558 29735 8558 3021 27259 25606 22629 4003 16659 15240 26093 12044 29350 12836 24070 26665 30068 18149 24635 7622 19247 758 195 31201 4694 24744 10289 1215 32139 14859 27008 48 4593 31918 39421 31851 13875 22049 35854 26885 33640 18298 38928 19341 27485 22997 2358 17552 37497 23344 21525 16743 24101 21720 4295 28794 2815 10935 26360 31305 25793 9720 27705 30385 37989 27125 18588 11863 5525 10793 35099 39165 29090 34026 14857 12926 13374 17214 26829 10871 557 4705 23965 24658 22776 24612 9803 25590 35546 36163 16895 21339 2234 4599 11723 222 28075 30310 12084 33599 1102
7182 29115 26543 37559 324 35820 10932 17537 22648 18154 18094 27353 38471 39103 10128 23082 5257 32070 18627 37771 5316 39965 4 6266 8040 225 34340 38349 8660 24290 35803 12193 9757 18697 9751 10080 14517 17035 27616 33516 35188 2061 17220 30010 37515 27348 13091 2772 19417 31718 542 24732 31682 36898 30997 36073 37122 21688 30774 2134 5977 22928 14326 12085 1624 24077 22164 12492 37463 6132 2360 29002 4544 19579 19012 2059 6926 32102 1182 22694 23819 38075 3777 11853 31324 31125 7925 28446 12812 38698 30579 15141 21625 1256 27225 19601 25332 5741 28444 19146 11872 30803 8148 12767 10382 27159 11177 13659 19260 8710 36353 3079 6785 36481 11283 34460 27606 15559 22905 36769 10609 9835 11909 28585 7443 35486 8185 32774 37578 36629 8272 5801 23783 16419 18567 34164 3577 29744 7823 22836 38453 527 22266 1589 37007 29900 36049 24612 5459 15305 21381 16067 21492 29641 4651 28934 21478 9188 18059 19055 2168 26330 24855 25950 2748 3422 20114 6324 29517 24288 25512 27969 24814 7777 25910 21820 37677 18310 6432 39487 33614 24164 15553 11457 10156 16555 390 31634 22094 14801 10688 24261 37482 31895 10211 230 35316 26676 2905 21184
10963 28416 5504 35776 32545 31413 17595 26573 9722 20378 26059 39688 893 37963 11144 11049 10869 7886 2682 32963 19038 9721 17223 16519 1615 23785 13100 33282 6812 16005 14465 17774 772 19969 9901 33316 7733 23848 19888 17455 577 2298 13494 1470 260 20989 8870 11129 25226 11551 4091 4263 17623 17665 17134 19238 37802 30233 12519 4613 6237 26984 18739 7009 3304 24991 36676 11036 8838 12916 24842 5767 15213 38335 3588 15473 15676 12457 22953 901 20359 23395 1516 37981 37411 18649 17218 35212 8881 26089 36177 11470 9424 11267 18478 12727 36257 11505 23762 1447 24420 8604 3565 35985 3290 7152 7809 18965 19608 30761 19866 39966 10507 17733 34298 7917 36381 7868 39481 5261 33956 32009 16730 3379 3275 31559 16105 35883 39416 36218 33681 20187 4821 37245 16171 8111 4396 20331 23427 20355 7443 39644 16672 17949 17376 10970 22218 13756 18837 18050 15369 9144 10058 32098 8874 9684 20009 21330 1918 19424 17547 35599 39610 18720 29195 12133 23182 29943 32463 6608 10297 39906 6252 26969 14206 23627 37938 36423 37383 13126 10824 9103 22269 20881 1200 31142 26916 17560 8823 28834 33335 26369 20784 32945 5088 6330 1429 24621 36272 30243
31229 6569 26500 37480 33537 706 17458 27826 33480 11192 951 4304 20294 19571 21536 17846 7064 8452 35405 15886 33637 28740 38606 10772 18036 3694 17101 15816 28314 13373 6058 15894 19941 32558 9725 9829 29615 27183 37654 19446 38374 34956 20101 18668 14526 1637 32865 17941 6440 28269 33826 36428 13360 32431 7199 31395 32476 24299 7210 17142 34023 9620 33035 13963 2177 39112 20143 28143 26294 14148 7588 21019 9103 27689 36038 19980 25677 28902 37920 32116 13523 28097 28543 26882 16880 35741 18277 9355 16391 21838 22848 10414 31457 12235 20728 29985 11346 871 18127 33991 11370 22067 15009 20473 6107 11047 36804 31783 36300 31076 23898 9822 19172 8792 36704 36051 884 11332 1758 17274 33169 20957 24039 20978 33191 4767 10962 888 1989 25441 34878 13358 7507 6239 30182 13613 13637 23338 5395 9936 14413 25644 16110 29936 30787 12813 25987 31670 24144 24096 5295 13664 5052 29334 34641 34595 30452 5603 31834 28792 31043 26712 38501 34901 32950 25035 4865 2938 8372 10259 12873 22784 32254 28982 12719 23040 38146 35057 11061 22289 15504 16355 32305 16908 2040 26945 11502 32491 32547 3335 17634 19941 26398 16135 14841 15699 1169 19705 18636 5892
26315 27861 28675 14920 13194 37745 34311 11340 32802 5371 29980 8305 18078 22284 25212 20117 5581 33065 8960 38127 32752 22945 14420 15501 35431 25612 31200 36599 1669 6187 2490 24335 34047 27516 39255 3593 25261 29917 14932 14414 31640 1263 22718 9717 19899 4282 26185 25479 33698 31496 19957 26449 10793 34376 1950 6223 16340 29501 39174 18008 35687 38015 2342 26086 25531 37948 29678 7143 24217 961 21556 15856 2223 4273 21924 18473 4906 4460 303 38604 32308 20260 21404 3100 10987 19705 9322 27326 9205 8495 1685 1244 6510 379 27329 28392 34678 17006 35534 18894 14318 17089 31101 12892 17713 9376 31365 18971 13836 31667 13926 2495 8278 35329 5594 19265 11386 11267 2942 20590 19762 4627 21833 22623 1357 5513 7366 36034 22518 2899 11280 33187 16339 38732 6079 30403 8108 33795 5725 18295 25461 19650 20789 30091 11331 26382 9355 22716 37648 8648 3305 13761 9626 21490 32735 10982 27002 100 3368 5872 39350 14647 39058 15688 13378 1488 2443 17837 35282 8167 36131 17095 27817 16919 7185 39147 39652 12891 21862 33652 21538 21518 7412 31164 39359 36499 2145 26361 36598 5512 28584 35948 16510 23993 7987 26240 25481 10429 4076 17114
18596 36559 34208 2764 9829 37744 38262 5833 10634 20123 39484 32172 37992 3247 23335 37351 39745 21831 20063 36343 23695 4998 28642 36556 28990 36628 19147 10822 3409 19575 24288 18356 16133 18495 21119 22313 16239 19380 28145 23224 35854 27628 15395 30197 30875 35081 23899 26971 13264 313 19665 33310 5310 8306 29865 30652 1286 9012 37825 4694 28586 22112 19401 1070 36959 36871 23382 9549 16250 11527 32772 8455 39154 8167 35003 26380 39599 18902 13351 12862 19214 33015 2523 24524 37673 32388 11527 38958 37751 9351 3 26336 31463 15755 27405 28421 12625 7138 37969 25226 18664 30740 30032 14170 35258 25034 549 31209 3935 10251 422 19501 3266 2945 4024 37290 31684 11902 32599 29434 21252 32601 15769 12714 4707 39525 37486 17331 3014 35454 2556 21678 22546 28939 35847 14155 13972 32747 5363 14259 2998 2137 33759 2615 5081 34134 39904 36764 6035 32502 26197 27286 21454 38317 40000 26160 34193 37485 39842 33558 29291 2397 15235 11836 31335 7433 22342 1658 180 27705 15916 39529 29841 9674 2143 31273 3807 2046 24388 9841 34547 6936 37127 12352 5252 33478 38511 35796 27314 38352 29353 16604 37100 940 24791 24786 4724 7133 26443 1255
31189 38711 783 17381 8384 39277 8653 8543 1322 33040 18383 32220 39975 11861 923 1578 1690 39433 33725 29004 34136 19429 1959 31235 16720 23102 12372 21444 26586 35167 22698 17774 33877 19833 31506 2260 19109 158 10802 16783 29549 25537 5354 25875 33749 6277 23804 35439 2061 17528 20794 36197 36956 19104 23783 10028 2205 36155 31471 25142 31321 10520 2915 25197 30352 30772 23808 5813 30929 30962 22595 16829 16498 24300 2703 6598 30576 22858 2036 32637 385 19181 25185 33693 38285 8967 3720 36841 5121 31542 21983 32793 2061 21249 14341 32413 12021 38149 34577 39301 25462 13523 16130 38311 37822 15184 4908 28398 38042 3296 17386 34778 22476 2570 24822 17112 11536 28541 13953 13009 20082 35935 2153 18495 13535 16494 7259 25555 10994 1835 24856 36455 15357 37337 31117 13178 8872 36024 37927 3265 35671 15312 34395 18147 14233 19216 31610 22121 7757 5562 35129 24190 37848 33633 2684 11383 10126 9942 33289 17471 8128 14496 10277 23484 11832 1393 36662 17056 33769 30940 16672 29439 2604 11066 3937 16836 30282 35547 38956 34390 37460 30436 18579 35308 24069 17615 6690 30546 23908 36330 8017 28388 10826 18293 11871 19009 19686 4884 36064 9806
35824 12736 39244 38427 23801 39533 11614 10434 35079 10570 4823 32538 37357 19754 24197 21425 33720 30886 8323 13979 23568 16339 2366 34393 30983 14237 13401 7020 15472 9465 16825 11295 18552 12421 6073 38704 11953 17687 9138 3383 24608 10312 35920 21964 30065 20117 39741 23784 7354 4415 34115 30921 20753 36480 21665 8087 10716 35066 15107 26188 882 28283 33834 15785 703 36259 14488 12655 10297 19977 16037 34904 30289 8309 13219 16705 24777 9311 36841 28482 13725 30955 15755 30829 27434 37419 38916 34502 32484 10374 17041 33365 38656 7226 5501 35711 3484 19989 8365 13780 36317 20754 5035 22957 25414 14606 36014 6542 23916 32854 35023 33993 20160 10777 21173 7593 8196 16440 38446 37031 26813 15486 26748 21821 22712 32248 17531 22547 12236 22247 32679 4905 39352 37713 27861 21117 12318 23874 27658 32586 13079 22681 22930 33238 29809 454 37183 38004 16894 35628 31387 58 11114 18134 21878 30177 10381 35760 12723 18969 14359 5401 23873 10062 39466 8085 31179 8135 28311 18836 37072 37741 37868 20001 30979 27677 20455 28161 22032 33700 20140 13418 33757 31253 31551 11987 17781 1932 7746 26856 17252 18456 32256 1124 28518 28073 5560 19696 36208 30222
34883 33279 27963 32751 9632 15293 16779 30086 39805 38810 23785 19944 12228 13893 7549 130 25879 25329 2061 29977 12184 19312 8432 792 16787 36949 28864 18699 12996 21423 8920 4231 14702 33234 36981 24333 8526 13759 10770 4682 8920 30906 24626 21147 4798 28526 21277 30677 13854 19689 17005 22390 35353 25436 19533 8491 18737 4748 27189 28084 26171 32461 32314 872 25694 29294 21556 30572 39404 32325 35253 8324 23230 16230 25822 24379 4755 3450 11407 18609 19491 28411 37350 14843 13847 16882 23333 28935 21629 6874 17018 4151 39334 5684 5022 25027 31329 26577 11950 30733 15253 7203 35408 38482 23432 17581 22861 28187 21031 34267 3147 521 19030 36848 11715 29228 10081 35047 18162 28061 38272 31531 32212 37605 37214 37233 18984 28543 20162 30933 15627 35414 34487 7386 30248 14271 24966 9460 38809 2348 78 38307 39220 19107 35154 10934 8334 5234 2333 22847 29646 604 14378 21857 38209 7943 15442 17192 32837 31955 4476 8463 27368 35315 12200 13967 9585 37166 23426 8393 39513 23504 3051 38733 2610 38204 6018 7296 39789 8350 30142 29434 8954 871 7643 3514 8814 23084 20705 38002 15038 21532 2817 38757 16846 15016 12724 22782 12181 36149
27526 8046 19652 30576 3130 18614 28779 9147 25909 24919 13849 12402 14353 22802 13273 21995 26315 18438 1430 3371 16439 16467 21254 15607 11575 34452 30623 24298 17233 39155 16799 4759 3552 32802 35334 6681 11415 20465 12180 33675 5383 26028 6077 16087 5181 15701 34433 27847 34138 35862 31217 6928 8680 8822 22535 20255 3273 13157 904 20506 8663 17702 21616 12215 10504 13301 18895 18270 33765 27426 11945 35500 13453 18021 11586 14985 33721 6019 2831 24210 38232 30399 31137 6912 39221 10023 23518 2493 19531 24421 19350 28194 38475 965 408 8978 14266 15654 27247 4382 3080 35543 39881 12884 13563 7819 27869 3635 10189 27051 24196 8420 17450 11685 11683 16670 21707 35200 19162 1238 15973 34864 25783 14447 35828 22542 23424 6445 34547 7022 10827 33978 2565 7059 3214 12479 11229 31082 12466 21417 14484 36661 26189 31933 8345 34223 8602 30052 25775 24116 27641 1747 18979 9775 16193 11158 32316 35968 17603 23214 39341 24781 17192 1905 28191 20405 10736 39420 7838 23201 17188 22321 19861 39728 14254 28206 33951 22855 14609 19725 3322 38601 17823 22300 8375 34015 33458 37042 26334 7412 20255 25674 28544 33798 23931 16734 14202 34666 12505 22039
17866 29693 4360 37726 25772 14965 22283 16074 37819 33243 32150 37493 31843 9972 19792 36569 338 9601 29962 26671 13364 10217 8697 1907 4014 32627 18641 14568 23644 31145 36606 1509 17189 37317 35586 2961 12281 14221 19034 6452 7463 11184 3944 35658 17507 20087 32226 17845 29688 22188 867 39403 28756 9563 1310 32769 38541 19950 3688 22184 7446 294 20044 24635 33962 11982 23947 6243 26202 2980 12694 33664 10515 12989 29321 28022 33075 17899 5866 19114 86 3084 18517 28841 12647 19826 17961 7539 36127 21649 26075 3572 18294 6118 24558 12255 18099 8504 14849 652 7836 23894 34316 18350 36882 19988 2723 26309 34238 4940 5422 34323 8024 20290 19515 17022 36467 33828 24560 32593 11828 10634 32517 26473 13104 17074 38727 27554 21930 13576 28206 29765 37469 18873 4466 30703 38860 7189 17011 33098 12128 18784 23772 20151 39074 39639 37172 35540 33466 18084 24485 1645 25069 17001 28117 38172 30426 23195 25726 12355 36770 13931 38471 30591 32803 2937 17645 28014 10125 34655 17463 18604 13438 37587 38755 12511 37225 32278 4403 27042 6713 28887 28686 31782 2239 16802 29953 32664 39996 12030 1371 33118 22312 39841 20060 11466 39129 37704 39480 5605
32358 13294 24209 2147 10880 19315 11010 8104 11592 15412 35145 14657 650 20182 6438 2888 36983 32742 31903 33331 4772 33273 26448 27083 29466 6507 34901 28594 562 34380 30551 29271 4025 14759 31417 14905 34073 2426 19360 2016 14189 10857 16672 14838 31038 19461 14077 28021 12203 5980 21351 16974 39252 4150 408 25069 7008 31660 10015 7569 22391 565 36839 26416 15323 28255 37672 5747 27033 17031 4114 37573 24239 17138 8763 15277 36598 22839 39649 8800 28818 17351 22125 24422 21500 18885 9490 28507 10544 19504 32427 32935 20068 29265 15702 31742 13871 13373 33840 37255 26755 34306 34828 10994 11443 3590 26270 4392 22780 22270 13192 11598 39620 31668 36019 17471 6904 5508 2329 13800 21364 34755 3086 37783 24019 18787 25877 34241 28511 19716 31496 15265 10373 22675 26258 21815 22616 8879 26207 5395 27500 35750 16992 27119 23769 9362 941 30673 14870 3269 4472 36233 38023 3909 30367 18393 22695 16243 8986 11205 32311 36833 22821 2683 19507 5431 20850 38474 10661 7056 3868 38161 39157 17212 21631 22925 26573 22572 9949 1442 25840 10772 34026 20215 14680 20745 34959 33726 36987 3944 1282 29297 776 24103 28332 16634 25885 9181 15107 36545
12588 18975 31057 8096 36186 12688 31020 22758 35259 37321 20552 17450 8092 10929 34016 19124 31673 28975 12849 25012 29270 14131 14308 26398 34585 38991 39383 16821 8171 14490 13365 17110 29816 4422 25205 22353 17109 12577 1462 8719 9897 18365 22520 14340 29294 12888 33463 17318 38214 2664 2329 27483 16794 12989 10232 7730 11979 9615 24550 16502 20456 34266 29963 10271 35039 15168 28975 12147 24096 26788 17217 33992 5153 36089 4683 30798 8976 38146 8115 7189 809 6796 31023 13954 19784 37607 18035 28114 7221 38936 967 24028 33201 27282 30650 28240 38801 19624 36738 22896 6411 10307 13239 11563 2747 17921 38712 11722 12418 6827 15262 13226 9974 2636 23531 26109 242 1565 14222 7462 36852 11541 27841 30053 35174 18490 14644 33974 38113 7733 16869 876 18039 26459 8790 20785 4379 7502 28858 13149 10680 471 26374 20653 3107 6257 6761 3348 4173 17334 7162 1025 25226 35002 27429 20399 13492 2072 14372 7956 6156 27592 5183 20547 14050 13973 37683 14781 17826 26541 27929 28505 27011 10654 5509 26469 13262 12269 29817 17435 25954 36978 18459 11180 28331 2239 31578 1822 662 2302 6130 6817 29893 11312 27363 3943 21636 21398 15075 39461
7938 39355 27965 31300 10008 33473 14121 23270 2093 3937 37056 28047 37266 11866 39226 25596 14104 27155 23770 14765 29456 26251 17933 19349 37562 1648 19643 15550 23045 31069 15010 27334 30423 39327 14985 430 29151 29105 20051 31244 33041 17106 15642 26658 28971 11219 12254 39426 38373 32375 10542 24181 18625 28475 3529 12538 30122 19523 28087 13166 10591 3097 499 37365 2423 11835 34146 27925 940 14197 19168 30332 27654 31161 16990 12977 2379 25595 12402 37104 17969 22944 21284 32945 7770 21164 5482 37891 37038 33569 7408 3980 33017 4258 1344 31791 16092 35489 19715 17031 9685 35235 7363 33691 26395 20704 6667 25126 6298 15420 22229 20618 34715 39864 13562 2484 21027 19043 374 18064 12611 7781 18395 5627 8390 19738 37417 24482 15226 13484 1512 21263 8718 5226 11305 35112 22281 17971 20237 28578 29742 38817 9195 24457 38680 22756 26940 16058 38151 23666 30473 10761 27798 8867 12740 36188 28604 6508 20669 182 19991 18532 17796 28708 20110 29100 20172 2390 3422 36760 30968 33163 31929 36514 17619 30608 15622 911 6666 13772 24576 33490 20884 12373 2357 29975 8560 27312 36483 29228 23845 12825 4112 1640 37885 24221 27091 14408 26610 30512
11167 17577 20027 3095 10443 33997 30055 26064 34907 33072 39835 19482 26561 17070 31855 28917 7045 36766 12581 39879 22346 36425 12703 26457 34417 6939 10677 21507 21346 37286 8371 28865 11215 28397 28311 18009 18745 18365 4072 13652 11436 258 29485 34349 17327 17691 19617 24371 14457 32197 24249 36802 24974 33304 23258 19390 242 30286 37248 17940 27571 5618 6804 35137 30366 35114 13145 5463 9831 13568 19114 17618 13825 4950 11966 31152 22641 27935 11874 37097 20131 32475 30250 1456 25778 9859 20845 22371 144 14445 310 24066 16414 7113 19203 6780 38579 28699 8594 8409 2267 27707 26026 16091 29008 34344 3594 11648 22278 11820 5096 38760 4294 31697 216 26423 1555 17412 5145 1698 28208 5455 22116 4622 8919 1318 7753 7497 26368 16346 12257 28634 404 34635 1077 29411 28978 1022 37411 7607 9193 2506 6366 9838 34203 2933 36260 32109 16697 1405 30159 4904 3211 12274 9525 12129 9943 17277 15978 36310 29974 28234 21296 30377 22868 18724 19788 11845 16097 17198 15803 25290 16055 22169 35127 6609 25101 27739 38718 38149 29143 28876 3053 28705 37501 8929 833 7443 26206 16810 104 12531 1396 17751 2908 24263 36474 19047 32460 12571
32596 8262 37860 8650 26782 29338 11611 8235 17076 10328 6383 6218 35555 5787 31274 29407 14716 32107 36849 37273 5268 33304 9803 6663 11055 12710 27278 7528 28108 19737 16450 20703 24350 14309 25705 11132 3647 37315 15718 17074 3994 22100 19644 35900 27887 10917 25306 2602 3023 18506 39874 4643 11809 6028 11305 22863 15090 34934 26743 3197 11022 3192 23900 35372 13853 5956 2855 13851 3270 18572 30924 3615 37023 10567 39514 21261 17836 24819 20214 20858 39676 16439 25500 11484 22467 33157 30699 37556 28090 13793 752 39112 13336 21003 30835 27188 26958 30041 37390 26579 4964 24666 30193 38338 31584 26058 19599 9419 7228 39812 26629 6903 16251 8480 14739 35069 37988 5437 32624 22430 19229 29727 17893 32564 10730 8727 16104 34039 35119 9845 16970 82 30862 3514 38419 18798 29572 14369 28216 36799 14181 11196 54 26783 19676 14792 21851 14015 20228 10826 36444 35808 552 14336 24723 7633 19414 37178 1672 14532 3375 14993 10965 30588 18506 5736 9385 8077 20104 33953 1228 30636 5148 1281 17418 21175 12424 35620 35190 29003 6445 27985 24810 6997 2321 5884 14629 18086 39414 12652 28970 2788 27644 39934 33375 2502 2021 39112 6930 22125
33064 8157 9112 34563 5789 26530 15738 18212 18501 7279 7214 24946 31615 28375 28294 30287 34259 39274 8373 30024 11926 37342 29163 35921 33627 18889 38422 35648 18000 5352 14124 11063 9860 23235 5626 12001 6116 17715 30212 24617 21345 33778 5914 9311 22152 34207 39598 12762 33480 7970 2785 1757 1663 31947 37678 31641 7188 32451 27288 25187 34154 1411 32602 366 20998 34579 12366 27113 8645 38929 8081 29989 32706 13994 35651 14858 4552 35248 23971 38032 39569 23108 36140 37583 11406 30169 29224 18593 18972 16511 3780 9477 14274 36381 9842 31623 30959 18559 18735 35955 17488 23168 25943 10193 33513 21593 21402 38065 13193 1725 32448 12761 24832 28587 10344 36237 15108 39567 14830 34079 12429 14961 3555 23054 7693 9749 14676 35003 28307 29763 30957 5794 9282 13251 12339 2794 31195 30092 858 4387 31816 29657 13500 12999 14596 23843 9236 29703 19761 20417 23781 28541 35377 23687 11595 3069 33435 22622 38071 21742 8736 29027 23887 18017 2277 36225 20811 33471 22669 18020 34210 10836 7677 7709 23835 22272 31551 33070 8326 7663 9838 32106 36203 5214 12144 4149 4634 5579 23123 2704 27320 31858 28082 7558 9875 26710 3783 27037 16532 22803
5056 10741 33638 9084 18449 17472 31355 6351 6893 36032 10365 16730 24489 2920 18295 36633 7068 22928 2211 30190 21983 25882 18400 6416 33439 28274 33125 33573 15310 6009 16375 16717 16749 6365 25801 31550 20188 13507 34252 27081 9539 4617 162 34027 7536 18457 30659 10955 37736 32869 1145 16071 15102 15896 22486 8541 4169 11963 38465 15830 17971 11192 32546 31071 17556 18346 18972 37743 31853 13224 21175 1391 14192 21337 35417 18079 36145 22428 29033 30232 11648 26529 6302 26750 2424 25140 31642 6592 37102 26458 18773 11424 37649 11319 38846 15204 26016 17818 9299 17868 27393 30473 15610 1584 11809 7379 19662 4305 29806 5046 34537 37805 31575 37190 24554 33998 22329 12547 36942 19430 39005 12066 27205 36653 23384 26051 8209 5752 220 17507 23619 27612 7979 35581 25547 16140 39311 1560 16796 29116 6605 11332 23272 34531 8522 7826 24881 27202 20372 18174 2984 15728 30239 30188 12381 13623 12590 16941 15726 12809 34447 35696 420 38777 31276 22318 11268 30586 23877 28064 16053 26834 35747 39325 21364 620 3502 2596 27822 20225 20769 30805 35953 11008 20992 4685 20982 33582 21625 36707 6390 12423 32402 3162 7551 20030 21831 18819 6967 5708
6882 23020 28893 2628 18696 6608 3248 18549 9204 27421 38773 29972 18225 31077 37331 39216 35761 18312 29149 13737 11370 31891 22511 124 31404 30062 20153 13234 8880 27119 15293 12113 6490 537 11092 21537 7145 10691 85 12700 38111 38858 39023 16335 26286 36354 11903 18399 11017 37403 32135 18739 29293 10998 18862 20696 1059 39014 30282 6290 22484 5574 18402 28974 2463 29493 10510 9607 184 10595 22306 38294 5804 21328 10981 32089 14033 22883 10487 21402 20285 38974 140 5930 6323 19001 22977 7381 14366 13258 13670 36849 15184 28423 25822 17646 17915 32684 23604 14450 3278 5909 9096 5433 23588 20076 37521 33973 39310 4360 15374 19594 39685 11865 25523 6007 30865 8500 9739 1582 18109 19760 38430 33292 8182 20604 7289 22448 13287 30892 33250 12916 33152 2345 18348 13092 18772 12220 7064 18081 12931 18789 37674 8967 30653 19549 11325 17869 24400 17415 15802 2508 37174 14231 32152 1707 31186 35792 20507 824 26684 13756 10091 16187 12452 24790 29278 31223 33362 32693 5655 2644 7833 3328 11611 38485 19228 19287 12705 3627 36702 28506 2487 30227 39089 30990 28286 26626 26781 5144 27450 9816 18899 37540 26003 27702 18682 11632 15276 12043
4325 20930 14686 12157 20609 22648 6994 39837 1935 16050 39815 34988 4556 38653 21566 39996 29642 9851 26621 16423 14994 10422 26238 30244 4314 8592 14297 22995 20224 29572 35037 20900 6853 9722 29408 27462 32370 36401 23650 30656 12451 19816 25643 13358 18469 3560 13353 8110 13411 36325 20884 24756 6747 3474 11352 11060 12065 25648 34054 28640 11572 29090 5891 18424 35163 35299 2237 23884 31699 22238 14539 501 2054 36533 10210 20522 36445 23562 24983 9855 16239 2219 30962 22985 5692 2313 34044 14108 24313 24449 2748 32236 9890 8638 7011 1404 288 9248 25288 28339 31485 36178 28839 29890 29063 39049 6763 25507 18962 31746 31713 35200 30316 22674 14536 36007 21339 4931 10114 2003 29379 9213 34238 35620 14203 1248 37024 14490 6847 22311 2828 34684 14840 28019 24573 3902 23419 31336 29408 38732 19433 21120 30284 9748 146 4819 2106 17836 6102 8571 19838 31832 17784 10427 27452 28338 11674 24475 39179 14873 3137 38359 9556 17976 22729 30480 18230 6147 21815 7637 1230 37599 25109 31513 3698 21606 32684 5803 39441 38785 14374 19278 30616 28509 29704 18067 13198 37729 38893 12376 8953 2029 10734 18508 16357 29814 8988 34586 35960 27154
38574 33542 21105 20034 25054 24802 1639 17737 26957 1079 12873 37682 16708 3489 26190 2763 17907 39387 492 16800 8114 9444 15180 15200 24304 27888 5013 29643 22473 37325 13148 17399 30866 34252 37432 15919 15406 39071 30008 2362 36501 2880 36395 13209 2720 22584 15971 20627 18322 12814 33778 26435 18610 8957 37986 2913 36845 2999 28907 15669 323 2054 33067 31188 36306 30499 3458 8063 25921 33465 6776 22421 32697 3170 35629 35416 22105 7952 16042 426 20765 6171 23212 35726 15128 21198 34990 8324 20548 23896 20344 20870 25950 13411 12057 18607 261 15514 26669 26181 5331 29796 4953 38027 32965 582 33442 15069 4885 5836 11846 25649 12006 31409 17727 23485 12606 12716 28160 33153 36612 8504 10374 18913 18266 22430 37519 18526 34296 20539 1058 35978 10334 2362 34004 39650 39295 23797 14718 4179 29632 22915 26180 37990 14323 3906 17826 23281 16621 5986 12785 9584 10841 23159 28496 29106 1940 22366 3983 36235 2904 1392 32212 9589 3753 22567 9238 3048 6364 20307 7226 32347 3221 29757 26688 17544 33662 4514 824 10283 6851 9960 16218 17691 33118 4714 3148 35058 27079 3482 27644 26335 4873 16208 32275 4977 38774 1513 8024 1489
18171 11602 33836 21392 1358 20523 35287 35020 21388 32462 1654 28238 2421 17871 2280 35539 18936 5427 26948 6015 8908 14591 28701 10132 27150 20975 15109 25924 18839 19484 23764 37010 27437 17599 14753 28795 34474 6391 20166 15861 38852 18171 4099 37624 36041 6378 29514 11329 8157 16461 17343 13416 27404 2395 23548 14553 23369 35008 36828 38560 10843 20592 35569 38280 34542 6673 27074 29015 13063 3591 4876 8266 21761 5326 5889 14153 11703 31755 25481 16211 4567 39175 29627 31970 1569 9526 2875 21290 4533 36054 19849 15375 16645 11769 10006 7539 18441 37079 36553 31503 669 37780 36120 22429 3105 2008 36582 11160 30114 22062 27370 34681 21237 16996 26650 19157 26521 25876 446 27405 21930 20294 39132 34926 32062 9137 38816 6854 2568 35369 34708 3236 29500 30827 22017 32605 32835 14950 116 19300 33363 27485 13980 10951 833 36982 30108 23705 22857 26905 11110 1138 3551 6593 32416 35612 15729 31231 38818 18296 22951 33525 17884 12451 24352 36252 1407 13538 11201 1522 32837 915 29006 6817 11866 26190 3798 38325 9895 23006 25229 17356 20496 28779 23948 12911 20743 39676 493 19560 14324 23444 9436 28559 32246 33787 24810 33652 3676 32362
35173 36513 33276 20530 39681 1493 6720 39830 39817 16614 19187 25046 30321 39682 10176 14268 8944 30918 10295 5789 6829 24618 25584 16265 9528 17829 6403 34337 7832 6431 23050 3004 2943 16326 19885 38975 17818 22956 35156 13987 35921 14342 39032 26241 10376 5559 508 15671 32829 10803 21459 39657 31772 3394 12273 1300 21222 15028 31988 25405 21458 11390 28408 20752 27715 4645 16078 1884 27600 11233 15870 23521 21926 11253 9761 28653 13164 6621 676 5992 17423 18486 2000 5546 21880 10625 3197 39453 22004 31537 24858 3461 2926 9617 20564 26992 14261 36641 25227 38213 4225 37449 21733 22502 8701 27845 11155 18216 34465 11830 24207 8239 26667 22559 13785 8546 33183 16981 7999 15186 8517 32856 14998 7794 38824 35561 34785 13085 28553 20012 11297 29129 17460 29381 11630 22512 13577 19136 728 8042 27317 21286 12632 13984 3844 26416 22529 33378 39749 26879 8563 4617 16086 19912 12411 14910 15472 3547 24346 376 23558 31994 29504 37369 21374 37486 19881 31302 16621 16960 35695 290 34597 8327 14273 38441 31094 33153 31818 27194 16384 36733 31811 32469 16644 573 3730 28468 4119 28075 25195 24029 20068 14699 17749 37793 8536 33981 29095 25156
10940 21141 21797 1889 29467 36069 329 16913 25574 28498 4106 1957 21582 35916 30777 34578 32840 34507 23045 33311 22581 8239 13691 39001 19289 31439 33145 27824 25420 22239 9332 32711 3380 31128 34599 29198 23549 31279 6110 9122 16129 10216 7430 37710 2483 38206 32287 31675 29064 11683 24985 7997 16274 35027 6997 35562 22817 141 19738 4588 18732 29069 33651 18463 16548 24601 4012 96 15880 10122 9217 28360 16689 12998 22421 15523 11204 11060 7197 36619 22742 28533 4615 35367 23559 7963 27281 2728 8104 7018 7315 23187 32438 965 38001 8985 25566 2012 9081 1445 8485 14649 26156 21525 27647 8576 37048 35202 19635 4244 31820 38729 29129 32787 34095 9039 749 17727 11766 5204 24744 19081 24742 17181 20045 22742 22518 5610 21106 27950 3406 29590 38950 25913 7467 26596 34489 4514 18149 10475 5109 6321 5555 34237 39107 39650 39628 36207 17376 11393 1411 38472 30473 26152 12004 6870 5246 30873 8831 26351 18822 12237 12292 17772 34501 19758 719 28989 20623 18868 35816 25732 21540 1370 16320 16998 1019 15947 13204 14747 27340 10966 9570 14164 37118 17925 21033 38715 8798 26216 21417 27619 34804 33708 1742 29304 9818 2461 18293 30440
17680 14108 12523 39219 15477 25195 12568 12848 1141 25771 23946 24832 33089 29867 35348 26558 7791 12732 25272 16588 38947 6688 559 33750 36747 2300 23054 6564 4760 1346 33356 18791 11805 2230 14361 23633 27424 26928 32832 24917 9051 13129 6100 2139 2995 1447 28696 10786 14179 10319 23725 13125 17006 20635 6875 13752 22935 29928 16668 24046 27625 6375 39189 39429 4956 13549 19413 28732 477 12245 13648 5879 25373 19747 4369 24720 17546 33064 31857 31724 39734 11933 4848 16739 32568 11722 26842 11854 38001 39861 32251 25625 2587 31439 21405 7543 4988 37170 36274 1816 5766 6273 4046 27490 22371 8414 12209 39916 1477 4065 31639 1210 15998 36487 14300 4917 4560 37493 16770 38913 37354 9020 20889 39940 36811 38646 3834 1798 35815 107 39965 1580 2731 4010 29069 25102 12423 1278 25017 10251 1694 16656 7812 14043 9494 18463 18959 10405 15955 32080 5669 9660 37452 26558 5952 34262 25203 9785 32411 21017 6244 32375 18948 8974 32736 8016 30427 5158 5645 15444 11760 3691 28451 19571 17733 37944 34385 33044 4700 10339 25123 10369 16351 22574 36926 22302 13187 18480 28438 5597 35848 31033 34323 14795 36359 27058 19162 26785 28567 21159
38580 326 24849 27030 16248 38933 24973 10632 28328 26025 17323 13451 36393 33673 32376 29670 12326 1915 8149 37115 7511 3996 24500 1834 18790 17210 25243 34303 3994 13810 15461 38926 14135 36661 25955 26735 35594 7280 37366 20273 33304 11040 33723 26048 4712 22451 15717 13389 20717 23865 6856 28227 27860 31355 26412 3001 8564 8007 37303 8909 21816 9116 7834 32302 5776 30141 19036 37721 37420 12754 17994 27075 23793 8068 13122 24857 26870 25190 34597 7586 9054 1452 32165 33265 29158 14928 36265 34073 22934 29919 2982 4749 39034 7167 33403 1162 33659 12438 38882 31078 21543 16875 14504 1688 21295 23977 26544 8164 9166 17492 12102 18219 15296 4266 7835 4453 15545 451 38526 38479 30370 37859 39579 25755 5025 32981 26916 38684 1771 25798 26113 23313 39024 36969 25000 16670 20945 7895 21186 30111 25387 33287 4681 682 33904 8868 1486 9448 9318 11 7926 39687 37869 7505 25442 39246 36837 8709 34281 38607 30858 20393 21920 26234 13713 3271 2903 34658 7518 24088 21120 32904 13726 22152 29937 7629 31019 27774 17077 337 27785 21354 36375 22005 25210 18168 21250 22047 26877 15530 20653 17734 32275 38924 319 5987 38547 3222 36996 6064
23661 14467 35319 33739 36619 21607 1367 23989 9380 14795 24325 37164 32501 20700 15521 17710 35219 33122 36108 22095 8652 13113 36181 37278 12036 36499 39616 6934 36072 32964 12997 16085 7430 4667 9823 4048 26273 11189 28037 32005 22336 8713 25520 14836 25764 1040 28897 20983 34162 25005 39429 39165 38117 31961 36442 6504 28460 32409 13438 20883 25372 22786 36967 32802 27453 3141 33201 10077 14330 17589 2081 33017 26302 27601 4204 8417 28640 33100 29399 19153 18104 25180 18317 12572 17140 11110 19076 1951 3519 28865 22834 25242 11650 16152 18043 39102 19293 7596 5531 29974 25184 7611 19342 7837 31563 23545 16254 20203 16644 2004 35707 31100 27183 14024 3671 4323 21485 19098 2625 25003 7962 25458 6597 19612 37962 20991 15065 13606 28586 20595 3579 10122 24558 22920 17958 16120 2816 34211 32674 19459 32567 28381 6910 19749 38756 10581 20423 20240 26030 23048 1595 33992 4857 8191 9955 39170 25533 25019 12775 14119 1966 16353 24240 22875 35624 38549 38994 38439 29112 28020 14250 21678 12752 21159 37778 11507 28091 18201 28098 14121 37600 29692 4464 38808 34234 14418 37978 19767 35788 10752 33885 37753 23457 14476 16979 15432 13024 12325 10223 38487
344 24472 20164 9447 1982 17942 20953 26425 32494 5402 36897 30093 35094 1360 25252 29327 12129 23229 5445 7916 30333 35681 2021 10141 10156 18999 25572 19532 31323 32146 14370 28018 12969 34534 37464 14951 12475 14768 37727 1320 20170 34623 31412 11615 35982 13015 37293 8110 36244 2738 12377 22928 38418 14397 33068 4926 29748 14991 20809 21070 7137 35178 5440 16457 26063 39255 31407 34889 10375 25485 36208 30544 20107 23971 38510 12440 36986 35802 20549 33229 34891 29278 12508 29661 3674 5575 30938 33421 16917 8098 10843 20405 3275 12634 36862 25690 11888 24620 20578 22262 10105 16786 9157 30211 756 4018 2651 37741 36172 19551 27321 31062 8828 36180 17074 8854 1754 8011 38626 15023 12460 5820 35427 15735 18453 32288 1424 26693 13260 18353 5306 23364 35138 14463 9926 32246 14832 8928 26338 11003 24831 10011 38417 30010 6190 15490 38863 7944 19853 33841 19318 32312 39660 14744 4398 14465 3384 2173 1157 16643 20526 2814 6 12015 17276 6283 4260 32108 15211 30598 39462 41 608 37878 30050 6797 13368 25265 11092 29572 19105 30409 18235 15116 1505 22633 25932 4888 21157 23440 21530 38034 26254 17887 10049 39881 24169 14308 31988 35731
1257 27802 35771 38216 25679 22173 1365 35398 7437 12456 21321 22893 39217 39556 34360 721 18540 20292 1960 39696 3731 23489 37730 29984 37727 4130 29865 21895 14789 18204 13978 16046 6005 9748 10613 28036 28272 11977 23433 32060 20785 4754 14952 20001 661 5664 17073 19200 25955 19032 15247 29685 38872 9328 19669 36598 13457 5885 14844 28246 24088 28821 643 26445 34921 7607 14480 23192 19584 37912 11604 36720 39017 22907 13072 39677 28570 30144 15228 14524 5527 30475 4209 4398 39802 20229 37347 9611 22465 12190 34208 6552 1011 34850 29348 32283 38808 3827 11826 18391 38091 23429 11462 37107 6336 24533 33136 34905 14676 8363 9429 16554 35189 9989 20951 34991 26569 18297 953 9033 26839 35160 11936 24201 26361 1284 16483 25168 1462 28308 39911 39552 8089 11372 33011 14424 35905 22498 5680 10580 27212 11460 27134 22401 17800 4436 13743 720 19085 14695 6104 5923 9854 18040 30123 36214 15675 6605 21381 13488 31264 17643 13040 39352 29015 2402 10127 24919 24899 15807 31850 8462 23618 15335 30862 1418 19771 956 2137 38855 15650 8241 1129 21855 22632 31251 14420 34658 34207 32153 8145 25470 9795 17536 21174 38809 19937 27652 23727 1187
39810 15577 9649 23428 27263 36862 21197 7033 37818 19685 2239 9819 27925 3367 28026 6908 34617 2445 1565 25175 34597 6062 6997 744 23597 28170 39552 3534 12173 19631 1072 11983 31559 10720 35410 18821 7582 12958 25854 1751 32642 24444 11569 16919 27811 39594 20178 18779 38391 18095 3954 29339 24156 10950 30082 7752 35471 29634 7637 7643 5616 8709 19625 37174 19428 11386 12346 23361 20695 34551 25111 13337 18995 36680 26607 6805 32625 6784 21935 31015 24878 22240 20354 9033 33189 6787 13137 25011 36420 20773 32654 38387 25833 8630 35560 1613 16368 4258 24973 37062 38808 10084 10398 17802 3115 37004 20958 32091 3788 2893 19458 25017 25132 39811 34050 14673 6597 7186 39683 39369 24310 28688 34107 10143 33670 26019 11755 10037 30276 36727 7098 29083 3162 13848 6885 2628 7203 27842 34719 7342 27086 14176 32359 8570 10338 26408 19594 13286 29945 15628 9006 14254 4316 3113 20748 37985 29131 32502 4373 19406 25581 11470 8488 28742 25317 11724 27722 28872 39566 22440 36213 23003 32967 28571 31572 3304 11330 7517 12941 1274 23145 21947 11880 27460 25059 32627 21796 10541 25129 26168 29946 7061 33989 34785 35802 15658 6509 19875 4529 2426
2314 741 25428 31632 29312 13352 34935 36993 20868 4228 38267 4012 26174 6498 27823 7584 39124 5970 18124 20604 28489 8069 27664 22478 39205 19818 38135 5713 39692 2663 4490 38358 3403 29918 29989 29066 39621 21276 22411 16840 25503 20677 17204 11676 23526 1378 19259 22649 7348 33734 3253 35836 38154 27268 14665 37358 7085 12799 3071 6777 11813 3912 5134 11568 33829 35122 36985 29801 16397 19395 2993 38251 71 20196 9926 23596 21573 25536 2597 25272 19269 2201 17460 17422 29468 32124 11132 36553 1275 10554 39681 13087 14465 4814 24654 4646 36287 21639 34446 9036 1033 37438 7286 37456 13985 13564 17403 31910 35451 16351 17181 14720 18551 30992 28493 8019 23116 39624 923 24390 6529 603 33828 20994 1768 18482 25639 34406 36472 16436 3441 37504 13874 7079 31311 24210 20642 5066 16119 16092 21416 33300 27163 39967 24291 12008 4337 3758 7983 1611 24499 14512 2213 18327 35505 332 33160 17495 34737 29631 33930 38178 23486 4155 5256 11149 28365 22249 16214 4483 34692 37629 34134 21855 33947 14777 30214 34635 14886 38196 36245 39385 9059 34809 14063 915 35140 7222 18409 29877 33204 8691 24406 13041 12845 26013 24189 1209 4613 36754
2044 39304 30735 32529 17510 24681 7305 7723 19316 18543 2271 11912 17927 11329 6721 28341 8596 1860 31914 27004 28088 25117 32046 8845 34509 4891 34857 15050 2451 35821 11803 846 35125 2537 33375 12634 23570 37031 16709 39237 15573 15331 11148 33499 26659 14220 18191 31606 12432 10104 14962 519 35220 7007 5716 26081 11897 36924 1130 10700 32745 12932 11545 27869 11821 4919 36854 31742 1950 9914 27330 13874 25244 38477 3725 8255 9049 21915 39860 21480 32019 14821 21998 23590 21828 24065 9670 30076 20989 7151 775 13733 16435 12320 1601 28255 13590 34806 16348 11891 4720 3677 25765 29963 38505 29489 34569 7553 7755 34429 29032 39773 9249 7382 19715 31076 31446 29384 17504 12434 36535 18278 22518 9321 26949 20470 33927 36891 15276 10274 5133 16347 13950 27249 2661 8806 13089 37230 16359 20844 31658 1742 16968 37258 5475 36682 24686 33273 26066 2189 2058 18952 20466 24576 24624 3767 5045 18550 37009 16672 28823 2141 33018 39124 29390 32031 7929 2478 29260 20639 19673 20917 18733 36641 18174 24207 33322 39211 13831 15739 1399 15889 31042 18217 464 15665 21983 1860 34214 15343 14884 23036 17483 7901 18511 6872 39931 26440 5702 25542
3430 25374 2810 22162 22014 17336 2721 15336 16546 16551 27426 17945 28791 18468 36161 25606 34132 14495 27466 28346 29837 2349 7733 7319 6601 26244 10543 2884 12683 12596 28425 12464 34321 31235 30978 16335 8570 33698 28022 25115 6600 15447 39411 35391 33914 35571 20996 24398 6417 4813 12743 36253 3513 20475 39924 10114 6718 6818 12997 15752 15765 37773 28216 10085 25359 15545 22771 33928 9242 7144 15395 12193 22591 14805 3935 12856 6728 21283 37253 13144 26095 6347 5749 25960 26822 2024 36073 29891 5193 5421 5643 20957 3193 30210 31041 28552 5754 10164 18831 11347 17307 30577 19891 36249 1734 23826 9105 4813 1460 2709 14308 23906 5408 20056 9865 32229 18431 5937 18471 23623 7709 20465 4579 7254 10674 31972 32157 12779 2135 10987 24125 15793 37916 368 12042 39649 24193 17498 813 22004 20206 15120 5909 25613 35176 15774 14193 9958 21710 29016 33581 25771 9480 34511 33024 16506 22834 25180 29284 24968 32518 9761 761 30433 10128 9154 26433 30672 26651 27245 12675 6856 2365 14935 28821 33892 30708 39365 201 8770 24732 33781 34540 34212 24644 27563 7069 7477 9094 36352 28797 1611 2464 29557 28396 8943 38710 11180 35966 21712
34777 8640 28567 33493 19927 13739 23736 10634 9456 23936 19403 30539 14069 10294 24750 38712 37856 28170 6188 3301 24522 34984 4912 23337 20892 29659 32280 15953 37190 28245 37664 31966 33237 22583 25458 13163 32673 5545 20148 38480 29481 39551 29019 3549 9844 10120 38612 4052 38290 1151 7352 19163 36135 8615 2499 13378 38273 31130 29331 35463 15727 23346 23780 8963 5928 5590 18477 34953 11134 38624 33432 36966 34526 22450 36866 4370 28922 35477 4773 27211 36628 12124 2725 29114 17091 5223 2491 15363 32705 28173 7177 8431 11519 27309 17393 13798 32898 32221 8750 383 30844 2182 37349 25370 20983 34214 26091 9904 26043 30863 33466 22670 39338 36190 8135 16428 37765 10625 28143 26821 35150 35319 35251 6668 18979 8995 16817 8228 1215 25567 8611 28410 24100 5959 10131 1434 36524 36221 11338 22566 23435 1155 1587 22773 33697 9721 39200 27813 20346 27342 14633 11847 19013 9883 14866 34343 15229 31682 2571 16443 17248 11181 1204 37699 13491 11335 39133 10014 3907 6822 32580 23694 7976 34166 6466 1672 239 2017 25836 20584 25711 468 28782 4723 10350 3647 39065 25578 35328 37987 38372 8928 9167 35928 6626 22657 7262 2110 29023 7520
8931 17954 31213 13259 8471 34030 11282 8709 32399 37118 25644 18109 37585 14425 19183 4287 18071 18247 26216 13399 12586 20940 22326 21752 16867 25303 761 20480 27413 29783 27999 32695 7736 15564 5953 16206 5945 17235 24915 38343 10704 6910 16451 8288 21335 31985 8926 39405 6584 35142 12803 19169 16081 31480 920 32947 13135 38032 13426 36899 27814 37776 29593 31901 9691 31898 4459 11988 5484 25725 6682 16187 32634 19485 20826 13968 11469 29752 13373 18052 21245 22527 37220 37325 10359 34492 26623 23493 32523 36400 16743 20337 30527 2687 8589 36570 34584 13047 8557 36419 35123 15238 12605 27757 31074 29783 1724 2543 19534 11448 20594 778 30327 14166 34454 685 8657 21076 20529 1179 17475 37271 17867 4353 39957 26456 922 30893 35854 9478 27311 30977 21068 36268 18733 12141 26050 16808 11035 5583 24608 31629 2712 14934 5794 37165 11970 10802 14592 32498 11980 28418 26120 29847 32770 22428 16302 33692 13320 8507 39521 36983 39483 20588 33250 18215 29081 19299 31375 115 21233 15982 28095 23944 30915 30240 17460 2884 1041 32051 31733 9373 20468 14204 39219 13237 36631 11872 3280 9951 20378 2801 6933 19861 19740 36534 34427 5172 12184 25801
1639 33416 38134 26085 13711 29048 12677 27522 28283 13717 19572 16367 23089 36391 30570 18659 5979 27201 30530 9259 33503 7260 8411 36787 27120 28150 33320 17898 29674 5503 3699 31312 35270 1832 17396 8980 27232 30072 36501 11866 141 12424 28233 19581 8814 15154 34592 11144 38706 21473 20402 32208 28732 25164 28994 12203 9666 18665 30101 39339 20519 30151 27002 15788 28334 749 21119 11917 27173 13971 23783 23665 26394 8367 3245 31559 19872 34188 39055 18578 15661 15808 10785 4392 972 36131 12947 10637 11147 3047 6327 31666 33197 33328 3805 17882 34076 24924 29799 21248 38894 9933 4912 21640 18299 4509 9550 34522 38696 8604 13099 10708 24412 23884 11452 25383 16366 24398 32371 27512 27444 38697 15529 16992 32024 19334 34873 22451 4257 24671 3699 39502 34603 4962 17493 9253 9470 27043 3775 4518 31998 16873 15225 12761 37108 26676 38143 9825 11073 26865 37337 34868 25561 12865 11859 13936 28550 3084 36387 29158 27754 36437 25012 18709 1398 2504 24313 7220 25898 24439 8089 14248 37664 19665 27008 34771 6341 25151 4596 13765 8367 38284 4985 30280 7500 13195 4215 36050 16278 36953 25207 384 33389 10218 15444 31139 9074 39756 34710 34971
24195 2798 5570 21858 22462 32578 12980 25154 17728 13927 35271 22446 12210 36607 12725 16062 9801 16940 12111 26079 10244 33669 26462 39985 239 1905 27475 9312 38012 22184 634 18558 21333 6204 415 146 38781 9747 25300 12860 23673 16922 31657 32235 13528 4382 8296 19680 17673 16758 5758 27916 10426 28571 24252 7016 26827 11726 12679 24839 33909 13313 3396 15241 15868 163 15387 11000 9909 37038 20211 29933 10311 11867 22167 20190 16248 26814 39869 30272 3571 5627 18188 10349 30549 38791 17364 17376 10517 30043 38566 4425 39707 38313 16018 11926 34827 27756 22925 1087 24793 39487 31020 31455 11353 9538 11644 23953 36352 11512 14224 36274 13490 28763 6622 4039 27554 20338 17766 38070 6732 12683 38846 2790 10995 14863 14715 2174 38970 33991 3260 20114 33477 30631 11568 4829 169 19563 25133 32872 31075 39357 29145 4564 28119 32119 4954 12024 12456 19071 6445 15539 31753 5291 18328 39100 16505 29394 1273 15475 23384 884 31940 16860 31515 3508 18040 28035 23070 3173 20906 10496 38881 10050 11412 23351 2168 12717 35375 10975 31788 38171 22865 23540 3461 1192 18991 16318 26937 20263 28144 10320 17499 20083 23531 9013 19942 37923 37047 39364
1095 17952 9859 36327 24353 21270 19677 22873 30339 11403 30199 22126 9574 13064 2017 9386 10607 21008 25703 37544 37622 13846 4215 15120 30281 27746 20484 10222 25668 13882 9585 23114 28185 15796 19440 12538 33417 35468 31762 23755 3223 21960 5880 12796 31375 4249 22181 38334 25256 4236 35877 19229 14433 91 30701 4713 24188 7536 11287 6207 21418 20871 29320 9602 33018 5111 18491 26435 36931 10252 10189 153 28564 12421 12948 16290 16669 31480 14623 38276 32067 10499 13856 6500 6942 4556 7564 27481 8444 18850 33688 29861 36073 23007 35814 29090 24470 14305 15524 21400 20908 22065 21552 5823 34485 30851 22113 7505 22330 36735 2132 10749 3586 15987 17248 10527 16895 21163 38007 25338 13 31694 11550 32437 11053 7363 21526 35522 21667 33402 13273 38927 11818 34824 4749 2654 25674 26861 10158 4355 23596 12289 15103 23533 24627 28702 34059 1521 9865 28417 26858 9877 16463 34759 38665 27515 2122 20190 19388 20140 9943 32660 19066 18112 27483 20167 20765 9508 7027 30922 10214 26974 39562 25317 10506 24189 10370 916 25709 20234 25685 8919 26462 2147 3677 25126 26013 2150 1668 5400 22290 7962 38059 37707 26074 21893 17873 6838 27752 21252
34112 37965 4577 33673 19633 11435 14213 30003 12350 36274 6588 38034 1544 29402 36532 5220 14527 22544 3722 12546 27943 26011 20508 22353 20069 2933 597 37942 6122 24700 19193 233 22665 20121 30258 38649 31555 4470 25003 257 743 31591 34642 2286 20992 31174 3858 31870 13717 7579 768 38012 29941 17627 20364 10009 20559 17313 7950 26680 2012 23494 26913 21028 39967 17170 16029 31521 17991 1031 31777 18734 28973 26419 21019 6316 13944 21228 34538 27660 28806 35305 25671 18746 12931 2387 25107 29841 19699 33056 16520 18062 12902 39784 39090 12868 13305 11470 740 31296 12500 28869 6381 37825 11639 27399 4140 25582 4979 38677 13241 33784 30333 35264 8882 3263 37650 33988 33103 13700 23395 5975 31761 32648 2110 27202 1867 15415 38671 2607 3062 7523 27827 9442 5347 39465 33192 5838 25046 38170 867 34638 28306 31199 29901 37187 30814 23902 27526 20268 37601 7272 26242 25714 36272 28352 12915 38138 118 7938 37096 3179 11812 24922 12620 13510 20738 5811 15699 5783 3981 16565 421 32286 4116 30321 25824 31281 14223 9701 7900 8175 13324 34142 33888 9595 18845 3155 4085 15314 7444 37532 18492 19255 18806 27463 29116 39543 29625 4814
5326 29957 17731 2098 22242 21846 28770 4417 9478 39344 10469 17377 7519 23793 7870 37758 29739 23066 912 30175 38379 8355 24059 13222 23961 39216 684 13076 38758 26661 17890 435 16617 35620 38884 35211 13817 27654 39627 19646 26997 6448 37022 30867 26592 1244 28625 12682 24309 25888 2857 19040 30595 23267 32261 10907 22482 29297 23983 21239 15957 38224 18026 32573 30195 16909 27783 4011 914 23762 20008 24263 30209 17029 15129 13152 18272 105 25833 38933 25993 28689 17972 12939 8307 10232 23845 30788 35880 4179 8379 11836 2402 26404 761 32596 39664 24895 32958 578 8656 12965 24840 35216 26346 36320 8367 969 36425 34200 39901 18769 19240 17872 28059 27547 24456 11903 18334 20335 16082 26712 32171 14835 9467 29283 3783 5483 14177 33092 6060 19185 6057 27251 14400 28754 23570 19119 29722 19994 9670 25975 35114 28909 3846 23172 12807 28301 35075 31141 4988 7508 14204 37158 22342 20023 22792 22476 25505 36968 15568 31564 16152 17976 18814 26904 6729 38735 6022 32802 18729 12043 18776 13842 951 18974 37014 13758 3626 28440 1250 8613 32299 11805 2122 10992 31827 24913 33468 17331 18233 9035 5246 30736 27010 20411 17639 30090 19146 20012
19243 34226 32054 34371 4419 29357 9696 37784 3114 13321 22575 715 18286 14873 12519 20407 25865 4346 1672 19332 18028 19904 24718 19626 6991 8079 36388 24630 34520 11885 993 13762 2462 29399 4484 6881 18755 14179 1016 18220 27500 23591 18934 5785 38463 27804 22543 20679 32149 20566 36362 6529 469 21079 22506 3812 25509 15245 28441 20028 27130 25785 30142 25943 11535 34625 29175 30289 8804 30191 4860 36303 13781 20145 38439 8595 7949 17333 29274 36449 37899 25635 39329 34719 3066 21834 38530 28574 37079 23322 4954 20560 5459 35095 2854 16993 29719 32029 7282 38522 22219 8493 31176 32351 28638 25966 37297 36586 39651 22922 29386 37549 4909 28715 28619 7974 10548 27149 32899 3978 6822 37852 20889 12280 32946 23743 29273 19017 12123 32906 13890 30693 1398 1418 23043 26387 23735 16691 19324 23385 39613 8710 20933 4521 37424 5904 8846 4323 33052 1744 8301 36225 35948 25541 8505 25245 5635 37777 4261 17757 30682 14503 8449 28431 15920 27843 11170 39654 4534 30493 23039 4146 39202 323 5018 36625 2578 13863 948 31981 11958 5600 28206 7905 27492 36710 29502 33127 30838 30114 10883 17871 4616 19332 6301 16887 7174 17470 16541 8059
7963 35931 8556 3516 32605 13573 36493 35183 23787 37440 27163 32097 39391 15368 36353 26882 8429 25854 16360 39266 15968 27243 17136 16935 2926 19789 33822 10099 33610 10362 18158 37924 2644 23065 1440 31600 36638 37932 26782 16776 31723 10297 5224 27465 22016 1577 10698 26797 23782 27058 26062 39749 14300 39550 16684 17225 19338 10505 23675 12947 17218 38184 10871 16213 21249 8662 7812 14238 6593 30946 31013 34667 1242 36237 22131 19609 34165 32828 6405 17946 16237 28819 17695 30536 28368 30730 4112 7705 37586 27787 17003 11155 25970 24225 27367 3570 32886 35178 17807 35830 26123 5172 26848 23716 1408 5330 39677 31924 34510 6081 9869 10746 34899 23915 1282 19618 10996 5393 27322 8581 29531 677 19735 11853 24901 3453 15422 14139 38631 33229 6320 21105 38400 33168 4821 36159 34849 4497 28082 29358 6929 34302 104 38180 18217 37737 17797 29212 3129 1471 34145 29012 38499 10231 864 23399 13684 12637 33889 12314 2217 36561 29770 36968 29728 34590 29478 24576 35438 17559 10286 38719 8213 10389 36898 26429 8125 11046 11992 7605 8868 6136 36616 7366 16367 33831 27117 30050 2820 21005 38715 5036 17565 28484 2004 3644 19426 27833 24572 11215
5392 34857 6285 13604 1597 39534 36384 9721 10580 4727 17325 19447 10863 10293 26813 23581 475 10281 9982 3294 31285 8696 4682 5202 33531 3037 5197 12956 30869 29768 20523 32612 20976 26807 2567 22572 26341 35302 28644 33272 29 5969 9070 10891 12613 32234 34471 9439 2514 804 9085 33799 9499 13766 35352 39381 13154 548 8689 4022 26668 29211 36634 7643 12369 35552 26567 38709 30854 15210 28332 30882 17530 37402 38124 26494 29635 28946 35933 32149 29749 5017 22299 39247 18782 14002 38627 31935 14549 3667 32308 1216 32877 25293 5211 5246 20845 31777 306 8050 3338 24990 38931 20868 22391 37054 3713 8377 25999 39645 36877 15747 4661 15527 11345 19794 29528 6323 8080 4077 9990 36740 1644 39218 22032 3206 815 39228 31334 1121 7277 34672 26110 6207 11891 4852 39612 15603 13228 25610 15248 6457 37708 16260 21983 5404 32406 11511 11727 36837 11939 18068 33576 9934 17285 15608 13140 18100 11187 4473 15572 18464 35496 38033 21022 7386 2884 20634 19341 12463 2595 30940 15271 36655 3551 37254 2058 35956 5116 13784 32793 17054 31851 26368 26987 5488 38327 36478 23587 9514 951 35510 24329 32798 33542 5350 36536 32777 22335 15876
1591 21282 3167 16862 17936 6717 14115 19993 39025 15582 30129 31817 32635 18331 14536 15973 23818 9215 12451 3756 15080 9753 39265 39408 2550 32806 1109 39085 25582 19796 11312 27173 1077 14478 386 15364 17547 10852 35356 16571 26433 21836 4739 19067 167 19274 31391 23984 28488 193 27740 39919 9945 23356 39326 8847 16162 36787 7931 38095 16582 19243 21619 14010 30072 22004 25725 7618 32855 21080 24188 19287 39268 28926 34705 39434 4552 26096 19769 29391 22640 3860 29310 32585 27216 24987 1431 39729 18125 5713 37823 31058 21307 19442 5067 11379 1445 30791 15348 34300 8223 35888 9938 7490 21165 4643 3275 25716 27090 19395 11459 9729 23255 37120 38665 6822 22106 36447 6550 36583 2160 4372 27640 23466 20165 32707 31196 17962 19849 6544 12261 24423 38783 18550 28264 19947 19544 31538 2015 2985 10933 9825 9066 30539 6944 7730 33712 25401 4177 261 21983 2688 984 9623 22505 17501 38681 13701 35462 18529 16596 4074 39304 15378 22623 27567 35324 2167 15457 33690 1503 22741 3514 10568 13279 10457 18298 6990 32210 18826 3602 14192 17865 937 23814 369 18437 18846 14069 13898 37375 27016 17971 36678 2393 36946 20596 34069 39112 36052
27758 614 18792 27624 7534 28422 38080 22183 31763 30289 37360 35364 833 15224 32653 20998 15592 11089 39844 26013 24987 33570 13028 39309 26599 11773 36254 7194 5841 31717 3246 29950 28683 18389 17573 36216 6811 12005 18398 34925 38645 15757 26641 39477 30980 19293 20475 2923 30381 20318 25287 11719 13887 38315 7380 485 10087 3633 4030 12279 31702 7275 2228 20384 22016 19801 16599 25178 28157 34996 20102 26801 7104 6742 26278 34435 26034 3104 37357 12767 19773 22644 20837 30011 17310 24568 26847 27396 28201 30876 36026 16254 34503 38253 36637 16518 14405 9587 1695 2561 934 21796 29362 8037 24890 11991 2471 7275 11446 36179 20041 31218 18822 37230 21228 36131 21797 8074 19878 6349 38949 12255 22602 33451 10508 19238 6320 21264 25176 8014 23825 26109 26162 9538 34145 11051 17880 32967 18325 29325 29146 34718 20542 7967 31947 38121 450 10095 6194 16679 16444 5142 28934 35397 34945 35793 10987 1264 17056 36162 5630 37232 22271 31791 3121 12767 39193 21000 5734 13869 10324 34879 8586 27217 39197 36884 25337 39646 3331 31530 16325 19774 33024 1610 11522 24320 37402 22508 21935 14457 18670 23916 8041 940 15706 11161 10058 11250 32161 15791
25119 38836 10669 30056 22405 9866 23292 7741 5863 26622 35623 18539 2747 24998 20148 14268 5669 13901 33128 27603 24710 11797 11519 32750 9088 23576 3910 19145 31178 32422 31288 16296 27610 1956 2703 10014 8173 22346 17754 10388 8967 9728 25278 8065 34725 1778 18685 393 15678 11812 24348 387 19960 35866 29488 29047 15793 29750 4543 6970 22171 35830 19617 9780 34138 22320 19793 38662 4665 33899 9049 9984 3626 30679 18048 34703 32456 33084 35095 8133 4895 15794 4872 24854 11659 34359 10252 27452 24108 14795 34421 2631 6976 14038 8762 37465 32709 24907 36127 33725 18805 1527 3708 18782 32205 18108 13484 24660 11191 4931 29145 12438 20724 34016 33643 28735 24726 3895 12538 5186 15041 3310 4168 18368 17347 12929 15833 6407 37835 8311 132 12991 9837 191 31773 38394 14650 1608 19405 22193 2890 4901 30982 19966 35268 24624 8700 19994 24870 21237 21531 39910 24546 25698 18278 38245 38626 30462 1003 32813 38772 37486 5803 4960 34029 33927 3353 8678 35535 19110 27222 34776 24010 18203 14741 19278 2827 19792 35623 27696 37380 13505 23958 18278 39202 38587 16522 34179 29048 13876 23343 27819 11362 29146 32778 5390 19424 32483 10419 11310
7944 37641 6086 31953 12195 17178 7582 11373 36970 39556 39069 34349 13060 19378 12626 8613 17964 25499 39144 3363 39375 18838 31181 7088 7983 20310 12477 23759 9144 22895 35068 17087 16887 37505 5392 29082 14683 9325 454 8004 5233 35874 2352 18292 11603 11330 23257 29566 33180 18752 32928 28906 37589 20460 35993 1924 37122 4821 25682 6265 24068 17101 19704 954 14606 21447 26387 29288 30771 23193 33643 36003 19066 32346 10647 27021 3675 30255 16586 33207 9006 5866 22112 2946 22677 18105 4869 19798 22925 26902 22415 6992 355 38470 4298 14960 19916 30684 599 7038 13876 34241 3041 29294 26586 10039 16314 26613 293 29251 19819 5650 31468 38282 8595 10497 16386 9816 30294 35663 33069 9060 39006 33423 3881 39655 8382 23796 26691 5332 30834 566 39572 30226 26211 22510 264 38876 9122 36908 28127 28940 2557 15946 27221 7503 26442 39959 17318 13088 31973 10387 18499 27330 161 22380 26985 8543 2527 13675 13874 33360 10592 9798 19937 33155 32307 20200 32030 1428 13459 16508 26719 16015 28806 10291 23518 15247 6601 37187 28334 38573 7573 3185 22255 4086 25564 9239 12628 28090 19265 22853 17802 29856 29002 37738 19362 17660 14290 11392
15439 27748 24251 2157 115 13056 8800 23632 24655 15400 20818 9340 10325 24743 12524 32579 25180 38087 38169 37807 22529 17433 17011 36682 3640 2365 30771 23002 20024 1412 30745 35463 25512 14995 33971 25626 24403 2770 5609 9057 14522 22778 18396 24846 3872 30920 13776 29051 25358 11944 23209 4238 29376 36572 919 33015 38936 28042 16016 15311 29453 6760 10773 14964 18107 1096 589 2509 3865 2549 7917 14738 25327 26312 39583 29198 13583 9710 14601 35293 21653 37809 39530 11028 34380 36801 395 29667 24842 16410 4978 14294 19522 12102 25610 33980 13197 22550 36488 13414 25099 4404 28151 10425 27067 24086 35974 650 33795 6926 32294 15448 4735 28175 22827 35466 24975 23221 25133 6168 35983 26462 16814 11856 38563 2423 5835 8112 24972 2322 21525 6422 3077 6027 13198 30143 30112 9172 27144 23907 16097 19437 35706 17183 7612 18532 12649 28938 38105 34133 31458 34087 20594 8271 5942 15508 7045 11776 19971 28368 10449 1495 34790 9877 7522 7987 19 33985 13510 23515 14243 25959 39303 9948 3141 6914 24832 12141 32204 22936 2625 23661 13374 19570 31931 15667 35078 35327 23794 15048 23694 34242 12895 18483 4118 16768 22822 488 10752 36331
24002 21347 18641 23305 27646 21782 26570 12477 30274 18773 31764 32899 38785 1489 12468 30715 17155 3897 22393 948 15297 6087 31541 28191 20921 35658 1310 3742 32498 8413 36425 16499 29759 15065 36155 17405 33198 19077 26233 19824 37849 17997 12722 32986 19485 21541 20052 32992 21790 2445 33939 37086 8531 25480 21628 29451 17489 19289 29545 9986 27701 22321 22837 17460 37385 18991 34864 26935 38067 21096 6758 32268 35444 15831 25253 11281 33723 5304 624 15512 4100 34562 8949 12630 16393 26928 38433 30234 6216 24329 219 33917 6649 23055 11376 385 38398 2591 27319 32816 20038 30428 25083 11834 6258 6687 19466 36333 8343 20089 8196 12442 11002 17145 21424 27395 4072 19856 17628 6640 536 14198 556 7184 37253 8283 7568 32002 7225 31239 24817 23614 21666 6252 35447 24276 9290 11264 20608 17632 31352 28803 26426 2354 2299 4201 26100 2723 24056 3727 9362 20943 17924 6269 28126 11528 10903 32045 3529 18127 23283 24698 38092 1301 30949 29891 21928 238 1154 2535 14222 32506 27689 36999 31211 26340 1199 17310 29062 21606 21036 34775 2548 35311 1043 27025 3191 11945 15421 3071 26423 35056 27768 24514 36356 18716 14404 18283 15306 15558
17169 25879 4415 1209 19229 35625 27548 20427 12934 12961 38384 30321 7735 931 21983 8777 24307 25173 17073 39727 28244 3495 34782 16011 24361 31137 31079 35116 5771 2736 10673 19291 24966 11439 16852 4194 7063 4399 24620 16348 17360 23003 6668 21446 20285 28651 30223 4591 13823 3647 4317 38418 3494 39099 14429 27854 26587 1859 22969 28710 946 29994 8000 25911 1432 21203 30104 4847 25602 14723 21194 39313 34077 27862 20758 14361 12864 7332 15303 26686 7331 19619 21456 10824 15069 32236 35029 38008 34094 14349 26717 35039 4342 31068 20949 2126 12271 11052 3324 34224 22126 24517 33536 12554 8730 10645 23266 21593 14329 38568 4631 21659 14538 26086 32482 29607 18321 23862 23966 12414 38210 10682 3804 38904 38101 21104 37381 6723 28507 704 946 10632 25220 30833 19537 33950 37830 2802 11894 12158 1369 16524 33816 15906 2609 22649 1864 20929 6510 25829 29694 1071 32862 29849 36326 27315 10952 33706 34037 39458 34409 31335 6441 15981 18519 25977 6282 12700 28778 18175 24857 26498 34699 15024 38756 33659 34024 619 10940 36885 22800 633 34308 12013 26834 30633 39327 37785 24339 29716 33595 15099 17402 36387 31079 32272 22364 33712 4972 7493
11887 26180 30343 2937 37556 29098 36595 31579 26068 7534 24816 8867 4519 19123 20880 31352 9755 16558 25488 30445 6273 19082 5544 23674 11821 32974 15946 30536 26686 17269 38028 34924 3448 24722 37860 1003 13819 30806 28934 39887 38340 13749 5105 39210 32871 22336 30561 38977 38894 12400 25774 1518 31482 31317 25192 3302 20642 37489 33837 3679 11109 28216 34954 14556 9290 32813 15559 23108 19971 844 19346 14662 14592 20803 13871 3814 3138 783 2790 2031 13182 28563 3549 1015 16231 25092 668 33225 18932 30856 36903 26392 19072 31857 947 24713 21021 12857 4172 37343 13700 19870 12004 28291 672 25874 28456 3809 23008 27598 2192 36190 12512 2092 37204 28743 23535 37872 18319 38818 28727 11573 25209 4150 3429 22507 28862 20802 35364 33034 18144 5415 12903 30148 30058 9926 12373 18513 10086 35381 6110 8629 31570 18622 10720 25125 3716 30606 22996 18386 29423 11723 29958 10983 12224 33387 33490 1086 10540 25205 30471 25035 30619 39725 15182 20676 9650 23907 35541 19735 15639 1650 28364 3560 16623 35435 28684 16690 26041 8032 35075 11815 16106 25033 19150 28329 14771 12639 25766 21662 37843 16236 6696 24813 15960 18230 5489 21961 38488 37381
1696 14126 39030 26411 14037 12005 21845 2720 25046 4237 10751 20121 12404 23208 1505 31553 11537 12627 543 37302 30640 38385 9890 37335 19549 22201 11916 21389 4162 10403 18769 2209 20880 14151 28619 34916 26155 6815 33988 7552 11052 1090 24024 19807 24298 21880 11359 32186 30858 11901 29487 21497 6637 35728 15184 26185 14281 27099 3926 18442 33854 22694 17002 11085 36844 5620 6001 19350 12434 36340 23254 19837 37429 7277 39643 21726 29157 7353 13911 20014 19253 39750 1511 22241 31829 13046 4778 6109 36496 8703 24550 30349 27748 1551 1434 20944 3522 3786 36645 12308 125 19898 28496 33905 27175 24491 15631 16331 31843 25893 36344 7448 25642 34206 29688 17471 7251 34465 19931 3747 39519 4481 30447 27267 2383 28232 8210 2257 28369 4854 14564 24845 24752 39411 18750 11926 23901 34380 24608 15744 16624 17303 23191 2266 11509 9230 16088 15111 3695 36018 15209 39565 36850 2008 26831 35585 30239 35040 34193 14960 39894 8756 39804 24645 4518 18553 32922 28419 9284 17529 514 25908 34831 23704 24525 2691 29285 36964 14154 29331 29333 29362 28896 26183 31369 15726 18119 17960 10766 12311 32919 7011 17418 29074 28007 21935 7627 20928 6705 13262
34808 7218 35521 25990 27273 20045 25033 16558 13360 39186 5888 2693 24899 34783 25227 16268 10509 3345 30579 17626 12007 19849 24636 29424 8922 8994 7710 12900 26273 14415 22514 21080 21632 18034 3421 8905 34431 28453 25462 7790 27638 31349 10482 8889 22484 35708 25156 29344 35404 12086 6969 7410 31934 27956 36833 37207 36949 4543 6459 23221 18957 28972 652 36940 7005 424 5844 37787 28877 27657 5577 12866 15358 12410 21754 37841 8118 3261 27184 3521 15346 30504 7283 3631 14811 4115 37190 8111 5009 3648 27683 20317 28971 24686 17257 32327 25109 19452 30114 13985 7109 32042 23203 22466 4451 4956 16658 12568 4569 193 12441 16266 30696 19723 16249 1858 20189 13438 9968 21550 13437 37650 1866 2407 22335 15474 31085 3795 34926 21198 17780 2034 13239 982 24499 17690 2289 37508 26609 6857 37700 35401 19475 28395 11475 35723 26604 31664 9160 36571 13213 18948 30572 11430 17706 9258 26904 8790 13052 21829 29988 27183 23862 39578 24516 4712 17267 26805 2219 228 30013 39918 35628 9487 24664 7103 5209 11267 35118 10720 4189 8330 26019 34760 16111 3724 369 3014 12514 13420 24842 38853 603 5055 38430 25118 6118 12049 8274 8336
8628 34639 4605 4255 477 25620 7709 2038 36886 2826 9109 37426 7507 35128 28537 23618 38851 28905 22983 7716 2325 7825 6568 39279 9231 4998 20748 15349 13398 25374 20036 22025 16364 24641 22631 16840 10260 30340 15229 3498 29517 24338 37275 33376 19465 25812 13345 14667 14716 36327 22383 13392 503 28950 12670 9734 30299 29770 21434 3696 15143 1469 22072 31506 22461 4703 4697 29073 31394 19926 28922 20910 4263 26196 10637 20079 12007 23981 34745 26723 20308 17127 114 20810 2429 9136 30543 32727 38905 11976 32775 10399 9797 11198 1904 32257 15900 2952 21329 3645 22877 10250 20907 23491 36446 31543 3569 8452 15524 34666 31526 35831 8144 31640 16640 10572 775 3535 39651 36031 11862 28777 6429 21658 39974 8332 10267 12226 7635 31595 12222 30512 38197 33128 10354 30994 24671 10275 35797 36546 4940 27323 32376 13083 15314 5367 20007 16088 5253 16009 12118 17115 4785 18546 35124 1110 23229 1742 13335 27215 33337 25557 17726 27885 15036 24432 15230 36058 34706 11026 32603 39645 38348 24978 9079 10013 26697 25437 26100 31949 1445 34569 5415 6229 9466 36891 7339 29046 38632 17025 16261 28320 38933 30338 16204 13969 14769 31433 10026 5826
38811 2629 1822 37158 23958 10901 7171 10654 32689 29622 38955 34134 20543 4369 36714 26360 1259 4052 11758 39891 17429 24370 28210 16361 14707 766 26681 25828 32198 33059 31653 31008 32039 29827 24518 15996 37079 28040 23002 29767 14013 21956 23900 30907 26324 20614 17267 23935 21017 25376 23825 34797 9745 8386 7510 24451 9151 34190 6630 37701 23600 34635 25060 15638 24461 5929 27986 21539 30320 10987 11305 4333 32942 31557 35239 15617 8522 8857 35903 29538 34232 16079 24335 3976 24465 31844 24779 29967 22385 31408 27667 5985 22394 9079 17974 6854 15007 5959 28392 5327 16945 36049 6011 6238 27605 37601 18207 36126 2810 14109 22015 37041 30188 2701 37369 11004 30896 18499 970 9633 6258 24989 15617 28652 30419 33590 35505 5425 39549 20249 7103 12845 16297 9465 19083 253 7066 33641 32730 9875 7749 11096 3267 34288 13797 36987 5291 1044 15485 2613 10676 21743 23953 22644 6746 14371 12586 38602 19795 8486 18850 23250 21330 31498 32714 36764 28102 36131 30404 20831 2357 34505 28279 5624 28792 2075 2610 30435 39470 14447 33047 10146 36189 16999 32789 39286 31369 1726 37887 7515 10211 16737 27116 27893 4586 16182 24656 32688 12312 11412
9870 14669 5916 38148 16644 31059 36574 19253 21493 36044 30051 10891 2541 22591 24241 35329 21876 11961 33407 19763 15828 3617 32851 2943 31509 37436 15476 12517 26475 27788 23928 32697 38808 26195 27196 15451 17253 23770 31055 35098 16165 21106 2340 18705 3696 26581 10385 21924 34893 3791 1686 10720 3760 30888 10015 35268 28323 25490 4136 11150 9629 28063 198 8436 10609 27393 20238 24214 11162 11293 19311 23678 28750 21650 2382 28797 4582 12767 10720 39475 12909 8757 6546 16668 39644 16560 8288 24319 38402 12423 31820 8030 36838 32017 16466 7446 19409 33055 31659 26923 4347 7321 10600 29448 25323 9334 18245 29904 18452 25316 29378 31360 30425 32276 4380 30068 8835 12667 10738 7236 25089 2557 11618 18278 30925 24435 22076 10334 17489 10086 33608 18188 17407 4207 7635 2729 9892 22231 28984 28343 7547 14714 16055 34323 6989 20434 24390 15823 33100 31480 19411 14540 30388 27380 32818 21313 11814 11245 31646 29302 21330 21605 7489 38736 22163 11476 37816 32055 33706 26800 20397 37604 1513 36451 31926 8501 13236 12668 20675 6335 4147 36437 17227 34534 20168 6396 12198 31981 17640 195 17635 38969 21799 21475 34057 3962 32950 31872 36016 23008
15023 12764 20611 12887 5567 8889 17739 18802 21556 38414 21489 22054 31202 38715 12939 11370 5110 25137 39702 22749 25331 17336 18069 7130 35163 12125 7443 28112 349 3458 7471 11723 12573 24434 24610 18139 33322 2348 33293 11229 37113 14781 33282 24667 13495 6220 32388 14956 27708 32089 37704 13039 5777 12124 16520 939 20601 23962 25402 20949 23771 32873 29023 36343 17306 9984 10834 10627 12332 4126 21855 5796 15258 11488 26814 28752 14059 19201 3707 1767 7642 37762 14805 13418 9885 27676 14356 30485 11637 39757 7785 31759 32629 36808 28101 6286 6791 35286 16912 15474 35763 35118 17622 11020 6605 4435 39771 20664 19988 39829 18782 27629 33942 29938 1046 3827 17613 15401 30663 25601 11509 34800 17359 490 27959 1811 6775 34749 37097 23687 6575 29211 15156 20548 231 18113 24982 36353 35128 4969 36182 13909 32597 26475 3846 33642 26653 17810 5394 17316 3410 13255 8467 17120 13744 36425 18930 20518 27525 12378 556 34099 1589 15712 14646 1819 33824 35980 34523 28951 37300 27056 39211 29897 13531 3056 19890 183 17217 21636 13850 20626 34890 22316 34097 8633 18740 13026 29150 6265 21756 29706 36715 23344 1769 7713 21514 35592 3692 16036
20894 991 3092 20104 27239 12974 19511 7129 13156 36727 28764 27006 17352 20005 9321 7800 28637 24413 20825 14138 30677 38932 195 27391 22275 1963 31455 140 33906 35146 12528 11151 32489 11971 31254 19727 24944 10764 23207 38099 3842 8322 21456 17545 28326 30777 25344 16962 15189 6169 27452 2217 5100 27646 25959 23727 29609 17414 20218 19866 8911 32745 31017 1399 1067 22270 17478 26010 29386 684 24109 33227 9006 1916 10772 33683 32692 36115 6997 4232 38635 34448 2800 87 22093 28759 20165 8053 2524 36734 27919 11434 25831 18935 12833 26897 37556 30310 12907 23293 27345 33367 12872 32702 35282 19995 26385 24326 12461 33381 24909 11096 24180 27709 7534 6272 12819 24050 10677 15342 20783 34947 26775 2965 10233 35959 29862 7788 22620 39120 27433 9965 28838 304 2666 20471 20298 25402 1148 32758 15134 26057 205 39313 10117 4090 1937 22935 24491 8965 38276 1626 3911 25050 4590 14143 21009 30803 18282 3628 29922 5714 9944 15111 6017 8962 35582 22666 34363 36729 11776 5849 19137 8332 1513 29253 12422 3449 12187 36912 8765 6814 38537 12675 31864 39479 26817 9224 30281 5099 12851 20203 10812 19147 31665 13181 28108 27246 32198 18822
20327 3973 24670 35815 12305 26183 21420 21078 25983 29958 14341 34748 36772 9230 7422 24987 8708 30591 34210 38988 35689 3412 15542 2852 22558 7207 16032 10665 30804 4582 29487 7482 8554 10508 3297 17210 33042 21068 34639 19025 11025 8980 10124 7796 18209 13897 32782 23268 4487 23343 18607 36527 26755 34149 39379 9312 37707 11762 16329 24862 16343 2167 32344 21249 12674 31992 34810 2068 13059 29449 17444 24083 38428 27567 28231 12988 37815 17364 32607 38654 707 11213 35180 27461 1713 30910 33124 35771 39024 9452 20633 11718 7970 9328 29318 16996 1319 24128 19063 10729 13576 36506 31163 8355 24072 19393 17694 18238 36757 10300 16891 37463 17864 8423 21275 19577 35684 10750 15347 31059 16554 32331 2777 24523 1658 28446 1518 2976 12573 20580 10056 22500 17085 1219 27206 37508 20611 4899 15746 13719 11550 28988 7533 29414 33762 28807 5342 29446 39557 20688 20504 16110 13019 19632 36984 11028 8078 38502 14004 17002 19081 20411 39502 32518 21629 23059 30025 2240 27958 2122 15958 35859 27462 19843 21624 21223 8649 26965 10668 4557 4005 27524 17018 13375 3507 14002 24402 7936 12503 34757 24938 27935 15168 20791 16804 36796 3849 6829 35387 28158
5302 11345 24017 32763 27539 5640 13986 36187 28957 21005 37096 32961 4880 14113 6335 8387 28114 30736 16322 36968 25493 1259 24903 660 18401 38058 37455 22250 4886 32842 10407 6540 538 30775 39302 28076 32767 9639 20614 21723 30644 17709 14683 31875 31822 21017 261 16287 8104 16583 13255 33596 14193 34509 30607 28946 32566 28062 11195 33804 17255 17953 36695 14144 5080 32348 38571 37846 1987 15536 15920 28982 33245 26954 20856 21418 4322 17469 34056 12425 30403 3662 2373 947 34522 32979 29892 23440 17392 37438 17243 30998 15391 10289 5141 16822 2636 63 11019 974 15599 26938 29955 5195 13891 7163 26612 18212 24631 17019 26988 15033 20681 29360 15979 15202 22339 2223 38641 39730 39660 12235 30728 11402 22523 32220 28223 25159 32283 39241 26132 4233 22530 12439 9427 36420 15953 32390 10983 583 9408 34323 11967 30088 23682 24297 1642 2372 26519 282 2102 26179 12517 29181 33932 31391 17752 22155 16549 6386 17747 39033 10618 277 7823 20044 33048 23775 8785 4031 20709 18193 38353 32675 4632 18386 13323 6273 20758 36194 6555 19211 22372 15423 4743 12655 6813 22494 34809 19714 25232 12556 15098 35849 9184 22920 12245 2231 3046 21029
6261 23754 35573 965 12780 205 19351 26102 6477 36460 22295 9383 15670 1018 24805 20412 10025 31618 39257 4833 11331 24488 13740 22780 16689 22923 5699 28933 25154 8744 6313 27766 28849 1886 25083 1628 38442 785 24081 1270 37244 2728 10653 9265 97 35457 26028 10121 23426 25284 11306 31108 6124 25045 13887 22812 4320 19585 8096 29473 24680 10760 13590 9880 8997 38672 11507 3790 39456 31940 5060 36699 31019 15712 5963 27467 11168 31990 37588 30946 13626 5245 22053 16101 30289 32292 35264 30960 8228 39711 20432 32908 10470 34022 2787 15819 32693 10646 19608 28501 38937 24667 25199 29955 378 27514 17421 7898 15855 11360 35195 25832 16604 13599 1932 3245 5890 33547 34204 14118 33257 10988 3377 79 1361 2515 12249 30405 13160 31856 18905 8448 12875 4104 34754 9604 27969 12175 13853 175 19886 9047 26007 32842 22646 24290 32438 28535 17837 26641 39004 7445 33980 2380 7523 35340 4895 19771 25745 14406 7979 1001 19206 17205 1456 13959 26808 29424 22485 661 29599 2371 6059 15605 31564 25056 36246 24001 9943 14082 6993 8946 21527 973 7678 25401 32664 8924 1524 18408 19681 5854 15761 38886 23058 17216 12845 6217 6640 35329
3229 32590 34051 9288 4546 25614 30695 791 5966 637 11225 12959 9583 29103 13931 13612 14503 2946 22535 12378 17706 2215 18231 33466 1101 37640 10681 10297 3857 17320 5625 3437 6261 36028 9076 10806 21641 39771 11597 23959 407 19173 36917 6341 8275 7199 19952 22777 10144 38838 31507 27849 1053 6089 21314 38505 3729 28347 8801 3937 2018 10777 7373 8279 6804 12801 19084 24797 12571 27032 8755 12977 6204 5671 15670 14478 12869 31973 33607 19364 30811 25113 3565 31863 27553 21230 26719 31281 9576 35519 31569 11594 6295 35294 16224 13099 8094 31659 34247 20664 18691 3001 29992 21246 8671 5661 35724 17891 37634 25682 33606 24796 7146 37170 16658 34698 14752 3376 22331 24327 35246 10251 32272 1540 5544 8495 10990 13637 154 5236 30652 15196 4588 16996 36441 9610 19008 28516 23852 12993 10549 17458 37788 17694 10979 10797 8744 25730 14172 31074 6409 5769 1324 35032 3661 3220 39879 14650 13208 36384 16238 3860 11579 20825 17207 4371 30435 36214 29239 14286 9207 39787 28095 6994 17481 39074 17791 26224 21155 28314 13649 27563 34083 11324 22595 37743 14543 22473 8744 24103 18856 21333 24314 26786 38510 1520 31156 25296 37733 20394
35933 3291 16533 24028 10285 34013 19453 24427 16588 607 9092 26588 24522 3174 34263 3468 37268 8806 22292 2364 29260 37499 23696 13573 24284 18557 15092 11791 3852 9176 28537 39785 12467 5069 20164 19103 39081 39616 3529 12020 36574 12620 34959 17447 12146 29221 20914 5765 34378 3205 8128 23637 703 28176 37209 21338 6732 12300 33129 10584 17828 21665 6720 30294 23085 26883 9396 18517 22850 9276 30536 19423 18247 25494 33222 26744 11066 14135 32509 5444 13692 636 29080 10746 25163 26289 32084 31895 34940 21564 38830 12767 39580 5549 3060 22664 32431 8807 1180 11632 14434 28067 27406 29033 9912 20627 15776 20977 31114 8284 26420 4805 5272 15500 11902 30434 38140 3985 22328 29431 21900 21157 2198 21479 26705 1609 494 15487 6768 1673 23470 21201 26091 10876 10233 36002 31502 22361 16979 22615 30644 39750 23771 35915 11601 35673 22701 9740 36009 5028 39171 17909 22537 37720 35739 5593 39328 32585 17432 2447 30609 901 23648 16700 11776 30232 12701 3278 12592 26031 22244 39588 25781 6015 31854 37381 1687 14554 3473 34047 15934 38995 11955 38470 33066 4046 414 28745 36630 17845 31192 27238 15098 11191 289 26873 1422 12990 26502 10366
39020 5098 6305 21152 11112 34510 14885 9150 9064 14709 3196 21349 10055 11503 16170 3120 11900 16583 31864 4881 30780 23055 28470 5877 34245 28759 32749 32019 38100 15603 38736 33471 20700 5040 14623 28163 35901 25859 37312 4964 567 36859 26312 10621 4713 38833 10092 12964 15416 1955 17844 6195 21362 6314 12071 15606 31424 1171 3976 29523 13125 2711 22993 33824 4102 33967 21986 3 19825 15649 1318 20391 8860 23982 27363 13572 22814 37454 26536 34581 35761 731 775 17122 3396 9197 29079 34819 6720 33055 24341 19844 32117 3686 10020 32571 37652 32005 28925 17477 4006 26594 34219 12865 10575 21582 26436 29741 15387 9323 24321 11147 10054 21448 28268 9801 26996 13699 4620 30067 6753 25312 9911 35221 28997 16282 24143 23001 4638 13067 477 8643 39661 31047 21507 6587 12628 4295 36327 28015 9969 20648 35513 16374 38447 23781 26175 25442 37479 27146 15509 583 8809 21771 32155 34158 34404 16298 17158 39041 29364 13986 7684 25376 5032 25542 31963 14012 26188 28289 2026 32509 5288 37538 8882 3734 17670 31408 25528 11500 18553 37388 8434 23714 15510 589 17871 9913 16886 35028 8953 2601 9013 12988 27977 10396 34882 16291 24407 17421
4579 22784 9929 6219 16674 15163 6304 30695 6570 28183 2195 21475 25570 6980 5188 1079 7568 23058 7343 20805 14437 12648 19758 19801 25635 4086 30196 16868 20376 10955 34289 21306 30090 4217 23876 6763 19379 30180 37458 22301 18362 36004 127 284 39335 5314 37714 3255 24723 5057 20411 39159 17704 168 15311 39690 4253 1858 16558 20980 12812 7198 38638 2902 11414 22513 6016 27145 12692 39825 5797 27406 32180 5923 24041 31515 7588 21754 34769 28662 23162 15179 24172 865 15347 39482 36907 15951 1339 13464 33283 10503 17013 31920 9756 28426 14432 15771 11922 23476 15596 14070 7233 7775 19992 31273 35641 23931 13026 30409 12592 32540 5588 36763 29756 17286 36244 26662 29588 33935 36477 19222 789 13489 11141 10544 38267 21925 26314 10188 1752 38261 20610 8984 2388 601 36608 38028 20884 5985 24789 33475 38524 30376 26590 28280 4013 19185 14941 29952 13119 7770 9174 13907 21258 16666 20802 15876 34942 3468 26064 33045 1728 3025 38380 467 3625 34987 38495 24508 972 19635 14335 35847 6362 924 24126 10374 20108 35419 36677 29579 39540 2202 39837 20797 18868 20639 36673 10161 24106 19088 3206 22185 22112 1585 22652 22088 36572 17498
2948 33895 37132 13634 26093 3493 14557 10219 10218 31016 1989 6894 20594 1528 9096 16783 18676 24315 37421 11700 30827 21526 27139 34032 62 5602 31969 22713 24042 24892 36562 26989 15138 33693 36974 1230 33537 11530 11448 3754 38897 9788 7000 15843 7667 12447 32625 22695 33113 26397 34394 23939 7922 17885 14323 4335 23486 6291 27048 7527 31182 19961 30867 2671 10006 27840 3900 3542 35721 11700 3648 34618 21487 6999 6812 25506 15797 39436 8200 8909 25832 2593 29199 30105 16829 39873 30791 315 6163 14190 4193 33696 34151 35060 36366 4156 22899 266 4049 14972 11965 4048 5941 29803 7398 12752 15308 23194 8539 19859 28454 30722 18804 17653 17178 35632 17525 7968 35946 20040 22158 139 10087 12660 31550 2805 16815 14448 3070 17215 25771 11386 21263 31711 37540 28660 814 9200 8206 5704 29058 36659 36425 7861 10663 9954 3493 24540 17922 35790 931 36431 35928 11017 9090 27477 13821 22256 38277 13242 39470 20399 20979 17084 12110 18519 2096 9275 24070 10301 14979 9479 3311 7755 17340 10326 17709 17184 34865 31982 12973 35795 28412 5253 3163 33853 29081 16984 16108 23709 26577 11929 4108 7556 29013 12569 22426 27460 21843 6495
34112 33173 15973 37422 928 29664 7747 18636 6847 38963 10617 16172 31109 35380 21424 34272 29232 10504 11255 5339 34213 37831 17267 34672 1738 2631 7240 24163 30090 25434 30657 24201 18607 2982 17975 15886 32645 22073 34521 35844 21036 1489 12015 12144 36868 33438 6415 22451 293 14021 24141 30857 8204 37759 25528 9941 390 29119 34104 26831 10905 21112 7384 29511 20445 25358 5396 9442 3782 36268 5285 24817 34108 17299 33313 27327 7088 36079 9777 3732 6452 33917 34589 14655 31675 16468 20947 28416 1939 11402 15247 12843 28866 18982 38705 9310 691 452 18751 4472 36719 20387 25641 27178 34037 18953 14504 37476 11383 20632 1208 17834 14548 32148 28840 2574 4967 6139 27342 6905 17540 38940 19747 2757 17921 14803 12067 18611 15254 27169 23082 8324 3908 8722 35501 37944 24026 10004 35420 31761 26987 32979 9594 1534 21478 34786 460 26444 37276 27801 33349 14815 26740 9447 13924 4660 20602 22342 19622 35855 9510 2703 4179 9769 7777 36031 7713 31802 2387 39484 19914 29373 28814 29508 27259 10291 20645 27718 36734 17920 11870 26434 29086 38609 32233 3009 39620 12834 25350 19241 8688 31212 18295 9218 980 22423 1601 5044 14225 3987
879 34138 33359 26044 19997 16969 36334 36993 4686 29420 11264 12907 12205 36702 11515 4437 36062 7486 17270 17764 23078 22310 8975 37725 27879 6306 20147 29479 7702 30723 29817 4932 21213 19528 30976 37561 36496 23661 34554 1182 13080 2169 14088 25285 38870 21955 26073 31284 25792 39695 9047 5222 18356 14373 2946 6234 17030 23092 32065 24731 10167 21881 29663 31379 1408 16990 28939 37904 650 19844 35437 10082 18365 5876 35366 13586 24182 17790 4869 9974 17484 13915 15195 35839 28287 14492 38425 5317 33935 30489 26399 4101 8721 12413 31831 6481 29402 17122 736 26404 36965 36172 36485 11681 38399 28202 25267 22581 5991 30135 28906 23475 4050 4100 15665 28688 14943 14089 30356 8877 929 13107 9330 9650 25519 1160 12482 11273 18281 13217 34028 11598 5740 30512 23278 4138 15065 8544 26718 21055 35031 15623 881 35432 16074 16546 24119 31016 26986 10827 36245 27915 23933 1926 33916 5803 3085 6397 17075 17718 15965 11102 25667 21704 37965 8944 25841 13029 13840 8911 30436 8870 20885 31316 4301 36959 4213 24771 24326 31199 35597 16922 15465 15881 18847 9380 21684 18284 12128 35110 32353 24444 6212 18019 6147 528 26962 28339 13557 37153
33601 3992 6022 14486 31659 10322 7796 35872 31445 28473 27070 27041 5395 2534 39274 20593 8265 20957 35228 16744 16066 27580 1187 18629 5598 3685 19157 32560 28375 32713 26064 21976 33056 32086 32813 24714 38759 36960 20585 30203 25432 4006 13596 27178 2891 12869 4123 11155 30177 39350 24250 2594 26930 25436 21223 32527 25472 379 21438 13847 29443 7502 35822 18850 39587 24986 3563 34697 21945 20500 24900 7376 24505 34847 30906 23748 4067 35028 34902 34243 34377 15504 36836 21306 939 18058 10185 26411 14788 31622 36609 582 39123 32430 15783 35061 13767 19346 26110 35711 36197 7361 39438 17053 2207 26695 800 6273 21722 32054 36867 16099 7557 33702 33756 4847 8112 3940 27609 19251 31914 24217 16185 31036 12998 31967 22449 26764 7664 4910 18826 3860 12270 14616 17265 14476 1310 18064 17100 23032 6469 13966 35482 14025 7667 29237 15224 12130 29529 2832 27733 21442 27049 3917 8829 46 35883 31277 23162 3547 36186 1987 3758 8455 16602 21022 19282 17912 35438 36381 37295 1906 10346 32776 12283 14365 18364 27506 22846 7892 26689 10578 29333 13737 10846 38162 10135 6729 25790 33296 6627 18328 31634 6736 23134 4588 24110 2416 18851 19547
35148 16145 17804 1846 8920 30086 16210 27283 13943 35407 35175 632 2337 20859 10720 13182 19020 17206 16262 4810 6853 22888 23137 38487 25976 2622 3074 10085 5037 21924 29631 185 34420 3786 2030 3339 33872 14591 26973 4166 9997 18499 1149 8685 39358 8221 21867 14729 25426 38128 19538 32279 17368 39026 27117 3343 1648 26542 13427 3036 4817 39409 39572 39236 3194 1601 38926 33417 12543 25898 37583 18892 749 38731 27576 106 3303 9442 14834 28729 7570 30724 17359 24937 26101 4475 24631 27748 31016 38057 27136 32184 37465 26707 31419 658 24660 30344 34075 37202 12593 28009 12445 9693 23091 21 9798 26394 5814 20984 11474 13383 8059 28832 34671 34159 29658 19301 18259 17025 13709 5394 9208 11173 28452 36978 8183 13111 23673 38609 6665 36265 22969 19109 5958 6059 19129 12107 28804 24943 29442 277 34677 33852 29108 25700 28011 18765 1352 2621 35789 15061 4366 1348 22585 32817 38325 27119 2280 21997 22079 8944 14614 5047 28052 16923 11106 7181 25381 39909 28475 14823 186 23151 8674 25645 5202 33036 762 6554 32008 32902 17966 36373 34250 550 25542 32574 24021 27821 10923 6099 36764 25536 11146 21167 2458 18603 28347 24190
14863 13173 39012 15048 32676 4038 37045 37877 33425 37806 4430 25433 30707 18747 18157 21308 15649 3698 10234 39669 27870 21156 5767 20985 6691 13264 2152 5500 31866 26850 29689 6729 23 25053 18128 32698 25442 11524 30574 15218 5681 31356 37002 36388 10102 15159 14047 22102 15208 24280 21770 39430 5435 23889 20414 8477 37152 22565 13976 25370 5767 17 28450 5789 21421 2929 38486 3214 14453 25411 18431 20133 13118 11785 12872 19572 26943 26919 1673 38502 11198 23443 34283 12985 7331 14697 21461 834 33613 31789 22555 39379 31805 11004 1519 9577 10285 4 12790 21089 21767 27572 37573 34884 39356 10445 10807 22650 33715 12480 17504 1264 32274 11786 14248 35956 26482 32061 36789 16447 23849 15696 12177 12005 26699 13696 17933 33335 10051 30722 14423 31817 18293 11996 23053 14001 18792 33859 36650 8858 6338 14153 10121 38611 25939 20721 34566 8772 9133 27707 21570 32981 3402 33747 1337 26452 7442 19269 16139 17492 6342 30561 5661 20986 38908 28713 34986 14051 22571 31636 22908 25261 5788 29381 20223 28078 10101 11141 36850 15585 35199 18419 8565 38600 8517 6253 21403 15958 21873 37541 29802 28214 24454 31814 5551 19713 20526 537 33764 39448
28524 13023 21060 30663 2403 1283 18741 8855 8775 11942 24439 3973 30360 29355 38924 38877 31959 16678 11186 13831 10571 37339 38396 31376 25504 3947 11088 2381 4483 1203 1829 29358 14226 19240 20020 12980 16874 38760 18187 25648 10701 2625 25972 37413 28332 24895 32641 20290 1573 178 34121 8495 33869 32516 39870 19372 32814 10957 21753 33648 8512 19933 23005 19089 39172 3025 32068 16046 38136 6606 38045 8837 9231 24017 2601 33914 5263 35241 14203 3187 35418 4675 11681 25638 33543 11550 5010 26356 18859 26762 20004 23722 6694 3008 2810 2217 6032 31229 14614 520 37835 12659 9356 3417 33027 11956 37330 38289 3548 7884 37828 35317 12559 9508 20955 6101 17410 25964 28808 32620 12725 8811 16341 15770 8171 15502 17986 10554 6730 32600 11073 916 1610 20428 684 34636 28735 34365 29276 32282 2249 27103 27599 11159 32963 4905 13611 6724 30868 2418 39343 39944 11229 12035 12065 19399 27536 26402 29952 30617 15353 37377 27885 16962 17804 28568 7949 2891 22933 33577 31524 25181 17031 15474 36339 9993 20378 9949 13068 11245 8718 12410 7540 19946 24444 19604 35696 8331 6006 22000 38948 21358 19376 26832 34672 33531 15399 2620 36421 34683
32548 24297 19863 9579 39770 12553 15923 20148 18853 28991 31392 27571 1400 35284 3868 22196 14887 35916 30526 20892 14267 25825 38602 33642 12656 33273 23524 24407 35892 16297 19089 28440 593 35304 34370 362 4208 10292 20509 23061 39282 8253 6983 37034 3536 7202 19229 14774 3117 6106 35666 17383 31931 30619 7376 938 23891 27252 21696 16134 3548 37137 925 492 28792 35294 37205 32999 5586 14066 12411 1219 18670 15745 38252 22205 22947 13832 33330 26063 19938 25347 39798 8220 15965 3525 9157 39855 30776 27205 15989 30675 24341 13265 27518 13132 8559 24723 2482 10496 38788 11245 11714 17457 26989 6318 36013 9935 20149 29342 32350 86 11041 32147 4657 27005 32023 10166 23212 19151 37370 39200 9825 18062 8816 33695 27545 17374 18417 30026 27869 13556 1270 35935 31012 24611 2252 23376 34545 22400 9069 26894 18838 20109 15392 19846 7114 7415 30011 30325 22917 23732 25876 29093 1793 34691 22787 29337 8417 1203 15715 32637 11110 13336 28571 2121 37946 27174 21848 28843 5926 30917 12088 21115 7377 27480 960 14490 31246 30971 1166 14162 14702 23393 3254 12847 14436 22393 38535 22852 23595 14249 15488 31057 23937 411 29529 18234 27584 11377
3428 33509 38645 15516 14623 6021 2995 15583 16863 30592 2905 18028 1105 13958 37773 4358 26804 12208 26750 25339 35059 6697 35939 6898 37753 16227 7308 27281 34461 34892 35009 34240 28400 33653 9755 39375 36026 12749 11309 12888 39692 14213 27267 796 24522 25039 1506 11326 37246 28255 33016 28656 31303 28954 35554 25407 5181 2861 9040 35993 34104 4048 30232 18856 34053 36339 18230 30078 5439 29538 2965 5131 102 26583 5926 20975 11622 7431 32300 5219 32038 21667 30227 19692 10621 22132 5099 12153 21344 10490 4497 15448 10889 31080 34303 4941 27418 12532 31370 32857 38421 30686 34339 34874 17269 264 15848 25242 4047 4500 26812 36084 26166 17038 12127 33138 39169 13577 5290 20513 24066 6138 35960 34955 33570 26614 36247 20987 35497 27617 10195 33917 14654 4533 25142 31922 1149 989 17163 5195 1840 3975 37630 28006 17364 6108 17495 16533 19685 22785 33397 3750 25274 25708 35056 18843 12321 31303 36182 7817 15271 2728 38085 29924 7261 23226 18198 4761 20566 31712 6307 22406 32038 3936 6763 9402 10043 24257 22286 29727 3393 15682 29829 25019 1389 24884 3861 10061 12538 36394 17877 27808 39122 15961 14084 2734 35538 32281 3846 16103
23992 10152 34860 16030 10439 37974 21783 20481 22231 4068 6560 21975 19749 32740 6993 17489 13975 7206 27549 26513 39951 1777 10672 39072 17737 24755 38157 13274 13387 2002 25728 33731 8505 16940 9760 18943 14913 31542 39424 37143 31961 2335 19118 11709 31426 22462 25549 5400 29667 9449 31912 29618 11225 38936 25041 28961 23690 19550 38586 33429 17903 20665 27159 26408 37604 33270 5350 12517 21163 1125 6011 13123 39811 21480 21183 31236 3942 6731 36636 29960 16179 24899 15929 27403 23834 37322 12715 3876 13223 7652 37304 31125 28316 24462 13884 22272 17731 15586 34788 38893 13062 798 8367 12873 18630 29549 460 22571 36279 37095 8882 8809 18346 21163 36211 2179 18484 5277 6054 31706 12928 39709 19182 37595 20522 29418 19866 34604 5003 11005 29848 18064 8155 38214 27288 26784 27762 27748 5706 20392 21194 10939 29200 35891 32101 21762 38070 6936 27038 475 34993 36317 184 14175 30264 17057 39944 6481 11661 1298 13838 1508 15713 18344 39722 3001 5127 27483 27100 7184 7875 4645 18122 33426 536 6575 15188 34957 13510 38577 31783 8503 31246 28318 19029 21509 5375 18972 24341 17035 20269 38178 18542 35981 12873 14615 35333 17999 38450 18784
21534 6324 23429 36008 36101 20316 2582 11288 15272 12443 6217 7054 17297 37462 35372 36325 15322 746 11648 36014 14132 28268 30544 29025 20601 3416 3640 15933 21415 2089 34717 39300 4764 14497 31659 864 31164 30592 8504 6435 3035 14720 9840 20331 12181 1563 13008 23854 38660 21007 19867 9143 9275 10410 38168 29875 13826 1807 2159 31592 3895 33227 30891 8658 4075 22550 5873 35238 13141 14376 38024 12527 29095 4216 29210 37627 5778 2217 21480 790 19575 1347 9932 28849 8108 8099 15075 21933 9905 17234 13524 10151 6812 767 15160 10887 23316 21033 2476 32808 35408 500 1687 20855 4715 30896 14833 6844 29464 32665 3985 9038 30363 13917 37887 38470 18367 9313 20403 24624 22898 30278 34774 29710 31044 9934 36948 10711 27318 39423 39871 19077 36274 1557 36283 988 32452 11116 4184 21915 3780 8168 27304 30494 18436 25190 28963 36803 34503 5717 21426 13752 35995 16199 3461 23390 22484 408 34101 9801 36183 30323 25230 32456 31879 21512 29796 20682 32627 33979 38948 32758 2146 26251 23251 20582 7793 12214 13736 38647 14282 35161 12398 10276 7711 15859 30018 30195 12618 20470 36347 8800 10792 21576 37608 2670 3088 27403 19703 32066
21381 18650 24824 19878 4900 4426 36811 12692 16639 10546 11338 30921 2058 23736 37548 9769 35946 27565 36315 4915 8034 29013 13715 15177 10589 7674 14198 10028 35076 33900 38445 12808 12549 23268 29037 13801 27694 25848 22844 684 32745 34182 27956 34803 14269 21856 4571 6566 5772 37237 11480 10158 26249 21546 25334 33189 29219 39532 3216 20646 33431 38013 33453 2332 21280 22490 16132 5325 4689 38975 2361 33785 29508 26668 28587 128 8523 29509 6693 14295 26745 18173 20804 9346 39718 6137 2534 25289 5668 2102 5934 35451 114 39387 37782 17745 18228 13913 23070 19268 9239 21782 13052 35099 8449 1639 35226 13324 27499 1919 27618 10596 16443 4773 19941 12512 10909 18826 37800 12929 20927 3734 8379 17392 3120 6160 35137 17699 16424 14558 36966 22014 36339 6369 17112 1139 4359 8690 14462 31858 10608 38431 2453 23402 3203 18745 35913 14112 37570 33713 27040 14849 33798 31770 32240 36917 37929 27376 10967 10704 38285 4284 32717 34623 10652 6181 32114 15011 14870 6575 3220 21829 5006 5672 5230 4560 20768 37494 18671 18337 27558 2062 29537 21355 30183 21777 14623 28111 9152 25589 35166 3789 26224 24235 38411 36876 30415 30524 8238 1636
33451 11457 23464 38456 13480 25045 39367 34247 18890 14390 8935 6448 16451 38472 24154 6634 16600 38777 31096 22103 20717 22614 25891 6941 6848 24302 168 33614 11177 8405 35249 4627 19861 15064 39434 33340 108 38801 23938 15349 13190 29224 18148 25992 27695 2302 28977 4294 37430 16425 26397 18146 39038 12287 21438 2237 32940 17957 35850 469 26361 31098 1447 2573 2513 881 32264 38972 36033 12553 14320 5574 1777 32468 31565 25823 34769 16894 26469 32198 29670 12865 6695 28707 21503 24485 27295 10795 38793 23144 11263 25154 10593 12709 24078 13105 9941 12694 8428 2325 25246 22747 7898 23374 15214 35815 9197 6334 12708 35665 34883 2377 4881 37930 27435 26383 18766 11081 33529 17558 34224 1143 39063 1168 13852 23141 10624 20144 32186 19051 22469 17431 38149 30366 805 13363 26180 6353 16048 35239 2017 10931 33967 6897 5212 17753 29631 23977 28833 23160 1534 19408 20654 597 16927 30857 20089 27550 11001 12274 2952 33469 26056 1101 20186 23212 10815 2718 29564 26862 34308 31580 34144 28275 38476 39355 2379 24459 23331 31212 3970 21217 6971 24623 21813 23898 15480 38253 11447 22832 10526 10751 12652 36581 11851 32837 16145 22665 31906 5708
5878 26214 37288 22 10840 32115 35728 13218 16573 19059 4429 16894 36627 11400 1517 14791 35297 13348 13043 3095 36179 19920 13845 8830 12852 22047 1666 28996 1063 29924 34704 6941 16137 31991 6962 26976 24105 2689 193 37030 18099 974 13923 11077 8725 11791 25867 373 25138 38909 39819 21316 15180 10016 26497 28032 32062 24515 17027 33125 14438 11730 65 30574 72 3378 17549 20529 2418 14093 17558 20517 15066 27832 27945 20142 39623 13812 20514 21112 9072 20333 38780 24252 30348 25276 12283 18761 9790 29309 11885 24227 37391 8301 14800 33814 8030 28700 14342 10448 2793 28251 27316 14210 12435 15260 34352 12057 29071 11217 29520 38143 27901 28299 22394 14600 13575 31028 33361 23364 16688 1597 3943 10430 6250 18742 4244 14279 3794 18585 24726 2938 3188 12041 17147 15622 23653 7850 24030 12723 15419 13549 7217 3319 38200 25962 14271 11774 16989 7631 31489 30029 5579 35431 458 11828 10525 4701 26107 14318 19638 7184 17255 19177 15577 30753 34798 39229 34955 15179 8303 10373 28727 15520 10043 23278 37833 20665 31403 11174 24647 22892 1202 30226 14674 38011 38405 21550 2712 24511 35867 18701 28047 9473 37877 3623 36578 29026 2851 31532
4204 7505 38256 29282 19376 4650 12560 17209 25315 3962 24734 9961 23205 25935 36538 37879 23945 34943 19428 23008 15805 11647 1708 3851 17471 35936 7473 14048 24961 6675 1931 29164 14180 36538 18446 33555 37540 27357 7115 22854 31318 31848 29166 14523 14134 25704 8753 34431 20646 28180 17438 36450 36178 15498 36653 13649 11433 4125 24048 36394 7152 22331 21909 17683 15220 36706 7589 12759 24062 11056 31964 15380 2903 21130 26254 13389 6833 35006 7819 23830 19537 25256 16631 12067 37105 13283 22067 8538 13760 2466 1283 20911 24796 23191 34945 36368 19897 38885 9126 310 9940 37442 15689 12843 14923 38294 26231 21755 29651 30401 1936 5540 15656 18566 17606 12761 31849 36024 17650 1960 38489 18932 19222 19637 38474 14166 16004 14722 13050 21481 15032 19342 18922 27072 32184 33844 25366 14766 11950 11368 5166 10237 16907 17173 28803 30864 26285 17003 26887 286 18962 25376 19217 34535 5012 14043 8700 21015 28764 18101 38847 3795 37442 14121 30867 25977 7964 12584 37094 16266 23951 38611 26502 37210 12136 11656 28073 34772 25010 14960 35058 323 36687 14274 34857 1698 24668 39908 19064 13432 14361 14262 17226 8154 28382 4444 34131 36346 17027 27576
8963 37330 22539 31816 34539 34674 3472 22611 25797 24833 33922 20854 25156 26960 31480 16364 28657 16147 16272 4072 29578 30632 18334 3156 38785 3067 7599 29267 35764 20978 13195 4726 18307 32085 36542 12845 23110 36365 31807 8906 21197 25729 29760 2704 12688 21239 19068 37697 33737 35339 38120 23315 22322 12805 22822 17458 15872 26772 3077 11635 7749 12623 16361 26055 4707 9254 38899 27816 1970 30706 36721 23166 12786 26480 25870 21825 4070 1289 15873 37807 36627 13993 17473 15300 23149 36646 29109 39020 23417 32185 7007 31166 4807 19719 17220 9513 28972 12471 37328 30941 39528 34049 10458 8665 16880 32679 26841 17302 33967 2714 11460 26945 16706 25284 38596 36206 21929 27705 35226 5345 19889 2232 32862 21048 21950 6434 30560 7273 18904 24240 34565 14783 14640 5022 19799 27871 34053 6639 5172 24371 9352 16631 11316 22409 1914 6263 18615 20194 33967 10192 25539 13856 12423 18400 31255 30724 24833 18166 37996 88 2405 28912 11222 17044 30285 31020 1267 24337 37659 6438 8708 3362 19421 16375 25771 17686 22637 737 37880 16604 10928 23418 26811 19702 38169 14417 10425 19354 32582 4772 19441 34987 30035 27015 8382 20319 18034 9648 4656 12044
12438 9715 11758 31858 26089 33880 9543 5077 34616 7422 18032 1895 27191 1194 21596 25360 15610 28372 1065 8192 29495 20505 3178 19529 7519 7911 39847 21905 17559 854 30300 29996 10568 2057 18205 33008 35936 27747 34437 30551 31521 12468 32445 18711 13662 10392 422 29271 38763 1486 33814 28257 18343 36991 7785 22213 1254 7632 469 15164 8485 30769 5159 15405 32825 23363 8412 28761 7461 2848 15663 38981 11668 8108 14044 25329 18499 10817 10951 13614 12303 4765 1870 26997 38107 6007 5561 35712 9990 6030 10875 14826 36798 16033 30230 29622 35747 34994 14734 39560 34193 30397 34892 5860 34856 8935 27540 9706 19752 34843 23319 28406 35959 21541 11754 30417 27547 17314 26129 33888 23343 37003 8713 20140 9388 38943 6114 1486 30288 20847 1045 24480 7595 32289 26692 2450 1223 10583 12156 17326 5425 35474 2083 1383 17014 13836 31800 912 31150 17928 34799 10844 11282 39864 27336 20669 38806 33449 18507 25445 10647 19551 9924 18242 11839 32967 20691 9414 3550 32846 23091 8974 24672 25174 6709 38037 35361 34860 35301 22862 9139 26451 33706 20420 26314 21041 37441 21471 10841 15947 6915 21487 31849 13191 36080 40 6157 13123 9453 6058
2320 28895 11384 26991 10420 18092 21380 5781 9303 16680 28642 18441 3130 22347 38860 25796 39739 32652 7266 10579 8598 14181 28418 447 27371 20849 486 29879 33971 6290 35937 32643 35184 3672 15985 5604 18115 37364 7736 27417 10395 36377 5857 9877 15076 1068 35672 11166 33720 2937 18097 2317 13469 6514 39115 37191 23714 39600 27070 14037 2241 19358 6679 37425 19381 22663 39380 37495 20027 7115 24911 26773 39843 27119 36649 11270 28186 28672 22436 21905 31609 532 20574 1429 3397 16040 38620 27110 15640 22041 37498 17880 37750 4176 11656 17130 26839 11035 14624 3217 14501 39534 29989 10696 26652 22990 21965 11189 11661 4400 29446 39621 1283 10019 1050 4679 26058 39669 28141 38049 21709 25638 12281 15810 26166 23936 32939 9356 31323 7562 12572 2175 7095 38912 12870 30098 18253 34835 1286 29914 35586 30731 29534 36869 37101 26935 37899 19511 22955 26039 17559 1015 8029 26191 16824 34194 10127 9762 39901 37801 17323 12472 39975 20769 7735 9197 10866 25988 4031 8504 12253 35968 39234 38138 32836 36335 25073 27087 12197 8027 9477 29755 9042 17505 12298 25865 8050 22424 35627 7950 16576 9301 16773 16550 30070 20860 22098 935 3199 26128
9438 15451 22096 5024 9940 11283 37710 31364 34721 9906 39391 4198 36012 4784 18054 8309 27000 22456 27084 18978 26757 3659 28279 3530 16561 18348 20741 38658 15634 23939 21138 21424 35741 39585 22799 2032 7219 20508 33396 1940 26765 29138 6137 19128 33921 24190 27437 17272 6645 10872 36250 33402 10883 20880 33283 27443 39227 10375 22452 11212 30665 3589 28987 26405 39525 11785 24788 6744 28644 18183 8683 15408 7320 11171 30888 37592 35360 18324 14864 38357 25547 7465 28110 36429 28344 21392 20223 23922 28118 2675 35133 18782 2615 20472 5186 2140 32256 26325 5235 17252 4508 13917 29011 8179 25087 19898 2123 16798 34573 13338 15154 20120 20802 3263 16548 9145 21006 36771 33066 9123 35797 24550 27904 38411 5021 29441 36902 33629 12118 2136 7232 16625 16052 36242 21155 37490 16140 23277 14288 10712 36614 25793 30831 13767 25408 3731 22911 2765 501 12328 8240 36297 33230 32495 31059 34602 21936 27961 24582 30405 30096 31813 7029 2500 28055 24535 39989 4194 4164 10628 11257 777 36421 2088 10896 21828 5818 33806 20944 2670 2486 29183 35318 32067 21678 22728 26668 39965 10688 7602 30369 37136 39414 33749 39635 27468 18283 39623 28013 22446
6603 39270 19575 3023 37709 30470 21202 39878 20627 2145 2547 19464 31328 34216 11530 13005 16943 34550 12969 23983 2151 3337 21118 1564 37085 20752 25384 11719 16726 13396 30517 23328 9017 10091 22702 6725 36912 3903 2954 17538 2400 1852 33354 33727 36067 4883 3083 9362 39432 16051 33344 1582 15739 10813 39498 9175 31564 24881 17245 4641 34628 7761 24321 39997 17851 7022 6721 11114 10925 9675 25004 13324 11526 18357 3402 3945 23239 6484 13306 19023 18886 3001 16956 30976 13813 16453 36502 1728 37685 13746 2720 28665 21507 27040 28661 35709 34062 35381 6823 1338 1407 28178 11013 9285 6534 14414 9581 26124 17249 19238 5146 32486 22238 18454 23461 32402 34906 16314 30481 28943 30059 33200 17607 7917 20240 6267 3626 14301 37999 6800 15638 35758 34977 26650 5042 37862 37415 14622 23985 14663 33859 29131 3500 12448 7584 26960 4849 38841 3273 31681 27783 29683 24880 1741 37600 5119 8007 1225 19419 2358 4376 31408 38115 35704 14409 3156 33565 11823 14129 17549 22837 4339 3031 26336 16786 6966 9647 17986 5807 9271 9666 29941 38954 34545 28034 32905 36016 36040 30481 11786 38397 34856 3194 36511 30559 13954 36018 24123 22129 6498
38023 4965 10836 1054 27653 23973 8019 33651 38310 10177 39274 7975 36470 34579 38872 24503 27483 31239 20542 17963 3024 15291 9170 6217 8153 36080 16523 523 20202 38651 7020 18224 39967 14208 15629 23971 38180 23648 17622 36490 33824 13247 816 30293 7825 36039 11147 35307 27277 28041 9621 30301 3331 18790 32869 7835 11221 9391 4709 31422 8041 8081 5997 4360 22288 21626 28330 16819 1625 5951 13308 31800 15549 10476 18445 23373 6514 29591 15031 33791 17631 24651 20443 17313 39792 13311 21500 11012 22702 26208 38785 27094 34288 1134 31453 12927 19111 16135 29746 20735 22085 3053 8886 33986 13528 27330 17358 16394 16921 32389 6536 30903 13391 26978 8216 13183 288 29715 20546 19341 12274 15683 2787 6562 16816 30591 19488 35926 6725 9233 13012 25162 8638 21897 19147 18517 5579 36504 31262 18851 25244 37797 9753 38635 24774 14320 8169 21414 386 28714 37106 12660 4396 36244 15573 21211 26835 31412 13488 29911 36997 22851 15072 1986 1100 30570 20502 6678 23426 11764 21880 8669 5912 31632 3655 30686 2304 11823 8451 2689 537 1908 15348 1284 38152 27272 18847 21338 18684 32334 7600 12032 11537 22672 14017 12636 9593 34518 15665 33018
2633 37544 38039 8545 25527 1693 35582 27830 13516 384 26871 10404 2291 38570 11687 36794 25842 30533 14483 877 19219 22083 12908 30755 1106 26924 3390 10698 17793 15406 68 20426 12949 38106 25322 34827 36150 17255 22657 9665 17638 5879 20068 16280 4448 28107 13074 30289 18639 23908 27517 37857 5990 424 24963 7095 27347 24704 14145 5140 109 14212 21917 13057 8669 3590 4236 4818 20844 26892 10835 38481 32770 27254 11112 33569 15360 20537 23858 33999 4445 7726 28207 10434 8150 13170 13881 31848 37873 28025 33339 34334 38588 15255 3742 7256 18844 7977 12073 39687 34868 19259 34519 23989 6513 5631 17558 21872 22519 37767 12222 26963 1844 429 37397 9993 9950 7629 1841 7822 35653 31531 38507 34240 6786 2249 37847 21981 10225 9919 18020 1445 25530 8890 25433 32042 14520 39342 13913 33391 33460 26135 20353 35304 22915 14101 1648 32864 21729 39840 37037 17381 31371 35544 7972 38156 37792 5818 16488 8016 12089 34507 9460 37618 3397 31245 29659 14268 26938 39923 7658 16750 22409 24363 8405 5323 38463 10052 38186 20192 9892 31575 33924 1262 27118 1896 35769 24909 7713 8608 29276 16153 3115 35088 13770 2863 22684 39780 13482 9621
39703 17492 22722 22111 1854 31126 23786 316 1178 21971 20507 7421 13545 14431 5034 37014 12678 802 18274 16742 9409 7550 32895 8875 38989 6664 8089 21672 2796 21571 27644 2498 39062 10366 20960 915 1491 4745 1230 39020 23068 18089 6440 32964 28871 11473 29978 1548 8626 8251 14641 14387 12152 7535 23261 11140 10551 31350 29163 13346 9272 16807 12195 8333 27172 29506 5599 25014 30603 6828 20386 13670 21268 26825 6633 10138 34650 36610 8037 3275 1213 19030 17661 13364 26564 37274 24504 33466 24975 13666 3163 34246 26824 15357 38930 10347 1215 4528 35361 31817 7707 15746 5486 25327 38922 8470 31816 33571 1432 36205 33198 2644 15234 7210 16007 1797 835 36862 31615 25809 6880 34777 16406 33703 10134 11687 4050 7700 16214 35762 39516 20273 7859 1353 5599 3132 9822 37414 33055 11253 33618 26252 10248 8851 29813 26255 7000 30648 19468 38614 12808 26347 33390 29214 16402 39875 900 16803 7574 13466 8916 3441 33738 16774 4793 39336 16257 14615 33101 9311 22219 26719 35562 32467 31921 25375 15073 38920 12374 34540 33885 25181 17239 27275 14394 33640 23501 11646 10442 27427 25111 19357 30867 15200 32482 35660 10887 8738 6626 3987
18049 25196 27057 9962 14014 15330 31688 29086 14249 4061 19978 4486 29242 33568 28112 39987 23559 11612 7984 34000 39038 29446 9708 26257 4645 38541 21916 11883 3630 24893 15870 18030 10088 39278 27992 24102 14607 16031 9539 25208 16444 25868 29693 2037 19435 17804 38375 2993 25767 6359 33344 21157 35804 39403 7413 36801 34295 29328 8683 37925 14220 20904 15954 20659 16534 297 4760 31140 12680 14299 12699 29123 36518 2391 31159 15953 16546 25885 18945 38665 32243 8641 19821 24399 8043 27233 17551 2338 12912 22585 36614 23483 39841 12567 4141 16374 9216 8901 3865 18247 19551 12916 7369 16068 11658 34879 28372 28204 20763 3669 26868 9358 12309 3040 30108 20351 30272 7658 19040 39535 30242 15653 23017 26434 24572 27157 2807 30139 32409 3024 8385 8311 15939 15753 20731 27596 6983 9102 12151 24097 12770 35370 33454 25078 38409 23561 1781 25032 27570 20820 20918 17812 32825 3934 597 17396 27443 39756 3886 19851 2779 12270 24514 15069 24374 5244 39016 31356 14345 7519 15452 23467 2888 8906 8544 37649 28818 6676 19032 16388 23848 39950 30551 16672 235 31147 30419 27677 30902 34304 3880 30032 6573 28393 5100 27298 29988 468 18653 4332
7986 34104 27798 7225 39361 32694 1225 28179 39369 20257 918 23216 16558 31468 36239 16792 22614 23009 821 9868 17312 4700 39899 20236 29444 1351 7533 19431 38170 22537 23762 6155 12993 7912 9731 12353 36957 10956 36883 32677 27564 34152 12245 473 25619 8483 17264 4585 31492 14436 14452 5155 19135 10702 21743 8578 8404 25627 28008 6573 8164 8122 9079 17508 12385 18810 29860 5693 26117 23095 38369 10032 17246 10613 10504 39217 15448 24119 153 3291 38555 10956 4797 14041 21657 26539 22619 30061 8518 6978 32985 13033 11451 2064 30540 20187 17225 16751 25879 39693 36197 24248 9724 9795 31212 16579 9011 6659 37049 9163 6301 35603 20118 11098 5996 38126 33988 28614 24538 2505 31943 17523 11889 3394 15938 2428 23580 33162 15531 5811 29206 11727 30058 35281 21521 21269 11859 26883 24280 8907 36045 30580 862 12514 1677 6857 10640 32017 31822 35177 34521 20116 9051 6410 23509 24988 5189 3441 14501 17071 9251 58 28798 35660 35338 10318 13280 3548 33553 33911 8807 29597 24491 9668 2111 22519 12876 9102 14535 1049 630 5408 21164 9681 8169 1025 31020 9709 817 1873 26780 6419 1930 15577 2078 33620 22246 15357 37167 15798
9268 5973 1747 30110 11992 209 8980 21219 9310 23515 22267 9939 25274 39783 15971 33442 807 3343 39502 1623 1567 26281 8041 3496 38209 6470 33467 16807 18178 30634 32604 23797 32958 30702 10258 1302 30910 19238 22520 219 39104 1139 6510 24377 921 18832 14170 38079 22174 10023 36053 23740 36304 445 23588 34512 6914 17054 11318 21443 4039 274 5240 33349 30975 15497 34650 18237 31086 13521 14807 30189 14659 21316 10917 11931 148 21438 10009 18673 31461 6061 2413 24116 2857 22352 18627 9770 35757 26297 31213 36148 22922 32804 29496 10248 4652 20497 28484 35738 34017 3291 25926 8676 20958 36843 20606 17457 14632 26967 36130 6092 29379 34894 30207 32236 17245 5186 38357 13001 27834 25921 5500 10755 18724 34995 17354 23376 15491 5838 15465 9508 5480 1390 14535 26437 34584 31492 3894 9216 18458 23 11659 4189 31268 1866 36424 8512 3403 31132 17864 31236 17053 23364 38342 32128 14710 15695 15503 30201 17884 30967 36060 23363 28709 10594 6152 19644 2085 10045 28859 16895 6419 36870 21083 37686 35087 13858 2549 38489 4989 16764 26076 22041 36479 20769 14169 11189 36463 26023 37741 10699 13342 33800 30413 38402 745 36564 18045 2829
2960 3256 16075 5730 125 37157 3415 35211 7366 2315 30051 12355 19079 16126 30747 15557 36894 4915 26745 29708 27290 24485 36758 36983 14636 27171 35384 15380 20086 9780 14561 23046 13035 30635 28775 13159 24144 28542 4721 31509 30856 34771 215 6286 7248 30962 21843 493 32228 4939 30201 19517 25776 26958 12851 411 10480 8234 15791 30566 18014 30351 9963 27400 17337 35089 36911 1480 19982 1631 29341 10838 32754 29555 17123 36353 16868 35317 36846 9096 256 27046 24964 22383 10355 37815 22793 17187 2400 34935 7752 16765 25285 14066 4165 38974 5506 1075 453 25488 39057 26145 36325 28162 15700 9799 24515 32567 1468 21360 38014 38075 4757 22978 20457 11463 20792 3249 28649 19543 34536 32752 36308 16172 6817 36824 15145 12323 34250 15598 37810 29658 1742 30486 17820 13793 36636 2334 2712 38103 20045 725 36177 24801 23702 12985 36263 845 12586 21264 16740 7121 14015 9399 23292 20832 6222 38437 29506 471 10386 23667 30128 8479 14152 4299 22272 7139 2984 24983 5242 23028 22059 37770 4180 5761 7107 36795 2957 19692 18058 19696 23164 32072 29094 6455 9255 31667 1243 35112 28489 11628 18778 14969 20107 29281 19267 38730 36420 22251
20064 38013 1630 2122 35782 5810 4234 39240 38956 7191 18931 17013 23238 2094 5436 8684 4901 11043 350 6143 6154 28839 14123 21284 3807 34229 10564 19425 32958 3335 1675 9373 1347 39657 11494 33481 1818 15728 32720 773 22918 8003 14137 2507 10096 19572 11190 11348 26966 11540 17491 29472 36730 31613 10755 36888 22193 17670 16312 11502 21005 14339 20874 22351 13995 32367 15831 15812 8094 8551 16584 27363 16553 27072 26222 23000 6643 37411 34348 29961 5302 8190 19432 2031 36154 26538 35270 18346 4207 11582 29847 25211 25920 7072 7562 36266 39438 23392 12077 3884 28294 25012 27598 1198 12083 13819 20550 15077 11230 11249 5037 12883 19438 20820 11266 15591 7357 6535 30288 11564 18116 16486 36774 387 23557 687 36652 22994 20431 5080 23229 8724 30091 10827 6274 38525 20997 23175 13602 28578 34423 14990 1461 13860 32162 12726 25802 39518 19260 16089 7433 33728 32574 559 34114 16130 1245 27118 35475 21675 32197 15056 26751 18640 22234 33024 17164 3230 16198 27117 31808 6972 38459 29620 17183 30620 2345 2984 26489 17956 15424 33922 8035 4349 34480 38501 16830 32076 25618 8656 13751 17814 23711 36853 32805 5944 29876 9969 5526 2425
33437 37333 5748 31895 23304 22930 22514 25648 25913 5355 39955 37688 39276 7990 2036 30107 2842 18865 18534 28459 27520 32284 2624 7583 29136 35429 13526 15363 1749 15403 14139 35185 12735 16238 23432 32390 39167 5945 14389 21431 7651 14344 19118 3278 18685 17505 33384 21526 36369 8270 6336 20241 36905 8959 27823 26041 739 37700 37755 2487 13103 8246 34024 22189 24483 17455 14579 20002 19751 28967 1432 27402 39662 20550 30679 18346 38054 20415 36223 30775 28684 2558 11015 25588 7869 35189 7980 8607 32888 2087 11094 5990 10332 5117 28179 31166 18923 2757 11167 38673 31723 12599 26074 31385 29500 16753 6082 23905 37167 2305 11031 22202 1214 22045 7789 9082 17233 12121 14041 10121 14207 25134 16110 20890 26602 640 12055 1876 3396 19574 548 35119 28524 26622 22855 14375 39726 28936 38279 33244 27592 9310 15445 25158 27706 19585 30591 1291 31705 4631 7763 5911 26116 20224 26800 9069 20864 35207 10944 24259 11132 11492 15729 36007 34465 34935 10381 34190 20223 5011 27433 7814 10672 39229 29323 34730 18813 19914 36020 10518 24544 134 16428 10660 20357 39580 19728 1220 31138 30672 21831 2269 38515 33911 38275 32979 28846 8655 27168 5420
10017 10952 9585 20689 10180 38908 15418 28992 18821 7789 39509 3364 7922 12289 10375 28278 11868 26455 25850 3005 13478 4032 5273 11992 37942 39899 4970 23139 4905 32137 28558 14921 39440 38143 31961 9619 33402 7378 38610 12222 11518 38119 11937 19439 6759 18664 4069 18626 5118 26270 17982 18595 30301 19606 30586 24594 19504 31907 7733 24408 20395 32642 35680 19834 27136 27641 29452 16889 31370 24413 29110 2888 22531 37399 18678 25641 12414 22746 4266 17531 9015 18599 32477 35667 38204 19414 20261 14059 11320 24345 34818 28066 13338 30498 7899 36826 14490 33702 13714 5859 18114 39176 8746 36997 36574 27424 22637 5339 6521 23255 22869 11888 1853 11697 7554 36409 31110 27814 10467 38781 12158 1637 26846 21848 32134 31096 18673 6623 24797 32386 8833 2910 31561 17579 39906 24486 1354 22543 29824 7874 2149 9044 16113 4001 17092 23667 36761 4553 11480 7228 3333 19990 5216 26530 1837 37349 13977 20509 323 38773 9246 9155 38035 807 23085 37940 21644 24438 16834 7820 28664 15334 16863 4776 19335 30307 24794 12447 34859 32626 16026 38192 12615 21241 21073 10803 18589 35050 27663 15263 30174 36908 20770 28208 34066 206 22500 15710 24644 35685
19881 9659 11019 33095 10786 26705 23401 35580 39151 18260 28205 15177 16451 37171 36417 33875 4325 11358 28924 31987 22972 19098 25246 3741 3657 19312 3947 26156 31373 24942 21841 11253 30952 29211 4347 38089 15915 24100 30020 15065 2359 14576 26593 15161 11746 23010 9035 16070 30719 34311 4408 13690 9760 29654 13783 13416 5317 14081 39572 36689 35374 17764 4293 26325 6974 4991 20765 19240 29090 10785 34304 27800 25360 17249 2960 33458 36610 11995 5879 27328 2657 10287 37369 12416 36292 11151 25831 1608 21583 21754 34648 16956 39517 35292 39632 2842 36634 20397 22081 22076 27533 12737 9875 12892 29985 12835 6349 26594 21181 8580 10273 23837 18866 7641 32604 11509 15144 18434 13116 36726 36540 4115 10034 32408 35758 9665 35250 32391 26413 13682 14466 13945 26418 24341 23189 12754 33527 25889 35699 11059 34468 5971 34895 9685 9964 23850 21193 25107 38635 30660 18184 35174 34774 28217 27582 30531 34234 19183 19274 20646 32864 33739 30943 15634 14431 14131 28387 4309 19 20438 15367 34487 26408 6613 4171 36371 30462 21716 17829 29097 12375 36013 20622 3501 20581 8203 30383 14814 23737 9656 31812 12953 39747 22754 28586 10529 36884 13324 14838 36902
30113 30204 27740 16521 33169 28263 9243 23630 9978 23424 9078 22352 19436 29700 25852 36368 34254 16235 11182 14343 22242 2993 27295 21988 25746 12232 32517 18981 21907 7354 12234 12020 33909 39974 24892 23429 28236 30486 3411 34565 13909 12488 16916 29696 38539 39120 26064 29145 15354 37245 3487 33947 36589 30781 15935 22334 3012 8451 37666 21270 12156 9899 33289 2416 9872 18180 25845 34459 5018 29255 29023 18926 38094 2291 8622 36633 1410 34685 25777 13115 28281 29263 7061 24869 16395 22995 3554 19406 27797 1219 37027 36304 11117 30316 38720 17341 4847 20916 11799 9864 10170 37174 28790 8263 39464 33763 1247 37225 28447 23375 10339 13079 12637 13751 37947 29031 33098 37852 4788 17246 39070 38167 13550 6538 28482 8621 23878 29680 29536 32029 35896 39705 25554 21037 4319 25017 14799 1918 18593 39597 25292 25283 12675 37929 39033 6973 23311 32130 4824 24451 9376 245 22617 19277 6782 7450 27897 27012 33481 17432 15392 29376 13488 945 6764 14158 22313 21562 16075 905 17510 1367 26187 30184 35647 21571 33508 15309 10053 38331 39759 19428 34927 18727 35056 1709 22528 22952 25072 16009 36735 463 1736 10222 37759 8500 20731 20071 26413 36806
17327 275 38172 39865 26810 33818 17787 20318 9126 27839 15000 5237 3618 9927 20315 38673 7987 2843 17976 33058 15203 14710 29872 13290 21283 27630 18141 2014 4052 906 35171 17730 1180 33342 13946 27989 23511 31732 4658 28988 19571 19658 34224 19540 29584 10891 18213 33922 10085 36188 26979 21639 7250 13202 34928 24884 37183 9421 23249 37586 6678 18419 11667 7857 8112 25612 32197 31622 13695 36855 16962 33265 16512 7537 9157 2447 18427 27369 36368 28511 19908 19698 10149 23509 32899 1429 8393 26433 7201 31641 24018 13878 6412 35684 21734 14523 21295 10282 2497 31341 7136 19458 20958 19999 26994 30114 18797 1773 17482 11516 26635 33741 31213 33136 17250 20463 34564 21994 6895 38116 9986 27264 11993 16397 22947 30078 27272 593 359 26120 31934 3847 5577 12891 20197 28922 3004 35346 27046 16837 6861 13681 6929 34426 6816 20530 14888 37731 2523 18135 35846 8861 1750 7838 21609 24697 34267 8880 21641 30977 34999 9926 34823 36927 22816 11372 22201 22171 6717 9246 35359 13577 22926 2288 8002 29741 22817 19242 27471 21692 33728 19668 30552 35477 27505 12160 16525 18123 17392 38166 9100 8742 8091 274 5669 27259 11645 24221 5781 14713
33466 1140 24642 16392 39779 28995 2484 22595 4588 29955 638 38315 5974 31189 30144 33479 39701 6668 7953 17092 1185 17052 22185 9276 17326 24205 32886 25322 8425 38666 36387 1891 36157 21028 14634 35935 10022 17117 14882 14610 3423 15519 9276 9397 3060 39419 39227 2760 6087 7179 16203 7271 24231 34739 12898 37908 18944 2135 19581 27368 801 15967 25610 33309 36994 243 25596 3368 13712 477 14329 17134 12347 23604 26530 15406 23023 22108 14517 25461 29287 27071 32731 9869 21810 1981 7776 753 4115 23708 24472 1267 39675 10082 34576 33020 6676 20171 36387 20387 16999 10715 33873 25697 30671 20402 37455 13693 38862 11971 39153 28148 35394 28235 38016 17203 30215 2143 14307 34330 25850 35130 35596 21876 1563 26523 14896 4591 6693 7634 24977 20043 14701 18849 5740 5371 35603 3194 15415 34464 11516 10919 18963 6909 39153 16978 20463 25720 15472 31121 20049 37673 26251 11996 19549 24165 38519 30796 28755 1563 34781 10084 17958 5833 28932 23697 7555 20886 23242 22969 15349 34757 30239 34311 38018 29392 7640 14832 15111 19463 5953 31511 17136 28555 39858 33036 9071 34728 23831 37826 36291 14963 7909 10600 20796 33192 30648 28350 14078 13889
7671 25778 4997 37909 16441 39366 23652 20432 14198 35114 39895 16502 26624 17030 1408 22834 10065 6830 17561 30247 1007 10203 1561 8915 20802 22356 38459 11449 7058 8888 21689 11080 34665 23038 5340 7457 22403 28992 27889 32952 20457 27783 5805 3433 4812 3564 26266 11228 10394 3826 37826 11400 14029 39386 16667 31182 18094 15125 38983 21503 20364 20671 32582 15028 60 34273 22485 22463 19616 10373 11766 73 34507 17571 3505 39318 17486 29770 6897 27879 29947 1074 35631 3975 459 12297 31509 14904 23773 30491 36406 4136 7513 25339 15515 7573 19612 34351 26387 35579 1075 38152 35651 35581 12074 39155 31250 29560 25276 38146 17438 15223 39219 13068 15549 36030 21716 7057 10933 5488 33899 3691 5975 1412 29029 21490 5336 4992 15840 31722 571 16915 26225 32573 12495 38299 28080 3745 27858 13355 38242 1647 24929 33813 11067 36830 29842 32782 238 774 38270 34137 4464 4244 31900 29845 22085 33587 34836 37925 25308 31758 14839 11532 24331 23685 6182 12410 23781 34039 22116 22023 32038 3397 15835 3104 226 5676 35885 463 2801 30506 30951 3617 31102 22850 29813 13186 16436 21000 11110 38095 12758 22300 5979 33440 2337 12160 2201 26117
2551 20668 8139 34588 24064 20325 37691 24289 26000 29927 21104 25153 20433 12054 25121 11534 34904 11285 21071 7691 32284 32181 2138 1393 10832 8116 31184 13168 16627 33384 39285 19177 10404 3775 10116 34467 24100 4158 15108 6451 34085 36211 27955 10869 8264 9427 22402 39519 20711 39824 3562 12995 32004 5699 10739 39188 10166 1923 8707 26792 35306 7991 2321 5709 8118 8788 36528 32217 12946 11635 35019 3382 7845 22974 14250 12460 32400 33003 11979 13111 32826 11892 22457 21182 17590 33195 20369 24107 35117 29075 7250 26775 33418 5922 28835 1535 14710 21714 30103 24007 33348 21473 27388 37544 4446 1637 6356 33198 30991 14686 2660 23816 26577 25116 1349 518 14662 21717 24624 6131 7144 28225 32905 36913 34147 18091 38447 8856 39805 24901 32862 29504 6373 16601 27048 7171 14589 33403 368 5579 8088 3027 25746 31016 24494 27095 31533 39155 5163 12508 1637 8658 732 30893 5570 34878 8984 368 85 5140 25268 29298 34643 27993 5898 18042 35163 16838 7796 31882 22416 15883 31260 4514 3250 15753 27960 34782 11259 29474 3641 12896 38132 4373 140 3701 39250 9123 4069 35687 10614 29336 24984 5257 13680 27234 23298 8842 4071 31094
37075 22839 3328 28334 27352 6578 438 11663 37711 11697 1136 1352 20944 39267 2076 21083 2968 1325 26558 7036 37011 37171 32723 18347 38779 6403 5580 22077 11596 9650 9522 8671 32488 9201 33356 16191 12130 33794 24205 9841 1842 25341 7544 22785 24607 9619 219 23926 7295 23128 27313 658 16651 16388 19004 15429 19142 20935 33857 27089 26936 3378 32111 15776 8931 25467 28318 21060 19260 12523 27252 21101 37863 34795 237 18821 765 36807 39099 8060 19935 26411 5069 32937 39150 20424 8365 18291 1358 2222 5380 24645 1951 37490 420 10881 19308 28738 31941 34919 1260 19192 16019 35474 10339 12607 14294 11103 5766 9744 15514 22052 32507 16934 14988 31656 37357 23352 6299 35066 21925 8030 19711 20228 1871 16482 31108 21179 5219 19400 16097 2830 34944 28468 38303 5282 37426 8949 12736 3191 18692 24602 25242 7550 1535 229 39206 35244 19933 5504 26661 38209 9885 2723 18436 11755 19205 5896 32933 20775 25295 5382 23605 16590 33849 21907 21871 31274 27207 30959 34465 2251 11912 16058 9800 13446 16287 9005 5041 32571 10860 28054 30779 17096 30776 9215 28851 6332 15110 21783 27107 36756 23516 7063 13346 17364 25321 31568 4990 12528
18878 35806 14778 30789 8215 24577 587 24501 29934 1979 13423 37145 30032 4202 14241 20808 9768 3091 23491 24877 21225 10597 17984 1093 17659 31329 14808 2980 19249 19797 11859 38126 11954 26636 28915 20169 7564 29501 1021 33849 31479 14444 30994 17863 14997 1586 38670 24764 1028 22160 9640 22252 29109 27623 23344 3119 15304 38152 6098 34552 14300 17956 32677 22606 943 17943 2774 8507 3795 3794 38707 31626 14589 29700 9488 29585 31285 4509 14348 32312 23020 20339 10916 12128 4314 30611 15247 19617 25114 17696 14168 35766 32004 3196 18371 32946 21139 21144 37804 24933 21289 36511 16558 32230 22562 22397 21814 10199 26905 32514 38862 9925 12852 6129 18404 17165 33092 30002 33133 18205 4050 7300 10322 36053 6848 28692 25350 27986 6187 19506 9270 23828 12368 22180 16057 34929 4576 34222 1479 27833 26735 36693 37757 35939 2821 12512 9455 35912 38866 2588 10469 2915 6239 20790 35319 13086 5834 20668 37423 12020 36525 6693 35847 8892 25224 11903 173 29799 6125 38003 17631 29211 34695 11739 21501 37516 20603 30956 29779 19468 33543 36599 18734 36133 17389 14052 9219 23222 34719 2993 31593 31244 9685 27440 36487 34908 35694 36659 21059 38170
34662 35041 27381 29356 3132 8881 23223 23734 39836 9354 39553 29730 5952 18286 22215 19692 32337 31433 39265 23407 34425 30858 14650 462 14649 7489 31721 10342 4147 9131 8512 35160 4172 32244 20868 7303 1124 442 27388 37312 9795 26940 23393 12099 1577 5607 28142 33913 33391 27407 17319 24168 14616 28321 24629 29264 35809 12701 35957 36307 21832 4468 27819 22355 36711 8686 26009 34187 9127 13396 31498 15274 36687 11242 27372 38263 16849 15513 28527 6591 39271 5845 30758 13886 30517 15386 39501 22677 24439 35458 18984 6270 36277 6802 24976 32988 11839 10984 23526 20965 24379 15023 32590 17417 22616 19961 15679 35816 31826 4205 2407 31096 6401 33164 1334 33270 4902 834 15946 29340 32643 34929 31961 28920 38082 16936 18259 9920 27919 1784 27237 8649 13158 19826 26065 35773 36139 38095 31589 27964 38651 30347 15411 5051 23510 13096 38320 24763 10282 14266 14102 2924 5546 2414 28195 3628 15701 6453 9899 3619 8236 37135 12267 21393 16961 34683 13518 9451 32777 1458 33766 31427 31804 5528 32830 11665 18624 31149 36428 25257 1766 6881 24532 3664 9295 12727 3643 24995 19179 13541 24966 23767 7028 33584 1511 20340 28267 15028 29790 21043
16485 23555 8822 4640 29082 1651 16305 4057 29151 12732 29313 27269 19612 13845 30932 25258 26571 30926 10253 2101 818 31570 22219 7845 25153 23730 28184 13419 35109 14325 30814 7946 37879 35987 12585 23313 37637 25241 27369 23139 37972 16682 10407 13936 30526 37690 39193 13448 28615 5797 11900 29433 37366 34119 33629 22519 14200 21813 32289 9308 36137 19454 13605 30368 15440 26190 13680 13076 7782 1048 36215 5754 14081 2973 16041 958 663 11585 14405 25629 17382 26305 11413 11099 16775 5042 29969 30974 23206 22258 281 15694 1711 13886 6061 13503 36427 16092 22930 4208 13492 15496 6313 27572 18469 22353 28530 15483 33938 39286 1111 7671 25590 8876 18769 2364 13917 8738 33337 33474 27347 29970 9167 25409 207 11580 38911 36633 27671 21841 37192 1162 37336 39857 25086 12156 18561 9967 27638 8850 9252 25101 16520 34842 33976 31641 33557 4244 36730 23246 37717 24076 9567 3235 9484 9773 14814 4747 2757 38837 22939 36300 36350 16626 36156 21435 28782 14717 31401 12771 23566 653 37871 36438 31846 28198 28078 21754 32441 24807 1351 26509 5234 10917 29744 11069 20689 909 15815 19797 39745 38753 16097 32447 11731 8604 13881 512 19672 1634
13282 3238 38638 7505 36027 26835 35702 20456 8588 24495 1614 6291 7355 6847 17207 33450 17915 34248 34359 30082 14044 30455 25186 26492 19253 36916 35096 33134 37427 14767 31119 7061 14356 26108 10917 6734 12942 6618 27189 17881 27464 28802 24171 34819 35648 37730 24620 9915 31977 15330 39996 2372 2137 21533 28864 21389 18449 20311 10874 12227 35077 1992 15639 5785 28099 26555 12518 37392 29525 39707 15273 16988 24860 35795 8158 16860 33524 32778 26774 25500 4459 23121 27872 6595 4653 13087 27984 19453 33397 38857 31680 28473 37201 7318 30609 25299 33873 3127 19043 23397 2833 34315 36736 27692 30109 4894 903 23633 34023 27676 5484 38481 7148 33355 1428 11801 6441 29411 31253 36189 24619 19284 21014 21819 26602 11622 3470 16826 14748 22512 222 13932 13178 33309 37976 39638 38202 38878 23270 28576 26554 25106 23409 30053 18460 24836 38205 21253 10598 29458 13793 31568 5093 34806 13387 31694 6428 13208 4871 21175 32071 1444 35107 5248 34753 33082 1237 29306 31959 24507 14234 14864 5964 37642 1269 20775 18829 39473 2027 25778 25282 12172 17345 30375 6977 27083 18420 13404 290 23291 34579 28712 21086 26037 30311 15838 15470 31548 1496 3780
12406 15729 14996 18369 9722 16264 39143 28550 15736 37522 10679 1018 9693 28023 27744 16669 15106 2515 30073 11747 25805 21003 36811 3243 3391 27121 19080 18860 18668 16927 22639 27425 32655 37634 5793 2376 13897 1288 27277 25985 38809 37955 27002 4853 22330 11097 17873 33787 13611 4297 5533 35768 25299 2343 39010 28689 25816 14441 3900 835 31368 26539 28260 20374 24172 30404 19102 38069 31691 6378 24053 26851 685 7406 28055 19366 14854 5928 13152 28464 10224 18684 20583 31875 17379 19592 16915 3194 34033 20815 4028 21752 7353 28639 2125 31524 19043 21226 25944 7085 23956 6348 33936 20992 10105 21990 357 24958 24269 13508 9774 34493 28543 30356 26367 2273 6300 3281 5466 332 24095 5846 18435 27799 30836 16911 19323 9878 38137 1618 13315 18444 4318 3602 35787 14422 21943 36143 35732 6212 6002 1857 704 30896 32212 23422 33169 38511 23054 34986 35194 3501 831 9980 31299 31667 26891 6973 37896 21379 8591 11210 36174 12908 11163 31960 23681 33106 24454 19412 39317 30455 17620 36372 17702 9832 19793 10870 4694 39198 5856 36240 2698 3038 6219 33997 31056 33109 969 25304 10839 9559 32865 7012 18818 4028 38971 2499 37133 23424
18262 36449 10230 32234 29172 27932 2065 8964 35153 3110 8161 1008 35701 10859 398 1920 1207 27805 31380 2175 13108 2219 8086 5973 9230 23255 10000 8201 22105 7132 27976 36719 39932 34558 28952 29103 18841 27368 34418 13993 30477 38930 11353 26178 6140 11750 24449 7346 39554 15828 5873 9014 14398 10310 14986 23628 33564 21337 28180 15669 24820 12507 12387 21103 7064 1338 10205 25904 25057 974 36249 15533 39903 7601 38062 2395 15702 18862 6092 11607 31042 11964 20620 5439 22273 31957 25418 15837 13293 13597 27857 38112 22456 243 15566 29519 37932 25770 11775 22988 23095 8023 34872 19350 15623 29286 21744 27676 8147 27835 39282 39188 39799 16254 4627 18423 8210 30044 30611 17855 39993 18467 12318 22448 15061 27884 8318 9344 10005 20092 32331 33100 28114 23555 12449 88 12840 30544 27763 20986 18378 27045 16526 14528 3298 17504 29303 7859 7547 19913 25713 3891 38380 38031 26338 9792 25914 34656 19136 35918 11099 11466 29017 39213 31372 37817 39300 4211 28360 27063 21549 3090 10459 38074 17617 10108 15577 6919 17966 19475 23184 31 19718 17915 38061 6055 27706 20326 37062 6841 16243 4513 14659 1612 3725 6030 35780 39376 6593 20492
22790 28141 23581 33248 22566 37549 39707 34494 820 14025 10320 24003 14055 30037 1917 8467 32444 25974 28792 25857 32815 1386 30369 3825 2997 30445 9854 35129 29821 16446 15620 12610 938 39200 2210 19855 33100 1916 10700 33919 12292 21020 14273 26346 11056 12541 34812 39851 38515 19955 25708 27681 21341 12428 31505 20689 2873 37710 15817 32693 10508 31436 1654 7797 26987 215 27652 20087 2131 38351 10357 10774 15722 20982 37120 23130 29874 28283 22980 28388 8238 5039 12420 25930 17467 276 6618 16691 37986 22435 5735 4845 10222 7388 12641 37209 7603 292 13647 6085 34995 20355 16858 10716 37688 10329 30197 27562 34964 13177 12301 39553 14567 24721 25482 32033 21348 32099 8723 19333 10885 14457 24177 21107 18197 33170 14667 22151 33461 28313 28235 24807 5019 1444 31875 2707 8125 22071 30268 3088 31599 2568 2640 6166 23640 24473 34550 4988 12923 3273 20672 23808 14081 4849 4914 28629 38018 19580 10779 27830 4244 35365 8989 9262 36809 863 8320 4933 19285 38587 4372 10884 37507 3363 13401 21146 27835 7950 26133 757 7574 6805 20916 21655 8005 25829 6635 2374 1760 17414 26555 2355 12778 35543 11617 5938 32757 19936 7222 8394
14875 11593 19277 12381 11307 32677 33526 35493 626 16011 36250 8200 22815 17165 26206 27171 39346 32840 29544 1105 6605 12450 39812 15735 7993 11428 21672 37101 27715 28894 5494 2589 36838 21122 11321 8145 10150 4847 3637 7128 17209 36238 11679 36375 9755 34236 23545 9100 23427 9440 6556 30032 21889 6367 5766 26233 14146 23789 19686 38213 9034 21531 37153 5872 2653 8474 10368 9154 9672 10356 12633 26880 2946 24311 19606 12700 14898 3150 18151 38325 8941 21058 24708 30829 23777 30473 13414 34274 10613 33099 28838 19647 10981 25991 25518 9985 30816 32237 19139 36839 38944 31771 20070 1889 12434 39675 10940 27331 2824 25442 25655 8116 6500 10362 38944 26628 37186 8709 17253 7799 38159 6091 23797 9140 28433 5666 19124 19248 37902 34614 12438 36845 22737 32507 35086 35170 32181 6025 22500 31356 31467 4507 39471 34318 11220 34766 17297 8406 39827 30901 12556 37985 36991 36352 3476 25423 38369 18952 1022 36270 13565 9811 29466 36301 2317 20903 27822 30849 23280 6674 22204 11098 11180 18026 5415 22399 9144 19063 27156 8970 9963 36063 6954 3306 28766 6782 25080 27134 25733 22454 19755 35649 32264 5573 28302 34581 26475 16123 25429 9754
22796 3985 20851 33975 18362 22617 12726 27505 38031 39881 36474 7994 35944 39780 11299 24709 6561 32730 8195 28645 15183 27949 24293 7447 33521 12594 2027 19996 25069 23807 29749 7864 24143 6952 38191 2505 29568 10916 26361 27599 7148 22835 31944 39443 18966 39594 24152 21878 32323 32346 10522 7506 20294 31166 14952 10167 112 13330 30162 25180 37136 16262 29395 17631 19565 27585 16487 5485 34852 2847 33083 2000 22033 21378 1442 998 20971 21945 22875 9645 10642 29748 17150 27288 17266 28453 37454 17377 1782 27615 38908 35270 228 28302 12900 19793 15887 29386 25277 7090 32232 14711 9089 14265 32440 6883 11614 9762 28827 30841 19406 39469 16940 32908 26756 34205 21360 20561 7933 19494 4527 6840 14763 4754 35142 24014 20898 7380 13399 2526 14469 1982 13588 19910 12598 6027 26792 24212 15788 11970 11404 31546 11438 28343 20805 34545 18900 2164 11457 26832 18009 15983 33672 32771 17089 25165 16784 37986 28896 26534 36864 39716 24868 10451 19625 37465 16478 2768 18028 28617 14738 29431 16514 22527 14126 37318 13424 33025 35834 24880 19856 13842 863 9879 2965 17951 35043 16100 12288 20290 2634 9151 20006 23853 19602 35982 21317 32431 38750 35697
17399 9839 21479 30265 28717 35604 27582 2140 24980 19767 23372 4836 33609 20586 11066 32925 38536 2461 9024 7175 22750 8009 16326 39107 31861 32279 35089 9530 21061 30190 5226 38459 28 26704 28723 25096 18660 12657 27236 3639 32423 10607 4826 22383 31192 15892 15307 26079 14704 20683 29605 37453 28691 5930 36560 16904 34560 28000 26433 15620 18189 28010 10431 14568 11065 35505 39663 29724 8161 23250 29715 36936 30208 34540 19318 17751 6783 30977 181 21486 11659 29786 15291 36701 32067 8202 13604 26627 36201 36388 38598 10741 20749 5380 21660 31814 885 21322 21537 5397 924 7603 2332 31131 2143 18002 5234 5277 5330 5414 26763 13340 35199 2053 10040 23618 10254 19996 6596 2806 12735 5193 13546 33484 6925 35205 21649 4161 12878 39537 9557 13801 7140 8241 1284 9282 22594 6517 14558 27923 11930 37672 1262 3481 39724 7653 27098 6329 24000 30045 9134 36735 35237 19031 26570 38513 14235 8218 2673 27113 7754 8582 37265 14893 16822 38548 20526 35767 5064 31436 23689 13346 29107 21302 16826 25183 25306 275 27863 9306 30319 36997 2392 21907 16027 28961 20420 26614 33530 19444 13726 1283 28025 7342 12528 4846 5890 33053 36964 10953
20840 20652 20650 9947 38305 37475 31481 23611 34101 19343 29268 24419 12691 31659 2678 25070 16971 19449 11683 10500 38892 21760 11782 26917 29101 20661 28114 34990 13714 25078 2295 34553 2081 22944 851 36738 16771 32331 20348 7223 8026 9615 27994 20716 37625 30671 5785 14595 10119 13819 25094 5362 35578 33227 28630 24679 13888 13096 16020 23953 38173 14666 14857 36605 33962 15708 33342 10732 4390 10041 17954 8767 16007 5947 29483 13631 32969 31619 24577 39439 1790 6022 4801 37367 35601 29782 18397 5840 2877 30769 29792 37401 5434 1000 34006 39395 16707 23699 6478 17449 33740 20784 26215 6098 23082 12049 19729 16051 20 657 11841 1809 6679 16641 35527 2279 2775 13924 8118 5651 4692 34261 39404 6477 35260 29761 5872 11967 13459 8701 25767 3550 29484 8333 9648 12566 16734 25728 24968 16753 26384 36808 14913 33062 9801 10439 31692 12575 20714 39809 14577 21757 34069 13980 28234 29329 3740 30457 37647 13551 39157 19765 13452 24993 28097 19451 33910 4830 5178 18877 17934 27914 12036 32846 17327 21836 39637 9019 30762 20350 5179 1691 2107 39248 15670 26692 24928 15762 17148 18926 25664 16304 38690 39115 37648 26786 18566 31557 27968 20095
10433 5901 8008 22469 35099 25335 656 31087 30705 31418 7788 35883 33108 9894 31482 5129 32937 12761 17242 10084 31686 2905 22740 30375 38372 20387 13513 13289 11944 37832 33383 18728 84 37743 37548 35182 19429 38204 22620 10133 25973 30408 2367 15432 36653 30201 20560 29590 2961 34154 36025 34647 33410 18764 21373 31781 35503 31237 5069 7446 29068 38452 22525 29152 36194 20073 20685 15622 14628 39657 22106 600 30064 24472 16031 26716 11024 32942 12657 13985 27095 8682 4983 20505 27445 22707 8637 22947 13944 13706 26744 39363 8509 5621 24866 1054 25693 1903 13027 320 1559 35132 37271 31622 15955 13301 14689 26979 2594 23698 37315 26041 32379 2297 2897 16175 25003 11533 35474 35298 21590 22217 31013 30098 24189 12230 31151 9881 14132 529 6552 12042 32012 3822 15 7967 13474 14704 31297 12420 38401 28611 38460 27131 27259 1356 3305 8613 12888 38778 263 30830 17347 31275 20927 1535 3504 8430 11416 13988 8958 14319 26029 970 14493 26044 5288 27966 37099 32936 36737 31851 17898 35196 18981 5156 32903 22285 13768 2143 17415 14030 32972 34761 1656 13898 36295 5160 18679 4062 15499 23989 14733 1527 24958 29225 23922 26597 13542 21020
19532 10279 9222 37429 1826 28202 38936 34729 6839 12703 36871 24253 23085 29842 19013 24740 91 11659 26251 18770 12073 38101 2758 26805 35980 24067 16029 19901 7015 25922 37273 26546 36200 6494 20326 38026 31048 19261 29106 37886 28315 25976 18490 7751 12169 33854 32491 12259 1864 15093 27380 13936 13194 26489 740 9173 10555 13120 25425 17569 39042 19049 466 31593 25543 17143 25970 12942 32755 15075 7179 21070 1050 25668 25172 13218 15873 14014 21829 17736 29107 9208 31672 38652 35697 28763 4176 2603 38235 25952 16524 37276 5001 13341 25220 26895 26836 11190 39836 19590 26264 7014 37011 27314 29033 22183 36883 4905 36196 18711 18992 21654 24271 10663 16657 16319 35778 17184 18921 34012 3136 31796 27639 8136 1489 12858 35030 28324 24047 31217 7913 10311 34582 4924 37624 23614 23458 30858 24870 16005 9569 3861 37659 30191 10876 14315 6509 3005 27851 21781 37016 30986 13577 24654 39121 15065 37511 30502 3388 21558 18070 7652 28220 12651 8927 22195 32616 32384 13052 13837 8389 18972 17697 2399 9162 24924 13065 15670 27928 915 37451 21295 31900 7379 2300 27372 18795 39811 14225 22182 17720 32294 26185 5939 1296 35112 24485 33911 23847 37536
7747 28587 16508 21796 30985 25669 3071 402 1339 27351 1316 35141 8645 29568 2519 10945 13291 21313 7107 27516 39846 21178 16161 22382 23468 17457 17493 7952 7719 37692 5487 15466 26278 21994 33613 13615 4015 33035 14016 1705 20385 15331 36845 25382 1250 35715 36326 14541 13379 39784 2056 9576 20961 14568 31957 4428 32024 5802 12379 39743 3493 14217 11560 26122 32563 1524 39736 36577 34558 13751 38281 11295 25434 31477 36676 26683 23543 29353 1223 33273 29136 39630 2848 6448 14198 31156 7227 2573 33309 15957 2315 36801 30173 10226 19275 22735 11749 19010 15663 2659 32761 10295 13953 18194 1771 10628 1228 21665 36332 2451 14937 25467 38432 14136 28266 12629 5292 35492 15202 38600 11448 13868 31753 1620 20446 11027 20707 28546 26388 36369 31204 19148 3016 1508 33693 4786 8487 31273 26451 4818 33723 37739 30284 28506 11875 14901 37487 17166 10392 12688 12117 21839 22907 221 19811 39704 7599 36869 28250 33987 29589 15805 13134 32604 17313 3179 37390 25799 34451 20192 26969 24525 17930 13604 13030 26156 28505 10516 39673 38896 19555 11790 17087 38814 8362 36897 38517 15961 33765 23118 9947 19705 38923 19432 12309 12587 22610 6050 34737 13412
22593 21705 37936 36874 35309 7318 23030 23813 14185 22702 19060 30092 30843 36146 25257 39205 33042 23773 15165 23158 3243 25111 39215 2165 4542 11523 14751 23504 13924 9487 36915 36516 27544 31203 29741 22852 34872 12770 3016 5408 31824 22075 35499 22666 14573 20755 18222 3966 880 29738 27124 4122 14848 22690 2638 15742 34212 13740 35597 4487 19578 28863 1002 7121 16417 27094 26324 11288 39864 25691 16696 28039 4118 8546 7056 18690 29301 25278 22655 26532 15015 6130 27005 26215 28819 25994 38308 19382 39733 33904 23868 15662 19118 21221 22783 35535 8315 5458 6822 4530 31149 19869 32568 35266 28415 35975 10307 17715 17604 32961 598 32619 39091 23954 15185 27909 9947 13492 3643 9679 3747 27510 25340 22864 5083 4474 18398 13397 6284 21572 14278 37432 1440 3197 29049 29854 39171 39355 3920 16775 32315 4517 5745 27757 28470 17281 12018 34768 27124 15660 4446 27222 3169 26138 10085 4603 26963 24835 17999 33246 2758 28628 27029 4197 31824 16077 34051 27347 11783 34322 4121 450 35191 6217 28206 23660 23497 223 18428 6972 12234 19225 34193 11755 1714 629 16357 25029 25463 34356 18274 28220 19335 5303 28769 11159 17731 19171 38505 29514
13492 38977 26315 8682 5193 14520 28694 25041 11095 3473 28364 23328 19049 22556 35082 17115 23184 11439 2143 4999 2146 20416 29570 21480 22070 18338 28990 36153 33860 27494 22018 3704 22822 8332 12385 24366 22851 37430 5758 30297 37254 34121 13625 16303 16676 5058 33417 36212 12848 31911 37562 14993 12326 27131 32825 30748 1821 21814 26900 35680 5660 8917 39383 24833 17248 8120 9199 36450 1901 14956 23099 39155 5429 33075 11809 18456 38132 1577 14667 10980 33487 12228 22324 5812 35711 11500 32911 37531 33314 19810 29562 35325 25078 25297 20157 2325 33416 25707 35127 35316 37015 18225 30822 2443 7651 2630 20898 5782 4206 35565 13113 37692 4144 35437 39856 39854 6936 32766 33736 36601 8928 19650 28277 34005 4946 4786 32682 38361 30492 27808 30028 27506 2384 20850 29948 6386 19831 7198 12167 24037 39114 25280 18080 3257 17068 14287 39463 20355 7053 29550 16956 15980 9199 1584 9984 14144 6369 39017 8856 33213 23176 35236 17070 21911 12437 3370 28296 32267 10567 463 12655 9680 22094 27087 9288 35513 1373 5102 15867 8425 34652 29174 20756 202 30758 27092 10698 37126 26108 19553 26690 5636 11140 3760 27546 23576 7129 15842 12195 17695
12656 24849 23726 34749 8287 33013 30261 9660 38115 2479 14436 29118 31653 31544 29319 22410 14987 16 15887 1094 15921 2577 6729 27060 2688 30627 10636 9816 6468 19182 23862 19123 382 7587 10223 8669 36951 36835 14680 35065 39313 29115 24182 27317 17010 9853 9726 31996 6220 21965 29442 22140 20893 32522 5552 23580 23148 12539 29747 29615 31720 13608 5089 32101 17546 11663 37121 14496 8497 11800 5913 4162 37267 26446 31478 14276 36298 37556 6272 38870 19520 35713 17361 36764 28234 22912 16695 7734 31802 6441 37348 19873 16400 38789 8326 30297 10451 5446 4792 15300 13598 10704 15813 10864 37150 7290 25139 29799 1197 27762 25020 17068 19826 2381 13831 4412 21644 26877 12145 13446 33317 5844 33318 6068 4632 1643 36364 11435 3441 37508 23086 17038 4563 38898 27901 38064 2539 9391 27863 3736 33505 12882 17155 13330 11614 30986 17741 33258 14214 29885 6703 7531 35729 36372 9950 36712 34367 2666 4498 37807 173 27583 11196 4735 22832 39096 2799 25371 4838 27013 25458 38342 36246 2612 8024 4212 29949 22116 37469 4163 8353 523 8045 433 33246 17994 37144 27612 20659 1642 21770 17183 25576 32965 21918 8408 28412 21068 33778 33250
4432 15587 27943 37029 18198 32318 37592 4499 14434 35060 8661 22786 31934 13057 23218 25180 31050 16713 9143 8061 14706 30913 25243 282 20229 3512 5041 8641 20931 35170 38242 21714 10756 22536 15095 25305 14854 12686 29803 29287 4098 34815 8424 36031 7871 31641 21210 35273 4705 26705 3333 19411 17617 24927 16044 37845 28439 21084 2837 5721 12605 37430 27435 23360 19966 38881 8664 31171 7918 34819 20457 12015 29633 25232 8046 33856 13224 25607 29128 17928 12311 32460 33690 26279 17386 9733 20476 2176 27168 19664 7897 39772 17094 31683 23131 37059 26915 28147 28229 34832 19317 5037 6847 5301 30268 11244 39156 39843 33202 28283 17770 1865 17094 11460 28143 30832 17544 4970 29359 4712 24634 33607 835 1727 21641 20318 35137 8555 4816 19717 3387 24132 24753 6585 29432 11372 17828 24940 11214 7381 9574 25335 9245 23020 33146 33740 13851 10690 38709 39561 11753 19694 33168 12587 17772 14808 32904 12908 23363 37719 32624 23101 18202 13728 29685 3986 21451 3864 28925 29016 11244 34850 14351 20489 17869 3848 14228 28071 14537 9288 23984 22641 28982 17151 35228 6753 31958 24483 16013 11672 18554 8636 34772 36755 18716 24456 740 166 24671 26016
25534 35915 17218 39884 16403 35086 3731 26982 19509 14620 36269 3492 37260 21602 16994 28839 24707 5303 13322 719 16975 28227 5706 11746 24981 24421 32554 22073 20939 17224 8088 6472 9490 25305 2707 22244 16743 2789 9225 32603 13760 1846 32446 7372 19799 9439 36210 4505 14741 5883 5223 28067 34109 10929 39813 15442 31701 28718 37514 8991 2293 1953 11814 8135 27258 10872 30378 352 13661 39603 32954 23772 37800 21751 31143 17598 31189 23705 22103 2281 25939 23677 30348 20048 30957 26512 31841 19010 11581 29354 28000 10225 31306 39814 18359 14915 10685 8737 15266 20697 4691 4571 4469 2490 26321 31963 16439 13861 15667 38541 12494 1606 18570 2841 18005 9526 25704 6197 28535 37284 35550 16535 7508 23207 12700 22219 34474 19736 30955 6091 36785 35645 7014 37605 34486 33334 29567 10924 3547 1586 5817 16040 39543 24386 15232 17547 30263 935 20095 18798 34570 11996 31684 38429 35202 735 20647 26027 20470 11601 32118 17254 3597 39131 11210 34434 28816 777 5358 32362 2362 7526 4753 1904 31911 19984 15802 22173 20918 35896 37322 15487 7891 29005 13916 39444 26091 30914 21823 6561 2515 10292 20166 2463 9422 31376 36897 34589 28504 38606
23303 27217 6131 28055 25472 34393 4391 37625 16565 25308 29872 10239 37147 37762 39243 7414 33557 21686 38327 11731 28246 37193 22022 4763 36008 27795 32490 29256 22384 17345 27861 2038 4561 30343 26444 30032 24735 30834 27656 37651 12494 17527 7889 5992 11640 3484 13405 1549 25169 8083 13279 9766 1628 31653 10880 37635 19447 3370 23242 38182 17066 11102 219 21627 37796 23015 8010 22530 13848 32018 20180 26341 9544 28069 28684 17536 31552 38440 15436 13072 6523 25066 22837 4502 16718 33716 38488 32517 33437 21729 30698 10503 29182 27269 32129 26977 10283 36490 9506 20482 28507 26037 3175 34403 14105 31858 8290 2008 30298 23725 15079 33172 5142 37915 37673 21860 27983 32512 14376 21419 14240 1425 31921 3421 25045 20401 26749 35327 16891 36254 12161 5397 22290 15335 36151 32747 7192 4440 34754 33841 28164 6185 27012 33306 451 21036 11517 28433 13547 22244 9852 27786 20020 38124 27558 5065 14877 14306 391 31767 6911 8903 33515 25553 24237 29666 18299 27781 30457 9404 21621 18621 15588 4985 8278 16039 26020 16146 823 39567 38389 10674 23704 18408 5150 7614 23472 20026 18271 20215 8144 25182 29117 38010 7086 9706 24027 21736 37486 14484
31139 19106 29456 3079 24090 37733 15469 6462 13878 16291 2380 8618 23317 26083 27025 24818 33696 6849 1195 8319 23415 9338 33500 8883 3699 36937 18588 24078 18672 16073 38561 6162 31531 24368 9240 11972 22100 21060 14785 32329 33703 17164 37298 17019 3247 20674 38188 33294 27522 39382 1612 7288 5071 31463 16171 8769 28399 31110 32846 3422 3535 27758 9584 35065 12125 15175 3388 30576 36235 18173 19256 29937 35336 16553 3307 34934 37227 1494 24580 21100 875 26191 28388 5945 14006 910 11065 38756 32019 263 2178 35553 24372 11761 26969 36497 23287 26709 23424 19521 4881 39032 5809 36568 11936 9115 31502 9162 6960 16081 26614 7834 38623 11353 10130 8980 12262 17547 7736 632 14161 6265 32537 38532 14377 19505 31380 37663 6213 14804 17184 7445 10187 22992 4013 22122 28459 31866 27636 35418 4298 14249 39604 39272 21953 6085 8252 34214 23631 12339 31197 34143 18603 23733 32675 32979 39590 24054 26993 5802 35209 4176 9599 5395 23520 9963 23869 8330 38180 11504 3747 2477 22104 39702 38100 4056 5787 6351 34621 25769 18689 25817 19912 33643 9550 12586 22973 9139 32991 9966 11292 28200 10493 17242 29946 34012 27204 13814 2341 21735
21669 2440 20563 3772 2141 18663 4179 4279 25013 38799 26400 54 24616 2663 30048 30517 11600 13021 36007 4590 22986 7298 29141 33478 20892 15439 23842 8095 25604 22534 26182 7273 21325 6744 7396 19818 25406 11575 24096 10419 6725 10495 6824 31340 13157 36871 18208 24756 9891 14214 25698 29228 21512 14838 19058 38755 30276 2899 6849 12232 21784 33030 19504 3109 36126 23251 22926 21531 31177 3373 28301 37902 10220 35124 25593 19728 28347 3801 836 34589 18014 26533 23817 35877 37722 39226 34631 24350 38476 37832 36581 20259 27213 12436 19719 23338 35686 38996 1221 26863 2369 29521 21116 8940 20997 6708 28667 9343 6860 29502 3931 21226 12386 24099 17102 6460 19676 8085 30809 18151 2268 23741 34762 25832 36176 14480 9170 28213 9828 6742 11427 12196 36262 32542 21135 17258 35602 6153 22952 2461 32007 23235 23686 4392 3685 37140 10851 23361 5224 38011 1511 3843 21751 36272 29674 14278 7104 35195 2491 16931 1936 13917 25478 38198 6459 2964 11807 38412 5468 34759 872 37474 17993 24558 1866 21677 21697 9068 1389 23272 3431 2900 23466 25181 35523 13139 35811 38978 8334 38301 12260 6621 8569 34089 1170 11379 37052 12977 9790 2520
4087 10662 36345 18431 31571 34562 36459 9619 3630 37848 32890 3412 37099 16355 24944 28973 25845 20754 24303 30530 15406 36562 37151 23975 30651 38320 35353 24054 7648 1495 22925 8086 12156 19270 26516 3726 13831 19327 13344 13812 17174 2585 17223 10624 15291 2167 35948 1135 19272 20250 31665 34678 16812 25167 18652 3814 23486 10356 24219 27486 11850 7144 35571 20357 22765 18439 20434 32947 37765 30129 3111 11290 32713 20333 18265 4355 18851 14212 5490 38123 30814 33506 29152 3977 18672 7803 7790 38509 14510 28360 22346 26360 35503 17917 6716 14619 32707 23502 7566 26823 13630 10676 38112 2695 27360 12728 7049 2563 23291 8890 685 14104 38747 29836 18080 17418 33990 25869 12279 8499 14229 34624 31210 6083 8892 34278 17054 37950 17779 24619 24772 27760 31646 19235 30454 19005 31962 33855 21567 15253 2744 18603 29356 1491 4790 7436 15260 35131 29656 23890 39982 236 18514 31191 2671 23757 25468 19724 21707 39598 694 6478 27358 32339 25713 17811 7695 14026 8017 25614 25630 10761 568 11338 8603 5358 18773 20214 36840 4780 4104 36821 1368 18969 28012 4038 2725 9831 23761 24431 5781 20806 27261 33138 13144 9325 7300 20838 19702 15317
2803 5332 22429 3371 16669 31031 5080 31793 7596 1919 36572 11699 38740 34291 30667 23103 38328 29744 29285 18440 10526 35065 39245 37786 28202 8740 3462 31854 29578 23164 7170 32380 28495 25950 35750 1515 16980 829 33307 20927 39100 26230 32626 37839 20521 19644 17293 18848 9387 6577 33640 16265 37994 29236 14050 22547 37976 13864 14400 27553 37027 17921 16284 21873 3870 8386 23387 17201 5566 16693 38128 4665 2922 27105 38855 19794 6748 12499 34994 12487 15428 28633 28751 13421 17868 39152 35967 15843 9367 10367 39747 2745 24639 12383 24617 28509 17120 4355 2061 22685 21047 188 23702 20321 23644 18908 36466 26744 27759 31459 39230 3186 16443 24332 16606 34311 19835 12572 6505 29202 19290 2604 31946 281 14986 12915 28789 28457 17269 30849 7493 34668 27389 31194 11340 7384 6454 7805 34127 34212 35616 33356 37397 12058 14039 10354 6368 30226 19277 9225 19427 38567 11828 7724 38847 23165 16990 23987 11621 34259 11187 15465 25278 34927 6659 36617 2311 9464 773 36437 3675 36388 26145 37423 8446 36535 7776 11165 26760 23404 20389 2538 21970 28568 6614 17168 8084 23603 37506 16056 14213 8693 31521 39490 39971 34531 36106 2281 3994 36879
35070 4020 29618 17566 37794 38063 14100 1921 5580 860 25324 25968 39749 3646 10888 6362 17165 15323 26317 14671 27731 529 19715 19251 19 19685 10133 32476 18318 10478 29354 9739 14497 15324 27304 8642 9738 1403 6914 15317 38614 32237 37637 34715 32234 8524 1076 9399 20198 23744 24069 7928 24273 135 23530 24291 16171 33662 16766 34488 4139 2472 578 14987 17795 27881 23628 27532 25636 30541 39201 24249 19130 36837 15315 11363 1712 12743 20761 21909 36486 1181 29837 20758 1315 13366 1400 17486 7028 18166 8325 7518 16989 8903 22505 31135 33135 6132 15018 18770 33025 14218 39371 12154 11054 14685 19868 12765 27427 629 31026 23913 38161 20862 4670 35828 30579 6070 9665 33958 20587 14341 1476 33927 23243 23980 25061 16378 26463 36430 31499 15839 10648 30869 27992 18053 5554 4212 27170 32980 1192 18195 16892 39352 35408 17914 35179 25986 20335 1195 16296 921 15536 14123 31199 35130 34454 16259 7859 20916 12688 39358 33107 19687 30226 17450 34092 35779 21661 21261 28759 22852 39455 2002 18556 34862 19915 13734 17199 249 11281 33494 37521 26816 3968 28719 21945 38421 1329 29804 15689 10369 29161 8795 30055 15738 26244 24146 11517 4257
1758 36627 27108 1212 38628 5663 32425 14895 15749 9624 11495 27029 39469 9016 10196 3437 34086 32140 38209 35415 18295 13897 5783 7455 19043 32189 23193 5287 12687 31061 9543 14444 24039 33002 15656 22666 38665 8080 33912 10765 14055 5407 37793 13524 10774 4340 13312 4859 36479 11520 273 14774 21769 2407 18580 811 34596 38124 2449 7282 25536 11991 18077 9574 1345 33732 28592 36361 38164 22503 7125 12218 24261 1269 22093 35034 5608 35404 36245 38438 3276 32869 13211 25044 35276 28143 25854 26223 22618 24655 29856 8154 36645 7932 17727 34341 38016 2670 30701 36179 25173 37825 4748 5785 39093 26841 819 1052 18596 33415 39490 18223 26283 9052 39618 21558 37194 21824 4132 19812 6478 33987 24317 39474 1919 38395 33815 39934 1065 24515 32464 26237 22340 37211 28373 17784 20403 25543 18836 35351 18957 14677 13573 5240 23728 9543 23149 20922 31366 27281 37085 37843 21267 17753 37316 19537 16147 31130 19470 17211 11997 8285 39799 30688 1848 28172 4823 22250 13714 23658 13952 32671 38334 23877 34262 18414 33419 17410 35687 24784 1042 32771 18978 22309 10523 16293 1845 26669 3775 17667 232 12123 22303 30 2810 24150 28201 7632 6400 38267
27642 20351 27289 22327 579 21550 740 33997 35311 36426 15132 36353 25548 34109 15013 32422 10402 13209 15443 10528 27227 15674 22650 9530 15703 21811 33679 256 29442 36430 34874 13435 13133 22162 35762 13711 63 32853 7708 31725 29279 22839 28077 14826 16948 39441 3600 23701 9002 19042 30580 36228 34715 9581 5757 6769 31391 35788 7024 17184 32217 1897 30619 5349 20410 22732 19060 20472 15584 23119 12197 1214 5957 36625 12392 19256 32418 15991 39308 1419 35032 26239 33998 29746 35819 36107 36514 23561 31894 39890 37097 24110 38138 24067 29459 18548 6798 4870 35371 22381 27988 3919 19947 33944 36896 32338 9552 25665 8328 8859 27083 3359 35098 17432 29456 27268 13538 22321 7181 5431 22210 4277 29541 16700 28343 15351 31599 35140 20220 26969 13872 8207 27240 33818 38502 20487 26155 8053 6151 30834 13264 29585 30544 4713 7016 19999 28332 20554 38672 35512 25984 17233 39788 11876 33932 24482 27226 25530 15973 3797 8851 29845 12003 36090 20014 6857 16576 2521 11261 22726 33354 24524 12310 20250 25588 19325 248 10272 36230 35271 5783 22214 12504 1923 34089 6435 26404 21315 28317 2377 25111 37167 28573 33466 29608 4938 322 2535 7458 11582
21612 37164 32458 30273 17413 14397 5949 14012 24668 2179 5635 26803 24392 18138 28725 18480 20924 11480 36146 9240 10208 17609 2758 38780 7426 32365 3718 7747 34899 7527 15680 16510 1042 4489 3134 14806 15238 9083 25170 39905 11261 30804 23059 35652 8941 11783 10483 29864 19615 2981 35456 29822 16941 38213 24954 24366 30578 28671 28464 21828 32549 4143 34690 33591 4984 37823 4748 20221 6905 29917 16477 14517 20720 35888 10168 26012 7670 17003 12228 23636 16335 7683 13458 33275 5895 38411 17640 36472 23433 6103 18300 15981 6597 9341 5923 7932 7163 10671 24504 10420 36939 981 24936 17659 36868 31456 22 889 8458 12249 20877 21144 19931 34334 14418 25826 29096 28409 18649 12528 34511 33300 24860 37459 2640 27135 5391 9803 34157 29894 20222 31095 27226 1509 5105 20445 32964 1479 17686 1421 13727 38562 18916 33658 32895 33333 15835 18342 21741 34483 27221 12603 27783 12080 6414 30422 35566 11804 36576 29722 38049 13149 17169 21627 14658 18625 2071 7621 20103 16108 5394 33830 14669 24309 23839 3915 13994 39673 22256 32086 30507 9476 4689 18289 17908 7454 5063 13473 15609 1638 39547 13657 11139 16715 31635 25796 35339 30058 29768 11794
6165 35161 5623 20834 15822 29461 21100 29815 25485 39708 21900 15991 9183 22940 34280 23442 30393 35694 33267 6001 33683 32813 16010 4821 5879 7644 26968 37569 37701 16736 9362 218 8248 11336 21051 24069 37148 38502 10235 22632 38209 28487 34975 3744 11426 25606 27185 38171 21299 20451 523 14981 9615 12884 19802 11845 20528 3121 5766 14580 19856 11479 14797 24456 22815 32199 4876 19962 30701 15111 38946 25261 39949 33920 29004 7726 19525 12541 5896 37175 29343 2771 12155 38958 15654 28308 7154 32533 31429 12919 7113 7636 20750 18261 32091 3564 6812 33319 19877 33864 8429 15174 19124 4729 9093 4480 12454 24969 17020 18350 22143 6362 17472 30650 1671 33125 15309 8825 25658 6737 18095 29122 10725 38844 3734 39167 38759 10545 32485 14988 4408 37265 30161 19884 1993 35606 24363 14447 20574 1382 29148 39069 4095 6619 26070 5766 36095 1378 10942 18104 4467 25388 7225 15191 20584 10959 10709 19342 17855 39546 34329 18615 36810 24490 34850 35155 20095 19212 5953 37020 16945 35100 32440 21039 38070 18509 26804 34164 19887 34097 12268 24353 19485 15844 35895 68 23154 2955 19409 37361 2500 10090 15975 39310 30931 10824 30816 7377 26387 36768
748 3331 31867 33188 20721 26288 11696 7525 16803 27934 37973 25422 8638 17457 1266 884 17524 20771 3839 33285 18131 6338 39726 34105 1999 30656 1280 32814 34384 27666 29581 35131 27348 17799 24670 8069 4086 32718 11945 20889 20651 9917 6310 25641 27374 3927 26524 1249 24698 30362 30885 2828 33052 26962 33285 35050 13969 34564 27864 8352 18582 17444 39835 5929 31595 24504 13997 35680 17221 25941 16568 34224 32210 19230 19864 15935 23156 6387 13535 7853 33101 772 7033 26152 27733 317 21201 1702 34880 5416 6405 9813 19212 6239 15742 10806 27095 26090 6485 667 8383 19405 34890 592 38634 11105 16526 18141 17492 30060 22346 6944 30831 29378 33095 14916 29694 10647 16617 20925 16063 19373 30738 31626 21964 6479 2431 9058 28920 5267 9724 37302 24671 966 37893 19656 12070 10770 34149 25913 37182 16494 32856 24364 5871 22302 39279 31916 32949 12247 12840 5363 31620 39929 36988 13583 2759 35770 18992 31679 1036 25067 28980 22059 26032 26873 38066 38102 37642 28566 24014 34823 5059 13222 19187 7281 35523 14817 39196 28471 27064 8388 30185 18683 8316 23524 28617 11075 19293 7608 2753 16681 32674 31732 35091 15058 14956 33156 13159 12598
21722 33524 3772 23132 6745 19310 30413 38620 34127 25960 23442 21190 30699 13627 36224 39015 33502 24840 6441 12795 28799 5545 25827 17824 37276 20917 32881 8584 14072 2391 17533 32145 35915 21304 15277 39011 36966 2041 33982 31092 24352 17424 8633 15051 27402 4856 14065 20903 26047 16857 33697 11197 22401 19523 29020 16028 439 21901 24611 10863 24291 2143 3007 16557 19799 14635 11920 13116 13027 5901 4207 37379 19676 9191 12429 7077 14046 22845 27980 36444 39701 18028 7640 18453 33903 36659 34480 30693 14911 15443 1555 35554 13937 914 8462 30087 11900 16733 3202 24927 22634 7408 22305 38661 16598 31085 5738 26995 13929 33717 19790 9981 8096 27429 28433 1998 20440 19264 32691 35350 34706 30597 27255 4995 31510 35717 35081 3410 12449 38283 24688 31434 2042 6992 30095 14992 34428 32184 1986 8356 22252 21776 18336 30347 5556 3120 32345 25995 18735 21387 17697 9793 11983 4951 14787 39845 667 9867 39606 9468 4501 24293 901 6543 27636 27347 21534 22063 19530 19871 26770 1781 37998 1457 32128 3554 928 20824 25900 19662 38562 3596 29454 10544 8547 592 6740 5565 6811 6345 15032 11311 26989 12285 14205 10976 39631 32090 29390 15513
11961 16159 17293 6310 13967 5772 9863 14894 22947 32115 30908 21508 35710 20361 28404 608 17305 31495 6173 24115 34192 17556 31777 17532 26192 5982 28508 22175 38071 14249 37687 10031 26760 11331 16341 726 13455 22555 11972 36401 14669 2879 14261 6731 19591 39016 7338 36895 30510 9862 21009 21053 23770 12786 38585 9961 15119 27092 32135 13189 37692 26173 19572 24451 37504 32264 25177 10958 11170 33500 3710 25839 36378 14322 28921 15968 13337 36258 12863 199 2472 30223 21251 26241 39360 19835 36201 14478 3278 24688 27667 970 10860 7238 21772 8363 35853 3300 15672 7022 36799 15734 32860 33176 30055 18132 9144 39744 14390 18358 39942 13213 8580 17544 39453 4292 37379 32005 18769 37008 16692 6435 34329 27552 10024 16101 32266 5876 19400 4290 12898 12551 20023 2109 5726 6429 20241 11221 6172 30982 25930 2465 4194 30862 20009 39998 35153 13739 32002 13921 7098 8694 16708 1427 32597 26731 17527 21214 28959 33278 25503 1856 2180 1877 316 4258 4658 16908 15478 7181 7889 37760 9646 8434 28621 26006 8431 20125 36096 433 34045 3193 5478 7104 4619 34426 30187 18497 11991 19145 8127 37494 17352 10306 35722 14019 14563 36731 30927 26393
3912 38815 24152 13557 7249 9124 35914 12031 25600 32009 8815 15996 35201 10644 23100 39820 5069 13286 14668 17060 28782 22794 10905 6133 33100 2978 20151 4014 39709 11077 30406 3620 6244 10909 13528 9844 16384 9441 21874 1983 37801 30689 14331 33001 37684 37430 29172 2753 7067 3840 16164 35848 26633 23420 38332 16084 26397 14834 20098 26105 25911 6855 26076 28506 14116 35955 38349 26851 5395 16574 28834 39547 3614 39516 32548 1298 36945 21719 402 363 21910 16565 36210 4895 36336 30893 20978 22732 5726 37427 5189 27988 634 27616 16493 14749 23571 11193 1599 25317 27767 26784 24864 31380 26299 17411 29029 19595 35481 29430 19957 17391 2346 12518 22285 38681 39762 39614 21413 5488 33393 22953 33475 34026 10568 6320 8774 34138 17512 6724 19455 5278 33508 4318 33010 16158 18080 22038 35753 13560 11468 12061 27302 13813 20931 5938 12494 20692 1904 30258 26179 35296 13210 16006 29321 23777 22325 34446 14267 39836 1169 33721 1466 34676 34390 34475 7186 12469 12864 2938 22380 24331 11350 6034 34496 28632 8323 6989 9324 10226 33598 31854 5521 6807 4211 31193 26935 22887 25638 1201 19075 26807 31273 20540 17834 25662 11366 25019 34482 24229
24308 16862 4912 35658 22895 39407 20641 31217 2747 29964 37795 36344 18170 3315 39502 22380 34508 26436 5267 16497 27637 24341 3303 18909 1232 21137 923 12597 2507 35404 33177 26815 12265 34440 18824 31511 33846 39464 19080 32944 25780 13226 25639 3949 16540 25140 22680 7399 7928 24298 23896 35564 8638 23550 10824 6221 4686 11746 15169 3545 3502 8346 30359 12118 2785 5534 3629 32983 4997 19060 22278 30776 32285 4269 31076 5176 29408 10108 8927 37335 34405 29174 29250 39395 12723 36426 5615 13761 4523 20784 17305 8024 25481 4015 20142 24617 9548 20122 13951 14544 39181 36229 1672 27817 36849 29099 32992 26256 39206 38270 19943 33611 27443 5544 33005 166 1969 38619 13926 6492 15754 27582 14515 1234 31596 31008 22203 1143 11129 36153 12038 10309 28733 13709 34477 25581 39160 23821 8189 38365 22090 24483 31975 9533 30026 21331 6050 28347 16302 16327 31190 32055 3908 2056 29641 35503 33064 8195 32997 4192 4347 5034 10853 29432 15095 5329 15012 14254 29149 19552 12618 7591 4034 945 17123 30412 22275 19524 18758 34928 35850 9947 23335 39757 8354 12975 31611 1417 17521 24607 5609 21867 25992 12813 11298 1086 18141 22662 15339 3642
2213 24309 11232 2599 25253 24706 33010 3879 4229 8119 38807 78 18065 22141 36186 26418 31467 27796 24187 8987 8754 26147 27205 34745 38959 34855 35831 17099 17516 7521 20740 16080 31829 28323 18678 17081 13028 11687 17312 17256 19805 16118 13685 34221 34610 9870 16991 26076 37665 37529 31414 2770 23675 18618 37515 22633 13472 29697 39731 27339 37217 16823 3419 29046 5145 22096 2478 14525 30135 19789 31780 6291 32258 5465 36864 26867 15334 10206 9294 9351 7734 37059 8472 31408 15677 5986 14040 25500 35682 10122 9191 29251 26944 12609 18296 28441 31056 17125 2965 17542 33266 31096 23833 25523 36560 17048 8742 8246 27253 18035 13948 34986 11446 22419 26393 23474 24757 432 8973 16790 6905 18163 6040 33849 27123 20687 18641 14531 37812 21605 32072 31077 9052 15904 12951 5612 29303 21692 10209 16555 36079 20508 11540 7524 39278 37932 30997 24034 34715 36321 824 1620 10836 3215 31820 34310 23902 6812 8840 21713 24768 912 9141 33819 13167 18443 35782 2470 135 2342 19024 32565 22849 26916 36440 18479 21199 23788 38864 15914 16460 36039 13885 23647 39254 2056 17957 23155 8867 26796 1219 33634 24059 6711 23804 33578 25153 19586 36047 21639
21927 11422 14203 1128 38337 10642 19606 19536 30781 18469 31801 7241 14508 2037 30887 13761 444 5195 33267 9310 31991 34485 39295 12401 37547 23098 5978 22699 39035 2024 4338 20962 9798 18540 22089 4486 25534 1694 24021 12666 16514 12173 19906 31021 10561 7145 1133 11004 12339 34399 20313 681 25235 15959 13082 22781 35409 19059 5480 34443 17435 6169 15404 23584 24708 33844 28069 6593 31889 8442 19259 8403 16966 35516 35775 27527 2660 36908 38530 14999 27658 15195 12031 12893 31153 25112 32025 22913 523 33856 17356 14309 24 29111 37892 21084 22955 22312 24028 11195 30753 3286 19597 7719 35154 11724 35245 37813 8631 30126 9163 32640 5320 21194 1884 32825 2657 33909 15737 3179 27764 33092 13839 24140 18555 11730 5223 37861 34042 29250 9055 21146 28888 25004 28864 24041 36727 20460 18205 1709 10586 27368 34348 15905 4913 36232 8729 7569 26492 20818 7100 10607 10261 20938 31098 28815 29020 36320 26675 19413 21922 32082 558 7161 17085 25774 31201 10163 6233 5757 11871 13170 29476 2570 29075 34388 35153 34155 38309 17996 14972 1760 28603 21585 19049 16052 10399 8068 12372 33426 23832 30645 21859 24390 37805 38943 10163 25357 5457 12747
31113 13679 25917 16941 12600 11343 11328 7753 1849 5988 25748 13173 4099 10702 34757 23148 26754 1507 27567 35477 34932 11399 22473 16790 35788 16629 12084 2302 38337 13892 11400 25801 27570 37316 2741 170 5010 10421 4274 6859 16408 26373 20031 20507 33427 11139 6 16532 12645 27572 12008 3929 38970 30832 20718 31109 7460 29154 33410 5796 3045 1162 31596 26967 38477 34337 27136 3487 4757 27761 6697 17516 14133 23079 38022 7559 34217 34379 24090 6861 21951 32449 7141 20920 23280 24211 8381 27091 13364 38142 32886 12760 39303 20834 39726 37780 11522 23213 37618 12630 10973 666 30145 21458 23744 24519 29016 14312 18897 9458 21172 847 1906 24665 18119 21538 8875 26499 8628 22238 24640 37866 31349 23943 15051 27427 18074 26572 6991 12043 39201 17964 12708 29345 35773 32803 10215 24788 7114 29112 34245 24637 26310 32503 9301 4428 14040 18175 27278 19019 36764 8270 16884 28113 28564 31934 11891 6637 14857 18881 15031 14057 33196 24090 39754 28968 16892 6320 10108 20357 35431 4352 4993 18093 33206 10646 18872 7245 28820 6150 26264 21936 10771 39499 6400 39334 27785 18290 2322 2641 33522 17352 13050 26718 37793 9155 15685 11036 15474 25792
31392 7257 26496 32736 25349 19701 3381 4220 23298 28553 6721 5913 10488 17491 5411 13239 16824 33195 31528 15497 35836 21401 32848 5237 8118 26992 14391 20155 38027 29864 2298 29418 37120 25145 18506 18820 1198 21886 19392 24495 6790 22464 30407 13629 39955 35817 26867 13130 25364 14746 28627 17551 36147 17826 22787 616 4818 37177 20770 39196 23392 19420 24966 16864 4564 3471 35683 5761 21708 15074 30255 28498 37538 17013 38478 33844 12830 25345 3325 34545 36442 28303 12095 28940 6129 34881 29556 7298 28409 6677 6493 8152 26096 27810 25015 30660 31280 20698 36420 12988 32123 23027 37837 26012 39 36314 16207 9220 21658 19532 3764 14452 7834 12210 3391 10314 3442 32946 13963 31850 39623 16808 36354 25718 4617 21368 12729 35897 38417 5501 5236 26892 28527 3072 12903 24917 35737 29110 30489 13747 4993 30604 28198 12826 2814 31588 19492 6255 20886 29806 34457 20508 6613 30810 2577 7582 8529 15306 39830 6946 17158 5065 33837 2036 4488 3091 26952 224 32200 13792 13970 33544 4396 38519 6370 3561 30107 22213 9815 10992 8370 623 27851 14983 27784 26779 18916 36313 38436 18745 39610 15593 20161 29798 17628 21000 32888 932 21223 21440
14723 31545 14983 15470 30063 17704 19030 16521 36268 25197 23864 4638 22171 11714 15972 9955 34845 34887 2619 33280 9983 38580 5225 26495 28377 22852 7494 17616 20135 25068 35407 31210 12964 6742 3031 3027 20797 22061 15899 13417 3609 39763 14406 25779 7828 30377 32085 2672 21615 31055 32304 27949 29634 37528 14443 14362 16731 21936 28330 36866 3355 20088 24427 16319 23181 27457 15697 3978 5869 31595 13746 9477 27709 28151 31608 31889 14879 20044 30912 36493 11099 23215 20793 37084 17094 35235 7798 33825 13522 36127 27042 16876 12566 11468 29546 35747 35276 1594 36076 1145 29541 9821 6973 17249 34323 34932 9137 9201 11328 36401 5693 18778 19615 26485 15861 36709 18071 23658 30533 31592 16136 13926 4819 28702 21745 30717 24448 17020 32310 16875 14516 21850 26695 17841 35451 21017 9124 939 30217 20451 37339 32261 39228 16954 15097 11441 10014 33167 31450 36898 21110 7586 10823 22280 36287 28919 12996 17086 2290 1658 33960 13158 23507 17006 27350 15309 38022 36473 16248 24590 13276 9938 13202 8855 23243 28298 16647 33256 21464 8097 26505 38925 15682 33679 21204 8320 22597 30552 25405 21239 32209 15716 34396 12067 32721 21745 27376 30742 14569 39975
11683 27844 6264 24884 33051 29507 13181 9697 19114 30996 17793 5619 26272 29826 35649 7475 38145 18246 34378 23549 35836 26586 35616 30231 38653 28336 8327 22380 15429 22895 18706 27111 7091 24969 8346 141 14475 17878 6189 29941 5225 23982 35559 31496 13807 27559 35323 8304 2156 29700 28204 37991 16286 23820 28221 11290 12155 32899 33669 27584 15794 12374 11046 22884 37342 15744 19376 8169 33621 25564 38109 38846 5897 30019 30341 16056 17577 25663 24359 19733 15363 12562 17723 28000 36381 2296 39289 8536 35194 29309 32471 7339 1682 39868 30222 35375 15611 5949 3543 5584 31513 38003 4429 33761 28021 31121 9816 5598 16784 34174 21682 28498 6736 39404 16497 3116 38051 12137 8003 29597 1445 36825 36935 3126 33045 23509 34852 8655 29457 34747 14238 17321 32749 15018 11082 20770 6139 17249 22719 19274 11423 4400 7771 18158 155 20619 17625 34558 32755 21980 24154 34199 15156 21088 33676 8200 948 28527 13207 30405 19625 27444 4077 12374 38814 11510 29495 4952 28759 12213 24225 181 12964 28347 14690 9470 8965 28666 4027 1719 6997 24532 32269 22153 1972 22296 30352 2919 7174 3558 29675 26799 27354 33752 39172 26167 1613 28666 31118 30371
37230 11694 26903 6545 40 37944 16014 9004 22962 16393 7074 29958 924 35694 12110 2895 17989 38814 5814 25162 2371 35488 11960 26076 25591 11131 12242 27204 36148 39711 13926 33377 11404 37181 39921 11443 31476 12287 16798 14437 28679 23871 4395 29602 15916 12856 28849 33904 11669 34662 19066 10392 26501 27377 36467 8444 34860 8709 31999 31007 8419 2276 20736 16175 39456 17008 27617 27284 29294 767 1720 14324 24637 6114 3926 553 15322 29126 30808 26990 23787 6225 37381 6639 33602 33848 11434 28461 38908 3432 19467 3678 5708 36554 19852 1515 13562 3821 28798 39207 4587 26870 13531 25575 29335 13808 22479 4656 2933 13287 31646 23071 19511 25378 26061 9464 15577 37495 37924 14484 37278 13743 14514 39337 10296 30717 37204 20209 34537 22353 15768 35475 9222 29298 21050 38557 39457 3528 3212 2389 13166 31209 21811 32677 16587 7871 38492 32163 1717 36416 2999 38995 10158 13864 34683 16805 4580 31886 33366 39117 14239 9133 34591 23460 34782 11992 22016 34238 15520 21580 32978 25037 12788 11140 14065 29374 19010 12557 17889 17079 8972 17239 12425 15481 31102 7107 28637 35681 38993 22002 31149 13231 27486 22092 36690 22267 34083 15058 12856 5954
36637 2185 30991 5776 13324 5055 35150 28686 17611 9390 5764 22934 22980 18188 34766 14081 21646 23403 6113 20638 1756 33614 30220 29242 15705 23262 7860 6139 38319 17068 8445 31307 19252 39435 37082 32576 841 28583 21261 14804 37972 23376 37737 17303 1563 32503 31383 19560 12257 33848 198 14012 27461 30417 39605 39517 13678 7465 2007 8348 20884 10451 39654 135 6237 33088 32710 7078 21670 13970 21881 15994 37345 15969 33296 35259 4823 21031 14819 17079 14878 11368 27443 38690 38136 27047 34558 11814 30863 36564 16513 11746 7015 12519 8233 13251 5606 942 16680 27275 11264 34912 39620 4960 7233 32916 36571 12055 10298 7741 25486 21527 19108 9280 20216 17243 32678 11125 25408 23541 7688 1921 31638 11054 10791 39870 20657 16396 37164 33688 22 8427 28600 39642 13386 35832 28909 6308 4238 39206 14048 26075 20732 33155 35354 37299 6750 28032 8423 32157 7924 16110 30429 35913 23516 1219 32135 524 17614 29298 34211 13988 37724 22810 13629 7461 14993 2537 13769 19231 38094 24168 5305 18825 17323 37011 16123 24072 25042 24545 12580 29317 37006 39361 25229 16873 579 17363 17396 14545 6660 11607 28532 735 34416 38512 4548 5761 37400 14668
24991 35493 38835 26647 14317 12509 23657 26791 32932 5050 11335 5512 34366 4692 4872 19595 21565 1802 33309 38960 12698 36321 6918 37581 37055 1334 32444 37954 7094 29843 8973 28436 25335 7808 15082 39651 20316 35091 26441 9600 140 34127 15111 30858 35171 16334 6804 16735 14487 112 12046 23537 36432 18964 21117 29839 16649 9913 24144 20094 39755 33117 8529 25090 37276 19962 21092 13943 11404 3885 23542 7896 34363 38652 38753 29533 11337 5556 2619 22176 2019 14665 5712 34803 29980 23180 20993 6628 33092 5136 26721 32847 34604 31601 14288 31879 11562 35379 5822 19318 35615 29363 27213 29978 24367 25965 15862 32055 27872 18481 14230 26242 29497 19941 21044 19476 3121 38388 26103 36212 39876 9175 25410 34479 775 39697 22710 8688 31428 28531 28005 23394 14245 15217 9723 38611 37533 25585 30666 21756 417 1247 7998 29913 21188 25393 9388 20660 23781 31842 13223 20008 37368 38633 14486 34494 34681 33547 3181 22460 22077 27538 5854 32674 39106 11928 27636 32991 37512 14653 14746 34280 15900 19095 24192 37087 4488 29931 17746 24620 18124 27320 4627 15491 25952 15464 9984 16985 9011 9517 39444 27439 33406 1649 20112 28863 13577 7748 21853 7440
22400 32951 1720 38299 12045 22263 31737 12884 12194 5834 37503 30317 33154 2129 2160 19105 13945 8495 32441 22955 18011 28237 10393 7768 29885 26857 36631 39813 34604 14835 3605 13355 4137 1676 11654 12534 23938 3390 25417 32483 9224 22920 19152 38729 21400 21311 14185 31696 29805 6626 14650 4168 34862 21395 11935 21098 4603 4917 20911 39206 16104 20867 8912 16592 22542 20565 29125 6479 20307 14542 38962 25882 33813 18113 24610 11564 35775 38794 3260 25579 1771 17909 26098 36632 35655 34385 17730 257 35653 34992 35814 11756 12210 4726 24700 34751 21642 13824 37581 38300 28365 36542 24181 18529 11006 5142 30093 6780 288 33352 28711 2058 7612 11160 38690 39619 5544 12771 39875 1197 4114 32041 9304 16323 33118 34003 7425 14759 7827 5005 13059 32543 1547 33591 11072 8904 38733 1164 12036 39020 30867 746 37429 38478 11905 32470 38096 13801 5240 34323 14997 5705 22715 20652 18379 15832 11007 25803 30590 15185 30808 40000 7727 28706 33591 15150 33961 28675 12665 5996 24046 3531 3093 21474 38361 11350 13944 32808 25150 15535 27130 36498 17592 9844 17149 35970 22027 24507 18125 8969 39691 8932 8968 7418 33989 38910 18919 27949 23936 31584
33945 7981 31466 33389 25807 26178 4738 36102 18986 29887 11636 2467 22736 25579 12311 36237 21549 34337 20743 36025 39657 20434 1308 8625 24203 35296 3886 3121 19596 27822 31056 9892 32154 18874 3281 14312 5051 4370 10413 20388 34257 18401 22855 13344 3979 31517 9580 21879 22205 30323 17903 21862 7108 15562 30486 31310 10857 30723 30782 26805 14896 18190 36696 3402 37063 36328 17713 38465 698 24478 18853 31306 2878 38059 4649 3208 29575 14229 21439 11779 903 35693 33640 8010 11255 20477 35671 18463 11200 26452 1619 22447 4641 38315 25848 38055 30994 39913 32872 31691 24390 8076 22996 23619 6134 23997 23178 35708 34577 4616 7486 35479 36661 1126 39840 4267 21602 35510 22729 29153 18313 24348 11600 19306 19014 37447 17360 6359 33711 6583 38050 18100 14658 17397 38070 20791 1393 21248 16498 35969 22215 23984 27799 15227 21461 27638 19493 3062 19499 38574 28567 37812 19273 166 17117 34638 33964 30828 996 27675 37411 39045 5774 12068 12794 196 29211 14186 17795 5708 6507 9 26043 30657 11588 7503 14647 31080 6917 34145 29653 35483 28308 8925 35648 1776 3562 25963 28956 910 13637 22718 39954 15763 34785 12747 15958 23995 23285 33752
26055 26143 30112 12097 16799 1699 15952 27797 29131 22868 21942 15135 14702 6601 20412 6701 4729 23973 32663 33684 21234 6300 16401 21188 18414 7537 30286 34371 27884 9922 24474 13938 32416 10937 22386 5567 8988 38337 33363 38118 17556 11656 13252 32257 14609 33663 38957 19337 13988 31620 13020 35221 34271 25772 12760 12684 33308 39398 3406 21191 5671 24231 31480 38087 35167 10218 3653 4154 4906 33367 38623 22462 5023 8227 11070 19631 38241 10027 35319 8580 37998 8338 3801 28620 30461 12912 1303 23768 8661 1060 1311 14332 25290 29142 12418 20456 39359 12422 20962 617 2140 15936 23078 7162 24162 30499 23144 18755 525 14814 27334 34874 23151 27486 19845 13611 398 17499 33731 9058 18558 31393 19741 3847 20534 32158 20655 16245 931 37968 16861 3071 13903 36290 6584 34417 26788 26080 13171 23665 893 36856 18538 20396 24342 34735 30358 21091 12233 20440 26500 30791 11832 6241 30989 32366 34750 11643 4962 32033 9610 21822 35103 19865 18111 38038 10633 4898 24117 20155 28562 21362 17010 3452 1757 1351 38186 28466 18793 10418 8906 5293 37560 20737 11533 28549 9454 2634 191 14415 34666 6153 36236 26120 22369 10698 24158 33001 11948 4626
13155 509 25987 26516 312 24095 24219 38497 12561 3011 5267 21466 8303 2826 38554 16187 31374 8008 15173 27917 18774 9838 30421 11362 35958 12789 22059 20115 2141 34006 24740 15295 30867 7079 38162 31178 31173 22380 26027 3733 25391 27645 21550 30045 30470 16456 6232 18196 20815 21404 2464 39588 27593 32884 10949 19902 5672 29360 36368 7812 19717 17460 19458 10583 24538 17619 38113 15710 39999 20491 15795 21741 8135 33696 11785 34956 10151 14368 13151 30965 32123 11966 26905 16068 4849 34205 35969 10520 23564 32337 14683 3281 9796 34140 10215 34333 8111 8327 6394 4461 28817 22188 26201 33303 12236 34337 28259 22386 5057 37761 9703 37179 9727 36607 13246 10927 30811 5567 17799 10727 37903 32481 14007 7698 22973 24221 38382 27435 28900 4775 31895 14068 23315 14447 7371 35550 8783 31981 14287 13839 26093 23989 7370 32171 16947 16967 3098 4110 22533 20896 14836 20435 13376 28842 24484 32700 9414 19217 20134 34665 20344 12028 8733 3658 22826 12455 35559 31609 787 6197 1799 26879 26538 9168 19050 3484 22487 18499 3945 5019 39394 18780 21806 9121 3973 2641 1821 9739 21858 18306 4403 2201 30334 9487 2210 13159 18293 34120 1119 19079
316 39270 5958 23205 4789 21359 23041 27275 36209 26985 28646 35602 5765 10451 1074 6089 13091 2894 15827 34948 21200 16582 33500 7885 26068 35709 17395 4361 26180 14866 19791 26496 14135 22100 9700 18923 3458 32740 6198 36018 16077 34843 31619 18193 1645 32693 24281 14735 31938 36460 6035 9489 13041 35886 13725 35460 31595 31120 36172 17774 5985 15963 621 16471 38062 6673 35393 37872 35764 37942 33889 11840 29136 21860 30032 30780 10904 10665 1867 2841 7124 4253 8682 16516 138 22406 11975 28084 13525 8147 2210 15861 20461 2830 28683 14874 5854 24076 12745 1618 18369 2986 9809 7505 24845 36193 34636 35748 6857 32854 34940 10332 37106 3621 26847 37244 26027 35173 25327 35903 39671 23888 8116 20131 26718 36798 31357 28923 17225 4101 26892 31946 3438 36701 35802 28282 29245 30437 20381 32453 23291 11673 39136 16748 15293 25982 13991 37671 17506 35670 29926 17177 19557 38041 33659 2626 31190 21367 31549 4767 25468 14792 36712 28905 11492 32513 13539 37088 19301 30271 29540 38943 38295 28675 15691 9940 11008 29681 7610 24866 21702 33887 38394 37611 31927 32052 236 19469 13419 28136 20587 35238 2928 17298 20494 10771 6162 30384 7859 25462
17007 33750 24405 15301 18777 95 25240 29784 26127 29202 14649 4181 23088 13042 1791 11367 1446 38378 30835 11216 26514 7773 2805 25793 25070 19650 32915 27583 10034 37125 13044 23392 30875 33800 38692 9651 30246 20284 35786 12725 9485 6787 16905 28924 16180 18695 290 17625 17072 27476 25192 39937 35248 24348 22081 16669 3998 14996 4251 10383 12120 13647 33774 39346 3798 28817 5348 34044 5452 37486 6768 11288 4272 20024 212 20451 38718 36853 34428 12141 20681 15971 8430 15928 319 26862 28949 668 1857 33199 11050 10329 3197 1175 6026 6995 26343 11374 37390 28147 8859 509 39434 9482 20532 35997 29932 19249 29202 20711 27741 9882 36682 36170 22161 33352 19384 11109 34019 21240 660 1420 27920 208 2594 30298 7202 25288 38023 943 13434 3233 1451 9220 12714 21982 5216 38997 37582 30769 19708 25323 650 12741 17844 22811 6092 37227 30271 110 14819 27282 1529 39090 27490 474 29387 31043 25761 27409 31986 35547 30641 33436 4766 39706 15418 6333 38703 12999 37102 18410 34673 34103 27502 12517 13265 33593 6095 3536 30054 20913 27169 31582 16355 14658 28407 5741 5701 10519 29502 34038 6065 16494 27473 7182 16200 39242 9867 14902
12241 3320 29663 6913 37422 17164 15781 10687 7108 21876 10574 37161 39140 37742 25094 15494 8752 13500 17587 10804 24018 7088 4841 26435 19933 28665 29968 36132 27907 39834 7385 36499 3153 33399 39763 36927 6914 15544 7613 14021 33771 14538 7533 29262 8631 32626 1108 13734 2477 18694 24537 22847 22133 25729 9281 38417 14394 39248 34549 2300 35434 38285 38798 38586 31684 38560 35512 34949 10455 39476 5322 577 14013 12854 26191 18996 1832 27298 32729 4308 2343 17266 27154 20827 2994 32786 19243 13739 28386 10143 16038 23819 8428 11187 18756 36463 6099 14268 31411 12905 10095 36732 13482 20460 5938 39672 39455 7769 23321 28535 8428 25663 2152 31934 6489 1498 24719 22083 15236 9456 32226 27626 29626 37005 38812 8382 33467 1262 19001 21229 14167 29095 17961 27648 5906 23898 23671 5360 28018 6991 33895 36445 29005 36046 28378 35493 33895 9449 13927 9131 18904 6152 36756 8530 3156 31919 13263 32974 33181 32263 14203 7347 17709 28515 31346 23615 8764 15016 25326 36781 18358 15572 33225 7362 7970 21603 39206 1864 31051 13132 10994 6306 15636 4101 11187 15143 36020 24449 8117 25552 13063 22319 32898 27124 7185 20595 10738 15948 35610 32415
12728 10319 7987 2304 17680 12308 23906 16885 14171 11308 30016 21517 13966 2003 25617 25152 17146 17988 9601 25262 3539 19015 3932 36436 6138 11116 17030 13227 23415 8991 5642 36142 19309 13628 38445 33340 25935 18703 10224 36457 26362 36592 17973 327 38594 39942 21831 12091 17929 27783 33704 21468 6797 37635 14255 12935 5102 27637 26161 24868 36627 31802 21009 12288 1781 15806 1979 24067 30860 12203 20524 13573 5146 34848 10252 91 34789 32082 12182 12718 19864 5885 34185 23012 39872 8439 32298 1325 36075 18459 26193 29054 6612 3553 37693 4745 15710 39671 25163 6569 8225 5686 16494 13370 36886 26745 9813 31674 15178 18346 743 31393 24230 34927 14404 20453 39718 6702 21778 32144 21512 4322 17549 28123 7874 15241 29219 23584 11264 14382 26504 19488 16419 39349 29210 13304 26093 35374 1330 37622 13719 2072 29014 34300 33351 3418 14753 29420 6471 32882 21563 27982 37203 35464 12456 1428 10704 1675 21363 18319 12408 7867 37807 25178 7215 23368 38482 29660 18741 36163 27281 32459 34586 16295 23110 27936 16064 37862 17355 22534 30743 35270 10515 24297 30733 19322 25725 37788 17348 7087 16107 29755 11305 10265 14933 14872 29984 9766 4531 5076
2280 28163 33886 36865 4457 16995 24801 16872 14857 38507 39405 1951 30128 6271 22600 17212 21945 4676 15000 39292 8114 27458 29047 19419 34074 331 30642 20409 6448 35172 25484 8727 23334 15721 5591 24143 32715 26743 1014 3923 25250 36771 2226 11729 39393 24825 28941 21337 29500 292 20629 33965 24101 6027 13383 14526 2709 4024 31286 9156 35547 13121 17882 15233 28841 23472 39375 21555 6567 36740 21830 28168 29862 24055 39896 29255 8879 25188 10591 34730 25479 27571 28694 5931 33597 38429 20456 36305 38804 8093 5460 34351 21213 19693 5935 10053 39517 5309 27960 6083 38400 9789 34250 28262 30195 34145 13868 39073 19333 24458 30154 1163 12029 18847 7094 1977 13627 23901 38282 12431 31994 93 3133 9558 19786 9067 19611 15654 10727 3922 21736 9126 10062 15985 33739 256 6481 7606 35680 25813 28416 25833 23328 36796 1031 30421 38772 14658 10673 33405 23440 39018 29850 26572 8576 5987 35638 24538 21640 2716 28459 3375 8193 38520 15711 1932 38775 22191 5889 34454 4356 30656 16638 27683 27451 17668 14455 22575 28677 21479 12331 12116 20497 2180 38687 29072 8166 30676 13609 26157 33391 38419 29531 37936 36938 5241 39867 32064 23784 2107
22869 28139 29115 39506 12173 16565 17173 26627 35491 2202 8105 7822 14317 24953 6353 9356 14024 10871 31 23984 37027 29774 22402 22910 27709 15691 28150 23927 4106 8285 22385 26974 36423 11499 26479 4947 24416 4 31573 16258 2205 36030 24079 12873 20982 26784 22228 31358 37654 18611 11693 31032 4736 30447 13941 28796 6137 38443 9074 10243 6727 31458 33568 39502 2957 20047 4448 23724 16402 32373 39981 14958 24754 20412 24182 2087 7195 6410 29796 1200 21372 1489 32231 26107 31935 2524 14902 34423 966 23975 1017 7692 11784 34585 3545 11092 10983 4345 34815 23736 36717 34796 38693 17822 11559 22874 19908 15105 25635 9704 16304 7006 7544 4886 29464 39478 7409 4365 30252 4726 24691 31269 8770 36475 22205 12314 7566 33187 16658 38733 13274 9726 29880 8318 27547 1438 27543 7455 16542 13178 13510 29197 16535 21053 30434 5999 16882 37843 10363 7133 2568 31406 34753 7689 24232 13309 20003 31797 6495 33012 26881 16120 2738 16760 24437 26636 14549 11980 34090 31090 25157 7599 16638 1691 25003 7072 7689 1884 1266 14404 5369 185 2161 121 7874 26392 13430 24228 14540 16276 17239 1421 32396 16328 18180 16832 2964 29081 28811 33405
20170 10319 37356 33160 8362 22358 231 12402 24242 37848 23157 29610 38032 25317 26082 5905 8060 35863 26484 22600 12139 3723 24020 886 20050 38551 14069 19365 27631 39232 12770 4153 9550 10125 33664 17911 32482 33894 26665 13075 31741 9821 2684 26124 35138 25118 28381 3197 20980 14864 22148 29470 18586 2519 30355 34988 37422 776 14352 21404 7 23473 21908 9556 33597 15571 23819 26079 9464 10483 39153 37556 20303 38189 23680 11792 23306 12060 11341 637 26923 33488 30107 1861 32359 16813 33200 29780 17588 7551 11183 17594 31024 33091 23502 20972 8661 3672 3402 14477 14154 2555 8384 30808 37095 32063 38952 16752 474 10292 17388 23749 131 3846 21961 32489 17011 15160 22268 34598 19062 29803 8544 6437 19245 28397 27409 27905 32068 30810 38733 6221 29716 7117 33380 23162 35531 32331 39913 36005 2622 13653 16105 39105 13850 38065 31593 30860 13224 10213 25458 32285 36367 30353 38722 15611 18749 22482 39867 10816 13291 34952 13388 39359 2068 6767 22520 37598 39098 22433 29954 38071 32437 6058 37175 6286 4122 25120 37146 17345 35332 18955 5982 28050 9307 1055 3660 24407 23536 39878 31574 36826 34829 4961 32536 36896 8079 15056 30846 7176
37488 20799 1599 26276 23209 38773 32561 23682 23892 29706 37379 15575 8660 3360 3624 14318 4414 3635 35076 27949 3513 26649 21126 38341 27961 13662 31589 36040 28717 22434 39567 22556 39584 1165 8831 19144 36290 37743 2826 20181 27449 204 32108 32460 3563 35731 3130 4328 35718 34557 32276 39230 21206 9753 33922 5518 19766 25510 37909 8482 4295 37476 27389 3879 34992 32571 19374 31281 30314 22199 7814 14114 22402 39921 2925 25964 32003 2406 30291 27720 36963 18918 23301 14520 25023 17223 20037 4788 39084 17946 9622 3379 11773 37010 3609 6764 25933 22982 34397 12598 5181 2210 26711 27582 2130 25987 9898 34132 28393 36540 18204 25355 15458 1504 39874 480 15078 16262 1619 14162 30559 11240 13892 2331 8250 13852 5447 30534 36833 39843 3131 38365 2052 26193 22299 533 12179 28548 34664 571 25087 9219 22277 36896 7075 18502 33727 22152 34764 35346 32665 25322 6585 6556 24005 11186 20407 25803 38071 13592 25645 1201 8308 24048 23745 30606 24580 35924 19153 15595 32846 592 24814 15123 33839 31888 33624 27566 10391 24739 19263 3056 6413 22199 9611 30417 29737 26370 16219 27807 39961 38215 29008 8268 22262 12752 35226 3193 5027 10730
18787 34225 11321 39952 9347 1512 28191 39322 25429 38582 20413 4691 37989 26825 23241 7599 17241 12977 33968 29811 784 30280 28025 26143 34900 6638 35246 30125 9830 36625 854 24968 30849 8527 21272 36547 10038 5814 35868 31818 4395 16280 36508 2383 39456 16100 6334 16696 29077 36653 6506 26212 23285 30882 8706 18184 37519 303 8308 3700 36927 5513 25020 27775 14039 6291 24321 20428 8456 16541 12245 12851 29172 5104 11585 28628 21204 14270 1675 6632 7275 4533 29195 30559 35414 37900 8742 29285 38202 13401 29336 31481 18913 10707 19255 29304 13349 39928 9731 21805 16468 18328 31007 1991 19783 2591 26970 37338 13213 28645 321 20487 33177 29515 11045 24942 23766 16138 10578 18320 29538 39914 9800 8450 10620 29054 37753 23969 25333 3836 5773 38152 18515 33131 143 38297 35721 27112 31987 5285 12108 32307 25771 5284 21822 33167 26578 5587 5656 37155 20258 35193 33420 30057 39995 4040 15463 34099 24360 795 34286 26484 38947 12800 19614 35441 7449 11686 22552 39435 16971 34660 31741 39093 36295 9914 28612 22872 11853 34267 20027 32110 25812 13446 22167 25806 13837 37629 19904 34548 34775 14190 21031 33721 23341 36996 29161 30789 5034 8065
26575 18356 39076 14668 13800 35370 24581 2411 14594 32785 33030 30972 24895 18841 4417 7061 998 14606 1041 17253 9153 35815 31442 26536 25888 11135 19883 11400 38275 24916 19464 21202 3271 14891 35869 17071 10261 16801 15833 21206 9586 8862 12177 34480 24054 12945 37892 21403 27550 35284 38656 33055 27450 26449 15942 13337 37583 35824 21089 32210 17092 36904 13411 20362 11795 9279 37432 18407 22431 9617 39612 32016 14830 11788 22847 38884 21084 20738 16638 8634 12373 15293 38040 39823 38094 13981 9511 35676 6156 30599 24237 23247 27503 37647 39961 35649 3277 37392 14055 25708 3360 13666 17723 18190 21805 570 17073 2888 17659 30062 7873 26384 5355 2264 22558 3448 12596 32068 35475 18752 19019 19712 38350 2873 13710 38310 38521 16987 32054 12575 2694 35413 22592 16768 13602 748 13689 27026 39987 27700 17088 4212 14083 18794 6475 36640 18593 19071 25059 14067 34174 429 30130 28875 3301 192 27185 38173 17178 15590 7099 16223 11002 26042 32990 20956 26789 6679 7981 26776 30730 21420 27339 4812 213 33813 37803 18805 9235 19213 29224 39760 19642 15705 28635 22942 15896 12171 17467 29425 27760 24565 5647 35113 10607 38637 12420 33747 1667 16753
16874 28748 38172 4212 33559 34737 38025 27713 13541 3611 6925 39116 3371 22918 14821 28357 2212 27068 527 19678 16493 24638 4242 22139 16102 11200 17127 28522 4947 15145 5274 21820 3892 39797 26032 33802 34533 20408 17866 4426 24018 21143 3541 27388 4060 14713 12096 6271 1781 12622 25948 14625 33611 26542 36763 6065 34093 10242 30938 39039 21738 36211 17211 21982 32359 3242 15783 26892 20001 33649 27669 4018 14791 31209 27758 15202 2274 39853 21473 4054 8827 3772 18678 38789 26665 11792 4853 20758 18385 35790 16148 123 28352 33358 22104 20711 32951 34238 3954 12951 24238 27974 13321 39028 19182 37430 14230 21455 33634 32054 21860 38812 35825 36889 37601 18842 5033 38805 39599 23417 34595 15746 19891 19298 5456 38346 36360 38406 28936 36665 7709 13173 24638 17381 8553 172 14810 19134 17978 4795 11187 39838 3607 3363 33078 1207 22204 38110 11 18154 17879 30957 33900 34121 10255 35707 28819 2966 30464 17754 39631 34524 30926 24268 11904 39478 20791 23065 14963 38769 27860 26149 34958 31466 25864 28035 29024 8067 22497 25386 26221 36727 16343 16472 30847 22949 8530 16017 25914 38993 33770 21896 33517 21048 2516 5420 16877 23306 24837 31840
22074 12696 14340 17031 4161 203 1418 29536 4622 20266 14921 27194 16992 27615 17 4190 10563 8546 20207 32829 7538 10328 11076 1054 31375 13591 2826 8252 33249 27662 36443 15322 36709 10782 28705 37221 7337 26474 26756 11958 6739 1676 39151 23730 29291 39167 24271 36205 4064 829 25385 11601 11157 36461 9007 38883 6403 8184 3486 39651 32197 39928 11325 28905 10710 29 26125 18046 26502 9232 26355 29592 7259 21857 13321 36549 17375 33943 29106 21438 34772 14490 29390 5928 7302 38396 4810 13705 2931 8296 13355 35127 4575 24679 20383 11636 21059 2859 29681 3912 12090 12387 33503 19349 34243 3175 12249 11617 37118 37706 33054 28241 8548 22444 34168 15849 17191 35329 25905 16474 39976 35612 11600 4551 16642 28335 16186 37701 31193 2219 1612 39635 10957 31467 15335 5200 30993 23935 13168 28110 21641 2574 12702 30188 21369 6869 2388 34911 38550 28293 11384 34877 23904 19336 35779 545 7670 8317 34597 38862 6887 32561 34848 17843 24027 10182 19394 15019 30469 28914 39481 12109 31487 12182 38648 9207 15403 37387 4117 10304 25679 15501 1532 5934 34836 37311 2831 2505 5627 33779 37718 8865 26339 28918 26707 6717 35451 2453 18088 25919
31366 13920 34379 19204 26101 33026 28410 37855 26765 32526 4510 8795 4378 6042 14729 39213 3352 13911 38069 5330 7689 32139 14194 30380 21056 37252 37096 16506 36056 15183 2425 23773 29102 33155 2976 11555 22533 27737 5761 9297 16615 10271 18091 20992 12664 29171 16557 12367 39433 14625 17696 7122 3115 28241 37501 24170 21844 30948 37028 14252 6131 35804 38024 31584 28958 37352 39490 11490 25088 5251 20786 1702 11873 38877 22694 24536 24399 35602 36902 23832 10226 10949 30953 9693 35541 24805 33862 13736 15752 27241 27987 18234 23044 26011 9818 12002 23362 9307 23491 8449 10909 629 6503 22781 35857 25548 3668 20255 21149 36921 4086 27726 4221 31390 37418 39761 12546 27632 13497 28298 14872 37835 2883 37916 23845 12700 6269 3558 18359 26111 8359 29267 26739 14861 8400 22595 36760 8419 2850 17908 5340 3287 1985 9560 31029 39403 5673 3574 23386 15521 28223 38257 13355 31106 32524 33552 157 38792 37109 14867 21255 1819 486 7993 16679 8885 26940 9790 17303 26141 27697 18994 29427 29682 28554 20455 25436 30578 20381 5173 6098 8603 3429 15804 36060 32305 9355 32569 27448 6464 7435 8702 8282 7920 13047 21313 13156 39986 31102 30459
26126 15151 5804 15552 1184 30709 32359 22971 21286 9091 28143 23735 14045 27923 39539 6457 20227 8893 39025 4027 11708 6459 9080 16342 14379 22126 34006 23886 22111 25107 10696 4588 36609 16500 20140 34144 7208 8850 17114 28494 14292 5256 12228 28336 29531 11766 34792 6109 17011 33816 10135 28718 36627 15567 5059 7357 37692 39064 31242 16155 20523 1938 20742 13483 18437 37233 7627 21996 2434 24740 6841 16725 26348 19069 1413 12230 27186 36204 18338 4196 26372 24825 29266 19350 391 34324 23058 34434 29740 14299 10588 6614 12588 27682 20096 27376 24914 27722 9372 27348 8814 16212 424 31513 31632 1836 3742 15170 34392 22079 19365 17115 6903 4982 36464 3645 35658 19521 38079 25397 30171 5018 28362 2759 32699 8457 26486 13965 32531 35857 1312 1344 8421 38087 32856 52 39923 36597 15221 30666 15027 30938 7780 18282 35919 595 21926 27928 16467 16356 13324 6637 21374 38037 5747 10424 6494 32233 24388 39024 24441 22051 367 32861 20138 29574 29265 16412 22522 4485 7077 33900 31774 11208 12181 27693 8154 30459 11972 24620 6814 25296 27608 24539 19684 33355 34963 26177 21939 15702 25200 2731 37753 21918 35592 14242 7843 24856 30653 26716
25692 34081 20616 17466 5288 32796 1510 13441 19606 13481 34412 22772 35128 22019 7310 14812 11725 38624 988 30015 10678 22540 32746 8430 809 24689 22671 5004 9544 9675 31719 31587 3755 12334 9052 5394 1482 6913 15186 21087 20394 9597 3858 11873 27967 7520 26684 36044 2495 24024 26058 13172 2915 18803 17953 75 39843 623 1430 5738 6649 33149 37325 10403 1834 2728 12148 39667 9641 27333 17106 30034 33281 20963 38258 21248 24834 21294 17291 27329 1669 39700 36852 4583 14855 14805 1009 14697 11779 2439 20435 18428 31939 17759 25182 30124 20486 37330 29791 26478 21014 6896 12863 14295 24210 11121 31894 5396 32414 5536 32724 34082 5235 29575 35016 16441 731 36024 31138 12510 34814 7924 30937 23104 22034 16118 13228 2519 9799 39370 25349 30813 6265 38211 1459 26826 9331 33352 32221 38096 35239 21296 32177 36825 7223 23544 13266 7953 15920 755 20462 10733 8678 7750 30189 30711 23868 3416 29581 33666 2785 14929 20830 5401 13140 22288 28578 18822 11991 17151 16918 7229 38446 5446 406 2020 28990 13671 9973 4909 14425 26786 11993 19454 30888 2181 10164 14755 1948 36096 4772 4732 11025 25602 6484 20516 4241 31414 35689 16232
8564 12606 19812 3361 18052 20217 5381 3393 33887 11705 8301 4663 38490 16645 20468 25729 18826 30631 483 20773 23079 1607 21857 30455 23560 24692 10970 27800 16105 6658 383 24668 15616 20195 28029 30019 411 33409 33411 30650 1465 38063 31664 36306 14707 12132 22035 33532 39114 22517 10657 22192 20475 32513 12646 4034 17204 19967 28186 33309 22977 28568 14328 34944 5114 2356 24962 5525 32116 18372 36174 33580 12786 24189 29886 27492 36320 11920 17376 35434 30788 28032 17625 7615 20544 26623 8000 34099 6589 36185 27407 25917 21105 1735 20860 26218 442 5821 28094 28910 20544 20619 22489 33329 4808 8726 17173 1127 16997 34548 36560 4137 22579 10537 11751 39474 37159 19750 33572 99 12287 17331 22368 29743 19065 3227 15960 15858 5400 406 4767 22295 21024 23608 11976 22183 32333 29148 23310 5682 20047 16221 9818 38977 23109 21568 38450 16619 37669 32021 13070 6307 9351 35437 36049 24767 35015 8361 36977 36766 8766 1743 19061 26141 25350 27388 8324 14035 12887 27985 19716 32933 557 29533 31909 23666 7452 26710 284 5120 15082 9705 11427 20785 5141 3827 5551 36508 12187 2527 33273 20952 622 8685 3445 22323 32424 11768 36357 5310
36104 16072 34594 36660 1956 22854 20325 9407 9563 16961 10879 24645 26665 18657 1781 28158 18835 7331 24665 31022 6210 17937 8325 3183 22974 11769 25505 15397 19888 21862 20707 15991 34285 11652 12651 36241 34506 29327 1999 420 6287 9229 21416 29304 24237 23196 17461 3072 26879 38477 30445 33088 16413 38769 32622 39386 10538 18126 11135 26777 36339 31841 2768 30624 3492 15418 23216 34349 1096 21566 34769 3735 27147 16184 33038 7735 39380 6850 7158 26258 5326 37602 15697 18090 36371 8318 13828 3260 22795 24962 30036 19134 13154 29155 6109 12997 924 29324 7346 2020 7241 2114 5754 30739 14649 35143 38474 10380 1992 5631 36637 3669 3233 8685 21758 35955 13354 35585 35566 36149 20546 21953 11634 30051 11108 17742 3048 8383 3417 10393 10402 10657 8858 12507 1396 23506 7649 36221 33886 5992 1851 26874 9660 1435 35559 27770 33741 8912 19706 29306 1412 36604 7611 13045 26654 15070 30786 29701 23452 30554 93 30206 37563 8950 2712 35310 28808 6713 31530 22693 9056 33380 5918 15068 31167 1476 2837 24907 6740 22542 10565 4503 19145 18175 17548 5799 33244 4685 31851 16695 35239 31944 6900 32801 37245 5964 28110 26052 12676 15991
5096 21731 9370 11014 36798 36888 8841 35986 21795 15580 14880 32359 20083 34024 6885 33982 36174 128 38666 28025 13174 30256 16320 16426 19408 13564 18741 7517 35968 31416 23507 1063 9498 29229 8428 2648 26116 17269 38633 4262 32848 13512 32972 9282 3888 39856 3263 36413 36335 38281 20789 9509 28536 37108 22286 7944 7024 1026 11812 39343 28793 31671 36757 38290 17251 5185 37289 3366 22453 35922 3980 11652 5785 36951 17286 6024 33159 16900 2437 29493 15180 23225 35353 68 16685 17638 4363 20060 15015 16174 15754 3807 7844 12510 38449 25094 17694 35737 24812 36498 28010 25143 4502 30147 22093 21787 36170 11603 38686 34958 1096 10218 14535 32800 10285 27571 10438 14647 7630 21804 30820 23383 21963 35016 32244 20411 16461 9938 12499 37624 2787 36861 19118 7288 23359 1211 25426 15880 9165 24112 10838 10260 34329 21724 3060 4613 9294 9849 15611 13275 28004 2782 36657 9966 34149 25252 26728 10610 35189 35579 4585 34328 28791 23703 37967 12149 21265 23393 28028 30429 7504 35217 37041 38184 16940 36452 39148 26233 2652 14758 39507 30655 17539 32515 36973 11688 17767 20052 18649 9307 15630 19585 39986 4420 39639 37953 12920 20903 21345 948
7684 25200 32516 1076 23383 5808 33879 22530 32040 36530 37287 27899 23536 11177 16765 16860 19216 30883 36912 34216 190 8893 13801 36527 13313 13439 34479 26232 30694 15823 23531 34729 1022 12399 35804 20756 18206 26034 39637 6597 18915 36923 30847 2450 4452 7612 15662 23667 38494 12573 17883 35035 21465 28035 31562 31129 37825 22392 13713 28518 38215 33595 19598 35588 5993 15401 12696 20550 37786 12332 27147 16700 5607 17993 15502 10058 21956 31163 30076 16802 87 4310 11836 17903 32344 39749 5384 30169 22141 19096 15038 16707 12690 34636 8646 15035 6388 21341 35584 4174 30025 19082 20873 35631 33427 32726 2040 15382 23888 32115 28535 23974 32777 36723 38229 21472 36471 3612 7992 14963 19059 23030 28021 28100 14017 36667 3134 16756 14359 35070 20929 4383 10503 38154 13 3929 30879 38404 15663 11119 26871 4197 31444 19647 919 29672 37470 33742 33283 5462 8704 8693 24843 36725 36793 35211 29743 39926 11966 453 31347 32895 4836 1850 27400 1200 5778 14630 39604 21440 25748 26474 25637 17192 2472 22907 6863 39941 16648 36498 1754 25352 5190 26596 18428 1982 21806 4522 38260 30124 4974 29606 23018 6161 31455 6769 7361 33585 21398 3316
11376 7146 26141 33364 20689 24964 16271 23903 24904 32918 16752 23010 14621 18294 9605 29400 16627 27763 33921 14886 17886 35247 844 37255 1407 28650 375 5119 18586 21772 8434 29962 25269 34574 23325 2309 19537 39595 26212 793 32513 2963 23802 3485 17608 29758 32885 34235 13872 23157 5472 28109 18403 6315 25363 16162 31317 25737 21280 9902 3861 29714 39863 25481 20639 23188 27790 36528 19134 14001 33672 7998 13315 13825 11483 30923 3582 719 21509 17454 20227 26980 5562 34982 33295 27277 11143 20963 9365 32422 30864 13225 18487 27079 35058 39126 6618 22847 32005 25751 33199 25676 33749 2865 39500 1583 33787 39433 38653 15295 13238 18879 2275 15152 13860 31921 2428 25002 12883 11792 13776 98 21369 32262 27176 12778 27739 33793 35624 16095 15896 25174 1770 9644 28038 37621 7578 18177 33406 6230 33471 6643 25108 32097 21794 35320 20369 20573 16673 29603 28717 30448 29701 6437 22710 13228 19214 6800 3373 11189 22895 19268 36362 21016 25263 24399 14989 32840 2575 8394 39069 32398 11388 20528 20846 33182 12199 1215 10106 28872 27169 38822 19319 13221 5258 38380 22801 24471 1532 26173 35659 24426 5440 28372 1793 30702 12771 16781 19893 11697
21526 15313 4094 32914 32192 24940 22447 4391 22506 32552 33262 6026 31374 8932 19247 32983 7312 2047 13806 8843 24571 5816 29620 26362 34188 31412 17063 6958 8193 33307 15006 29718 8619 19100 18983 810 391 1429 1552 19248 30333 34813 25273 18058 97 871 11040 7408 39269 24845 12602 23839 27013 38573 10200 21200 29984 23614 24509 34528 13272 39514 20598 21890 18613 39580 19052 15355 37361 20603 34602 27693 11768 16227 2102 11864 17097 13141 15623 12718 34338 24576 32908 21350 23148 3108 38901 13131 23073 23409 7659 36345 22922 24608 14586 37887 24187 29989 9593 21547 6944 547 5591 18711 16773 7692 26926 30221 17185 38900 2938 7874 23475 35846 29223 6622 35305 24475 16104 14729 7883 20114 11073 27156 4721 22011 21394 25260 11999 30987 6806 18942 31533 8749 34004 4657 12792 20929 34877 29976 16180 34167 37849 39654 26364 23423 2627 21668 7897 18731 36396 12131 35196 3821 39287 39917 25831 17032 25176 34181 8018 28333 13123 35902 33433 3478 558 6225 20759 31787 36200 36938 25953 30401 36592 12316 10175 35570 30335 14424 14300 26730 26554 5848 26902 22192 5764 9084 39224 27291 3265 3593 11975 12739 39495 5408 16216 36404 11632 36974
24542 4183 30264 10494 30935 26855 19161 1110 18776 9495 11885 33076 32577 38438 38923 19478 16982 1038 24914 12557 24680 28178 16149 36654 916 11995 2061 13483 4751 10044 6809 29292 10579 37072 36138 37865 20278 15298 38974 39053 21145 7210 28480 13721 2000 23754 29550 18981 21143 14463 31537 5822 38992 4037 38828 36259 16032 37240 9742 17134 7284 12902 6425 14214 9973 2562 12078 30250 17860 7404 25654 35356 14613 14134 5428 16612 37887 34977 31944 15382 5792 19832 21203 1135 23869 20030 37394 36252 17270 3487 13385 20905 16388 19809 35118 26360 18723 3547 12961 32934 10950 34966 28289 21915 9099 33716 38526 3338 25044 26822 18719 27187 6653 36273 28322 30521 12655 22067 23124 29924 25553 36508 7180 38292 12669 38649 24651 31391 2195 33963 24324 9497 28928 8964 31411 34379 2679 26288 34068 27722 13109 9138 14909 16114 5410 39582 2986 14416 21648 26110 4339 3552 18969 7870 1843 31637 6518 22845 19379 5065 13159 54 14561 38438 5369 2323 32816 8047 28610 23235 32121 38071 32372 3381 14184 34134 2962 13521 8549 20961 39630 9240 20864 18599 13461 22706 6587 19979 5550 22318 25043 18708 18723 35955 17145 24092 38277 6313 32138 23238
25899 20610 21308 18271 23990 31843 8756 23303 5364 13656 615 1345 19247 21478 19943 32708 4183 22882 9038 6084 1551 30432 21143 20273 26386 34640 4364 21014 952 32854 4251 26850 13463 25559 1472 33805 13753 6579 17107 19116 16587 17722 16813 32185 35551 36755 24892 39734 15988 30281 2169 17538 20712 23312 37811 7097 17951 38526 24462 15254 31379 28713 38455 1194 10623 36279 34998 24375 39209 8456 39843 15795 22529 16655 7980 18080 9761 29223 14165 22101 19504 16333 39638 215 35996 33800 3664 10298 28678 28125 21903 20056 13189 16710 17601 23811 12988 8950 4538 8548 17406 732 20695 39934 13738 25026 14365 19850 14248 28529 1950 30103 1214 37940 26670 33561 31739 26685 3859 16768 11161 25761 33176 24350 2470 10776 4512 11809 19726 5401 20357 37131 6132 1051 33416 16221 26076 7781 36071 36675 32661 38020 23130 30226 35959 9799 23787 24050 36483 27645 817 7643 9757 33992 28344 8579 1120 32856 20387 20845 38256 37095 14327 740 34497 7742 16960 16924 11874 13030 13599 887 7402 36728 31112 39712 2878 14898 23761 35712 38894 20930 3354 5003 11273 28050 13581 12392 20905 30319 29588 15512 27414 3914 12603 18262 8008 25915 35186 16233
35296 5136 17119 2697 38215 4583 2409 1092 19480 22521 36803 14726 39802 36508 19728 11075 24557 29660 19818 1813 19978 9406 13677 3743 13319 22631 22005 17678 8545 13542 33911 3841 18677 11029 6537 16891 15611 5297 14334 31443 24170 11136 2520 23971 3995 18599 31397 28552 8258 11215 26716 24587 20620 36744 28330 30290 19375 6686 7968 27919 16579 38230 31759 35255 5610 34648 8497 17573 39944 22830 5367 24113 30317 7886 8084 30663 26484 39480 15566 31093 7046 2282 15679 24017 39025 360 14307 18399 3397 18626 6318 19975 16855 34428 11581 18816 29075 16429 36388 25371 39258 1754 9483 25926 5991 13918 12941 28826 9750 28506 19918 16795 30787 31949 812 26164 28660 11470 914 32057 26447 3583 8383 39653 38011 16316 18468 27085 32744 14856 12455 28354 12961 18290 14279 18952 28559 27219 7777 38308 12077 24047 11455 2863 15995 8618 25378 1006 16439 26292 33062 2885 29874 37797 2537 27884 14112 17356 11321 6855 28563 20127 35208 1524 34768 5839 16827 23327 29409 24603 17986 1485 5001 29440 700 20995 34409 22429 22001 10847 8720 11414 13731 34946 5562 12619 19181 19673 29975 30501 22880 14889 6980 14439 16412 1747 16629 33238 21425 6038
14193 39411 3874 19193 28850 925 36540 19611 23354 14892 30457 32073 22657 540 27018 28219 9510 6199 4243 35836 33051 27122 10725 36382 1561 27136 34481 18189 16726 15905 20578 27270 15315 20804 6462 517 21728 39353 20127 5081 14244 6935 33506 36901 7474 20523 25119 16984 23073 29361 12819 12476 12835 19895 8857 14395 3383 3337 28935 20108 19242 5865 7377 30908 26668 10190 31424 8395 9543 7902 9828 23786 11189 3333 20686 18662 20207 2156 31997 39632 27869 1168 12107 703 21062 17315 15097 24444 20652 383 903 36245 6247 4631 27152 29266 14821 14928 37661 24363 19181 7488 4500 30369 7172 21538 5383 27378 23693 33731 27009 11561 34898 39115 12263 12312 12782 23711 33107 33433 20446 34010 26029 26692 38640 9532 12310 9812 24459 9970 34174 39992 13809 35026 26712 20980 16563 32094 8357 36607 25825 31718 8168 17074 27184 16782 29385 39965 36845 22492 29749 17290 12853 15777 333 7844 25309 12642 17656 6119 18963 8181 2462 32771 3206 29174 10102 16120 21267 14811 12727 3443 6528 17246 20517 30063 34027 6253 30028 27223 25096 19776 4512 34300 31905 4845 2144 17213 13838 16151 19683 32801 24331 22145 21923 23889 11318 32025 8 28936
6835 12734 32379 13362 29979 9247 39776 20358 11851 29803 7580 36947 5931 8444 27598 37835 9640 29741 11399 23477 5891 31081 12629 26574 13225 34552 10462 20894 26576 6821 9830 33410 15907 38560 3123 2237 4158 2898 22594 16008 29053 26526 9306 34983 31321 36904 29169 960 22996 567 20788 25239 31647 33417 11812 1224 27968 18625 22117 10895 25445 28298 656 37703 26857 3778 39940 27366 3027 18885 39726 28431 5410 9031 19765 33082 2286 8933 34041 25282 9499 14829 6872 37498 4597 18683 35073 32564 33659 17189 39810 15455 1839 465 13158 25047 594 13097 12413 3620 31981 12138 28403 33743 17520 8167 26824 19806 17100 17217 1439 22950 28397 8310 16799 32993 23344 11871 21908 17002 25412 21717 28808 27250 22181 1965 12296 19126 11413 24708 22745 3394 33197 7499 33488 10717 15666 20311 30522 32765 33879 31960 12066 22275 36621 28865 11619 19964 735 33526 33317 26146 11594 22124 9747 30126 24089 22043 9251 35501 3102 28348 35246 36299 35846 28733 7015 11511 5396 33888 627 39274 22199 12693 21549 18819 1557 33167 35134 38643 23045 28450 24789 34638 10573 34535 24764 31013 12929 30366 26514 12383 18713 18111 8681 14559 6844 12047 22421 12239
2286 23048 7864 20836 32092 29412 39654 33648 18931 31139 28642 38327 19588 9782 32964 26512 669 14079 17525 13597 797 390 25979 19509 18500 31011 30419 21695 39409 12840 33933 1694 35887 38149 22529 27978 23912 18534 17977 2842 9672 6618 1168 25611 16400 30484 12123 17068 914 25999 27016 1710 26388 9347 17571 1239 357 7989 22934 39766 20828 13218 37811 16714 11366 16692 1043 35278 35225 15371 34471 1249 18341 31991 26859 31092 18826 35333 4511 16091 17683 31526 17801 422 37224 35371 1661 37581 3359 20946 33698 20539 30515 27860 37252 1881 4551 34647 33510 39776 6369 24332 37376 24709 12674 20586 12152 31499 15919 16662 7590 29953 4540 21742 30375 38115 13464 28387 35695 16822 9332 25744 37360 39846 13604 30964 38078 14506 21962 27939 14281 24682 8623 8008 5743 21296 28594 17894 12795 864 30908 16736 30816 31799 38477 21190 29913 8292 9576 21960 21465 15259 7703 15177 11457 17658 2492 9534 32164 24453 33825 2796 5486 2447 10804 11228 23742 35749 25474 32888 36612 16381 9623 23779 4531 4451 1321 34443 12742 7248 16402 34207 22507 20457 9383 33963 34466 11874 39848 22981 32678 33672 25777 38163 36118 32932 5743 19860 28680 31216
12747 21643 3948 18722 1773 8478 23172 3093 39272 32266 10341 12026 22824 29199 32482 28558 19513 23299 431 19360 6280 29460 9384 32056 23974 1853 21339 29716 18064 6370 17283 27163 28012 17582 5884 29784 26059 25407 29229 25331 14024 35921 37356 36847 25119 26189 25404 983 9487 22186 16694 12118 11645 26077 525 31971 24282 21863 18038 2345 28232 35321 29507 12595 12902 35390 38731 35313 17149 27959 16995 31172 23879 10702 28019 5349 33242 9774 2683 39080 31960 19376 11198 39956 1805 11722 31926 26086 33585 6316 28430 18168 1636 17937 27115 10889 9678 25845 2553 26826 10155 19547 14350 30385 26600 38720 32085 19841 8493 34767 18921 36804 14142 26470 36760 15946 38191 25037 2031 28127 31352 26813 2647 29339 4749 29761 228 10778 15605 39132 37604 22111 15031 8305 12495 1630 7024 4579 17823 15516 39345 36743 12320 13486 23212 5431 25784 17754 30467 24166 5881 21819 10978 8527 7509 12078 34639 4088 22856 10243 3220 16811 32353 18250 25115 1199 16231 32138 5777 34053 4005 1473 27147 12676 14958 6710 14458 37093 24464 4925 21259 26696 23095 28588 31574 30603 666 26212 34691 19873 32806 34262 36683 21510 12511 18149 22708 25093 6638 24836
19146 10642 26308 6292 19670 37617 9354 34127 34710 33817 35403 12320 16864 18497 907 4789 5452 37924 27352 36494 17796 20157 30755 14478 38018 39617 32626 20725 21061 39263 5560 206 6257 28219 2850 22278 25835 12203 16404 20544 2371 8159 32863 15586 23007 30122 20374 28458 28045 7725 21303 5841 24233 8409 16670 18602 8025 5648 39326 25438 1262 1237 25643 7518 29455 24844 26147 15289 33398 38903 32185 35768 7061 21399 11353 30067 11520 28078 14877 39565 32154 32531 5405 12738 940 18426 31339 5316 24073 27016 30753 25335 24604 16396 29204 14058 37591 15351 25699 30989 14253 17883 26756 17665 39281 34461 4083 7153 18890 18959 6717 7396 11490 8473 20133 8781 26898 11472 14096 7323 34839 4849 32657 19443 17596 18212 29852 15186 33562 15550 6174 4166 29784 29282 18182 25417 20094 22265 32569 35335 37575 35637 2730 9064 461 19215 17844 23710 27038 28292 31032 21876 33140 23688 1318 7087 1900 31170 22272 31813 3071 24798 32331 29207 10431 10512 14623 26876 29128 3543 22210 26703 35531 21292 32118 35991 506 6314 19700 27543 34605 10732 9418 24096 30771 7088 31182 29022 34609 9805 17187 37679 30954 9517 26885 1384 16380 37859 24611 5508
1401 3173 32210 33283 20816 24327 29273 21321 30640 8973 5215 21596 16056 10984 5691 6826 18071 36872 35848 12679 3029 9386 6710 33982 18902 33594 31718 31633 27805 16328 37140 25557 15852 25701 18840 36667 6380 8112 14339 33371 17084 19553 14967 29491 30537 17009 36317 4959 10233 28516 13990 13261 37901 20699 7242 13154 10644 38959 4786 38448 11639 38278 24005 27490 23978 2844 20509 26709 7307 34847 16432 20743 10752 31398 10233 37640 4758 6549 2598 14990 35064 16587 28250 29316 33637 31844 2469 4281 30802 7255 2728 38792 5532 23084 22634 25861 22279 3142 8922 29586 34340 25353 10328 5091 13102 20560 39082 17859 27109 1680 32849 18524 14618 17450 4192 8255 9293 6660 8887 36447 13914 7966 35238 15797 31050 17871 38010 13328 21012 6931 2913 11704 32283 9592 13146 5384 30152 12228 19594 13612 10259 8794 28487 24876 26244 32678 29482 31888 39338 38368 28334 9603 2686 23572 21752 33735 1442 19761 3414 18806 23043 2679 26861 11677 12270 6 13412 2421 12233 33005 12384 18843 1799 871 3719 24394 33548 29552 16281 32885 24272 4615 38840 26957 28186 20591 17043 25979 351 16808 1136 19745 19486 27996 31421 28108 28002 4832 26880 36586
37836 39264 15429 35986 134 15499 20379 33681 1402 33012 22918 25673 37626 21757 8981 22163 38699 26023 4493 35401 39183 5629 15145 18668 29976 6565 3127 14329 7748 30007 10915 1935 29270 22695 37921 25755 34545 14651 15787 35946 4014 38704 17971 1639 16812 23303 20153 11862 5678 24646 7262 4860 26626 22406 23527 16601 25322 23006 30930 33069 13012 38196 35004 2281 17242 29276 24387 11786 278 173 4083 4292 35229 18405 2282 12040 1708 22435 23902 7385 3432 27515 12244 30057 9921 32122 3009 31594 15127 33938 21015 28138 28485 16018 26770 5726 1645 11156 13863 38274 7681 14298 2565 2909 32702 1199 11300 30761 23633 35201 38145 23416 19068 6740 9824 28988 38862 12832 16933 10340 3122 37947 34830 27958 10316 17951 33684 11960 25459 3898 6586 33139 18195 9150 36047 7249 10348 7346 38009 30332 38899 32506 10099 17966 39245 19922 3305 34458 29106 20237 4798 28579 18184 35979 16536 28499 13929 6571 36811 39387 10469 3396 32525 25015 8897 28571 32263 15597 32269 30272 2280 31167 19129 12379 9132 18373 32300 12436 9183 17757 29024 10332 6335 3559 6310 22871 32058 16590 29441 25220 15977 39909 24967 4853 21276 30215 29776 13538 5811 22044
161 4443 9562 19289 16821 18693 34014 5472 27480 3196 23229 12855 13527 29563 16414 16188 8785 4823 32777 38226 30042 5105 34486 11360 9958 15761 1574 36085 29299 3737 18128 25811 4531 24041 1452 21351 2733 35465 23174 26564 38660 2754 39418 8538 28669 12183 24725 37453 17005 17501 35678 3398 22606 26516 14757 28915 2276 12683 24999 27926 12771 39478 13737 13653 23518 15188 31355 22602 10652 14528 5517 5663 17282 1286 14200 2302 13469 35276 39754 30473 12776 35432 30223 31733 21947 4979 20647 20574 14013 5645 8500 23135 1474 18588 36787 24991 30127 28141 7592 37130 39021 9460 2792 12654 10746 13343 14955 24214 8618 14708 14686 17745 6491 1260 9478 24789 6239 30124 5363 16603 32121 10214 36090 33594 28801 29228 18585 18927 17369 22528 16056 12741 31988 15199 25394 2733 28541 348 23298 33510 15055 34335 11254 17898 35595 20731 2686 38185 7207 8048 14787 39327 14613 7228 32920 3413 36456 7856 22339 10176 30384 34746 22916 18723 9944 8309 17807 34836 5008 1104 28345 16414 35438 35951 34311 31032 13033 36997 29216 20239 1396 355 15917 16009 7582 5189 15773 389 13044 34464 10564 39779 29209 33479 18501 35505 38139 32659 30340 3146
33762 15037 15912 29200 10987 10222 16583 20371 3570 2151 36962 1318 2505 12878 13678 6438 18066 29450 6827 31110 23913 13742 27240 9474 3573 5741 4978 1711 38399 35317 1209 28513 10353 17120 14064 17691 23693 30646 34414 27263 32796 31375 24932 31652 4252 38609 38090 18670 28058 1268 6131 8323 15009 33370 17796 14933 39110 22773 12996 33861 14441 10556 18725 21146 27675 32788 35188 7719 19785 29601 31333 8933 20975 16264 36936 21579 14872 31377 248 2930 32644 6378 7604 4005 39747 25399 15289 35209 4523 28284 25421 18963 38839 4145 108 22865 33284 35296 30584 9420 24896 21916 14704 2223 38180 11640 23801 9403 3016 24048 12332 32012 30425 16287 32368 26523 1685 7656 21731 6207 35940 3503 21522 31130 3999 21629 13995 37282 13276 4578 3054 34524 22845 17757 36746 17376 29396 20546 26779 28764 4593 35462 20775 31369 11749 13142 17891 13433 17149 35974 15992 13088 39476 37513 4218 3475 15493 14564 37108 28769 19141 161 23292 38337 14270 20037 15713 17 582 2491 28780 1526 37952 5906 32894 9700 15399 7136 19485 32548 3109 35476 1987 38937 29340 6204 2411 4832 20767 35870 29952 36259 36031 13243 30948 6652 29631 6660 6668 26564
9150 35448 24441 3453 37705 17334 13153 13104 20822 28989 5651 23930 20816 3989 22866 10155 10193 21628 11338 27311 17498 1290 19922 9880 10884 10869 16531 36867 13880 19550 23430 19381 14997 7871 22833 9054 21556 32337 22157 2377 21325 24159 22659 2140 28147 1876 8646 34691 23504 19984 18354 37353 17625 34627 3584 28508 5495 16466 25374 15726 36015 5156 35106 7364 9378 17938 16417 30933 6627 38573 29662 27951 19083 12320 26443 7229 14195 35088 1920 34050 15071 20273 27754 32695 14899 31337 17555 16745 7802 39280 28822 3817 4435 23927 7532 13812 38216 23948 1097 4842 18872 27110 29145 37954 39429 15587 5182 9975 10674 3453 377 22097 23725 28130 11143 34975 15819 28697 8071 19972 24329 36892 20140 28763 17170 27671 38927 11738 11618 36375 16579 30489 23484 2075 28442 19264 17661 29976 25590 24687 33428 25966 3135 13505 10448 14277 4831 26266 39326 12902 2589 23654 6145 22729 8768 19667 10399 7694 31404 18369 4068 4334 5209 23903 6409 33651 3166 20421 19978 28756 1459 13405 14721 4593 23261 21520 15222 28092 4137 10899 37345 6726 34552 3489 29454 39671 19507 36204 7365 10910 14572 7784 15244 19781 28039 18004 9783 31204 34776 26112
19959 36235 39516 31032 827 19129 8903 12400 7220 9392 23298 4564 16117 14201 4404 1922 13872 23911 34477 17588 31172 9049 21723 2767 25181 9761 20770 31315 37317 11898 17426 13627 8132 13293 1010 5310 32421 9913 17710 35992 19304 1007 36907 31772 15208 1311 33693 25431 21573 24521 3018 9096 33569 24740 11863 15101 30853 28984 6415 28169 881 20192 1795 9012 29837 2805 14322 22257 9069 28383 14601 28372 29389 11507 16495 948 9169 6539 22730 30741 31059 25747 39837 20980 6839 8051 36080 37691 37034 38847 22211 37915 19038 24005 3278 5226 23161 13951 23835 32229 2333 38435 16952 28074 9941 29798 25373 19110 36336 8103 6202 27395 30201 2390 8374 37039 10440 805 31081 7474 39651 13291 1740 15041 33648 5017 20266 13160 15320 4100 1741 17652 38886 15044 2077 5179 4842 23802 24288 1177 31904 26841 28571 22104 29231 33296 15495 39670 34101 2927 3495 33751 12570 5234 5143 2569 6603 25409 15728 21922 25860 17468 35925 24746 32512 34354 29924 37353 18155 10563 34881 10058 33755 19804 28513 22985 13099 359 19007 3551 3286 22501 33654 15855 27735 38796 18423 30689 20556 30502 12610 2768 7970 4886 23865 36833 39239 10140 30537 17393
20702 21769 27450 10808 1572 12315 33793 11023 12673 9151 14573 15958 31651 4578 28164 15737 3374 2938 6425 20281 33440 15386 23048 37761 20272 6912 34593 19510 13403 21481 36903 34104 3249 20704 1264 1173 33018 31408 12195 2043 558 23119 14352 28560 27697 2516 4297 27422 1805 10721 4054 35244 26107 23454 33004 2730 26717 23948 22239 120 1780 19141 30575 5029 36197 31838 6201 29214 23245 14747 31256 23802 37865 5608 12362 21913 4475 13010 5686 6279 20082 9740 37875 6188 33193 27230 5269 19909 7530 27508 20028 9309 3000 10603 10689 39196 2440 16889 24762 22037 27987 12369 5838 25852 14328 14551 4116 15154 27560 9802 21433 7642 19541 15659 10181 9085 2888 11802 28993 10417 39309 5373 19726 38660 12327 30414 34208 11118 3655 18969 33154 31641 27689 35344 13844 2017 9894 14312 17170 33806 24113 34954 37799 5 10612 4331 9089 9852 16132 34433 20268 11792 36157 36345 10452 8483 23111 4659 19601 23117 19979 9106 11109 7667 4449 21305 9683 10695 35616 23205 852 19728 18158 38650 16084 25122 39332 21524 34973 15464 12308 11592 23607 8465 4289 34058 13299 23751 35068 29251 6867 15046 38357 14327 22713 39157 35631 32395 9851 31246
