x,y,z,vx,vy,vz,fx,fy,fz,mass
117941.781935,-65490.621997,-6100.672479,1966.235654,-1091.513390,-101.679743,0.000000,0.000000,0.000000,1.108544
2983845.431184,3973973.358071,-924051.625023,49731.061858,66232.923652,-15400.855392,0.000000,0.000000,0.000000,1.126065
-8882.823954,-14431.256366,-24060.924339,-147.733465,-240.551527,-401.007287,0.000000,0.000000,0.000000,0.994733
135047066.699438,198646869.129191,-226967238.292615,2250784.876914,3310780.975498,-3782787.298181,0.000000,0.000000,0.000000,0.822397
-44255006.486174,-45027479.022785,-54637714.162288,-737583.095297,-750457.988537,-910628.565884,0.000000,0.000000,0.000000,0.898558
-9075.331145,-6759.013760,9561.398147,-150.905772,-112.427604,159.348517,0.000000,0.000000,0.000000,0.846977
-70.056535,-1.075912,-6.286259,-0.756442,-0.082353,-0.114819,0.000000,0.000000,0.000000,1.116249
61808191.850406,40490508.763279,-104424786.622777,1030136.975106,674841.788536,-1740413.111538,0.000000,0.000000,0.000000,1.187704
14259.595998,4719.418027,1569.148238,237.857018,78.621478,26.153092,0.000000,0.000000,0.000000,0.950589
37948879.369372,-2784694875.421603,5078765366.124415,632481.752521,-46411581.437894,84646089.432965,0.000000,0.000000,0.000000,0.818971
-710.051098,-408.228432,985.029727,-11.675630,-6.798302,16.409953,0.000000,0.000000,0.000000,1.167247
4857.539158,-2729.041303,3786.144796,81.331309,-45.550376,63.209775,0.000000,0.000000,0.000000,0.972061
-3655.128759,4409.155065,-17865.691334,-60.599453,73.638548,-297.754538,0.000000,0.000000,0.000000,1.081818
8419359.233641,85342359.972627,58144110.094082,140322.978920,1422372.652360,969068.504432,0.000000,0.000000,0.000000,0.989544
13630.996900,-6764.334001,-20788.346847,227.424879,-112.780727,-346.466090,0.000000,0.000000,0.000000,1.158531
28307.667822,-31047.215694,-23370.858523,472.899980,-518.218641,-390.155440,0.000000,0.000000,0.000000,1.162612
-199.530611,5.813067,147.974147,-4.187107,0.443571,3.150354,0.000000,0.000000,0.000000,0.916922
2597.004166,-22968.358570,-12068.685092,43.734136,-382.616954,-201.147604,0.000000,0.000000,0.000000,0.931872
-3129939.097445,-21565.051568,-1375436.382634,-52165.321241,-359.428273,-22923.932570,0.000000,0.000000,0.000000,1.092022
-25.830481,45.452929,5.066962,-0.318397,0.852919,-0.027581,0.000000,0.000000,0.000000,1.076214
653.882560,-38.882684,-240.299180,11.091253,-0.599464,-4.003933,0.000000,0.000000,0.000000,0.867463
482.644276,378.123611,165.954379,8.249828,6.104620,2.762230,0.000000,0.000000,0.000000,0.990617
124832.196949,39294.527349,30613.231053,2080.791022,654.979569,510.225993,0.000000,0.000000,0.000000,0.852733
-186807595154.900452,-10283749396.693964,263720969756.463898,-3113459918.902810,-171395823.285772,4395349495.940047,0.000000,0.000000,0.000000,1.112751
1010.087673,-724.133040,-1084.246566,17.174556,-12.128642,-18.065396,0.000000,0.000000,0.000000,0.971706
-414925312.273199,-9095010696.438654,3895010881.422280,-6915421.557165,-151583511.603897,64916848.016750,0.000000,0.000000,0.000000,0.863572
-14705.490505,-7198.966763,1619.120063,-246.587025,-120.725181,27.170273,0.000000,0.000000,0.000000,0.901633
-1700.743271,1347.280901,-5788.309414,-28.202079,22.546913,-96.466106,0.000000,0.000000,0.000000,1.076310
33056.263933,17505.018950,-6294.804185,551.428544,291.576036,-104.915292,0.000000,0.000000,0.000000,1.079740
-170.863153,4.434529,23.560157,-2.346980,0.065794,0.410991,0.000000,0.000000,0.000000,1.131573
293906.120103,2142381.409998,-371617.458785,4898.774006,35706.475496,-6193.617298,0.000000,0.000000,0.000000,0.949219
1237520.497320,-776190.810356,-638725.622957,20625.574814,-12936.469149,-10645.422619,0.000000,0.000000,0.000000,1.028994
-1602469.758027,795392.389544,4071896.118653,-26707.397891,13256.587576,67864.933213,0.000000,0.000000,0.000000,0.888145
165497.319496,242055.567963,98239.220490,2758.711113,4034.345353,1637.312436,0.000000,0.000000,0.000000,1.109194
-428797.378213,102978.734950,-235333.207108,-7146.350488,1716.301771,-3922.213791,0.000000,0.000000,0.000000,0.870110
-69.025154,-1.644003,19.653276,-0.725581,-0.048142,0.289137,0.000000,0.000000,0.000000,1.027614
29.130552,0.975253,25.997400,0.852658,0.064013,0.399349,0.000000,0.000000,0.000000,0.878708
-5.320739,-60.248581,-26.030103,0.101815,-0.808765,-0.429982,0.000000,0.000000,0.000000,0.932374
1285.311395,-571.441860,-5476.212511,21.766791,-9.692793,-91.264905,0.000000,0.000000,0.000000,0.950720
609343.342735,49198.958569,195438.682920,10155.965783,819.974565,3257.313026,0.000000,0.000000,0.000000,0.987029
-1057.180473,-617.785763,425.858385,-17.142467,-10.092803,7.097353,0.000000,0.000000,0.000000,0.961445
-9376.744765,-3825.511675,-45880.858427,-155.963718,-63.765441,-764.683092,0.000000,0.000000,0.000000,0.803227
322069162.825762,-345178849.435158,-70676731.934117,5367819.722344,-5752980.828787,-1177945.530972,0.000000,0.000000,0.000000,0.945113
78.830024,85.016605,-249.858403,1.727228,1.490264,-4.157106,0.000000,0.000000,0.000000,0.965340
-5202.541118,-1028.333662,6171.113612,-86.401365,-17.272856,102.847232,0.000000,0.000000,0.000000,1.008691
17749547.338471,108893261.589546,106661128.388013,295826.146385,1814887.693988,1777685.474663,0.000000,0.000000,0.000000,1.081289
-341841.305679,772869.304586,-165907.746074,-5697.147409,12881.219665,-2765.126309,0.000000,0.000000,0.000000,1.057274
-20274.959014,-61276.439155,128315.067584,-337.640090,-1021.256130,2138.577713,0.000000,0.000000,0.000000,1.011438
1950.195055,2990.367115,3338.020884,33.614571,51.071116,56.683624,0.000000,0.000000,0.000000,0.948328
-49011.109119,200576.765930,-11141.301828,-816.637078,3342.878719,-185.692683,0.000000,0.000000,0.000000,0.807111
69481.265835,578855.075758,207154.729306,1158.123780,9647.532531,3452.580396,0.000000,0.000000,0.000000,0.979161
-101498.283813,-53357.338162,64485.071195,-1691.334683,-889.144955,1074.744913,0.000000,0.000000,0.000000,0.944154
780.864437,888.626547,-1644.149942,13.536066,14.717879,-27.396034,0.000000,0.000000,0.000000,1.147512
17330.136799,-80934.295264,233431.061264,289.136284,-1348.782033,3890.519424,0.000000,0.000000,0.000000,0.814239
359647.076511,371222.746154,-886296.542285,5994.425755,6186.998158,-14771.602419,0.000000,0.000000,0.000000,1.163616
231.708127,-265.233811,204.706590,4.640578,-4.559407,3.568737,0.000000,0.000000,0.000000,0.831347
785.148502,-474.418088,-1155.505142,13.391140,-8.081629,-19.258404,0.000000,0.000000,0.000000,1.001711
-1114.354321,5001.676790,-7265.014348,-18.234045,83.581536,-121.078924,0.000000,0.000000,0.000000,0.914952
-364.469519,-521.576565,-615.903132,-6.046243,-8.804123,-10.392020,0.000000,0.000000,0.000000,0.946323
28166562.750749,-27016257.475801,-956965.526317,469443.143340,-450270.915386,-15949.417643,0.000000,0.000000,0.000000,0.867750
908.825512,-238.753911,-385.512598,15.658951,-4.062512,-6.424082,0.000000,0.000000,0.000000,1.115972
-1660.379528,15822.932568,23650.013688,-27.426065,266.221077,398.146066,0.000000,0.000000,0.000000,0.837142
-28.044474,38.904316,61.322221,-0.277337,0.609727,1.152226,0.000000,0.000000,0.000000,1.199553
1129.584208,2482.390689,1110.558931,19.365093,41.401485,18.503513,0.000000,0.000000,0.000000,1.074319
-5047.300069,24462.788549,-1041.333539,-83.809104,407.708590,-17.348634,0.000000,0.000000,0.000000,1.126542
-2936368.453889,-328722.605947,-3979178.882509,-48939.295390,-5478.617981,-66319.640328,0.000000,0.000000,0.000000,1.012272
-49.605065,19.197592,-153.672327,-0.378425,0.197997,-2.559061,0.000000,0.000000,0.000000,1.144267
-231.196145,-341.375354,-108.611477,-3.290129,-5.763765,-1.810054,0.000000,0.000000,0.000000,1.073443
86.148158,228.727907,-12.692864,1.642964,3.866889,-0.195474,0.000000,0.000000,0.000000,0.995503
-307.831034,-345.539756,-37.089605,-4.764090,-5.652500,-0.615596,0.000000,0.000000,0.000000,1.112735
443.895719,643.220379,-568.326626,7.936872,11.267020,-9.651138,0.000000,0.000000,0.000000,0.843669
-3419.374065,1715.189923,-7231.562453,-56.667738,28.585724,-120.525240,0.000000,0.000000,0.000000,1.195338
-120358156.716774,-2775082938.003522,1723917551.259279,-2005968.892210,-46251382.232316,28731959.193262,0.000000,0.000000,0.000000,0.886178
14586035.877761,69389611.534677,104188177.748339,243100.751915,1156493.673974,1736469.628640,0.000000,0.000000,0.000000,1.164964
1120.905705,-2608.827323,-1180.885274,18.892823,-43.663283,-19.678900,0.000000,0.000000,0.000000,1.142623
201.760219,-370.362664,366.685825,3.671353,-6.093538,6.119755,0.000000,0.000000,0.000000,0.942950
-21187.797860,123021.421802,75025.145540,-352.756651,2050.403673,1250.422698,0.000000,0.000000,0.000000,0.804799
-1141306.842418,2303511.594391,1725274.468453,-19053.260549,38455.768382,28802.582341,0.000000,0.000000,0.000000,0.954997
-146.042823,-266.440624,98.443182,-1.965162,-4.450259,1.639855,0.000000,0.000000,0.000000,1.103109
104871065.538192,69562313.131789,17573820.592763,1747851.507045,1159371.780740,292897.012573,0.000000,0.000000,0.000000,1.142902
1272352.858341,-606789.585566,-3453716.329610,21206.310416,-10113.111035,-57561.935929,0.000000,0.000000,0.000000,1.041734
-44766.122774,-151686.048637,84230.166305,-745.526643,-2528.143817,1403.828987,0.000000,0.000000,0.000000,0.938065
-593.796348,-790.569836,-931.709876,-9.454890,-13.286921,-15.526711,0.000000,0.000000,0.000000,0.988095
-1416.507856,-2802.280286,-1973.987448,-23.201225,-46.699877,-32.893868,0.000000,0.000000,0.000000,0.905486
29949.218198,48026.072918,-29423.100178,499.561127,800.388289,-490.387289,0.000000,0.000000,0.000000,0.878215
-1002.724142,-4278.344472,3248.471865,-16.300262,-71.334046,54.140166,0.000000,0.000000,0.000000,1.181118
848.664737,546.990780,-1128.264725,14.297121,9.118508,-18.803651,0.000000,0.000000,0.000000,0.959298
-43.424954,45.754049,69.297823,-0.396684,0.540404,1.169697,0.000000,0.000000,0.000000,1.194278
347.073347,148.199676,-1300.357834,6.001553,2.607422,-21.665589,0.000000,0.000000,0.000000,0.892655
-2613418.272224,-122866.257377,397921.229097,-43556.585304,-2047.796601,6632.016260,0.000000,0.000000,0.000000,0.983172
-173.416468,465.552109,387.875616,-2.484226,7.789246,6.466301,0.000000,0.000000,0.000000,1.050169
-2127419.726493,3806950.985368,-3380984.098761,-35456.651293,63449.170802,-56349.731710,0.000000,0.000000,0.000000,0.871078
-650.811840,-1683.016721,505.608762,-10.515283,-28.098267,8.429448,0.000000,0.000000,0.000000,0.837749
122368728830.431656,-66778988326.807419,-284446071179.775269,2039478814.131351,-1112983138.676758,-4740767852.993640,0.000000,0.000000,0.000000,0.951689
917.880888,-116.102903,-2113.555458,15.568316,-1.774091,-35.218066,0.000000,0.000000,0.000000,0.950231
-137023.985138,-90609.008845,259402.279727,-2283.443420,-1510.126043,4323.372162,0.000000,0.000000,0.000000,0.871993
-169307.927566,-28484.354772,52855.064564,-2821.376555,-474.970053,880.910695,0.000000,0.000000,0.000000,0.852751
366519.572770,89159.778997,-223153.929743,6108.967796,1485.998117,-3719.224786,0.000000,0.000000,0.000000,1.147153
-13.156649,-2.593452,31.287440,0.187786,0.282386,0.407516,0.000000,0.000000,0.000000,0.993805
-49.237233,-21.671515,20.007675,-0.274657,-0.285140,0.331410,0.000000,0.000000,0.000000,1.106077
6857.481274,665.079523,-428.281433,119.097617,11.335726,-7.436648,0.000000,0.000000,0.000000,0.946183
16347.811178,-109217.603731,1876.133991,272.786226,-1820.296973,31.261527,0.000000,0.000000,0.000000,1.179822
-111116219286.635635,179719424796.040161,-215884961286.424866,-1851936987.889224,2995323746.624389,-3598082688.101539,0.000000,0.000000,0.000000,1.194290
-8.811586,-24.882857,33.188519,0.231016,-0.304887,0.531042,0.000000,0.000000,0.000000,1.180160
-280080.719773,-51903.474697,-102778.336578,-4699.049879,-870.785349,-1724.468454,0.000000,0.000000,0.000000,0.975946
11.414196,1.496360,58.804854,0.886669,0.020558,1.120748,0.000000,0.000000,0.000000,0.824101
-3403.872800,4057.428147,4704.705483,-56.360033,67.578177,78.412369,0.000000,0.000000,0.000000,1.160362
389355057.726293,13781491.121953,-280009176.159843,6489251.347425,229691.322980,-4666819.601165,0.000000,0.000000,0.000000,1.024294
-18645.185959,584620.082688,52109.412089,-310.388585,9743.580282,868.483205,0.000000,0.000000,0.000000,0.874086
29603436.565241,42014825.340295,-3113052.516107,493390.946190,700247.077676,-51884.209797,0.000000,0.000000,0.000000,1.076029
162645.549480,267418.157399,1011130.777274,2711.114974,4457.081863,16852.179899,0.000000,0.000000,0.000000,0.973946
11824.565656,35582.906778,-26136.858120,197.317438,592.898513,-435.606671,0.000000,0.000000,0.000000,1.064150
-1057854.960572,-8480722.132262,3834342.737352,-17630.510653,-141345.402953,63905.717298,0.000000,0.000000,0.000000,0.923941
-17041.693641,-88114.533790,-89686.559411,-284.011270,-1470.987469,-1497.269721,0.000000,0.000000,0.000000,1.122373
461.007396,5053.537711,-491.705160,8.017556,84.589131,-8.248791,0.000000,0.000000,0.000000,1.071131
-242904.455574,-318016.377561,578875.370732,-4048.000420,-5300.275497,9647.921273,0.000000,0.000000,0.000000,1.071878
237819.726529,44180.684655,87191.120795,3990.548627,741.363803,1462.936240,0.000000,0.000000,0.000000,1.150206
14.865343,2.745353,53.447542,0.535404,0.218925,0.916015,0.000000,0.000000,0.000000,0.941464
3024083.714728,1085201.340108,-471602.679684,50401.849964,18086.802890,-7860.037978,0.000000,0.000000,0.000000,0.941387
2167146.706948,7332168.002540,2396562.029132,36119.562368,122202.871422,39942.705613,0.000000,0.000000,0.000000,0.967605
1750882.383413,600532.092611,-2597844.922864,29181.700056,10008.851462,-43297.407834,0.000000,0.000000,0.000000,1.026309
7976.086880,-1879.349428,12.840708,133.370730,-31.439203,0.208208,0.000000,0.000000,0.000000,0.882430
-2736.196683,10606.335044,-4305.302760,-49.320928,192.643255,-78.321501,0.000000,0.000000,0.000000,0.993582
1713.838531,1547.226504,214.789322,28.769018,25.897063,3.653292,0.000000,0.000000,0.000000,1.078578
211913.182010,-76876.874018,97981.456647,3532.356150,-1281.136570,1633.017691,0.000000,0.000000,0.000000,1.011073
43168744912078.937500,100951697023288.203125,93540665533488.218750,719479081868.184570,1682528283721.425293,1559011092224.796631,0.000000,0.000000,0.000000,0.860433
-12.714261,-49.935039,86.462482,0.142370,-0.966534,1.510180,0.000000,0.000000,0.000000,0.817714
17973503.275558,646092247.335847,176664298.904575,299558.489299,10768204.092140,2944404.985217,0.000000,0.000000,0.000000,0.821193
1776.817389,-3121.569020,1082.796489,29.754357,-52.119700,18.048039,0.000000,0.000000,0.000000,1.096169
428.753775,-15.575122,550.157702,7.347078,-0.169637,9.283820,0.000000,0.000000,0.000000,0.984807
-742.267074,-289.404111,-577.835597,-11.936863,-4.623714,-9.623260,0.000000,0.000000,0.000000,1.022588
401.176958,458.349229,547.042304,6.857396,7.716529,9.212867,0.000000,0.000000,0.000000,1.196130
65013593.776580,42817842.720934,44100055.334728,1083560.233320,713630.724824,735000.916615,0.000000,0.000000,0.000000,0.879180
-2468739.850285,-8747999.503636,-31438145.891677,-41145.277245,-145800.205893,-523969.098583,0.000000,0.000000,0.000000,1.108554
1473.530865,4664.990212,1114.865075,24.985621,77.558772,18.578646,0.000000,0.000000,0.000000,1.056726
350596.662493,-59636.520014,14518.769149,5843.731946,-994.052904,241.978377,0.000000,0.000000,0.000000,0.886343
-590601.445182,140775.420752,-84392.992022,-9843.110539,2346.112104,-1406.546050,0.000000,0.000000,0.000000,1.186292
-85699.753459,-16331.162387,-62131.497027,-1428.065575,-272.077543,-1035.521252,0.000000,0.000000,0.000000,1.016252
156656.480344,22918.283294,-363066.541430,2611.252523,381.936704,-6051.107578,0.000000,0.000000,0.000000,1.054678
-150536476.947648,156408156.832487,95297795.731512,-2508940.949341,2606802.665621,1588296.589887,0.000000,0.000000,0.000000,1.098557
-1565902845.190880,229658238.649147,836559961.872184,-26098380.436503,3827637.311583,13942666.023754,0.000000,0.000000,0.000000,1.112295
273185.484091,-434034.425749,-119514.732210,4553.470729,-7233.884419,-1991.910945,0.000000,0.000000,0.000000,1.155625
137594.677621,654272.593888,-49449.935386,2293.587511,10904.580678,-824.159268,0.000000,0.000000,0.000000,0.995605
-12.201318,-0.508962,23.228989,-0.041003,-0.208264,0.369017,0.000000,0.000000,0.000000,0.925170
-2386.569575,275.499047,-3982.085126,-39.539075,4.481413,-66.365283,0.000000,0.000000,0.000000,0.822204
142.704753,-2434.270591,-727.396718,2.759109,-40.429654,-12.118395,0.000000,0.000000,0.000000,1.073643
297524.203055,368101.449366,-73832.886738,4959.001693,6134.960145,-1230.552129,0.000000,0.000000,0.000000,0.872427
-411519.994687,-78258.500094,53146.843614,-6858.352159,-1304.305056,885.787867,0.000000,0.000000,0.000000,1.061290
-10633.948276,-15758.243030,-2954.784126,-177.594189,-263.337697,-49.409376,0.000000,0.000000,0.000000,1.176053
-28183716.435177,21486529.307074,65582984.962077,-472088.684571,359908.258277,1098542.473537,0.000000,0.000000,0.000000,1.129608
-21297.704921,24680.360553,50483.716005,-354.544983,411.293596,841.394491,0.000000,0.000000,0.000000,1.112493
-1825.637292,-1646.029099,646.147668,-30.030576,-27.293584,10.760864,0.000000,0.000000,0.000000,1.071082
-255.021859,-247.946632,74.236052,-3.813882,-3.965018,1.229530,0.000000,0.000000,0.000000,1.075690
137.504055,-859.027568,797.206908,2.477111,-14.278827,13.278926,0.000000,0.000000,0.000000,1.097371
-401.878460,-482.629398,96.191678,-6.567725,-8.223986,1.606175,0.000000,0.000000,0.000000,1.191502
-4243649288.033180,-742533453.427719,-861788215.429433,-70727487.798083,-12375557.534721,-14363136.924605,0.000000,0.000000,0.000000,0.803348
37813.842680,128295.462372,-71211.465446,630.804343,2138.208695,-1186.861541,0.000000,0.000000,0.000000,1.108765
-45614.332504,-307945.357026,-234678.852476,-764.943580,-5166.735194,-3937.568151,0.000000,0.000000,0.000000,0.960094
-19.679764,280.206400,1224.933833,-0.103856,4.598794,20.410486,0.000000,0.000000,0.000000,1.083925
-2344574.806273,-11965475.086383,448087.441735,-39075.998669,-199424.702127,7468.121756,0.000000,0.000000,0.000000,1.098847
-87.089302,17.050267,27.682074,-1.254864,0.196659,0.447894,0.000000,0.000000,0.000000,1.059239
240.840168,91.510253,-297.198471,4.302470,1.503776,-4.945202,0.000000,0.000000,0.000000,0.969303
1759311.168283,-14117768.427625,-23660556.343986,29322.216166,-235295.952602,-394342.606057,0.000000,0.000000,0.000000,1.140464
3.048294,32.060912,13.368581,0.210355,0.744527,0.205863,0.000000,0.000000,0.000000,1.136952
-7174.642461,11527.357804,772.368624,-119.109602,192.265800,12.879541,0.000000,0.000000,0.000000,1.129021
-889.946642,377.357314,17.774185,-14.300931,6.192266,0.303125,0.000000,0.000000,0.000000,1.174275
-83629.974896,271114.762990,63506.312464,-1393.629109,4518.593420,1058.437765,0.000000,0.000000,0.000000,0.892747
6169562.915404,-3604127.733105,34006100.806698,102826.405927,-60069.032679,566768.343572,0.000000,0.000000,0.000000,0.991313
1341157.797376,1384195.779919,991139.836576,22352.970431,23070.075019,16518.993978,0.000000,0.000000,0.000000,1.040638
29.957360,134.271142,-135.469531,0.714886,2.222138,-2.258345,0.000000,0.000000,0.000000,1.107347
-16203218.871392,13428941.763777,12277283.946833,-270053.281423,223815.881319,204621.396491,0.000000,0.000000,0.000000,1.160856
-23.922259,-3.952070,42.343343,-0.115813,0.173450,0.727228,0.000000,0.000000,0.000000,1.006083
-18.956089,6.995569,41.732177,-0.480609,0.241491,0.973456,0.000000,0.000000,0.000000,0.950264
211847.881846,41562.048644,115336.116055,3531.037951,692.669797,1922.270583,0.000000,0.000000,0.000000,1.002828
-50.460694,-8.943353,18.889692,-0.400789,-0.312180,0.328021,0.000000,0.000000,0.000000,1.126099
-258.693495,186.257995,-384.205321,-4.113423,3.284825,-6.399934,0.000000,0.000000,0.000000,1.083911
1273068129.102711,-984411332.554562,25125271.989911,21217802.596305,-16406855.661882,418754.526889,0.000000,0.000000,0.000000,0.960880
-17597856.421574,3486430.998354,4693419.985138,-293297.244494,58107.149372,78223.661030,0.000000,0.000000,0.000000,0.808571
-63.333797,-39.919272,29.348959,-0.636358,-0.723385,0.486836,0.000000,0.000000,0.000000,1.187454
-4102.290239,4054.720340,6883.173376,-68.206665,67.518550,114.715403,0.000000,0.000000,0.000000,0.916252
393100.960113,215913.867717,-272231.129370,6551.897381,3598.472787,-4537.182310,0.000000,0.000000,0.000000,0.840400
89926104.670047,-81276845.938257,26118390.210433,1498768.756400,-1354614.089414,435306.508575,0.000000,0.000000,0.000000,0.907398
19.616443,5.837784,-20.532414,0.539982,0.115421,-0.623986,0.000000,0.000000,0.000000,0.809587
-35.565565,6.511825,25.958851,-0.137413,0.320289,0.556482,0.000000,0.000000,0.000000,0.847782
-75.284829,34.590787,17.433274,-1.007277,0.550278,0.280887,0.000000,0.000000,0.000000,1.180275
-120023759.404957,-79613258.376400,-20112960.035568,-2000395.572005,-1326887.742184,-335215.997341,0.000000,0.000000,0.000000,0.998614
897.949877,5618.413147,-22.399949,15.398471,93.670589,-0.365259,0.000000,0.000000,0.000000,0.928766
1871394146.488358,-317215880.136713,690325215.821650,31189902.766986,-5286931.312530,11505420.264763,0.000000,0.000000,0.000000,0.866197
-1403397392.717434,1085186699.530886,-27695827.194868,-23389956.098073,18086444.870846,-461597.126138,0.000000,0.000000,0.000000,0.871651
-93.865292,19.313017,52.422914,-1.139606,0.139039,0.888899,0.000000,0.000000,0.000000,1.123621
419184.728480,488106.939483,-1348032.122068,6986.752303,8135.099449,-22467.195168,0.000000,0.000000,0.000000,0.863915
18955.088010,274895.106068,100759.183397,316.303805,4581.552874,1679.313680,0.000000,0.000000,0.000000,0.955058
-22931.509900,-51320.369647,35426.428493,-381.781342,-855.379760,590.434220,0.000000,0.000000,0.000000,0.834440
16.954980,4.803977,47.540461,0.194864,0.161123,1.102976,0.000000,0.000000,0.000000,1.015190
-1241.010073,-1494.697018,875.992133,-20.463725,-24.772888,14.596767,0.000000,0.000000,0.000000,1.190213
401.835781,-216.787631,215.456163,7.683280,-3.830074,3.742603,0.000000,0.000000,0.000000,1.010340
143.872564,-513.377172,146.344593,2.842199,-8.509411,2.432697,0.000000,0.000000,0.000000,0.812301
-284139.886007,-191154.201122,-127419.894658,-4735.356085,-3185.900369,-2123.666447,0.000000,0.000000,0.000000,1.025505
201.121698,815.466013,1026.246109,3.799045,13.598593,17.101156,0.000000,0.000000,0.000000,0.837771
-21906387.507171,-38893138.168970,21001770.437107,-365106.119627,-648218.977339,350029.504340,0.000000,0.000000,0.000000,1.046956
251313564.302606,-30258134.817669,55147877.899262,4188559.691594,-504302.325099,919131.301429,0.000000,0.000000,0.000000,1.066873
-49.243825,29.805634,24.316992,-0.560867,0.787595,0.204030,0.000000,0.000000,0.000000,0.984859
-175058.256692,-236452.383776,-188367.056883,-2917.401760,-3940.942001,-3139.447168,0.000000,0.000000,0.000000,0.822774
-36385188.733284,-68499674.884940,22327753.063608,-606419.472609,-1141661.223384,372129.216274,0.000000,0.000000,0.000000,1.142448
20960.379713,-18058.953814,-26136.478211,349.489702,-300.854395,-435.607495,0.000000,0.000000,0.000000,1.156151
-85.549604,-18.455002,59.744288,-1.018580,-0.358661,1.009072,0.000000,0.000000,0.000000,1.138209
71264.898511,-15126.258766,92381.552672,1203.994265,-255.633048,1560.491549,0.000000,0.000000,0.000000,0.920994
3934660.617521,-546058.852706,-2431828.029861,65907.726050,-9146.713817,-40734.147659,0.000000,0.000000,0.000000,1.097459
-39.233764,-28.497460,-36.804926,-0.265165,-0.539213,-0.721091,0.000000,0.000000,0.000000,0.962119
77126.519859,397526.398394,215155.386324,1285.788020,6625.264516,3585.916204,0.000000,0.000000,0.000000,0.825075
3572695.609824,-1632833.929472,5283281.485474,59545.176289,-27213.906609,88054.694834,0.000000,0.000000,0.000000,1.081014
4321.394271,5108.633904,3823.864209,72.262233,85.107160,63.725678,0.000000,0.000000,0.000000,1.043635
4189.661509,-40391.590635,-8374.285642,70.369247,-673.148559,-139.572064,0.000000,0.000000,0.000000,0.836206
-389815.812682,-182442.273924,238398.927841,-6496.710589,-3040.793550,3973.315249,0.000000,0.000000,0.000000,0.887222
-127.174610,-403.255687,-333.232919,-1.592638,-6.953952,-5.594021,0.000000,0.000000,0.000000,0.829103
5530814955.667015,33918003434.950489,60183498474.172768,92180249.615768,565300057.229530,1003058307.895958,0.000000,0.000000,0.000000,0.815176
892096237771.107178,610424464570.835327,-282687122951.686523,14868270629.902517,10173741076.182596,-4711452049.200404,0.000000,0.000000,0.000000,0.844437
13138254.717265,13609202.397686,-7203188.623813,218971.205178,226820.035917,-120053.150187,0.000000,0.000000,0.000000,0.928135
-333.264174,3566.321008,-3008.973850,-5.173042,59.570703,-50.147602,0.000000,0.000000,0.000000,1.174177
230774.364841,-41219.527148,14714.785899,3846.713637,-687.191324,245.243767,0.000000,0.000000,0.000000,1.045710
-73.426021,-178.160613,-66.707711,-0.848645,-3.201245,-1.108463,0.000000,0.000000,0.000000,1.160726
59311600075.126656,-74980112991.148209,-15634788187.192602,988526668.262045,-1249668549.888391,-260579803.112229,0.000000,0.000000,0.000000,1.058136
-3317.205590,368.245929,1008.119682,-54.953506,6.030036,16.796675,0.000000,0.000000,0.000000,0.846378
-27568.776500,30144.936089,22893.965861,-459.924224,503.348141,382.208474,0.000000,0.000000,0.000000,1.182231
-1169.027129,3290.980339,2602.409445,-19.105373,54.732775,43.373006,0.000000,0.000000,0.000000,1.180357
43.688391,-16.073200,62.914478,1.232419,-0.177674,1.111153,0.000000,0.000000,0.000000,1.063029
-40.811502,-44.033490,61.141722,-0.313870,-0.651487,1.003786,0.000000,0.000000,0.000000,0.848960
12.625444,-638.270070,-534.824377,0.416951,-10.785754,-8.907402,0.000000,0.000000,0.000000,0.864947
358.406098,694.551500,500.354591,6.363870,11.512568,8.331782,0.000000,0.000000,0.000000,0.999556
-22381.221286,74271.999920,157602.424856,-372.621522,1237.769633,2626.705554,0.000000,0.000000,0.000000,1.096175
-23.663201,-2.840228,53.279510,-0.004006,0.130026,0.900614,0.000000,0.000000,0.000000,0.918964
-245750.766389,99301.032691,234999.495445,-4095.331250,1655.114210,3916.661188,0.000000,0.000000,0.000000,0.885209
-61073.276524,-67351.748707,25827.667607,-1017.548560,-1122.477007,430.462574,0.000000,0.000000,0.000000,0.897048
-706.855828,-9910.313998,-229.064611,-11.526122,-164.969044,-3.810966,0.000000,0.000000,0.000000,1.000404
3647310.087738,23878794.555123,5763281.518875,60788.752759,397980.038060,96054.695063,0.000000,0.000000,0.000000,0.982238
6.298789,-45.694876,95.246385,0.390428,-0.678924,1.585167,0.000000,0.000000,0.000000,0.949265
-17625.525425,-15608.758796,9833.215567,-293.401367,-260.227372,163.883175,0.000000,0.000000,0.000000,0.999438
6.899951,-20.201737,39.294738,0.326429,-0.181935,0.697286,0.000000,0.000000,0.000000,1.144124
-55.304999,-81.995716,80.181396,-0.515588,-1.234245,1.359169,0.000000,0.000000,0.000000,0.899783
630.922056,-4868.398983,895.494143,10.968984,-81.232175,14.921951,0.000000,0.000000,0.000000,1.130132
5.788565,134.974072,89.364313,0.665911,2.242891,1.530531,0.000000,0.000000,0.000000,0.946264
-76.439442,480.401658,236.325821,-0.705800,7.921866,3.934518,0.000000,0.000000,0.000000,0.876357
1096483.851808,-2215828.024784,-1660050.842014,18305.513585,-36992.301229,-27713.696851,0.000000,0.000000,0.000000,0.992490
-4646380.907872,8217904.615117,-1829810.117892,-77439.365479,136965.047501,-30496.841843,0.000000,0.000000,0.000000,0.919839
947162.908757,166772.270843,-1921024.053623,15786.386523,2779.546397,-32017.062502,0.000000,0.000000,0.000000,0.889647
-1025558.400745,-1177617.422785,1170354.708553,-17092.357610,-19626.960522,19505.908063,0.000000,0.000000,0.000000,1.196938
12670.398511,-11731.527151,5372.365934,211.584326,-195.441245,89.534591,0.000000,0.000000,0.000000,1.077054
-6685.153362,-1726.513812,18554.543843,-111.090007,-28.873980,309.238246,0.000000,0.000000,0.000000,1.087227
623074.235899,-888698.490958,1197823.006019,10384.948999,-14811.612178,19963.718387,0.000000,0.000000,0.000000,0.873973
783.101023,2279.318895,-696.941395,13.463083,37.936639,-11.608331,0.000000,0.000000,0.000000,0.974196
-1072874.246012,-391242.212661,400916.194122,-17880.994285,-6520.660075,6681.936629,0.000000,0.000000,0.000000,0.866828
4244.213138,-4751.628889,-4804.486818,71.103224,-79.234079,-80.068672,0.000000,0.000000,0.000000,1.042817
3258.042033,9.033724,-1592.399301,54.638324,0.137579,-26.609712,0.000000,0.000000,0.000000,1.160956
-21927.179779,11304.297550,-10927.699633,-365.245183,188.446718,-182.130897,0.000000,0.000000,0.000000,0.891919
12641.540497,-26068.089040,-13462.244634,210.977167,-434.416172,-224.362597,0.000000,0.000000,0.000000,0.891456
21.482367,29.043582,-17.629722,0.647571,0.627074,-0.428193,0.000000,0.000000,0.000000,1.187455
210.449224,-108.739700,482.007301,3.700226,-1.627859,8.027773,0.000000,0.000000,0.000000,1.192895
6922687373.567507,2872253071.551394,2519191468.755442,115378123.358274,47870884.474127,41986524.486126,0.000000,0.000000,0.000000,0.976825
723996.782129,-38886.926591,-857065.048325,12066.897659,-648.130698,-14284.420222,0.000000,0.000000,0.000000,1.062141
-23.311636,99.885025,155.612221,0.070543,1.549227,2.627428,0.000000,0.000000,0.000000,1.177009
-2219894.831577,-296984.263361,4019746.278905,-36997.752459,-4949.890167,66995.774058,0.000000,0.000000,0.000000,1.186791
11705.852565,5631.037282,-1227.464585,196.548572,94.539506,-20.590375,0.000000,0.000000,0.000000,1.124175
-9672921.865873,19145964.685222,-2196245.432143,-161215.012034,319099.393280,-36604.086593,0.000000,0.000000,0.000000,1.172772
-8.228974,246.568486,167.922563,-0.033477,4.217609,2.869964,0.000000,0.000000,0.000000,0.850789
-187092.465869,-273257.068988,-109857.565475,-3117.781726,-4554.193362,-1830.965225,0.000000,0.000000,0.000000,0.985556
-6714564.312141,3922471.407238,-37009460.883711,-111909.047057,65374.285854,-616824.346809,0.000000,0.000000,0.000000,0.910865
103163.741355,6962.150117,-180225.638190,1719.706252,116.057838,-3003.759524,0.000000,0.000000,0.000000,0.940245
-37.359179,-48.393190,55.400097,-0.532189,-0.923541,1.016409,0.000000,0.000000,0.000000,1.104931
-382978.417882,-358743.820018,863547.618762,-6382.663642,-5979.109103,14392.461746,0.000000,0.000000,0.000000,1.182283
-4383.453527,4196.942882,17235.452234,-72.696146,69.883668,287.255303,0.000000,0.000000,0.000000,1.180009
-3159.193485,-4762.827678,-5269.696874,-52.284895,-79.388465,-87.826754,0.000000,0.000000,0.000000,1.101541
-40904607.273181,-299299372.968017,-95985724.626641,-681743.113438,-4988322.905846,-1599762.079008,0.000000,0.000000,0.000000,1.066494
66398.347765,-55197.372738,-15880.820015,1106.938358,-919.916667,-264.674111,0.000000,0.000000,0.000000,0.893703
335747.460155,932974.753508,110392.710182,5596.104543,15549.544692,1839.873835,0.000000,0.000000,0.000000,0.889287
-102.517313,-89.217626,-14.459746,-1.244681,-1.678636,-0.234924,0.000000,0.000000,0.000000,0.801348
-1285921.214741,653471.101288,-193366.471847,-21431.652634,10891.159651,-3222.769661,0.000000,0.000000,0.000000,0.897921
-661491.063519,102373.908361,828877.544805,-11024.562687,1706.215982,13814.618313,0.000000,0.000000,0.000000,1.125234
95348775720.250946,30693645469.274345,111198167110.284866,1589146262.376579,511560757.887784,1853302785.166852,0.000000,0.000000,0.000000,0.952242
-10116.564024,-3535.149308,8835.551341,-175.314675,-61.166572,153.487210,0.000000,0.000000,0.000000,1.137772
-159592.592118,-191694.964108,-422803.445560,-2659.540899,-3194.897128,-7046.717539,0.000000,0.000000,0.000000,1.181822
369601.168593,286136.272422,-482715.594362,6160.423147,4768.932796,-8045.256901,0.000000,0.000000,0.000000,1.053305
-36.500824,22.972264,10.933649,-0.401517,0.326165,0.138954,0.000000,0.000000,0.000000,0.944790
196408.062015,-9766.077359,594569.359353,3273.798137,-162.746275,9909.482002,0.000000,0.000000,0.000000,1.095001
10524.922054,-3673.703580,9785.068488,175.766417,-61.334565,163.079614,0.000000,0.000000,0.000000,1.041333
164520.590046,422589.642502,87605.361789,2742.403383,7043.142968,1460.081284,0.000000,0.000000,0.000000,1.159337
-41.064143,0.241252,37.211256,-0.242004,-0.117132,0.582328,0.000000,0.000000,0.000000,1.143483
16226.744080,-11941.085145,-6879.042040,270.779872,-198.791185,-114.650753,0.000000,0.000000,0.000000,0.954676
-24849.831286,-2795.160899,2222.042366,-413.659736,-46.576182,37.033998,0.000000,0.000000,0.000000,1.160653
-94.586027,460.420852,-314.992865,-1.285260,7.485454,-5.244306,0.000000,0.000000,0.000000,0.830318
-107435.187751,-118287.583085,-36668.486883,-1790.138071,-1971.458502,-611.133670,0.000000,0.000000,0.000000,1.005126
-1204306.739877,-1242979.738938,-889961.057235,-20071.434985,-20716.179977,-14832.684971,0.000000,0.000000,0.000000,1.158877
-67934.835834,-559201.183725,-468286.044413,-1131.877541,-9320.191293,-7804.766302,0.000000,0.000000,0.000000,1.020097
138559.247682,23849.484089,-43605.686566,2309.736296,397.259460,-726.766388,0.000000,0.000000,0.000000,1.037147
-8552.505642,-35348.761303,34228.436615,-142.309751,-589.260858,570.469651,0.000000,0.000000,0.000000,0.976821
-86111.722624,261360.230451,143814.172868,-1434.726185,4356.200213,2396.904591,0.000000,0.000000,0.000000,0.913593
12.224930,47.142632,17.264525,0.461524,1.005456,0.268851,0.000000,0.000000,0.000000,0.942740
-292.952269,44.512528,61.840362,-5.099796,0.980997,0.916612,0.000000,0.000000,0.000000,0.958484
-29.902795,0.964008,3.006363,-0.000857,0.209788,-0.032584,0.000000,0.000000,0.000000,1.170001
-12555.629776,1929.461718,-6765.122142,-208.931313,32.088401,-112.755939,0.000000,0.000000,0.000000,0.945104
-15098529.128351,-15640256.012819,8329265.338329,-251641.855805,-260670.934370,138821.080809,0.000000,0.000000,0.000000,0.806143
65206501.218666,-110567860.635622,11463429.255420,1086775.317049,-1842797.534655,191057.151443,0.000000,0.000000,0.000000,0.887157
1924742373.058090,2138415472.376198,-1766913179.551409,32079039.883324,35640257.897673,-29448552.988567,0.000000,0.000000,0.000000,1.031721
-2387.087745,2823.149350,-1843.339566,-39.488954,47.070876,-30.716970,0.000000,0.000000,0.000000,1.185306
110588595.497175,-112022933.918136,-32642317.541366,1843143.591000,-1867048.849913,-544038.621006,0.000000,0.000000,0.000000,0.804055
126405.886606,-55937.690762,407535.502175,2107.042970,-932.258614,6792.253186,0.000000,0.000000,0.000000,0.857400
-30525.664611,-16130.854876,5851.937800,-508.263319,-269.018188,97.529080,0.000000,0.000000,0.000000,1.172317
8586817330.515388,5753033642.322740,-658234745.965021,143113622.352658,95883893.860542,-10970579.107560,0.000000,0.000000,0.000000,0.839125
-121.209102,-360.784274,265.491698,-1.523187,-6.173912,4.437422,0.000000,0.000000,0.000000,1.044693
-7440564.969110,-120791.446198,37558099.513254,-124009.070555,-2013.167002,625968.323719,0.000000,0.000000,0.000000,1.198128
-98.860936,856.148397,-669.452214,-1.461401,14.299956,-11.158133,0.000000,0.000000,0.000000,1.184516
-1624.501548,892.446530,1312.450743,-26.728106,14.810200,21.873804,0.000000,0.000000,0.000000,0.856857
-35.566327,-43.519987,54.211093,-0.043848,-0.662552,0.953063,0.000000,0.000000,0.000000,0.962641
6375.166392,17728.102077,-2971.484406,106.555908,295.494491,-49.519309,0.000000,0.000000,0.000000,1.080431
3236665.781990,11469522.256496,41218709.378359,53944.816284,191158.488897,686978.484894,0.000000,0.000000,0.000000,0.845513
853062.073890,195453.662216,-514458.238495,14218.192060,3257.568788,-8574.300192,0.000000,0.000000,0.000000,0.911640
1264601654819.086182,-13949139760728.585938,-4046214054076.658203,21076694247.331150,-232485662678.757812,-67436900901.281952,0.000000,0.000000,0.000000,0.981403
-14.797568,-14.002444,56.385341,-0.095261,-0.133660,1.057079,0.000000,0.000000,0.000000,1.135734
-1509832.685003,-1948456.404905,2002641.560194,-25163.430950,-32474.360205,33377.363215,0.000000,0.000000,0.000000,1.089831
-6662.056075,-413.562882,2289.242471,-110.686043,-6.768077,38.157140,0.000000,0.000000,0.000000,0.947485
4657.648021,-3733.415361,1436.063201,82.751079,-65.872774,25.295635,0.000000,0.000000,0.000000,1.053785
12047618.589511,-2380236.654507,-3211328.982541,200794.001056,-39670.643927,-53522.153862,0.000000,0.000000,0.000000,1.181194
-81088.726406,16702.443527,-101577.100345,-1369.542094,282.013003,-1715.831279,0.000000,0.000000,0.000000,0.832507
-59489.931924,-495364.105160,-177225.188069,-991.395466,-8256.114519,-2953.749426,0.000000,0.000000,0.000000,1.144125
51.935855,-362.727427,-213.531642,1.032341,-6.130778,-3.574539,0.000000,0.000000,0.000000,0.819656
141680.392225,228278.941525,-280840.470893,2361.541211,3804.632450,-4680.677210,0.000000,0.000000,0.000000,0.978073
-9.090590,-33.553511,52.454931,0.323561,-0.375078,0.936194,0.000000,0.000000,0.000000,0.927466
-7540.839337,-1782.500793,-2135.917023,-125.694815,-29.642646,-35.659559,0.000000,0.000000,0.000000,1.029083
-3221.112559,2298.123738,-701.941155,-53.295772,38.435899,-11.704855,0.000000,0.000000,0.000000,1.152193
-211515.570928,5395.271130,-126894.641648,-3524.984291,89.934873,-2114.911570,0.000000,0.000000,0.000000,1.048803
-3584.808535,1487.425904,-3601.645826,-59.600781,24.689807,-60.021826,0.000000,0.000000,0.000000,1.076297
1244979.373844,8914985.646642,-2729765.563467,20750.047603,148582.934736,-45496.094036,0.000000,0.000000,0.000000,1.151527
-1006842515.659520,-3038666637.249959,-572097356.879216,-17694947.015501,-53403631.687664,-10054435.129657,0.000000,0.000000,0.000000,0.847945
-8893.523876,-12692.973963,685.207505,-147.819440,-211.400501,11.420964,0.000000,0.000000,0.000000,1.111519
-9.605889,42.810089,14.452451,-0.072234,0.771319,0.232052,0.000000,0.000000,0.000000,1.031342
-27.867926,38.300462,4.518300,-0.568793,0.898373,-0.130495,0.000000,0.000000,0.000000,0.875287
152935235.679175,97142857.769849,194520138.216420,2548920.988184,1619047.650107,3242002.308773,0.000000,0.000000,0.000000,1.119452
5949.503511,51934.417001,-74205.605654,99.432968,865.582804,-1236.754878,0.000000,0.000000,0.000000,0.832110
-59709.939590,1024822.411163,-307272.106671,-994.825223,17080.553408,-5121.196573,0.000000,0.000000,0.000000,0.968123
-33027163.338281,-39178858.257828,32276690.845432,-550452.251109,-652980.940171,537944.840165,0.000000,0.000000,0.000000,1.047359
-2163503441.440552,-2399174969.888217,1955517280.055959,-36058390.356544,-39986249.471434,32591954.669948,0.000000,0.000000,0.000000,0.925759
-142.883810,185.363091,-93.599231,-1.955307,3.380157,-1.684878,0.000000,0.000000,0.000000,0.987086
-167.343309,302.638547,387.884835,-2.577178,5.038907,6.469512,0.000000,0.000000,0.000000,1.061423
2824.013012,2247.381351,-6200.387876,47.238453,37.405421,-103.334197,0.000000,0.000000,0.000000,1.150372
4946996.333529,-129030233.392304,102451375.963545,82450.285338,-2150503.832852,1707522.924984,0.000000,0.000000,0.000000,1.190815
-295.555016,114.853400,-299.500994,-4.478033,1.921242,-5.015651,0.000000,0.000000,0.000000,0.867286
7968268.752771,-72507781.817550,26285771.495554,132804.831478,-1208463.069864,438096.192145,0.000000,0.000000,0.000000,0.840931
-157.368675,-36.875496,21.358925,-2.315014,-0.544591,0.315222,0.000000,0.000000,0.000000,0.844658
-40.454941,-40.273740,51.294554,-0.218569,-0.814551,0.962550,0.000000,0.000000,0.000000,1.021148
-35.811328,-16.935645,36.399313,-0.339025,-0.323584,0.541799,0.000000,0.000000,0.000000,0.911438
-227151.466656,69263.981922,-71332.337797,-3785.394372,1154.381125,-1188.869425,0.000000,0.000000,0.000000,1.164890
22.119186,-2987.546525,5216.704671,0.774575,-49.638763,86.937868,0.000000,0.000000,0.000000,1.065780
-55.838946,9.344022,139.814235,-0.540682,0.214868,2.324048,0.000000,0.000000,0.000000,0.818145
-104686.259762,-88870.687033,56425.274126,-1744.358750,-1481.214306,940.425380,0.000000,0.000000,0.000000,1.022969
798480.908059,-753438.004439,107497.504121,13308.402774,-12557.450570,1791.621718,0.000000,0.000000,0.000000,1.021750
2883.658690,-2524.901648,5493.821728,48.393051,-42.040534,91.557932,0.000000,0.000000,0.000000,1.128971
-4.603527,20.043447,38.107142,0.566265,0.357728,0.676695,0.000000,0.000000,0.000000,0.828819
-757.713447,5322.791758,5331.745142,-12.197339,88.702137,88.855498,0.000000,0.000000,0.000000,1.187988
-33743.106654,-4231.593806,22821.941961,-561.918629,-70.409993,380.367131,0.000000,0.000000,0.000000,0.992612
-443121386.018856,-15683899.762103,318673584.864921,-7385356.045365,-261398.524982,5311226.413784,0.000000,0.000000,0.000000,0.900015
141804691.305005,-151347338.619403,-110042447.272088,2363411.667132,-2522455.660006,-1834040.794095,0.000000,0.000000,0.000000,1.066297
-74.958511,-147.216290,184.730955,-1.103863,-2.393835,3.074543,0.000000,0.000000,0.000000,0.986453
2455.707015,1948.541566,3606.015871,41.430486,32.606722,60.096941,0.000000,0.000000,0.000000,0.865427
182169163.316683,290820920.169731,-314793806.657056,3036153.061929,4847015.309395,-5246563.445593,0.000000,0.000000,0.000000,0.898110
-79.634130,-593.654416,591.948368,-0.780915,-9.979759,9.892540,0.000000,0.000000,0.000000,0.964653
-2702.209048,-3438.248076,31168.230885,-44.731437,-57.136799,519.469528,0.000000,0.000000,0.000000,0.961394
-5734201009.612022,-2379144922.803905,-2086696815.501200,-95570016.358842,-39652415.430740,-34778280.250559,0.000000,0.000000,0.000000,1.179285
-94952.084746,-79635.359232,-14582.457492,-1582.157047,-1327.198610,-243.032814,0.000000,0.000000,0.000000,1.141455
3485.678106,3192.189959,1928.156388,58.671791,53.300003,32.240495,0.000000,0.000000,0.000000,1.005335
-205685.167236,-527887.036832,-109212.924681,-3427.690275,-8798.129127,-1820.222271,0.000000,0.000000,0.000000,0.928633
-94696.569997,49223.021874,-115005.649007,-1577.991742,820.416847,-1916.754533,0.000000,0.000000,0.000000,1.097397
-1451548.582357,-1635017.004485,589437.503424,-24192.164428,-27250.300825,9823.959918,0.000000,0.000000,0.000000,1.029214
-7229.077697,34100.271254,17973.266909,-120.220607,568.405041,299.556821,0.000000,0.000000,0.000000,0.894533
-134268.590337,53658.432696,-98993.079831,-2237.397534,894.302379,-1649.881977,0.000000,0.000000,0.000000,1.089561
987.154290,-281.093139,1786.480875,16.888938,-4.502184,29.809184,0.000000,0.000000,0.000000,1.175445
3744.512020,-4478.356338,18211.826655,62.726245,-74.484663,303.529389,0.000000,0.000000,0.000000,1.064853
-181659332086.329895,66852784085.913307,-91592999152.709625,-3027655534.290978,1114213067.948574,-1526549985.875960,0.000000,0.000000,0.000000,1.025197
-113121.057299,62737.386116,5906.948802,-1884.805411,1045.616607,98.446953,0.000000,0.000000,0.000000,1.156436
-32.276862,-44.175143,42.855607,-0.241410,-0.588972,0.753389,0.000000,0.000000,0.000000,1.031836
1361.901571,-316.875817,481.003606,23.002217,-5.254144,8.009365,0.000000,0.000000,0.000000,0.896157
3004910.592348,-2186569.651093,4151706.502454,50082.129474,-36442.835305,69195.106704,0.000000,0.000000,0.000000,1.181418
328.651018,-1750.346704,779.037848,5.940605,-29.135010,12.976843,0.000000,0.000000,0.000000,1.110292
6472.319457,6420.157532,10048.587368,108.383343,106.890794,167.470381,0.000000,0.000000,0.000000,0.887501
332031.859881,147719.078693,586841.960937,5534.166990,2461.985587,9780.695818,0.000000,0.000000,0.000000,1.039350
1522.804050,-749.484455,-2216.715155,25.633371,-12.381074,-36.937383,0.000000,0.000000,0.000000,1.039584
120838029578.054459,1027788687986.403320,-512088826390.099609,2013967159.906348,17129811466.500095,-8534813773.170730,0.000000,0.000000,0.000000,1.198868
5780.406508,-5701.542311,-23271.690720,96.699528,-95.089150,-387.855816,0.000000,0.000000,0.000000,0.871438
67.634456,7.843129,16.077681,1.551491,0.290161,0.215746,0.000000,0.000000,0.000000,1.057511
-6406.841734,12077.697215,13500.814742,-106.489408,201.334634,225.012564,0.000000,0.000000,0.000000,0.847838
-35954818042.906754,-18749549360.656536,214648333142.364807,-599246967.019529,-312492489.366828,3577472219.042420,0.000000,0.000000,0.000000,1.066998
-3.908551,-10.048368,19.865987,0.303991,-0.338630,0.355962,0.000000,0.000000,0.000000,0.847053
1477.807967,-4285.867244,-3347.093976,25.005920,-71.540748,-55.779708,0.000000,0.000000,0.000000,0.905289
121.089383,93.397429,140.743174,2.360993,1.448654,2.369751,0.000000,0.000000,0.000000,0.864598
-122603.984904,158592.765412,25350.104430,-2043.073694,2643.203109,422.493953,0.000000,0.000000,0.000000,1.022130
-18265528.132918,-86893912.678425,-130470766.338775,-304425.314462,-1448231.727355,-2174512.769474,0.000000,0.000000,0.000000,0.930288
-24747005.535244,-21730198.330925,8757991.187353,-412449.734069,-362169.874458,145966.526699,0.000000,0.000000,0.000000,1.042631
662975.414723,194512.668709,-148899.396415,11049.831534,3241.753923,-2481.657381,0.000000,0.000000,0.000000,1.096076
-4004.143547,-7857.513740,-235666.389651,-66.455584,-130.923174,-3927.772048,0.000000,0.000000,0.000000,0.948953
1768.937740,-6815.261528,3561.546981,29.595420,-113.646724,59.353381,0.000000,0.000000,0.000000,1.145340
89574.679409,494647.249426,250897.978073,1493.273473,8243.986740,4181.631265,0.000000,0.000000,0.000000,1.084248
471.481899,-417.407852,-1593.089793,8.206012,-6.877091,-26.546440,0.000000,0.000000,0.000000,1.008535
1486117790.078893,-1035274486.182713,-255872203.401489,24768630.125943,-17254574.760538,-4264536.730576,0.000000,0.000000,0.000000,0.940286
-997742.359335,-6601990.145062,-3970394.932104,-16628.535845,-110033.014551,-66173.243393,0.000000,0.000000,0.000000,1.122959
6.102242,14.158817,79.242044,0.537334,0.410767,1.476600,0.000000,0.000000,0.000000,1.034345
-12357.594723,-4240.785663,-1324.468852,-205.754663,-70.712435,-22.072953,0.000000,0.000000,0.000000,1.096461
5656030.501328,1238071.746429,-7965755.506108,94267.640957,20634.556471,-132762.592582,0.000000,0.000000,0.000000,0.922344
-3055.674380,1996.593759,-2681.357938,-50.485042,33.136708,-44.681580,0.000000,0.000000,0.000000,1.182083
-12974251.502790,-466383753.613511,-127525648.207815,-216237.423577,-7773062.586863,-2125427.465703,0.000000,0.000000,0.000000,1.137618
-14978.442241,-296401.836596,-3884.343313,-249.438758,-4940.010138,-64.738402,0.000000,0.000000,0.000000,0.977799
-25833.337079,-16302.707679,-10387.430047,-430.166030,-271.835746,-173.128057,0.000000,0.000000,0.000000,0.905500
-53.539210,21.968857,12.942261,-0.517429,0.289092,0.146358,0.000000,0.000000,0.000000,0.970647
-30853.936500,-108533.055477,-165806.225127,-526.227905,-1852.139466,-2829.575784,0.000000,0.000000,0.000000,1.041833
5117620888.746271,-101041260341.416870,-136856566509.128250,85293681.760622,-1684021005.570185,-2280942775.151720,0.000000,0.000000,0.000000,0.839044
156172.350601,-130401.381125,-239800.962209,2603.194967,-2173.330694,-3996.676211,0.000000,0.000000,0.000000,1.134157
91667525.313672,2113570673.531514,-1312977730.962559,1527792.474849,35226177.957262,-21882962.175441,0.000000,0.000000,0.000000,1.163537
-1784416.813343,-617786.681469,1069090.867363,-29739.889937,-10296.475864,17818.181905,0.000000,0.000000,0.000000,0.967401
-39.977225,-81.974338,17.801241,-0.269256,-1.342801,0.290490,0.000000,0.000000,0.000000,1.051263
114.288113,67.445144,-177.334034,2.399396,1.028549,-3.017161,0.000000,0.000000,0.000000,0.896020
267497.958155,278571.502702,60536.271395,4458.595871,4642.806338,1008.937355,0.000000,0.000000,0.000000,0.804705
-294.953397,381.827320,-262.511028,-4.559654,6.165337,-4.370134,0.000000,0.000000,0.000000,0.942999
-3134513.961048,-85384037.797364,-54884005.072350,-52241.574052,-1423067.307016,-914733.412716,0.000000,0.000000,0.000000,1.010987
-19725.273828,-15256.250029,22569.133640,-328.246117,-254.342755,376.144356,0.000000,0.000000,0.000000,0.942820
137811877166.731476,-222897188287.484985,267751507962.718689,2296864619.666075,-3714953138.099766,4462525132.716005,0.000000,0.000000,0.000000,0.962942
-5726.307008,-10100.309850,1097.767819,-95.158763,-168.312575,18.289013,0.000000,0.000000,0.000000,0.807800
79990.345910,-239122.198199,-132170.966666,1333.639725,-3985.167889,-2202.844584,0.000000,0.000000,0.000000,0.996413
88842.074077,-158683.905457,-51644.187373,1480.973305,-2644.711792,-860.736167,0.000000,0.000000,0.000000,0.931207
9366.764508,-23798.406361,-20206.590451,156.489714,-396.605425,-336.768370,0.000000,0.000000,0.000000,0.940354
-30.310116,-32.277242,14.506561,-0.076366,-0.729639,0.234147,0.000000,0.000000,0.000000,1.135388
2904827.453803,-163945.284020,-506267.078024,48414.171243,-2732.446735,-8437.787881,0.000000,0.000000,0.000000,0.883397
56751.250824,-173438.021895,-576941.079938,946.089707,-2890.565602,-9615.679428,0.000000,0.000000,0.000000,1.058488
-111416070.618401,-163891220.476902,187229430.763651,-1856934.076816,-2731520.515631,3120490.516789,0.000000,0.000000,0.000000,0.996876
181406549313.333221,10313791381.261162,-256318380408.876434,3023442488.899899,171896523.013415,-4271973006.813911,0.000000,0.000000,0.000000,1.144424
84.454667,1090.692775,1180.945413,1.757430,18.187086,19.675408,0.000000,0.000000,0.000000,0.916588
-162821112.048777,-103331445.342476,-206971463.609231,-2713684.805091,-1722190.733708,-3449524.385536,0.000000,0.000000,0.000000,1.052027
186528.399038,-74344.948798,-179631.131990,3109.316844,-1238.983623,-2993.844779,0.000000,0.000000,0.000000,1.164678
3527879991.441265,407973022.975009,718677013.717051,58798000.190162,6799550.404971,11977950.227233,0.000000,0.000000,0.000000,1.061098
-40934.327835,-16474.230249,-2123.364059,-682.006967,-274.783889,-35.381341,0.000000,0.000000,0.000000,0.951685
-3725105.060869,9386482.830624,-5881161.183113,-62084.786048,156441.434203,-98019.352196,0.000000,0.000000,0.000000,0.840609
-1400169326.983403,992053372.719073,249684254.381759,-23336155.155757,16534222.885963,4161404.232018,0.000000,0.000000,0.000000,0.988357
-3673.025264,-2689.437686,7552.143668,-61.041738,-44.872092,125.866897,0.000000,0.000000,0.000000,0.945544
-839.167169,-446.487034,-625.078424,-13.533952,-7.426697,-10.414994,0.000000,0.000000,0.000000,0.951091
-1266.621295,408.386021,-515.161400,-21.268967,6.800830,-8.787643,0.000000,0.000000,0.000000,0.839014
-18.991674,5.817116,41.472101,0.240790,0.179321,0.600996,0.000000,0.000000,0.000000,1.148896
81.619488,-1454.553462,1817.717945,1.596260,-24.345819,30.290565,0.000000,0.000000,0.000000,0.878896
-15534.196830,72586.069399,-209431.331505,-258.602121,1209.888428,-3490.513871,0.000000,0.000000,0.000000,0.907304
23572.614977,14988.662467,9590.250281,393.259953,249.682939,159.830632,0.000000,0.000000,0.000000,0.987589
11827755.991308,86941405.223664,-23332062.632818,197129.580641,1449023.442451,-388867.715479,0.000000,0.000000,0.000000,0.917638
28663.136896,101758.970544,156399.878188,489.420717,1736.457822,2668.815990,0.000000,0.000000,0.000000,1.108671
851.681655,518.648326,-122.989531,14.769661,8.683180,-2.066843,0.000000,0.000000,0.000000,0.961355
-66931.867749,-464299.794647,-9759.887844,-1115.166800,-7738.411234,-162.671228,0.000000,0.000000,0.000000,1.099488
-3653893047.848540,-6774464600.364670,-9989187068.615274,-60898217.095659,-112907743.271440,-166486451.149463,0.000000,0.000000,0.000000,0.911037
7907.417099,7371.698358,8001.176830,132.144277,122.746094,133.348974,0.000000,0.000000,0.000000,1.100910
385683288.676741,3616598848.581483,-4076836164.823351,6428055.151449,60276647.490307,-67947269.416413,0.000000,0.000000,0.000000,1.073747
121377.843866,16778.243437,3275.772772,2023.177239,279.661081,54.600401,0.000000,0.000000,0.000000,0.876352
1815.597998,764.655418,-435.605756,30.854990,12.790808,-7.363521,0.000000,0.000000,0.000000,1.178540
-240757.979367,-1791108.184431,307499.068322,-4012.293547,-29851.678791,5124.990514,0.000000,0.000000,0.000000,1.135274
193775392.599782,-201337134.677082,-122659545.110103,3229590.207339,-3355618.856999,-2044325.755927,0.000000,0.000000,0.000000,0.853435
160.387552,-433.772789,2229.545018,3.116682,-7.324056,37.152046,0.000000,0.000000,0.000000,1.128172
-10528023.469363,-78499368.727902,21190422.917370,-175466.743153,-1308322.786024,353173.709264,0.000000,0.000000,0.000000,1.014671
-1064.496816,-117.787979,366.916202,-17.381873,-1.950963,6.110803,0.000000,0.000000,0.000000,0.993887
1844.248833,-581.324083,-1571.797031,31.189935,-9.909017,-26.243731,0.000000,0.000000,0.000000,0.876248
-19286.565543,-4087.293161,6976.594937,-321.087919,-68.289693,116.269964,0.000000,0.000000,0.000000,1.118398
5610.259366,-7052.467407,8921.050900,93.938473,-117.662122,148.941409,0.000000,0.000000,0.000000,1.036875
-80.906748,49.349118,12.648992,-1.022152,0.655869,0.224015,0.000000,0.000000,0.000000,1.032530
26107117.722253,35419846.146214,-23440371.923603,435119.097539,590330.797095,-390672.870345,0.000000,0.000000,0.000000,1.126932
-2154961.077039,1692756.508064,10719866.410522,-35915.692055,28212.510394,178664.443680,0.000000,0.000000,0.000000,1.181770
-1740.165717,-1016.357099,845.990977,-28.820268,-16.879166,14.092693,0.000000,0.000000,0.000000,0.926611
-2838.818820,-8202.912520,-5774.074263,-47.028878,-136.711683,-96.233377,0.000000,0.000000,0.000000,1.080725
12109.894768,-12394.275876,11183.454389,202.222963,-206.622981,186.385565,0.000000,0.000000,0.000000,1.047504
-6786.732161,6307.564998,-3441.716528,-112.787972,105.173503,-57.363213,0.000000,0.000000,0.000000,1.180399
-1752.113201,2506.102831,1206.871551,-28.987236,41.577346,20.113250,0.000000,0.000000,0.000000,1.059858
23706518538232.726562,68997334165063.921875,-866489901465877.500000,395108642304.204041,1149955569417.757080,-14441498357764.498047,0.000000,0.000000,0.000000,0.899240
-1419197026566.184082,-2501491202678.798340,-899314255470.230103,-23653283775.767609,-41691520044.446152,-14988570924.498957,0.000000,0.000000,0.000000,0.800287
-37.924122,4.108992,39.289257,-0.137971,0.185399,0.743971,0.000000,0.000000,0.000000,1.167949
50.615004,79.638903,74.718737,1.282496,1.548027,1.488744,0.000000,0.000000,0.000000,1.038922
-315.010714,325.570965,-250.403774,-4.917250,5.319389,-4.166652,0.000000,0.000000,0.000000,1.121563
70928.578902,584799.441774,489809.324178,1182.512123,9746.481015,8163.485835,0.000000,0.000000,0.000000,0.975422
-52.346427,10.748569,39.461059,-0.563550,-0.066999,0.662993,0.000000,0.000000,0.000000,1.126032
88650.576051,221803.630955,-147127.576523,1480.374909,3702.756149,-2456.215440,0.000000,0.000000,0.000000,0.934643
996.583624,-13210.405813,-20032.853960,17.303466,-222.550996,-337.248768,0.000000,0.000000,0.000000,0.989983
6355.240396,-13622.383249,21287.529899,106.260947,-226.816123,354.787144,0.000000,0.000000,0.000000,0.937532
280839.956070,-42735.722247,-361934.371760,4680.969258,-712.260152,-6032.236722,0.000000,0.000000,0.000000,1.196614
6826.078232,-36989.075242,3005.414534,114.138325,-617.390242,50.165155,0.000000,0.000000,0.000000,0.869027
108713.493314,66963.525843,-196438.232474,1812.178090,1116.080905,-3273.963968,0.000000,0.000000,0.000000,1.141255
64.939023,2.526334,74.753889,1.466073,0.140336,1.364965,0.000000,0.000000,0.000000,0.932021
-32454.783695,87092.580534,-87458.657954,-540.498216,1451.500323,-1457.638316,0.000000,0.000000,0.000000,1.045511
-14690.300536,-16223.970801,1078.879843,-244.463810,-270.421098,17.983676,0.000000,0.000000,0.000000,1.006000
-56.188717,21.152819,30.598367,-0.683788,0.327393,0.440240,0.000000,0.000000,0.000000,1.044041
-89362027.492647,-58540318.783796,150976621.343281,-1489366.678666,-975672.002641,2516277.017944,0.000000,0.000000,0.000000,0.821489
13475.316774,-5508.187458,-1634.722067,224.895600,-91.664314,-27.238042,0.000000,0.000000,0.000000,0.842214
-3968960.508456,3020819.583069,-4995862.685031,-66149.052632,50346.983037,-83264.376094,0.000000,0.000000,0.000000,1.050042
-131.517256,38.127826,-46.311593,-2.419700,0.641052,-1.053326,0.000000,0.000000,0.000000,0.927245
-264887.067397,-486440.099748,-176008.166618,-4414.404070,-8107.328760,-2933.471081,0.000000,0.000000,0.000000,0.963850
368202903.460792,1705695346.377115,596101097.751756,6136715.438287,28428255.787053,9935018.294333,0.000000,0.000000,0.000000,0.939808
1212.005578,858.398288,4535.373449,20.440418,14.297138,75.582354,0.000000,0.000000,0.000000,1.123234
60.320082,20.160929,55.264183,1.389476,0.627209,0.949123,0.000000,0.000000,0.000000,1.194903
-11995.107846,23819.413942,-13858.565608,-199.573112,397.207991,-230.978216,0.000000,0.000000,0.000000,1.060793
-4649784924.064116,10024889858.429358,27291169209.699837,-77496414.875761,167081497.723874,454852820.165836,0.000000,0.000000,0.000000,1.196936
-2444111.349747,-8269231.698078,-2702755.178340,-40734.737182,-137820.452202,-45045.912968,0.000000,0.000000,0.000000,0.857963
-189.895436,-68.003551,58.782337,-2.818040,-1.217600,0.978079,0.000000,0.000000,0.000000,0.856542
10.716857,22.420759,35.609477,0.658037,0.192890,0.683749,0.000000,0.000000,0.000000,0.889516
12172.325122,-3451.758846,11692.224994,203.146221,-57.369573,194.868941,0.000000,0.000000,0.000000,1.197501
766491369.612458,-266109261.062708,-400037047.734150,12774856.480667,-4435154.344531,-6667284.120596,0.000000,0.000000,0.000000,1.079987
-3613542.630404,-24522255.793275,-4187334.668979,-60225.408642,-408704.305852,-69788.909820,0.000000,0.000000,0.000000,0.872782
-1938.688293,3082.270526,-347.466752,-31.854954,51.270142,-5.793031,0.000000,0.000000,0.000000,1.184339
205.274030,-1330.481280,1237.276679,3.934644,-22.070152,20.617391,0.000000,0.000000,0.000000,1.033409
-171717.898321,-225899.333672,54078.319123,-2861.646278,-3764.957500,901.298028,0.000000,0.000000,0.000000,1.034618
93106.240554,-80838.406145,-122745.262871,1552.125874,-1347.412076,-2045.751230,0.000000,0.000000,0.000000,0.850624
-6051.468960,38135.179276,7053.016446,-100.315405,635.623069,117.548034,0.000000,0.000000,0.000000,0.817141
32.147146,327.443926,-293.481250,1.061761,5.499924,-4.903148,0.000000,0.000000,0.000000,1.168598
25.554717,-35.022154,-78.856726,0.896740,-0.520922,-1.425919,0.000000,0.000000,0.000000,1.047303
-213.787251,-65.449288,343.428546,-3.029545,-1.040065,5.716888,0.000000,0.000000,0.000000,0.975596
-29.881611,178.487769,228.976926,-0.331369,2.950422,3.842465,0.000000,0.000000,0.000000,1.010250
3898613.526636,-1265632.538993,-1872190.796684,64977.178773,-21094.101017,-31203.180068,0.000000,0.000000,0.000000,1.160936
-2641686.315191,-4440556.131157,-635827.652864,-44027.661516,-74009.272764,-10597.121357,0.000000,0.000000,0.000000,0.853880
1457032.073795,1874846.986897,-1941852.838939,24284.312407,31247.359609,-32364.206625,0.000000,0.000000,0.000000,1.127411
34.508596,94.926320,119.377320,0.811343,1.622571,2.025180,0.000000,0.000000,0.000000,0.866887
-2106158.307955,-8883835.130212,2838386.035218,-35102.246429,-148064.073457,47306.431153,0.000000,0.000000,0.000000,1.069055
-41130285554945.093750,35745731757740.585938,56525492103310.156250,-685504759248.688721,595762195962.302856,942091535055.183472,0.000000,0.000000,0.000000,1.032493
1756828.678407,623866.988906,-1100294.981615,29280.863586,10397.750319,-18338.245997,0.000000,0.000000,0.000000,0.970348
106.994959,77.496294,239.868941,2.054732,1.404445,3.993338,0.000000,0.000000,0.000000,0.934396
-3841572.607109,1247339.698848,1845119.136720,-64025.918845,20788.768116,30751.983274,0.000000,0.000000,0.000000,1.178252
-38.904985,-37.456678,17.523845,-0.095939,-0.733154,0.272027,0.000000,0.000000,0.000000,0.837976
-356225.680994,1180393.363290,321381.982251,-5936.856935,19673.264220,5356.368449,0.000000,0.000000,0.000000,0.964006
-5194.611494,-6846.222276,6525.969214,-86.211494,-114.129094,108.760751,0.000000,0.000000,0.000000,1.066733
-2989429.467519,-1081142.436567,447764.690827,-49823.364550,-18018.924859,7462.750721,0.000000,0.000000,0.000000,0.941113
2719464.339060,363886.960397,-4924810.819834,45324.897823,6064.629886,-82080.172948,0.000000,0.000000,0.000000,0.968685
8069.275785,-13005.305453,-864.136343,134.951146,-216.604602,-14.395033,0.000000,0.000000,0.000000,1.003737
-99312.875191,105120.281006,26058.965817,-1654.895545,1752.021628,434.309895,0.000000,0.000000,0.000000,0.952999
-250654.000113,90873.950926,-115737.705522,-4177.090965,1514.708366,-1928.965609,0.000000,0.000000,0.000000,0.854990
-18669860.193878,-111960616.138113,-108938112.608587,-311163.978680,-1866010.265296,-1815635.205846,0.000000,0.000000,0.000000,1.055596
56.487160,58.951657,11.318887,1.067511,1.031318,0.212826,0.000000,0.000000,0.000000,0.971811
-2649.589208,-3530.799005,-3124.929710,-44.608612,-59.826862,-53.224556,0.000000,0.000000,0.000000,0.874854
2513.523069,4328.339814,5887.124271,42.256684,72.125444,98.114140,0.000000,0.000000,0.000000,1.001737
-139.084997,-1075.638715,1301.437026,-1.967639,-17.838868,21.690958,0.000000,0.000000,0.000000,1.083715
-178.807592,-669.936724,3316.982678,-2.804236,-11.227756,55.469157,0.000000,0.000000,0.000000,1.103459
-18172.310329,9759.791648,26864.077975,-302.625902,162.619115,447.734434,0.000000,0.000000,0.000000,0.884125
3166050.513394,2037797.797279,-6908317.850357,52767.887170,33963.309732,-115138.627732,0.000000,0.000000,0.000000,1.153185
17510.573259,-2154.126182,6271.952978,291.979175,-35.849866,104.535718,0.000000,0.000000,0.000000,1.091282
1472.388880,480.296869,864.954651,25.382849,8.029062,14.719236,0.000000,0.000000,0.000000,0.870198
-78961.259844,-110876.704951,32022.643892,-1315.545135,-1847.909561,533.712558,0.000000,0.000000,0.000000,0.992842
136589.841305,-17760.466433,-51465.982591,2276.869580,-295.954982,-857.759069,0.000000,0.000000,0.000000,0.934861
1463.913508,541.135974,415.607374,24.696403,8.996825,6.927826,0.000000,0.000000,0.000000,0.807511
-63.048302,-2.899908,16.465550,-0.684122,-0.229730,0.256523,0.000000,0.000000,0.000000,0.951073
3828.948892,10607.189622,4275.721393,64.257900,176.689300,71.264559,0.000000,0.000000,0.000000,0.931604
5773.056925,25680.539204,-14258.092431,96.462939,427.834298,-237.632727,0.000000,0.000000,0.000000,0.950585
-132.072584,-25.339838,118.109911,-1.825830,-0.316675,1.962976,0.000000,0.000000,0.000000,1.157927
52605.603079,-17392.846590,-6231.478727,876.996121,-289.886443,-103.855529,0.000000,0.000000,0.000000,1.015634
3939.501427,-3660.048734,-6354.561372,65.819049,-61.056827,-105.906540,0.000000,0.000000,0.000000,0.978569
9868.456557,34388.574408,-29801.835334,164.704686,573.022257,-496.696511,0.000000,0.000000,0.000000,1.049067
258.189379,475.271668,-585.048163,4.868099,7.887715,-9.781211,0.000000,0.000000,0.000000,0.930630
-1424.167840,-1202.723548,-478.720160,-23.432415,-20.033306,-7.975923,0.000000,0.000000,0.000000,1.056607
76.040153,-224.546162,1.412600,1.716745,-3.760178,-0.012888,0.000000,0.000000,0.000000,0.974102
27919.909896,29176.294268,-67.738792,465.653089,486.255960,-1.134220,0.000000,0.000000,0.000000,1.002826
-12332.796208,-769.604982,-2042.144961,-205.194614,-12.793759,-34.034977,0.000000,0.000000,0.000000,0.855105
30758378.265682,27008464.622906,-10886028.868118,512639.992646,450141.171875,-181433.806391,0.000000,0.000000,0.000000,0.838867
32233.714981,202749.806726,94537.959034,537.474921,3379.319404,1575.631087,0.000000,0.000000,0.000000,0.973391
9568.967167,16792.030779,-6129.643096,159.884759,280.009266,-102.157350,0.000000,0.000000,0.000000,1.026758
4900919413.705009,-10566234577.633425,-28764892123.463593,81681990.753321,-176103909.542970,-479414868.717857,0.000000,0.000000,0.000000,1.135614
71.996516,44.263647,68.081085,1.708343,0.833594,1.159121,0.000000,0.000000,0.000000,0.827707
32980.234202,8994.619300,7475.984076,549.930283,149.901472,124.598206,0.000000,0.000000,0.000000,0.832518
-1265537.954325,1017426.584916,95996.628074,-21091.921718,16957.278974,1599.950552,0.000000,0.000000,0.000000,1.058104
-72326.685465,219349.009214,-65758.474030,-1205.110567,3655.792456,-1095.967841,0.000000,0.000000,0.000000,0.873224
-14.661480,-42.593773,50.118139,0.557169,-0.608637,1.101041,0.000000,0.000000,0.000000,0.857006
9704.357577,10604.577261,-1630.179891,162.161017,176.723400,-27.165411,0.000000,0.000000,0.000000,1.003894
43529024267.146294,22697962929.526985,-259857804239.053528,725483738.147664,378299382.136037,-4330963403.979059,0.000000,0.000000,0.000000,0.881364
-453.793859,-16802.117481,23510.504152,-7.243429,-282.284068,395.129071,0.000000,0.000000,0.000000,1.062840
3903699041.963988,7094364902.732215,10516865595.080217,65061651.067057,118239415.112008,175281093.243239,0.000000,0.000000,0.000000,0.867158
16970.929053,97730.753823,98367.254057,283.811183,1631.599979,1642.187847,0.000000,0.000000,0.000000,1.022530
15669378.612485,-2229734.783296,14205458.250983,261156.670102,-37162.058045,236757.634033,0.000000,0.000000,0.000000,1.073452
-5484.327645,5084.583174,9283.578925,-91.030183,84.781955,154.725849,0.000000,0.000000,0.000000,0.937182
454392152.885429,-396498438.697776,-397553938.445982,7573202.828594,-6608307.153552,-6625898.970122,0.000000,0.000000,0.000000,1.090042
-3511289.312625,-1354903.561783,3309187.598029,-58521.186475,-22581.670844,55153.123904,0.000000,0.000000,0.000000,0.876130
-43.588830,-146.862383,-74.446741,-0.327784,-2.341145,-1.296053,0.000000,0.000000,0.000000,1.186175
5670.814299,-6230.624143,-13950.753767,95.388408,-104.261738,-233.667302,0.000000,0.000000,0.000000,1.198969
-261.542951,206.113414,152.093286,-3.956936,3.270447,2.527389,0.000000,0.000000,0.000000,0.953716
-10179.377449,-2608.734175,8604.457715,-169.353906,-43.555151,143.403702,0.000000,0.000000,0.000000,0.945146
-48.044970,-30.000065,40.081437,-0.456277,-0.531666,0.739520,0.000000,0.000000,0.000000,0.995258
-41993140.751376,23590858.355688,65532325.794503,-699885.328080,393180.958634,1092205.435106,0.000000,0.000000,0.000000,0.906235
-339062.425498,-406849.089970,837806.358556,-5650.697348,-6780.823669,13963.432284,0.000000,0.000000,0.000000,0.869644
-1873.235156,-1515.637910,-2657.311118,-30.713542,-25.125539,-44.284570,0.000000,0.000000,0.000000,1.153020
-14040378.755099,-7352547.668865,-6430006.610203,-234006.014657,-122542.451721,-107166.782679,0.000000,0.000000,0.000000,0.961667
-34.908778,-29.224204,0.169911,-0.072229,-0.586834,-0.219727,0.000000,0.000000,0.000000,0.891950
1960.276147,776.392033,-1254.763974,33.332260,13.204433,-21.274874,0.000000,0.000000,0.000000,1.175423
-8701.148368,-15511.117157,369.048188,-144.713233,-258.440862,6.149691,0.000000,0.000000,0.000000,1.050285
-22.001353,-47.553838,-45.695683,0.079579,-0.696237,-0.771619,0.000000,0.000000,0.000000,1.187342
-13.192628,23.685029,-4.206688,0.119517,0.147456,-0.082345,0.000000,0.000000,0.000000,1.109482
-204940.336974,215158.604224,49578.548644,-3415.456889,3585.892997,826.304291,0.000000,0.000000,0.000000,1.029596
-129.499551,-108.648971,-154.634748,-1.934964,-1.592604,-2.580109,0.000000,0.000000,0.000000,0.886542
-18391954.666648,10091384.644331,6627200.269883,-306532.227029,168189.714773,110453.341794,0.000000,0.000000,0.000000,1.003011
2043067.071151,14291689.093156,-363547.024629,34051.365009,238194.696032,-6059.119169,0.000000,0.000000,0.000000,0.905086
113660.489455,1261781.649972,1080157.908893,1894.683862,21029.676728,18002.633062,0.000000,0.000000,0.000000,1.175238
-8368.665759,5950.275109,1322.803145,-139.530458,99.417963,22.073757,0.000000,0.000000,0.000000,0.949407
27574189.106346,-1115054.279364,-5372941.351049,459570.069463,-18584.150104,-89549.029207,0.000000,0.000000,0.000000,0.877148
-1080424.527851,294731.643332,1515607.740282,-18006.801768,4912.262701,25260.120996,0.000000,0.000000,0.000000,1.138156
249.865676,-498.978827,316.887220,4.608335,-8.293427,5.283048,0.000000,0.000000,0.000000,0.852140
-1469549888137.555420,16209918286616.308594,4701798759644.802734,-24492498135.279503,270165304776.988373,78363312660.739838,0.000000,0.000000,0.000000,0.844537
-98.450945,559.701820,19.269334,-1.291003,9.425464,0.333107,0.000000,0.000000,0.000000,0.944213
-53.290527,-25.653257,23.614324,-0.727393,-0.831126,0.391039,0.000000,0.000000,0.000000,1.141452
-120910252498.337372,-1028403113602.509277,512394689686.968933,-2015170874.700006,-17140051893.313553,8539911494.779491,0.000000,0.000000,0.000000,1.198152
-799.870431,466.717165,1121.688814,-13.020280,7.600688,18.686634,0.000000,0.000000,0.000000,1.083250
-142896445.768775,69402375.079314,459678805.214448,-2381607.088067,1156706.225517,7661313.415520,0.000000,0.000000,0.000000,0.838829
106.091733,734.853274,332.517521,2.136130,13.769188,6.116075,0.000000,0.000000,0.000000,1.049758
-12.596527,-3.267597,31.389201,-0.364085,-0.173803,0.599297,0.000000,0.000000,0.000000,0.972331
-113278053250.863388,61818029534.114906,263314798710.788513,-1887967553.889420,1030300492.338153,4388579978.513722,0.000000,0.000000,0.000000,1.028063
25000.826002,90051.822852,-75134.131801,417.152303,1500.893461,-1252.232087,0.000000,0.000000,0.000000,1.000767
1265.496855,1641.871310,-3627.524282,21.391441,27.357191,-60.453228,0.000000,0.000000,0.000000,1.071612
-82.974340,283.278015,-191.949533,-0.900910,4.855889,-3.389878,0.000000,0.000000,0.000000,1.190287
257.617902,19.890698,-164.023067,4.701158,0.362646,-2.747225,0.000000,0.000000,0.000000,1.068178
-40.908619,-41.967736,2.416336,-0.476237,-0.588588,-0.009050,0.000000,0.000000,0.000000,1.161866
9972.343949,-1320.558953,-5328.995018,166.507545,-22.144419,-88.814364,0.000000,0.000000,0.000000,0.802607
34.192815,524.713160,-125.916927,0.694712,9.111218,-2.207977,0.000000,0.000000,0.000000,1.180255
-14.815068,78.270066,37.914884,-0.098309,1.567126,0.649339,0.000000,0.000000,0.000000,1.101630
12284.732288,17767.081619,4712.862866,205.047343,296.188348,78.546798,0.000000,0.000000,0.000000,0.808742
25.884934,-153.144692,-68.973096,0.616477,-2.498256,-1.140020,0.000000,0.000000,0.000000,0.820701
700784.696354,293975.882264,384616.899663,11679.988878,4899.758247,6410.284811,0.000000,0.000000,0.000000,1.085718
-403701270.374563,-3531824240.186914,4336616407.452533,-6728354.165868,-58863737.320621,72276940.119224,0.000000,0.000000,0.000000,1.041853
-361.044933,-773.301116,-324.318871,-5.828428,-13.269246,-5.518471,0.000000,0.000000,0.000000,0.995666
17.589636,5.467015,47.383217,0.895578,-0.024597,0.623986,0.000000,0.000000,0.000000,0.824760
-17.826028,40.331732,109.957241,-0.114017,0.580355,1.846883,0.000000,0.000000,0.000000,1.025234
-158571046.734250,169242695.322268,123053793.448359,-2642850.631190,2820711.569865,2050896.549436,0.000000,0.000000,0.000000,0.953551
-15679941.325091,-26331029.182224,-3895664.601440,-261332.012968,-438850.296692,-64927.739318,0.000000,0.000000,0.000000,0.888580
-577.682521,-3922.107252,451.392248,-9.409174,-65.999574,7.573999,0.000000,0.000000,0.000000,1.060313
-706490829927.373535,-483422033878.892700,223872703187.917938,-11774847165.070621,-8057033897.978215,3731211719.792493,0.000000,0.000000,0.000000,1.066283
-3420986.624694,-4443185.870022,1054272.416562,-57016.135906,-74053.059358,17571.210991,0.000000,0.000000,0.000000,1.000945
-27.341949,37.715108,3.982023,0.128816,0.260982,0.066613,0.000000,0.000000,0.000000,1.134218
3253.977194,-2224.951485,3017.945160,54.669562,-37.218199,50.301153,0.000000,0.000000,0.000000,1.075745
-923149835.590678,-94993509.563805,-182768160.980417,-15385830.310367,-1583225.247833,-3046136.020322,0.000000,0.000000,0.000000,0.868933
-140.965171,-9.486657,-35.327648,-1.830322,-0.203225,-0.580503,0.000000,0.000000,0.000000,0.962804
-553447853079.670898,94034745831.940460,211169359382.241821,-9224130884.314688,1567245763.827623,3519489323.043964,0.000000,0.000000,0.000000,0.922450
709.967110,132.319155,1624.949634,12.167830,2.326311,27.079415,0.000000,0.000000,0.000000,0.988361
2514.856013,35128.541953,126.035835,42.163961,586.568515,2.095385,0.000000,0.000000,0.000000,0.878847
-80.703717,-949.345127,-1059.175645,-0.947974,-15.872008,-17.646045,0.000000,0.000000,0.000000,1.005695
-387.480306,-648.823509,-603.934202,-6.094007,-10.794975,-10.063049,0.000000,0.000000,0.000000,0.858551
-72218.434612,-181123.598046,120040.921337,-1205.249154,-3023.903360,2004.023005,0.000000,0.000000,0.000000,1.145449
-22.363981,29.299363,-30.673964,-0.251257,0.493238,-0.554090,0.000000,0.000000,0.000000,1.039033
2641820.883550,-2070017.584798,-13116003.584179,44030.672992,-34500.390399,-218600.051448,0.000000,0.000000,0.000000,0.967435
-16297.853044,-34825.955884,46861.796980,-271.363773,-580.437571,781.026547,0.000000,0.000000,0.000000,0.960485
-426.327665,-827.590349,240.223778,-6.717650,-13.788429,4.012094,0.000000,0.000000,0.000000,1.143574
-91.896800,-214.053614,127.845146,-1.016815,-3.500681,2.130504,0.000000,0.000000,0.000000,1.168897
-277.218284,-7.604207,-219.509860,-4.161098,0.057761,-3.653323,0.000000,0.000000,0.000000,0.838668
-32924250956628.546875,-76994571511805.000000,-71342272192798.875000,-548737515943.600403,-1283242858530.135498,-1189037869879.978271,0.000000,0.000000,0.000000,1.128160
1423128.796161,2033044.672680,-261375.962425,23719.121575,33884.056300,-4356.263119,0.000000,0.000000,0.000000,0.965061
-5.300278,59.014940,62.237895,0.366388,0.782919,1.035600,0.000000,0.000000,0.000000,1.188821
104.469196,21.924893,-211.669103,2.046220,0.468083,-3.531931,0.000000,0.000000,0.000000,1.098564
-29.689019,36.913922,33.118942,-0.285173,0.403037,0.556130,0.000000,0.000000,0.000000,1.096919
332.929087,865.391523,-3774.852199,5.752251,14.444284,-63.114100,0.000000,0.000000,0.000000,1.116244
-704527.556607,-533350.355252,-659465.265622,-11741.878105,-8889.009428,-10991.080962,0.000000,0.000000,0.000000,0.936039
-13.221786,13.863248,-23.335976,0.038286,0.073872,-0.680097,0.000000,0.000000,0.000000,1.016946
-66.633933,136.218319,42.701213,-0.991381,2.271332,0.706761,0.000000,0.000000,0.000000,0.862081
-7284978160.389929,-4880821634.560584,558440457.434182,-121416302.493383,-81347027.419250,9307340.948911,0.000000,0.000000,0.000000,0.989079
3886828.006714,-4985865.211427,11673777.560794,64780.800806,-83097.738129,194562.957481,0.000000,0.000000,0.000000,1.194641
-3129184.490322,-20485093.186189,-4944468.059595,-52152.822854,-341418.086453,-82407.796824,0.000000,0.000000,0.000000,1.145137
11242.011691,4974.609942,2838.238003,189.898645,83.533078,47.541915,0.000000,0.000000,0.000000,0.863949
6489.536539,-490.626833,-3857.761045,108.510431,-8.291233,-64.289246,0.000000,0.000000,0.000000,1.021176
-28106682.253135,1136620.843336,5476739.388938,-468444.448601,18943.768422,91278.982231,0.000000,0.000000,0.000000,0.860530
-36398581.524692,2671283578.449592,-4871894191.956007,-606642.595694,44521392.791840,-81198236.532393,0.000000,0.000000,0.000000,0.853743
-47942638.789465,111051442.039164,158213045.666894,-799043.464204,1850857.259651,2636884.094877,0.000000,0.000000,0.000000,1.170574
-184.765142,-126.965137,5.130148,-2.832444,-2.125984,0.029846,0.000000,0.000000,0.000000,1.096211
1114973.126996,7377904.049712,4437112.729549,18583.388271,122965.217688,73951.881690,0.000000,0.000000,0.000000,1.004855
-5563749600.408161,-34117852787.941990,-60536743419.988823,-92729159.651955,-568630879.817475,-1008945723.671253,0.000000,0.000000,0.000000,0.810410
-2812.408905,-4901.338318,4314.320751,-46.608104,-81.610641,71.906368,0.000000,0.000000,0.000000,1.088580
-9.092183,-1007.451537,-327.009404,-0.002715,-18.536426,-6.118736,0.000000,0.000000,0.000000,1.121250
4432.477962,1334.172116,2468.335241,74.331965,22.264184,41.134127,0.000000,0.000000,0.000000,1.036524
14570.286478,22035.094724,4045.842337,243.876737,368.651002,67.656695,0.000000,0.000000,0.000000,0.857043
-34699.792106,44859.577810,-20723.251543,-578.014804,747.647807,-345.380887,0.000000,0.000000,0.000000,0.882167
-1404.432206,339.743841,-1860.081472,-23.102986,5.584003,-30.995114,0.000000,0.000000,0.000000,1.122901
206133.913304,114860.634082,-167943.993762,3435.905814,1914.313668,-2799.062159,0.000000,0.000000,0.000000,1.017835
-39.278194,10.940342,41.283094,-0.556190,0.159587,0.684744,0.000000,0.000000,0.000000,0.997220
104670.277254,59197.542959,-62510.538611,1744.701003,986.642724,-1041.838346,0.000000,0.000000,0.000000,0.847091
51204.499758,2523497.460267,-2175130.862014,853.772034,42058.474472,-36252.178038,0.000000,0.000000,0.000000,1.114930
-890187218.721338,63628080.106969,1575650284.454944,-14836453.306775,1060467.991390,26260838.077380,0.000000,0.000000,0.000000,1.122911
4839.247068,-7935.313383,3499.288528,81.055229,-132.282052,58.323016,0.000000,0.000000,0.000000,0.856832
-58562.246023,176676.094380,589842.371495,-975.801311,2944.667850,9830.705377,0.000000,0.000000,0.000000,1.035512
-428.444653,-729.845340,813.899060,-6.783850,-12.123985,13.558858,0.000000,0.000000,0.000000,0.819653
1636.601861,-1283.265574,5649.761925,27.417804,-21.293545,94.159753,0.000000,0.000000,0.000000,1.113768
-14312.375357,28453.826353,10817.648853,-238.221013,474.359205,180.297900,0.000000,0.000000,0.000000,1.090717
-2.621183,-1.330042,40.044802,0.376288,-0.309797,1.002770,0.000000,0.000000,0.000000,0.901490
-255986.765794,46295.093579,-16233.388419,-4265.965121,771.384482,-270.558709,0.000000,0.000000,0.000000,0.942367
713964814.308037,2154756421.165500,405681605.081610,12547712.561109,37869181.286659,7129729.403341,0.000000,0.000000,0.000000,1.195784
668.280035,9195.733394,269.796755,11.392336,153.456114,4.503134,0.000000,0.000000,0.000000,1.077158
4901703608.724178,984563222.828664,-5579879135.766033,81695060.435669,16409386.968556,-92997985.592166,0.000000,0.000000,0.000000,1.091971
-21673.590498,18907.279986,27567.263067,-361.072107,315.245743,459.449416,0.000000,0.000000,0.000000,1.096610
22.989815,201.252745,452.912759,0.754589,3.214095,7.543083,0.000000,0.000000,0.000000,1.192966
18955.947887,-9864.223868,10151.980412,316.133512,-164.358490,169.193723,0.000000,0.000000,0.000000,1.000032
-2485.758228,9511.716661,-4878.591748,-41.314143,158.461775,-81.311564,0.000000,0.000000,0.000000,0.824119
-116.469249,-289.404149,478.156931,-1.422150,-4.807647,7.992117,0.000000,0.000000,0.000000,0.885948
-4788.995763,10691.501339,1207.387647,-79.528458,178.236990,20.127820,0.000000,0.000000,0.000000,1.177809
154184.670657,165088.309205,109157.660528,2570.015520,2751.480979,1819.290525,0.000000,0.000000,0.000000,1.032353
-1244970.515358,-1931363.771601,948071.684417,-20749.155451,-32189.398925,15801.199200,0.000000,0.000000,0.000000,1.026992
1424742.417807,-1141179.308523,-108367.133767,23746.079935,-19019.482260,-1806.111801,0.000000,0.000000,0.000000,0.929951
-4829.731426,282221.631864,252628.908950,-80.223317,4703.749163,4210.474580,0.000000,0.000000,0.000000,0.867581
-11632.132141,11779.923572,-5376.951465,-193.451933,196.410754,-89.618179,0.000000,0.000000,0.000000,1.128076
-1453.304073,-3697.144975,3975.382678,-23.974666,-61.650916,66.249495,0.000000,0.000000,0.000000,0.870115
16864.825086,12646.767663,-19100.774747,281.584093,210.703845,-318.348654,0.000000,0.000000,0.000000,1.103878
-2658.454985,1037.391246,-1714.342573,-44.053320,17.255312,-28.573343,0.000000,0.000000,0.000000,1.171799
28.659503,25.315171,97.900866,0.675238,0.418486,1.739429,0.000000,0.000000,0.000000,0.946411
181.254058,-30.731774,-49.225145,4.414358,-0.370540,-1.299600,0.000000,0.000000,0.000000,1.035227
-385.929308,508.619468,-1256.812991,-6.031945,8.677234,-20.988030,0.000000,0.000000,0.000000,1.125308
-53.884380,40.994560,-15.170560,-0.723759,0.660220,-0.269681,0.000000,0.000000,0.000000,1.059288
-13.545117,11.209719,18.307301,0.125672,0.358448,0.209723,0.000000,0.000000,0.000000,0.870182
-130424.508646,-16984.944570,105909.358262,-2173.490004,-282.925737,1765.149969,0.000000,0.000000,0.000000,1.017779
165205796528.292358,-60797688302.254845,83297093647.677399,2753429942.617560,-1013294805.186872,1388284894.129555,0.000000,0.000000,0.000000,1.127300
-17965111827443.531250,-52287185081480.421875,656638499798581.750000,-299418530457.062317,-871453084691.314087,10943974996643.095703,0.000000,0.000000,0.000000,1.186622
-49859107.251487,84727826.613780,-8832316.119982,-830984.822036,1412130.582630,-147205.271113,0.000000,0.000000,0.000000,1.158315
-1970282.915062,-3736336.215739,-1004197.649659,-32837.698363,-62272.277125,-16736.620747,0.000000,0.000000,0.000000,1.037564
26.181760,1183.776268,-646.616735,0.948240,19.776119,-10.780970,0.000000,0.000000,0.000000,1.186762
-40838782.044445,38637040.419453,-2907038.533187,-680646.037319,643950.689511,-48450.639212,0.000000,0.000000,0.000000,0.818528
-14.704684,-42.344608,51.020221,0.013954,-0.645576,0.699896,0.000000,0.000000,0.000000,1.121757
-3077456696.423354,7004285206.106862,-5464218618.869994,-51721961.025370,117719078.950590,-91835607.048082,0.000000,0.000000,0.000000,1.073467
-62.162492,7.708139,38.452979,-0.724653,0.163843,0.666991,0.000000,0.000000,0.000000,1.014512
-16.721343,-2.459363,76.946999,0.073108,0.002936,1.489658,0.000000,0.000000,0.000000,0.943921
514.216748,1354.561274,-2825.482152,8.859416,22.739721,-47.327524,0.000000,0.000000,0.000000,1.095259
1608581.257615,667191.526705,-949018.742871,26809.965403,11119.853364,-15816.980049,0.000000,0.000000,0.000000,1.136821
1166742.361670,-379396.275092,-1618073.144899,19445.976427,-6323.201654,-26967.889152,0.000000,0.000000,0.000000,1.053030
-2526.754295,-4689.403418,3465.317934,-41.752957,-78.037126,57.750538,0.000000,0.000000,0.000000,0.824072
-2.381044,-0.543690,40.414812,0.856121,0.527306,0.433085,0.000000,0.000000,0.000000,0.835675
941301569.803744,-71621786.499488,-1692145013.760951,15688359.833735,-1193696.451932,-28202416.890053,0.000000,0.000000,0.000000,1.056174
255791.215999,-77398.089441,79141.373287,4263.644126,-1289.984836,1319.023816,0.000000,0.000000,0.000000,1.031222
454.182689,-90.703975,632.053409,7.942981,-1.489082,10.526052,0.000000,0.000000,0.000000,0.995006
163725.177251,224670.782566,177228.714309,2728.985407,3744.439513,2953.812027,0.000000,0.000000,0.000000,0.868310
-8730.810112,8424.606836,19798.909636,-145.841622,141.216430,331.646442,0.000000,0.000000,0.000000,0.841950
90011.964355,-89676.266009,4977.298526,1500.623779,-1494.550645,82.957555,0.000000,0.000000,0.000000,1.164382
14727.826523,631.407714,1007.640983,245.906384,10.511342,16.788033,0.000000,0.000000,0.000000,0.904045
206.214729,-620.006005,-474.076648,3.671434,-10.433217,-7.894543,0.000000,0.000000,0.000000,0.855006
60.135628,-1.132887,-10.552579,1.360767,-0.171774,-0.201237,0.000000,0.000000,0.000000,0.966268
-3.743278,4.500179,6.679562,0.125872,0.264514,0.084586,0.000000,0.000000,0.000000,1.128423
23.756850,-25.870592,31.325861,1.009658,-0.254028,0.458311,0.000000,0.000000,0.000000,1.066786
-12759.865814,-2163.331678,654.064517,-212.213138,-36.067046,10.895534,0.000000,0.000000,0.000000,0.982279
-81.368670,1.628031,55.364896,-1.162366,-0.197735,0.981057,0.000000,0.000000,0.000000,0.972173
493587617661.888733,-8160644361.791818,-196489545322.317932,8226460294.709579,-136010739.400926,-3274825755.364722,0.000000,0.000000,0.000000,0.907171
-83826.814561,-463525.452037,-235112.117064,-1396.750413,-7725.552673,-3918.534141,0.000000,0.000000,0.000000,1.157134
280848.349043,-298716.635369,-41761.401865,4681.016647,-4978.689469,-696.027538,0.000000,0.000000,0.000000,0.806333
3.275697,-24.139653,42.168370,0.532294,-0.424650,0.571273,0.000000,0.000000,0.000000,1.141493
10212.452941,-4426.235829,-1071.842850,170.663690,-73.809044,-17.902686,0.000000,0.000000,0.000000,0.876037
-5574.545990,-24482.904058,13668.788776,-92.662184,-408.216051,227.811374,0.000000,0.000000,0.000000,0.995454
-3748421878.270341,-878461704.393780,6313313386.342212,-62473697.678958,-14641028.484789,105221889.774211,0.000000,0.000000,0.000000,0.856559
250.498002,20981.620695,-29454.170590,4.593376,352.731952,-495.026842,0.000000,0.000000,0.000000,0.845643
8054598.461290,7669923.441105,-50586234.886269,134243.652535,127832.081094,-843103.911887,0.000000,0.000000,0.000000,0.863715
-35.404797,16.731869,44.235278,-0.435484,0.085354,0.800081,0.000000,0.000000,0.000000,1.166219
11.933048,9.018316,86.586888,0.425142,0.114342,1.619520,0.000000,0.000000,0.000000,0.816255
-6287.435174,4325.091077,-1780.632262,-110.276430,76.246696,-31.433951,0.000000,0.000000,0.000000,0.824722
-144.590567,2.344627,75.933208,-2.132671,-0.104048,1.276914,0.000000,0.000000,0.000000,1.120337
-185.566989,-450.440499,-287.470230,-3.029146,-7.775335,-4.762150,0.000000,0.000000,0.000000,1.105116
1323.642189,583.210624,-927.952771,22.376126,9.707344,-15.492905,0.000000,0.000000,0.000000,1.170362
50757339.254799,-117588754.476356,-167527250.257800,845956.168932,-1959812.680108,-2792120.834115,0.000000,0.000000,0.000000,1.105545
-12719.741263,7694.475570,-6466.532182,-211.636205,128.124255,-107.772392,0.000000,0.000000,0.000000,0.842723
-47789.274211,7928.984198,20011.566411,-795.955453,132.231994,333.527456,0.000000,0.000000,0.000000,1.182668
2582512.834245,4272810.677751,633296.154981,43042.321544,71213.502811,10554.941429,0.000000,0.000000,0.000000,0.915218
-211.896213,-1857.481647,3835.482990,-3.302714,-31.058843,64.237520,0.000000,0.000000,0.000000,0.824622
14411.916634,21078.717142,31356.676638,240.511760,351.300381,522.603110,0.000000,0.000000,0.000000,1.086065
7.957832,36.672704,3.431514,0.325955,0.851430,0.041927,0.000000,0.000000,0.000000,1.105222
16967.106375,-15034.958159,-2200.545281,283.182898,-250.581878,-36.671883,0.000000,0.000000,0.000000,1.095226
-565777803.423086,493681924.777910,494977429.441503,-9429629.774340,8228032.235783,8249623.826070,0.000000,0.000000,0.000000,0.875471
-104910557.698142,116977607.599174,-18592023.042698,-1748508.947027,1949626.799855,-309867.045163,0.000000,0.000000,0.000000,0.801765
-42.039243,28.792889,34.225271,-0.323804,0.723690,0.628509,0.000000,0.000000,0.000000,1.052456
483.450609,620.167531,-1.725200,8.286130,10.394373,-0.027784,0.000000,0.000000,0.000000,1.141113
272.000910,-1199.728631,-739.962265,4.868943,-19.959970,-12.332085,0.000000,0.000000,0.000000,1.065021
8882.230641,11498.228013,2602.294026,148.366618,191.644665,43.368223,0.000000,0.000000,0.000000,0.945873
-27.967488,-815.643559,195.034701,-0.385394,-14.146852,3.364140,0.000000,0.000000,0.000000,0.991486
158005.536762,167659.038870,15155.121983,2714.993375,2880.686724,260.380113,0.000000,0.000000,0.000000,0.958720
-86135.511075,48788.381239,-20674.848403,-1435.204894,813.163474,-344.574088,0.000000,0.000000,0.000000,1.155730
822.544160,2887.937894,-68.407805,14.039645,48.015667,-1.145169,0.000000,0.000000,0.000000,1.181506
3438594.208743,24488654.356328,4182951.455701,57310.204659,408144.192028,69715.858135,0.000000,0.000000,0.000000,0.864553
35445405161288.539062,-30805077711663.347656,-48712743222916.132812,590756752688.542358,-513417961861.097961,-811879053715.268066,0.000000,0.000000,0.000000,1.198089
9.219098,-9.638443,27.185111,0.432596,0.209646,-0.003109,0.000000,0.000000,0.000000,1.140690
8.758900,-9.580759,27.974195,0.881159,-0.334865,1.070077,0.000000,0.000000,0.000000,0.919415
-2453.218841,-1029.437720,1721.913326,-41.464742,-17.399707,29.172100,0.000000,0.000000,0.000000,0.886350
-53609.115565,68096.252116,-82519.126580,-893.117992,1135.116609,-1375.311386,0.000000,0.000000,0.000000,1.120723
-107975489.496681,109519997.897681,31852659.848556,-1799591.156091,1825333.344173,530877.667997,0.000000,0.000000,0.000000,0.822960
330390.373733,-747289.499774,160493.153509,5506.711468,-12454.754875,2674.887496,0.000000,0.000000,0.000000,1.093680
-3194.170220,2383.174879,-2071.792838,-52.927491,39.579390,-34.523205,0.000000,0.000000,0.000000,0.899880
48499.241068,325811.642379,248213.598207,814.142439,5466.766231,4164.650158,0.000000,0.000000,0.000000,0.907983
-130.847452,-23.628950,77.716884,-1.718202,-0.541397,1.323120,0.000000,0.000000,0.000000,0.871534
3856528.816246,-8483068.446164,2012054.582764,64275.794536,-141384.499005,33534.235430,0.000000,0.000000,0.000000,0.990089
-229043013.227987,74682161.328180,-122957140.091448,-3817383.214786,1244702.709422,-2049285.668280,0.000000,0.000000,0.000000,0.961192
-19304.869407,-15884.647026,-24777.746971,-321.541289,-264.899892,-412.962891,0.000000,0.000000,0.000000,1.034270
248.662268,-279.463247,322.551649,4.372047,-4.449082,5.377573,0.000000,0.000000,0.000000,0.875531
88.225357,-22.797201,0.247846,1.608866,-0.426410,-0.023536,0.000000,0.000000,0.000000,0.844017
-1193.251238,-972.992246,2231.103328,-19.366135,-16.303048,37.183543,0.000000,0.000000,0.000000,1.053551
184.452932,-270.971013,291.753966,3.425466,-4.707261,4.860543,0.000000,0.000000,0.000000,1.142860
832.136620,-1680.082457,-1171.190486,14.327478,-27.938751,-19.522851,0.000000,0.000000,0.000000,1.051468
1602725.973449,9143162.986128,10669987.249323,26712.451510,152386.028618,177833.120969,0.000000,0.000000,0.000000,1.093388
-133787.680875,-601579.787465,36465.534100,-2229.450499,-10026.286174,607.764817,0.000000,0.000000,0.000000,1.093652
113.291281,2720.723312,1803.805538,2.187372,45.329917,30.055317,0.000000,0.000000,0.000000,0.999280
343.504565,62.514263,147.895786,6.129878,0.808686,2.456355,0.000000,0.000000,0.000000,1.139585
-216504.634364,-46355.848259,-122961.983938,-3608.164775,-772.627232,-2049.361095,0.000000,0.000000,0.000000,0.980556
-6480.806102,19307.154583,7776.006998,-107.560223,321.967532,129.594317,0.000000,0.000000,0.000000,1.084633
-45.316660,-310.812356,-372.516580,-0.590937,-5.184270,-6.215556,0.000000,0.000000,0.000000,1.008290
-47751.780986,-353293.123258,-197213.708762,-795.515882,-5888.388429,-3286.898934,0.000000,0.000000,0.000000,0.913202
1292.665853,-1274.237763,222.861783,21.980939,-21.165089,3.706991,0.000000,0.000000,0.000000,1.090817
889.322006,3687.447771,1353.614565,15.071214,61.577363,22.560234,0.000000,0.000000,0.000000,0.966068
599558.264963,-1294317.971509,-179363.207614,9992.981068,-21571.924091,-2989.391129,0.000000,0.000000,0.000000,0.824455
690143.883494,-205465.820814,128446.926956,11502.638929,-3424.573679,2140.784969,0.000000,0.000000,0.000000,0.996795
-736.748542,1759.203629,-3500.319232,-11.975446,29.386173,-58.331274,0.000000,0.000000,0.000000,1.192100
-4787.354514,2808.785544,-3502.496893,-79.678520,46.896927,-58.465462,0.000000,0.000000,0.000000,1.024388
-6566281.599277,6812856.113397,-13826990.334402,-109437.691568,113547.615651,-230449.836352,0.000000,0.000000,0.000000,1.084571
-13581.531303,-3343.273295,297.010589,-227.997583,-56.496195,4.761266,0.000000,0.000000,0.000000,0.924416
-43044.044799,16287.667841,68621.198273,-717.053741,271.480735,1143.678765,0.000000,0.000000,0.000000,0.928617
7312.310604,-3133.059027,5762.035193,122.252088,-52.082216,96.027020,0.000000,0.000000,0.000000,0.808000
-18514.877224,8395.892822,-657.296125,-309.216241,140.320849,-10.990713,0.000000,0.000000,0.000000,0.956997
2468744.905620,-22990204.398541,-10325540.729774,41146.093197,-383170.059461,-172092.338501,0.000000,0.000000,0.000000,0.876427
4374.970264,335.702888,2851.303067,73.359090,5.783301,47.513748,0.000000,0.000000,0.000000,1.094605
-50.869841,40.795173,49.818426,-0.606103,0.506804,0.869955,0.000000,0.000000,0.000000,0.829318
754555608.929986,77644986.215280,149389421.970418,12575927.094898,1294083.014801,2489823.694850,0.000000,0.000000,0.000000,1.063083
14580079.237428,23349476.811240,3917609.348928,243001.660718,389158.132575,65293.492602,0.000000,0.000000,0.000000,0.959562
45951.254208,18558.428502,2452.614039,766.078699,309.090786,40.884572,0.000000,0.000000,0.000000,0.846626
212185237.033901,97150472.314773,1703886.104473,3536420.966928,1619174.528525,28398.093421,0.000000,0.000000,0.000000,0.884445
402387.887225,-5980119.362389,-1447435.281570,6706.809290,-99668.627216,-24123.917290,0.000000,0.000000,0.000000,1.077336
-16666.975781,2236.312709,-6080.829906,-277.638754,37.323121,-101.341167,0.000000,0.000000,0.000000,1.143288
-2530595.238065,5424006.118663,-5273493.518073,-42176.334814,90400.092935,-87891.551226,0.000000,0.000000,0.000000,1.163000
-2325137275.375155,-280165362.842469,604469859.710438,-38752287.627640,-4669422.791898,10074497.662885,0.000000,0.000000,0.000000,1.036448
-63.431168,-13.387374,102.090956,-0.771446,-0.376666,1.941594,0.000000,0.000000,0.000000,1.093057
11.625121,230.977644,149.964961,0.567437,3.606506,2.497007,0.000000,0.000000,0.000000,0.957869
1117627464602.914551,1969941606011.615723,708216190082.190308,18627124410.383301,32832360100.392315,11803603168.040512,0.000000,0.000000,0.000000,1.016228
12157465.211909,5196054.091634,24058882.060257,202624.749658,86600.920189,400981.367048,0.000000,0.000000,0.000000,1.159158
-283701.252976,-351013.615804,70467.874149,-4728.085156,-5850.285888,1174.459539,0.000000,0.000000,0.000000,0.914799
-2549459.387030,615965.858171,980512.741406,-42490.657918,10266.079594,16341.884036,0.000000,0.000000,0.000000,0.946914
1861.965861,1310.073063,-1474.476309,31.410886,21.700355,-24.617431,0.000000,0.000000,0.000000,1.151416
4.686857,-1426.176403,728.885273,0.588970,-23.711680,12.140677,0.000000,0.000000,0.000000,1.075848
-1456761987.040040,247626950.661204,-546157423.491396,-24279366.122111,4127115.866920,-9102623.722665,0.000000,0.000000,0.000000,1.096484
-27907274.141343,26787947.994222,920110.508082,-465120.801572,446465.839289,15335.182822,0.000000,0.000000,0.000000,0.876089
16.119293,124.132747,276.669975,0.467344,2.435198,5.049377,0.000000,0.000000,0.000000,0.852677
-4580.208556,26288.672062,1295.995395,-76.034420,438.137263,21.596020,0.000000,0.000000,0.000000,1.074863
-343.352033,-140.219632,-524.949763,-5.340302,-2.478446,-8.750533,0.000000,0.000000,0.000000,0.932659
-5662.053812,8258.685708,-10115.891189,-94.243272,137.945005,-168.864357,0.000000,0.000000,0.000000,0.968753
-32.416573,-43.168868,-34.422709,-0.508128,-1.105361,-0.871185,0.000000,0.000000,0.000000,0.955005
1812487325.134094,6558492266.702272,-3706125357.884198,30208122.399417,109308204.445826,-61768755.970517,0.000000,0.000000,0.000000,1.158609
-153458429.831450,-84966078.807634,-158314373.815925,-2557640.156321,-1416101.296277,-2638572.897677,0.000000,0.000000,0.000000,0.918582
-4150170.363220,575606.120253,2564592.592257,-69516.573952,9641.643561,42957.987264,0.000000,0.000000,0.000000,1.040780
92374.997139,18882.861974,70519.990701,1539.841063,314.821729,1175.332598,0.000000,0.000000,0.000000,0.927107
320904.182586,-55387.425385,136094.629117,5348.669889,-923.132897,2268.247077,0.000000,0.000000,0.000000,1.128084
12.175945,21.140739,-7.627527,0.517603,0.314084,-0.227938,0.000000,0.000000,0.000000,0.946045
95270.056683,13197.476602,-39373.810902,1588.184975,219.875613,-656.231154,0.000000,0.000000,0.000000,1.127063
-156.335913,10.075368,324.722660,-2.296033,0.276358,5.404648,0.000000,0.000000,0.000000,0.884658
16795276.064798,-9380720.351993,-6145190.269276,279921.614543,-156345.366331,-102419.832433,0.000000,0.000000,0.000000,1.087730
-366815723.726607,-1681577412.199996,-578485961.270318,-6113595.014174,-28026290.186188,-9641432.688319,0.000000,0.000000,0.000000,0.954176
1579504.504539,-24829196.942939,-9384522.047489,26325.416122,-413819.941371,-156408.700650,0.000000,0.000000,0.000000,1.047518
-86311103799.120255,-27748261207.902824,-100614139148.595718,-1438518396.278161,-462471020.064692,-1676902319.146167,0.000000,0.000000,0.000000,1.052604
23824.506226,20411.740289,31343.814081,397.277314,340.036201,522.390783,0.000000,0.000000,0.000000,0.834774
-2024231.359288,22282679.711154,9636466.682864,-33736.847891,371377.998637,160607.776363,0.000000,0.000000,0.000000,1.193051
28729.207763,-95703.062035,-203038.064439,479.218071,-1595.145100,-3383.962975,0.000000,0.000000,0.000000,0.850615
-26.364892,-0.129824,23.173961,-0.348387,0.064396,0.222205,0.000000,0.000000,0.000000,0.985159
-55.933638,17.030969,30.679263,-0.645888,0.092027,0.592776,0.000000,0.000000,0.000000,0.970887
-16197971.689709,5239175.250052,6309136.693990,-269965.957621,87319.715439,105152.283419,0.000000,0.000000,0.000000,0.913613
1036.137746,-1673.042693,-876.437687,17.465337,-27.892573,-14.605834,0.000000,0.000000,0.000000,0.851217
11342.121382,3686.256376,-10193.523724,197.225440,64.202804,-176.872977,0.000000,0.000000,0.000000,1.013071
47988085.977040,-44960844.705749,-69250911.562562,799801.782055,-749347.423486,-1154181.851286,0.000000,0.000000,0.000000,1.028262
2989956951.641896,-6805136320.150386,5308857562.525032,50251377.596639,-114372039.135637,89224496.839248,0.000000,0.000000,0.000000,1.104882
3889.641837,-22314.068802,-9024.320232,65.142446,-371.765629,-150.398962,0.000000,0.000000,0.000000,1.173870
-1775595.443892,-5158814.545166,258671.299015,-29593.003251,-85980.246362,4311.195361,0.000000,0.000000,0.000000,0.886806
-448707.756517,974062.387913,141498.541599,-7478.116775,16234.409806,2358.303929,0.000000,0.000000,0.000000,1.093609
96.354277,360.428175,401.658563,1.794645,5.994553,6.709772,0.000000,0.000000,0.000000,0.962762
400.985582,32.767912,-326.783818,7.121725,0.557932,-5.441167,0.000000,0.000000,0.000000,0.894744
-275878.584376,48819.731364,-11538.716787,-4597.515545,813.550118,-192.312778,0.000000,0.000000,0.000000,1.125705
-11250.539412,-11130.193745,360.530754,-187.081449,-185.516425,6.012105,0.000000,0.000000,0.000000,0.809324
28239456.488428,-21527013.022506,-65713638.845476,473023.088088,-360586.586890,-1100730.953338,0.000000,0.000000,0.000000,1.127365
60.058990,-31.513625,3.125195,1.359569,-0.432117,0.199626,0.000000,0.000000,0.000000,1.136320
1935.454526,-719.537516,45.746554,32.473452,-12.154422,0.766512,0.000000,0.000000,0.000000,0.819373
-650913.341216,475805.750471,1041498.778239,-10848.226742,7930.079301,17358.312235,0.000000,0.000000,0.000000,1.126828
-4829709078.919939,95356783343.883698,129157157502.082092,-80495151.033747,1589279722.516776,2152619291.699958,0.000000,0.000000,0.000000,0.889062
562.666901,-7923.927555,-4697.198311,9.807927,-132.069710,-78.287687,0.000000,0.000000,0.000000,1.027043
113760.593525,-222523.582145,-290811.418270,1896.316431,-3708.743948,-4846.849151,0.000000,0.000000,0.000000,1.160073
13996178.995917,-4526988.791579,-5451462.107003,233269.882820,-75449.683858,-90857.694915,0.000000,0.000000,0.000000,1.057339
17365.874272,-13719.891363,-1525.221892,290.788599,-229.504792,-25.504813,0.000000,0.000000,0.000000,0.803405
13815.856620,-2136.072216,7536.042900,230.585734,-35.669339,125.592682,0.000000,0.000000,0.000000,0.851926
-436.220117,-87.091873,-352.299563,-6.891265,-1.494247,-5.863514,0.000000,0.000000,0.000000,1.016284
-440.058432,291.194093,286.936974,-6.918517,4.699138,4.774301,0.000000,0.000000,0.000000,0.811855
-8288490.253254,75233783.386518,-27247374.309720,-138141.151511,1253896.346164,-454122.903146,0.000000,0.000000,0.000000,0.810598
-778990.321887,-182073.473606,485304.997899,-12982.676030,-3034.548957,8088.417295,0.000000,0.000000,0.000000,0.961358
-16.585977,-24.670746,36.706292,-0.196968,-0.226459,0.655987,0.000000,0.000000,0.000000,0.986693
3272.278631,-12465.447857,5257.386444,59.921846,-226.835100,95.542036,0.000000,0.000000,0.000000,0.825082
-181173.145927,-296398.227553,-1137143.264033,-3019.195687,-4939.856365,-18952.381621,0.000000,0.000000,0.000000,0.868226
-59.701665,-11.170670,4.494359,-0.627653,-0.222241,-0.054381,0.000000,0.000000,0.000000,1.153287
877.961495,1527.883181,-425.637766,14.961091,25.407213,-7.088173,0.000000,0.000000,0.000000,0.870447
1986.005611,2225.264962,2879.140720,33.240332,36.984162,47.983961,0.000000,0.000000,0.000000,0.987682
1196.154600,-1439.080215,-1359.185553,20.390609,-23.947695,-22.653307,0.000000,0.000000,0.000000,0.878281
1725.570893,-425.325949,451.894865,29.135949,-7.281212,7.530699,0.000000,0.000000,0.000000,1.176964
-368822.653233,292519.430733,-1192274.066080,-6146.663417,4875.350904,-19871.227811,0.000000,0.000000,0.000000,0.985321
3009.250058,3833.309351,-34605.176099,50.458845,64.054929,-576.745830,0.000000,0.000000,0.000000,0.864344
-106458.861940,65359.534187,106382.937196,-1773.955005,1089.216979,1773.047260,0.000000,0.000000,0.000000,0.892454
144625.518185,272591.646259,792814.737288,2493.639021,4700.162869,13669.222212,0.000000,0.000000,0.000000,1.115895
-196522936.224004,-89943489.952951,-1557829.534960,-3275381.917136,-1499058.174303,-25963.833875,0.000000,0.000000,0.000000,0.955103
-63.129990,463.559016,607.191702,-0.560109,7.707440,10.151805,0.000000,0.000000,0.000000,0.913098
-117.789995,270.328466,-70.729859,-2.022048,5.123000,-1.373940,0.000000,0.000000,0.000000,0.890366
-35.760216,60.328663,70.625175,-0.469845,1.091291,1.376811,0.000000,0.000000,0.000000,0.980274
-80053.626284,-51267.027173,-48635.052660,-1333.965913,-854.377498,-810.577040,0.000000,0.000000,0.000000,1.109128
26.464352,66.161219,-205.547444,0.651572,1.039925,-3.417796,0.000000,0.000000,0.000000,1.108792
743.340971,21.058210,906.873511,12.730342,0.430711,15.111429,0.000000,0.000000,0.000000,1.171583
-12816.588663,12932.129121,-10822.312850,-213.213436,215.478802,-180.372633,0.000000,0.000000,0.000000,1.020912
-1617.842008,-1587.955388,1113.935224,-26.722443,-26.536105,18.589550,0.000000,0.000000,0.000000,1.076698
-124282.516885,-197400.971439,245217.548008,-2071.171508,-3290.028897,4086.951637,0.000000,0.000000,0.000000,1.124017
2602162.648450,291182.603180,3526229.427344,43369.553147,4853.135150,58770.493875,0.000000,0.000000,0.000000,1.142295
1174.604100,834.691791,-296.090031,19.925164,14.018417,-4.932232,0.000000,0.000000,0.000000,0.864710
5642344.155432,-6092599.381844,1858429.554880,94039.364201,-101543.265694,30973.825649,0.000000,0.000000,0.000000,1.100182
-80.649989,-12.474517,-13.243478,-1.392370,-0.092000,-0.002084,0.000000,0.000000,0.000000,0.897377
-32.709614,32.138557,-9.410693,-0.157676,0.498010,-0.207762,0.000000,0.000000,0.000000,1.039522
400538.629156,265187.307434,-44307.164810,6676.018892,4419.791156,-738.453806,0.000000,0.000000,0.000000,1.185663
-20.822470,12.372750,37.888075,0.247770,0.196095,0.698496,0.000000,0.000000,0.000000,0.833635
-716349068.854640,248546838.396142,373740545.338290,-11939150.824197,4142447.312102,6229009.095754,0.000000,0.000000,0.000000,1.155855
11226.902146,-4523.231689,3042.990581,187.431447,-75.336592,50.713132,0.000000,0.000000,0.000000,1.125171
-1209.182882,403.047461,380.786951,-20.902537,6.782916,6.436966,0.000000,0.000000,0.000000,0.805200
15.625791,-260.218080,-162.058772,-0.081864,-4.531514,-2.692407,0.000000,0.000000,0.000000,1.010085
-1175.646617,3230.875109,-2015.679908,-20.125577,54.165727,-33.760262,0.000000,0.000000,0.000000,1.094638
-486.772386,-433.134767,162.722775,-8.372038,-7.379677,2.729773,0.000000,0.000000,0.000000,1.078279
2057292026.359081,524112824.723851,7623178269.458213,34288200.114468,8735213.754954,127052971.160069,0.000000,0.000000,0.000000,1.152899
-2450.619368,-5063.025521,-350.978447,-41.120378,-84.216834,-5.855811,0.000000,0.000000,0.000000,1.085728
-2199.243768,-498.119270,390.906708,-36.804117,-8.256789,6.511022,0.000000,0.000000,0.000000,0.848772
6.262453,48.443856,-51.347543,-0.329998,0.785881,-0.895890,0.000000,0.000000,0.000000,0.980531
-308.951593,-516.209318,405.245488,-5.330423,-8.656348,6.749684,0.000000,0.000000,0.000000,1.000139
-6645279.889557,1571130.377854,-17824992.060644,-110755.031668,26185.509167,-297083.195816,0.000000,0.000000,0.000000,1.010837
12617952.597809,17701754.231355,-15080306.274825,210298.923957,295029.178107,-251338.441747,0.000000,0.000000,0.000000,0.954164
-14370.313053,6246.809398,12949.085054,-239.951664,104.103487,215.812462,0.000000,0.000000,0.000000,1.044827
40.210528,-156.859099,68.401638,0.545901,-2.556430,1.132836,0.000000,0.000000,0.000000,0.940580
-165989709.469880,-278093743.957261,7206936.238842,-2766495.475657,-4634895.720654,120115.608429,0.000000,0.000000,0.000000,0.898207
781.935904,1291.992705,-549.333222,12.981422,21.839578,-9.234246,0.000000,0.000000,0.000000,0.966543
-268387.672624,21703.746683,174379.844529,-4473.438153,361.842448,2906.332160,0.000000,0.000000,0.000000,1.179068
11.150608,78.905685,-26.897745,-0.215292,1.284286,-0.438836,0.000000,0.000000,0.000000,1.143497
1.917950,13.877720,0.746582,-0.549343,0.164759,0.001208,0.000000,0.000000,0.000000,1.020994
150.995628,-154.992242,-178.786890,2.323839,-2.502417,-3.035816,0.000000,0.000000,0.000000,1.156391
-12.593269,-937.562799,-1468.342208,-0.348199,-15.696735,-24.465473,0.000000,0.000000,0.000000,0.965299
15290.837507,-6099.164199,1159.231421,254.395553,-101.499693,19.326692,0.000000,0.000000,0.000000,1.030297
43665.678641,-77639.663203,-37151.800633,727.406989,-1293.899735,-619.199180,0.000000,0.000000,0.000000,1.162622
-174.685329,72.229834,114.270847,-3.430084,1.176279,1.887425,0.000000,0.000000,0.000000,0.963892
36199.154849,61217.402762,5306.593826,602.859634,1020.169077,88.443465,0.000000,0.000000,0.000000,0.803676
-77188.432278,-45624.046737,-15751.617504,-1286.833231,-760.471407,-262.521295,0.000000,0.000000,0.000000,0.978531
-58.729674,85.451333,70.455254,-1.409351,1.345290,1.270788,0.000000,0.000000,0.000000,1.185931
-471.718492,-524.163700,-152.465789,-8.135977,-8.896473,-2.581869,0.000000,0.000000,0.000000,0.975066
-225973.826908,94398.749480,174403.806684,-3779.322855,1578.444210,2916.448997,0.000000,0.000000,0.000000,1.173821
46.728133,24.680276,-66.889989,0.510942,0.513721,-1.132069,0.000000,0.000000,0.000000,0.806426
30.094220,329.350203,42.455079,0.183921,5.626165,0.770807,0.000000,0.000000,0.000000,0.906176
564396.721656,363225.452760,-18153.481704,9406.389776,6053.716840,-302.564245,0.000000,0.000000,0.000000,1.158930
622.535315,-193.314792,155.356392,10.106530,-3.388213,2.604452,0.000000,0.000000,0.000000,1.161871
-2733.109265,-3135.947347,-912.519450,-45.851367,-52.123705,-15.202122,0.000000,0.000000,0.000000,0.996467
-1131035.713356,627919.196733,-348017.874944,-18851.100831,10465.277888,-5800.303433,0.000000,0.000000,0.000000,1.113007
-965696868396.243042,1553286954429.428711,1449287006268.351074,-16094947806.897778,25888115906.960232,24154783437.801323,0.000000,0.000000,0.000000,1.103689
-2910.723101,2441.720213,-1049.046751,-48.859270,40.908734,-17.486475,0.000000,0.000000,0.000000,1.034387
-206894.053759,-396639.216257,76557.776057,-3448.583616,-6610.638508,1275.967361,0.000000,0.000000,0.000000,0.951720
121205.898237,7579.143352,166609.491666,2019.855931,126.408537,2776.816951,0.000000,0.000000,0.000000,0.850262
3753.188804,2349.802570,-624.783490,62.040655,39.071228,-10.414191,0.000000,0.000000,0.000000,1.178905
2416.420083,236.397460,1229.295340,40.016878,3.844840,20.487506,0.000000,0.000000,0.000000,1.132187
28976.475097,153768.415950,-85299.813185,482.616848,2562.809828,-1421.655527,0.000000,0.000000,0.000000,0.821755
-180128.029484,-74427.864424,129625.186320,-3002.493296,-1240.423067,2160.423040,0.000000,0.000000,0.000000,0.979187
51.460806,22.814282,-39.034916,0.348422,0.372076,-0.864580,0.000000,0.000000,0.000000,0.852776
373.710110,-125.315020,578.856652,5.917553,-2.170939,9.646420,0.000000,0.000000,0.000000,1.154541
447.892054,262.283002,2897.196753,7.162720,4.395077,48.283885,0.000000,0.000000,0.000000,1.067602
132.642225,2.694582,-1269.477300,1.788120,-0.094059,-21.149810,0.000000,0.000000,0.000000,1.154992
-6518.780287,6110.882998,2381.168811,-109.161948,101.767672,39.684667,0.000000,0.000000,0.000000,1.042995
-12524447.410228,-4303806.519656,-2863008.224064,-208741.055191,-71730.343791,-47716.806188,0.000000,0.000000,0.000000,1.020038
30.117680,20.563157,-27.055113,0.235989,0.513074,-0.477341,0.000000,0.000000,0.000000,1.137709
641.057100,-2329.171173,1993.113088,10.303033,-38.960036,33.382524,0.000000,0.000000,0.000000,1.042319
-53.852398,-269.284928,682.234407,-1.061210,-4.586473,11.365862,0.000000,0.000000,0.000000,1.125389
-7471523.811984,-5085623.929132,-425238.036058,-124525.484669,-84760.442591,-7087.294235,0.000000,0.000000,0.000000,0.894271
6424.248139,860.308271,-997.992366,107.101866,14.221852,-16.677975,0.000000,0.000000,0.000000,1.128531
392655.666587,7672149.499135,-3552837.694032,6543.862986,127869.360011,-59213.956733,0.000000,0.000000,0.000000,0.968596
295.275666,5440.606559,1497.294221,4.487002,90.782717,24.947010,0.000000,0.000000,0.000000,0.924299
271503132.888853,118747447.166638,114919459.402341,4525051.836804,1979124.275643,1915324.330191,0.000000,0.000000,0.000000,1.078567
-761864.506426,944489.302330,2052733.438729,-12697.897781,15741.378912,34212.218312,0.000000,0.000000,0.000000,0.911689
472.157981,21224.728432,-3232.560710,7.627544,353.826712,-53.882450,0.000000,0.000000,0.000000,1.111671
-167904.051706,117816.270344,39202.118797,-2798.735203,1963.595855,653.369745,0.000000,0.000000,0.000000,1.044103
-21.471017,-67.662289,-243.947044,-0.777481,-1.308906,-4.149912,0.000000,0.000000,0.000000,0.835333
-33.374375,21.996086,88.163678,-1.201788,0.386895,1.629237,0.000000,0.000000,0.000000,0.826927
863.840476,-1288.155974,486.322041,13.909689,-21.327963,8.098478,0.000000,0.000000,0.000000,0.975929
-1227.377867,1876.221948,2332.224423,-20.697500,31.339401,38.867114,0.000000,0.000000,0.000000,0.855713
-795.211469,1717.842061,-525.884283,-13.738259,28.601881,-8.757470,0.000000,0.000000,0.000000,0.998780
109.005585,44.386895,-51.227368,1.525841,0.551309,-0.891222,0.000000,0.000000,0.000000,0.849696
-16313342.114274,11406819.820213,-845847.726225,-272798.653751,190749.510825,-14144.581505,0.000000,0.000000,0.000000,1.170608
-945.271917,-8821.221339,5405.661936,-15.976320,-147.251091,90.245781,0.000000,0.000000,0.000000,0.841411
2919.232524,-20241.594859,-17106.920299,48.078673,-337.345936,-285.117698,0.000000,0.000000,0.000000,0.817673
-28045672.898027,39873226.929958,-79129728.366197,-467428.158877,664553.684518,-1318828.798473,0.000000,0.000000,0.000000,0.877842
-61037.917075,113079.163337,-297985.108862,-1017.572556,1884.608214,-4966.414166,0.000000,0.000000,0.000000,1.130582
2033341.446809,-137376.942670,1637117.095088,33888.799281,-2289.815798,27285.280266,0.000000,0.000000,0.000000,0.804761
49.457269,-14.615936,-24.200677,0.068714,-0.418417,-0.205554,0.000000,0.000000,0.000000,0.971646
8965.375967,6644.798612,-4175.095938,149.162138,110.848823,-69.585731,0.000000,0.000000,0.000000,1.175206
1233828.462640,-1693396.354956,-674823.330520,20563.426841,-28223.423211,-11247.052779,0.000000,0.000000,0.000000,0.895610
153354.031870,136642.371513,56622.953223,2555.530799,2277.407594,943.721107,0.000000,0.000000,0.000000,1.124766
-277195.254096,-125241.602540,-8578.227941,-4620.147644,-2087.377706,-142.967776,0.000000,0.000000,0.000000,0.917030
-195011.931629,1629522.455067,-1485543.971979,-3250.486222,27158.740816,-24759.058774,0.000000,0.000000,0.000000,1.110419
77155.865170,-531142.458990,-38713.983862,1285.678847,-8852.167763,-645.237536,0.000000,0.000000,0.000000,1.182938
105.214297,1715.135018,2047.614656,1.351598,28.537350,34.120265,0.000000,0.000000,0.000000,0.870615
11323216.042203,13546272.249969,2071765.112349,188719.915474,225771.199072,34529.413186,0.000000,0.000000,0.000000,1.124942
-84465299.240300,-56162677.145025,-60573514.425047,-1407755.326409,-936044.612770,-1009558.577031,0.000000,0.000000,0.000000,1.097224
18.869544,31.007182,159.427539,-0.001461,0.502663,3.089326,0.000000,0.000000,0.000000,0.936291
78.437530,519.921028,1540.097392,0.964202,8.843859,25.844657,0.000000,0.000000,0.000000,0.816094
5771.129147,619.936525,-6953.014708,95.953902,10.382507,-115.881538,0.000000,0.000000,0.000000,1.110992
9482.880144,1565.597582,15775.083127,157.682327,26.191241,262.916290,0.000000,0.000000,0.000000,0.993451
27.561511,-1508.299104,954.850082,0.139127,-24.955097,15.916769,0.000000,0.000000,0.000000,1.003036
-1769493.850240,2335930.220165,-480280.085179,-29491.738205,38932.192617,-8004.660019,0.000000,0.000000,0.000000,1.101751
11880573.659854,11162973.909379,753023.907049,198009.197477,186049.551792,12550.406315,0.000000,0.000000,0.000000,0.997930
-79044.451458,-74324.927930,5586.623252,-1317.760817,-1238.727693,93.103616,0.000000,0.000000,0.000000,0.882918
187463.153171,-115038.161888,-172418.628078,3124.029341,-1917.316887,-2873.643478,0.000000,0.000000,0.000000,1.040275
2440.746478,4335.380466,1444.900659,40.193036,72.163894,24.077565,0.000000,0.000000,0.000000,0.822449
-96.743151,-15.870513,-53.150927,-2.136878,-0.530013,-0.868764,0.000000,0.000000,0.000000,1.015110
231207.419678,8340294.397937,16344486.765477,3853.130079,139004.860830,272408.114143,0.000000,0.000000,0.000000,0.835719
53.290389,29.099831,-52.497607,0.410914,0.592803,-0.928188,0.000000,0.000000,0.000000,0.874795
-21294987.141356,24609564.505538,-3663654.372063,-354916.778444,410159.430220,-61060.899105,0.000000,0.000000,0.000000,0.843767
51.180232,21.893916,-39.040830,0.753659,0.115292,-0.588160,0.000000,0.000000,0.000000,1.158408
-88.711175,237.812140,184.941916,-1.994546,3.869937,3.141345,0.000000,0.000000,0.000000,0.820242
39477426.279976,-47571188.276607,-1662392.238472,657956.660866,-792852.988069,-27706.530516,0.000000,0.000000,0.000000,1.047587
492.410226,268.627627,33.100935,8.041227,4.396088,0.557537,0.000000,0.000000,0.000000,1.193608
-10906.467334,-7340.492362,-3707.165911,-182.155356,-122.243041,-61.780750,0.000000,0.000000,0.000000,0.839774
-825866.395283,-128177431.559670,-136394485.238001,-13764.645197,-2136290.463218,-2273241.418740,0.000000,0.000000,0.000000,0.802157
17.981855,-23.378884,28.411972,0.023701,-0.316974,0.609397,0.000000,0.000000,0.000000,0.810005
2337.025920,-1813.025498,3718.595669,39.042808,-30.564673,62.678394,0.000000,0.000000,0.000000,1.156415
-14247720.427002,18390608.966249,57496141.057544,-237462.579726,306510.126280,958269.013078,0.000000,0.000000,0.000000,1.178320
-49630470730.035164,-72173742006.896240,25252655638.016300,-827174512.512131,-1202895700.112348,420877593.973133,0.000000,0.000000,0.000000,0.849203
88.671302,-16.952882,19.650984,1.082043,-0.164025,0.331075,0.000000,0.000000,0.000000,0.811737
-21627.687824,8294.818233,-7673.191643,-360.747637,138.226557,-127.891140,0.000000,0.000000,0.000000,1.007577
1527.833562,156403.297762,-92178.509571,25.081966,2606.664319,-1536.301667,0.000000,0.000000,0.000000,0.907589
10127.725714,-16387.667592,-190843.933979,168.508348,-272.986988,-3180.731147,0.000000,0.000000,0.000000,1.118950
6.365647,-24.725838,-16.799579,0.026460,-0.433835,-0.222463,0.000000,0.000000,0.000000,1.058072
-2699.785812,-5752.397529,-706.059569,-45.345529,-95.688622,-11.767760,0.000000,0.000000,0.000000,0.979610
10772.935859,-3261.199118,-169138.541447,179.094905,-54.417165,-2818.971863,0.000000,0.000000,0.000000,1.015808
-2499.883655,-5167.480871,1302.197276,-41.955002,-86.312124,21.697174,0.000000,0.000000,0.000000,1.172563
-140346.571848,-65020.706704,158733.504644,-2339.359243,-1083.847034,2645.555774,0.000000,0.000000,0.000000,0.963067
61643.237375,10376.165124,13886.732082,1027.071769,172.919026,231.446462,0.000000,0.000000,0.000000,0.931933
-185.726614,-44.227948,709.689041,-3.382078,-0.721553,11.833794,0.000000,0.000000,0.000000,0.810177
-60548.642487,311802.156084,-178486.357610,-1009.459806,5196.788185,-2974.775526,0.000000,0.000000,0.000000,1.048074
153.158098,18103.620131,5622.370393,2.263091,301.929336,93.707954,0.000000,0.000000,0.000000,1.088974
-31499380.895892,-33295245.020444,-71724384.645310,-524989.993011,-554920.782492,-1195406.403687,0.000000,0.000000,0.000000,1.149844
-40.486939,-310.940374,-154.086827,-1.053613,-5.276995,-2.574884,0.000000,0.000000,0.000000,1.190474
-264.919136,265.933164,4835.097556,-4.760572,4.468683,80.576857,0.000000,0.000000,0.000000,0.941091
3217.705987,-965.096107,2512.119879,53.195558,-16.065058,41.863056,0.000000,0.000000,0.000000,1.111548
-8112648965030.059570,-7638779075792.592773,5083759656700.503906,-135210816084.300140,-127312984596.623734,84729327611.681351,0.000000,0.000000,0.000000,0.909709
3592417017.228594,-3072709004.307782,183703773.666879,59873616.576093,-51211816.723662,3061729.565287,0.000000,0.000000,0.000000,0.810550
-131.089931,-158.812164,130.540062,-2.542696,-2.710385,2.187062,0.000000,0.000000,0.000000,1.023740
2142.484520,-8759.349873,4721.039662,35.336971,-146.133716,78.683695,0.000000,0.000000,0.000000,0.920904
-718.729318,-25840.647893,8700.114189,-12.304269,-430.630846,145.000560,0.000000,0.000000,0.000000,1.139613
11219.711062,-10001.178396,-3573.925796,186.792117,-166.820359,-59.564435,0.000000,0.000000,0.000000,0.804975
-26585038240.107418,5215640188.090106,21810819260.648441,-443083970.993720,86927336.449994,363513654.343281,0.000000,0.000000,0.000000,0.889098
31942.839262,20427.359143,6118.499754,532.201472,340.557326,101.966793,0.000000,0.000000,0.000000,1.009288
60536.079844,25147.377369,61895.007282,1013.775861,421.311324,1036.758221,0.000000,0.000000,0.000000,1.077554
28768510.528701,17297173.285375,-18018029.899828,479474.844396,288286.230883,-300300.490513,0.000000,0.000000,0.000000,0.998451
273479.035665,-1409066.311814,-1567851.386926,4557.858520,-23484.546197,-26130.860469,0.000000,0.000000,0.000000,0.870427
7593800.959885,5168803.591053,432135.920737,126563.257284,86146.679857,7202.271470,0.000000,0.000000,0.000000,0.879874
-12728.841698,3682.413782,1539.610751,-212.355704,61.266066,25.657628,0.000000,0.000000,0.000000,1.180466
-580646.894244,402981.064098,1978320.650376,-9677.591573,6716.213168,32972.003518,0.000000,0.000000,0.000000,1.041296
-48638.628056,2218.006616,-17894.783381,-810.794029,36.859002,-298.244930,0.000000,0.000000,0.000000,0.901040
915258.364879,579743.580830,954140.707335,15253.977581,9662.401829,15902.339519,0.000000,0.000000,0.000000,0.921799
-76142.858364,40683.574991,16693.561968,-1269.413468,677.985240,278.230910,0.000000,0.000000,0.000000,0.931945
-573.451339,331.354937,419.396452,-10.235921,5.451076,7.180953,0.000000,0.000000,0.000000,1.171765
-3676.091878,20522.981757,22148.312470,-62.085589,344.395495,371.622962,0.000000,0.000000,0.000000,0.932916
24.460665,51.610954,29.623201,-0.016979,0.855615,0.530660,0.000000,0.000000,0.000000,0.856158
83783702.461075,-51572081.778333,-32374196.217572,1396394.717880,-859534.702715,-539569.929254,0.000000,0.000000,0.000000,0.805981
-11.991256,260.250763,89.254494,-0.540620,4.134562,1.487474,0.000000,0.000000,0.000000,1.002399
-319324.518154,-6218522.878540,2880970.686603,-5322.473189,-103641.841629,48016.180789,0.000000,0.000000,0.000000,1.194210
-24366984.107056,-50084898.841527,-80955877.435086,-406116.810784,-834748.511237,-1349264.622569,0.000000,0.000000,0.000000,0.848603
687448.538675,-477055.553498,-2342858.924365,11457.330725,-7951.062693,-39047.650664,0.000000,0.000000,0.000000,0.879236
271044.947713,138663.266960,9590.304146,4517.182861,2311.033979,159.840922,0.000000,0.000000,0.000000,0.914770
-135.527826,150.604012,-390.510424,-2.532526,2.498439,-6.716700,0.000000,0.000000,0.000000,0.803288
873.537053,-408.731409,-434.099356,14.209268,-6.902776,-7.301198,0.000000,0.000000,0.000000,1.033023
14.472376,-48.407317,5.809143,0.118871,-0.936850,0.154554,0.000000,0.000000,0.000000,0.957055
-52.403960,3.070064,-0.312041,-1.539818,0.058110,0.044835,0.000000,0.000000,0.000000,0.870589
-24540.423431,-51373.608252,-104289.778060,-409.263697,-856.185942,-1738.159934,0.000000,0.000000,0.000000,0.856782
-769.096079,-2265.937748,-275.695159,-13.261243,-37.554901,-4.597973,0.000000,0.000000,0.000000,1.008505
-5727.072164,1055.058175,-9795.163554,-95.627260,17.398492,-163.252917,0.000000,0.000000,0.000000,1.051318
44641040.942043,50074299.230019,2947108.800299,744017.152493,834571.513892,49118.479535,0.000000,0.000000,0.000000,0.829319
36095.347574,52211.351521,-1174.502246,601.038502,870.079622,-19.568599,0.000000,0.000000,0.000000,1.105101
-296847270.869370,-26985200.511019,-650702215.303849,-4947454.678473,-449753.374471,-10845036.921731,0.000000,0.000000,0.000000,0.803975
960258.108625,-804601.357701,-48687.393818,16004.086805,-13410.027554,-811.450974,0.000000,0.000000,0.000000,1.156677
128921316.063868,-150652936.481278,-137244886.185968,2148688.240926,-2510882.257314,-2287414.774833,0.000000,0.000000,0.000000,1.087580
2570609.158010,31107067.610378,-43831191.826614,42843.176435,518451.181025,-730519.866194,0.000000,0.000000,0.000000,0.835413
-46288.071680,-4439845.508793,3630420.822083,-771.794651,-73997.533839,60507.007349,0.000000,0.000000,0.000000,1.076250
382453.108956,-78265.516527,-548490.951593,6373.792007,-1304.383289,-9141.517769,0.000000,0.000000,0.000000,0.854089
113312.745940,-332964.764687,31332.619122,1891.233480,-5558.703309,523.090832,0.000000,0.000000,0.000000,0.978424
100.910380,-25.364800,73.991948,1.412026,-0.397909,1.243246,0.000000,0.000000,0.000000,0.814313
-1271359.197012,-715242.904226,533236.544983,-21189.806684,-11920.600408,8887.279883,0.000000,0.000000,0.000000,1.156732
86363737.380178,-904279.933412,-185630731.657536,1439395.327890,-15071.422456,-3093845.525244,0.000000,0.000000,0.000000,0.967532
-746079.760495,-309438.137766,2453.115301,-12434.899943,-5157.519753,40.879164,0.000000,0.000000,0.000000,0.841535
-1332.492058,-155.792622,-123.077035,-22.552220,-2.679988,-2.058332,0.000000,0.000000,0.000000,0.832770
-359.732937,-723.419528,680.923334,-6.323366,-12.136390,11.345042,0.000000,0.000000,0.000000,1.098945
16129.980566,97403.591310,62259.632255,268.438976,1623.450454,1037.653417,0.000000,0.000000,0.000000,1.004478
-502270.121272,-862512.132444,-368650.248933,-8371.508712,-14375.207441,-6144.168084,0.000000,0.000000,0.000000,0.917441
3920336.937328,-1859726.668809,2223713.684122,65338.497646,-30995.461756,37061.887411,0.000000,0.000000,0.000000,0.876738
82.281594,68.826639,-2.097883,0.983329,1.428196,0.016642,0.000000,0.000000,0.000000,0.966446
-192548025.444914,406789060.002618,440330328.149042,-3209134.041913,6779817.625009,7338838.798583,0.000000,0.000000,0.000000,1.117363
35210681.906016,37218264.156109,80154785.181692,586844.385475,620304.368816,1335913.089911,0.000000,0.000000,0.000000,1.028863
-1076033.311185,-17983747.418900,35772576.913603,-17934.213350,-299729.112152,596209.613528,0.000000,0.000000,0.000000,0.836461
15763.465441,119956.715350,12580.486956,263.327010,2005.927558,210.407325,0.000000,0.000000,0.000000,1.152251
998090.058144,-203395.080107,5636.962276,16634.618962,-3389.947869,93.945872,0.000000,0.000000,0.000000,1.002167
7.664147,-35.441855,-13.871042,0.141733,-0.589224,-0.304667,0.000000,0.000000,0.000000,0.838406
600.943288,-161.710007,95.109850,9.560445,-2.743988,1.584923,0.000000,0.000000,0.000000,0.945995
33.054946,84.679854,-8.977268,0.360392,1.415862,-0.062680,0.000000,0.000000,0.000000,1.045414
-37.890806,182.650025,-305.278631,-0.842515,2.944632,-5.112949,0.000000,0.000000,0.000000,1.155078
-170.263026,-80.430727,17.597684,-3.172341,-1.128442,0.286271,0.000000,0.000000,0.000000,1.198135
58847004.308007,46587928.145103,-68401050.508440,980783.087691,776465.528549,-1140017.504221,0.000000,0.000000,0.000000,0.929944
332112.850383,260103.162248,-131188.566471,5600.427876,4386.264788,-2212.275251,0.000000,0.000000,0.000000,1.033498
-50499488.707457,-65531954.516013,180926830.968232,-841658.416421,-1092199.262802,3015447.175832,0.000000,0.000000,0.000000,1.152693
-925.489163,-1832.982761,583.448742,-15.758468,-30.760762,9.832893,0.000000,0.000000,0.000000,0.809414
-46967.669561,-160339.526913,4753.706123,-821.325921,-2803.042239,83.104764,0.000000,0.000000,0.000000,1.195861
241.766585,-84.371563,-19.438493,3.474868,-1.436688,-0.320329,0.000000,0.000000,0.000000,0.824312
-84899503.115514,45100085.133230,30165477.064962,-1414992.038267,751668.077082,502757.957495,0.000000,0.000000,0.000000,0.831466
-67584.288642,91890.530748,-2646.056867,-1126.584277,1531.517494,-44.099110,0.000000,0.000000,0.000000,0.886855
101.623994,41.019181,-8.863845,1.237054,0.626541,-0.154852,0.000000,0.000000,0.000000,1.011782
-494.714281,234.311795,-802.173823,-8.508953,3.917916,-13.367743,0.000000,0.000000,0.000000,0.978179
298310.444320,-23767.869003,-194110.421732,4971.524917,-396.017366,-3235.168670,0.000000,0.000000,0.000000,1.061153
-24.562902,-176.906594,164.304877,-0.591479,-3.004212,2.758435,0.000000,0.000000,0.000000,1.008906
5248.825403,-1523.174117,-5019.061219,86.958518,-25.460672,-83.650227,0.000000,0.000000,0.000000,0.980591
-52791.879738,-205157.755186,299701.090211,-880.170957,-3419.306949,4995.010207,0.000000,0.000000,0.000000,1.007109
-75.149444,234.469958,-12.966820,-1.609054,3.980237,-0.235042,0.000000,0.000000,0.000000,0.874747
8.952770,97.505246,-88.568708,-0.121814,1.640307,-1.544138,0.000000,0.000000,0.000000,1.009182
3583.026285,1232.389627,-8326.921670,59.597218,20.472067,-138.773995,0.000000,0.000000,0.000000,0.871542
-42.886619,-3.623864,-75.876070,-1.296540,-0.263474,-1.296965,0.000000,0.000000,0.000000,1.014160
-50934552.066830,61361830.866364,2142464.377705,-848909.642154,1022697.327656,35707.746304,0.000000,0.000000,0.000000,0.812252
-1619845.613322,134872.146044,-1316906.853159,-26997.647248,2247.668712,-21948.448604,0.000000,0.000000,0.000000,0.986785
-57697.501038,-23081.350871,-73503.716789,-962.170155,-384.615596,-1225.059380,0.000000,0.000000,0.000000,0.967353
-1757545.304810,-984121.141406,475476.558891,-29292.768204,-16402.017006,7924.601264,0.000000,0.000000,0.000000,1.058365
-14752.697242,-10967.011371,-15640.928126,-246.239549,-182.684568,-260.676679,0.000000,0.000000,0.000000,0.897868
-29.210090,-307.022053,342.430014,-0.952340,-5.063951,5.701029,0.000000,0.000000,0.000000,1.134777
-9.003973,-1.017625,-34.842536,-0.373262,-0.159272,-0.587222,0.000000,0.000000,0.000000,0.836290
419354062.650765,425323939.754533,78328277.648274,6989233.943625,7088732.444270,1305471.288808,0.000000,0.000000,0.000000,0.864157
1126135.813845,-464915.996715,122634.770052,18768.371930,-7748.535259,2043.906199,0.000000,0.000000,0.000000,1.043791
166174600.341018,186715362.980801,-443981744.189027,2769576.282430,3111922.666296,-7399695.738211,0.000000,0.000000,0.000000,0.971444
-272.717539,-91.913598,-307.683625,-4.865692,-1.678599,-5.123757,0.000000,0.000000,0.000000,0.803007
-4692.951326,3942.320466,-5979.932100,-78.566720,65.695439,-99.658801,0.000000,0.000000,0.000000,0.926664
-22025.279859,15010.986421,40324.086993,-367.359895,250.192804,672.063656,0.000000,0.000000,0.000000,1.144067
-12.331255,-20.242895,-49.076728,-0.749957,-0.491118,-0.865943,0.000000,0.000000,0.000000,0.976764
-62.766355,-149.343159,-1481.227148,-1.281837,-2.583861,-24.684703,0.000000,0.000000,0.000000,0.889098
272.629603,313.435550,-173.238870,4.058401,5.250766,-2.882339,0.000000,0.000000,0.000000,0.891783
129.179680,-87.576821,185.337209,1.656669,-1.568647,3.082094,0.000000,0.000000,0.000000,0.995825
3.094451,10.378423,-40.397497,-0.247462,-0.059186,-0.705719,0.000000,0.000000,0.000000,0.819459
-360967.753767,-986325.787210,-55899.522249,-6016.453841,-16438.768060,-931.657798,0.000000,0.000000,0.000000,1.121507
1172685597128.707031,-1886220498401.928711,-1759929074040.750244,19544759951.850292,-31437008306.894028,-29332151234.015854,0.000000,0.000000,0.000000,0.908878
73.304669,-54.788242,-25.372030,1.117890,-0.641902,-0.176659,0.000000,0.000000,0.000000,1.164952
160160184.254571,-216749379.654845,86717405.802227,2669336.075947,-3612489.628273,1445290.098719,0.000000,0.000000,0.000000,1.103829
-7458.879184,-2169.193898,-2062.781112,-124.619841,-36.178817,-34.373421,0.000000,0.000000,0.000000,1.019504
64.301433,34.211988,-63.769789,0.630619,0.761919,-1.097219,0.000000,0.000000,0.000000,0.944565
-3113315383.499858,1277472697.656031,-3012314264.324825,-51888590.041887,21291211.636083,-50205237.744537,0.000000,0.000000,0.000000,0.910022
-4759.389640,12916.803703,-3502.462926,-79.719060,215.302892,-58.375376,0.000000,0.000000,0.000000,0.803507
116.012794,20.395108,50.615828,1.599385,0.308386,0.961142,0.000000,0.000000,0.000000,0.923965
-5767.109711,-566.593621,14061.738581,-96.369980,-9.595215,234.361021,0.000000,0.000000,0.000000,0.939871
-227.420830,418.690876,-122.180386,-4.442404,7.509959,-2.170916,0.000000,0.000000,0.000000,0.966995
1697.715128,-4587.370882,2127.410796,27.770407,-76.522590,35.453885,0.000000,0.000000,0.000000,1.096231
846.312222,-1547.647869,678.517545,13.583133,-25.917023,11.302261,0.000000,0.000000,0.000000,0.840062
-1353119463.929193,-1193957875.697892,853038367.489006,-22551991.251357,-19899298.098400,14217306.129573,0.000000,0.000000,0.000000,1.170553
108.544035,-333.049260,233.559239,1.695285,-5.596329,3.889681,0.000000,0.000000,0.000000,0.811813
-1150.026452,5173.239829,-3860.479941,-19.481200,86.299004,-64.338894,0.000000,0.000000,0.000000,1.145674
-111814.811878,636758.041855,56207.717579,-1863.831546,10612.834314,936.790350,0.000000,0.000000,0.000000,0.907146
127837.662598,-350361.177669,-943328.734318,2130.306545,-5839.591298,-15722.139388,0.000000,0.000000,0.000000,0.846820
7305.084671,6450.835267,-7497.402728,121.273891,107.578006,-124.950787,0.000000,0.000000,0.000000,1.185405
193837.044429,-1175050.914855,-924008.251997,3230.356874,-19584.207343,-15400.131851,0.000000,0.000000,0.000000,0.955268
785.274214,6936.688632,-3961.836065,12.913310,115.811353,-66.135469,0.000000,0.000000,0.000000,1.138260
277.744749,-733.602754,1587.752355,4.247992,-12.373126,26.455612,0.000000,0.000000,0.000000,0.927767
-25901.882272,3493.245973,12826.076791,-432.158505,58.332820,213.764643,0.000000,0.000000,0.000000,1.155436
42258.399560,-38005.315030,-27154.730814,704.112366,-633.220448,-452.575590,0.000000,0.000000,0.000000,1.161849
2775.568723,-468.320945,-1586.302386,46.200032,-7.836420,-26.601036,0.000000,0.000000,0.000000,1.006901
46785153245.349678,67826061296.428635,-23731990264.503567,779752553.742973,1130434354.941143,-395533171.068206,0.000000,0.000000,0.000000,0.902154
3104444.949627,7874782.783753,-54121202.330360,51740.439292,131246.374057,-902020.035379,0.000000,0.000000,0.000000,0.984989
-35151.385514,20631.477737,-23823.336904,-590.070684,346.232551,-399.733862,0.000000,0.000000,0.000000,0.941679
-29085.279118,-21040.137280,21846.852856,-485.078323,-350.649703,364.110571,0.000000,0.000000,0.000000,0.968550
379.515726,-195.880076,-638.940210,6.155826,-3.360479,-10.644402,0.000000,0.000000,0.000000,0.991250
-142.359572,651.808671,-22.316341,-2.611336,10.760651,-0.372092,0.000000,0.000000,0.000000,1.098281
-994.465080,-1237.759466,-592.465452,-16.773272,-20.558607,-9.872059,0.000000,0.000000,0.000000,1.031808
-2359628029.775228,3885534877.216156,-12402140125.945511,-39327134.143515,64758914.631520,-206702335.436778,0.000000,0.000000,0.000000,1.049797
863012.020721,-1008646.428322,-2169702.681534,14383.375827,-16810.880994,-36161.712094,0.000000,0.000000,0.000000,0.855235
178423.264073,-67994.010296,156931.957436,2973.462050,-1133.401996,2615.530757,0.000000,0.000000,0.000000,1.094591
-947812.343639,4957039.081221,241929.070257,-15797.197202,82617.285998,4032.148941,0.000000,0.000000,0.000000,0.857193
-69.168549,-0.348324,-109.864186,-1.272947,0.043433,-1.825704,0.000000,0.000000,0.000000,1.120642
444.702575,457.164898,-484.822670,6.918413,7.699840,-8.081587,0.000000,0.000000,0.000000,0.868762
409.907932,421.610545,-314.161502,6.416144,7.123176,-5.215770,0.000000,0.000000,0.000000,1.041343
2854.078857,-8862.600782,-148.221447,47.384103,-147.836386,-2.472298,0.000000,0.000000,0.000000,1.187912
532.529047,61.522968,-263.284261,8.378903,1.200276,-4.385548,0.000000,0.000000,0.000000,1.141518
-28.254281,-11.424159,97.412450,-0.892296,0.016725,1.804456,0.000000,0.000000,0.000000,0.817906
-5092993.718213,-15780303.203332,-7330901.767112,-84883.580724,-263005.070379,-122181.700051,0.000000,0.000000,0.000000,0.967201
86430.431276,86876.305796,-64532.418056,1440.248680,1447.760218,-1075.535358,0.000000,0.000000,0.000000,1.039648
-4882.672478,19256.684225,37923.059885,-81.710140,320.907256,632.044106,0.000000,0.000000,0.000000,1.006053
68.203716,4.540092,-84.062811,1.003027,-0.076214,-1.404191,0.000000,0.000000,0.000000,0.831222
-72.241355,16.147243,3.473777,-0.969354,0.095992,0.176453,0.000000,0.000000,0.000000,1.120992
329.270303,148.207690,88.316629,5.232975,2.536369,1.469470,0.000000,0.000000,0.000000,0.928904
70602.571486,-52727.223489,-32067.355599,1176.377328,-878.825650,-534.449442,0.000000,0.000000,0.000000,1.028103
65939.156757,24722.196808,84273.367808,1098.436341,412.108411,1404.553012,0.000000,0.000000,0.000000,0.836554
61.193612,-22.877423,-28.945803,0.758674,-0.190803,-0.493001,0.000000,0.000000,0.000000,1.102035
-659.256280,266.899987,-184.233085,-11.432799,4.397264,-3.065025,0.000000,0.000000,0.000000,0.811120
82.913000,-0.442714,-40.495297,1.203016,0.128806,-0.682627,0.000000,0.000000,0.000000,1.158241
-1298.556885,-1518.527109,1222.189028,-21.865068,-25.093638,20.367448,0.000000,0.000000,0.000000,0.890457
71714.291072,86943.663735,426342.217134,1195.064250,1449.131593,7105.705211,0.000000,0.000000,0.000000,1.188700
-1.650573,1122.564864,1797.834530,-0.392350,18.795254,29.962596,0.000000,0.000000,0.000000,1.041086
73.726224,-31.486500,-17.592673,0.735764,-0.455955,-0.295388,0.000000,0.000000,0.000000,0.808992
-2228.091053,3183.438131,3324.515818,-38.611563,54.952722,57.232198,0.000000,0.000000,0.000000,1.094174
-2362145.750000,-1036494.871743,987235.202958,-39369.239241,-17274.819581,16453.913415,0.000000,0.000000,0.000000,1.073638
86.377719,62.232815,85.673363,1.004267,1.016659,1.567666,0.000000,0.000000,0.000000,0.827773
21698380.859774,-9958805.968381,-41027246.775377,361639.343086,-165980.089316,-683787.439576,0.000000,0.000000,0.000000,0.889053
-12007.295093,-6034.151109,18419.789893,-200.492275,-100.409538,306.997730,0.000000,0.000000,0.000000,1.185254
746999.793126,296021.256709,21100.814863,12449.753444,4933.467748,351.674150,0.000000,0.000000,0.000000,0.847754
44.697129,-0.364661,-4.643845,0.508579,0.191706,-0.069424,0.000000,0.000000,0.000000,1.102478
-996129798.157377,1391404728.404347,-2485754835.164582,-16602163.681983,23190078.791540,-41429247.250633,0.000000,0.000000,0.000000,1.151411
31320.101912,-18524.960751,21177.697918,525.216808,-310.751143,355.313085,0.000000,0.000000,0.000000,1.066719
-124234.332628,340357.800509,916218.742321,-2070.892595,5672.389532,15270.312796,0.000000,0.000000,0.000000,0.871816
37619.234874,10821.730640,17077.311783,626.793530,180.439971,284.617838,0.000000,0.000000,0.000000,1.064302
-32.827267,-24.622491,-162.330443,-0.955622,-0.587214,-2.823729,0.000000,0.000000,0.000000,1.083585
-174649.665011,-23220.093814,101685.403763,-2911.125658,-387.053324,1694.753841,0.000000,0.000000,0.000000,1.004985
438552.669159,55396.741881,57441.245177,7308.879236,923.447432,957.359719,0.000000,0.000000,0.000000,0.805786
7070.956875,6714.618862,69690.082559,117.448737,112.125132,1161.495559,0.000000,0.000000,0.000000,1.095958
335731.335200,124542771.900493,133321882.427164,5595.316965,2075712.925026,2222031.372742,0.000000,0.000000,0.000000,0.819543
-323092.610369,-252644.429711,127324.810810,-5448.563130,-4260.402353,2147.138933,0.000000,0.000000,0.000000,1.063840
75649.308882,128704.174233,497.283836,1260.488993,2145.169442,8.292968,0.000000,0.000000,0.000000,0.925326
23930.950556,33879.370031,1557.389463,398.646409,564.572602,25.955536,0.000000,0.000000,0.000000,1.185133
441.068330,-394.924779,207.332673,7.404700,-6.906223,3.667520,0.000000,0.000000,0.000000,0.855007
5009796952.427269,611559924.531070,5524643952.957413,83496615.562242,10192665.403570,92077399.212945,0.000000,0.000000,0.000000,1.081940
105129.340216,-304428.258434,64576.790797,1751.813699,-5073.726261,1076.282482,0.000000,0.000000,0.000000,1.120414
128.813018,-45.332091,-83.091724,1.762817,-0.645800,-1.379591,0.000000,0.000000,0.000000,1.024909
53035.215916,-35477.395625,-34372.546857,883.534482,-591.300347,-572.871694,0.000000,0.000000,0.000000,1.084246
483183.003308,-366671.026016,1189731.090705,8052.696815,-6111.006965,19828.846896,0.000000,0.000000,0.000000,1.074895
-24609.181229,34531.192047,-42256.834361,-410.595169,575.593473,-704.275911,0.000000,0.000000,0.000000,1.150690
9919.932409,642.141606,-10662.630578,164.924288,10.660156,-177.703004,0.000000,0.000000,0.000000,0.974919
-19669698.168908,-54500435.816207,33540667.465635,-327828.440612,-908340.671802,559011.121362,0.000000,0.000000,0.000000,1.053586
13797.123824,57784.131516,-4272.041709,229.698910,963.261568,-71.205083,0.000000,0.000000,0.000000,0.885200
-1919711429.087329,-4210086772.714433,2040567407.994506,-31995190.691474,-70168112.781019,34009456.795214,0.000000,0.000000,0.000000,0.922503
44380101.150875,-52076090.070615,-48392695.926978,739668.016922,-867934.865454,-806544.929753,0.000000,0.000000,0.000000,1.071649
73323.528961,-375775.669293,216133.000105,1221.741949,-6262.836584,3602.210517,0.000000,0.000000,0.000000,0.885610
113361535.762833,271047470.293014,-2197335.169301,1889358.609603,4517457.846908,-36622.248289,0.000000,0.000000,0.000000,0.953759
-11573825.332296,-16236960.575944,13832319.020985,-192897.372648,-270616.065554,230538.643852,0.000000,0.000000,0.000000,1.040246
78.406010,17.980959,-21.936762,1.163370,0.328591,-0.370913,0.000000,0.000000,0.000000,1.144493
-15571004614882452.000000,1578272258645602.250000,232844224162199.812500,-259516743581371.875000,26304537644093.640625,3880737069369.996094,0.000000,0.000000,0.000000,0.977780
-4923.558389,5718.675067,-1187.904910,-82.235344,95.246180,-19.790565,0.000000,0.000000,0.000000,0.851596
-180.930595,1307.854030,-53.752654,-3.272382,22.243592,-0.856837,0.000000,0.000000,0.000000,0.800099
-1540199.762297,182963.582857,1113355.871972,-25670.316721,3049.561826,18555.934405,0.000000,0.000000,0.000000,1.119573
-589932.564189,-357862.130827,29287.621876,-9832.426405,-5964.406174,488.120646,0.000000,0.000000,0.000000,1.096420
43.493509,112.702035,-144.431763,0.299244,1.849340,-2.409099,0.000000,0.000000,0.000000,1.083795
1748282.731826,-1009978.790173,-2379800.683450,29137.619074,-16833.099874,-39663.339257,0.000000,0.000000,0.000000,0.946685
337.647141,-37.070302,-131.099627,5.348914,-0.830526,-2.175454,0.000000,0.000000,0.000000,0.880569
-7105.997555,-15651.450533,1411.443441,-119.195478,-261.663854,23.607961,0.000000,0.000000,0.000000,0.996733
12.069494,-26.681538,-16.152645,-0.231175,-0.252495,-0.472129,0.000000,0.000000,0.000000,1.003403
388421318313.947693,-23055582024.146465,-389681899760.057434,6473688638.258792,-384259700.267602,-6494698329.328857,0.000000,0.000000,0.000000,1.189955
243.641707,290.522191,652.710172,3.810333,4.741278,10.871035,0.000000,0.000000,0.000000,1.031382
-7823.103138,-394.492834,479.269014,-134.882378,-6.994715,8.264272,0.000000,0.000000,0.000000,0.970448
-4.295869,176.925611,-318.153805,-0.563019,2.834455,-5.298689,0.000000,0.000000,0.000000,0.966858
170922217.105806,-228944118.519107,175931206.342981,2848703.305326,-3815735.242988,2932186.778372,0.000000,0.000000,0.000000,0.916667
-3508.240772,-1243.822853,8139.622215,-58.586996,-20.796890,135.660112,0.000000,0.000000,0.000000,0.885629
3895.552268,7253.122177,3296.133697,64.471720,120.953484,54.939888,0.000000,0.000000,0.000000,0.955112
-1956.745023,4474.572024,5857.462844,-32.738446,74.444505,97.618761,0.000000,0.000000,0.000000,1.005957
8894.970068,-9231.725994,-11253.496540,147.799269,-153.786557,-187.550519,0.000000,0.000000,0.000000,0.885273
-150050408.124103,-168602937.480395,400913923.417445,-2500840.524132,-2810049.006720,6681898.718718,0.000000,0.000000,0.000000,1.075807
-644679.437730,-769078.554123,120379.733462,-10744.921458,-12818.101874,2006.329901,0.000000,0.000000,0.000000,1.005960
4012673.710839,-423346.879748,707352.794909,66877.529712,-7055.764124,11789.208883,0.000000,0.000000,0.000000,1.156750
-2723752504.738912,1145390915.831336,1045047443.922193,-45395875.522752,19089848.674971,17417457.396982,0.000000,0.000000,0.000000,1.095993
-70841.034566,-141273.372435,20981.576266,-1181.014130,-2354.533140,349.692438,0.000000,0.000000,0.000000,0.913352
-417542.383430,672758.349114,-263702.893924,-6959.445769,11212.436354,-4395.045625,0.000000,0.000000,0.000000,0.804534
419102.524403,-396996.381911,-262747.595914,6984.515639,-6616.573927,-4379.126500,0.000000,0.000000,0.000000,1.025495
176350.510340,159218.658124,282817.357816,2968.372396,2680.386319,4761.242898,0.000000,0.000000,0.000000,1.015924
92226805.706609,36951846.244864,33671169.264048,1537113.100955,615864.115840,561186.160673,0.000000,0.000000,0.000000,0.933560
-2076604344119.682861,13504906851097.406250,16748787080981.554688,-34610072402.420242,225081780851.640015,279146451349.697205,0.000000,0.000000,0.000000,1.134775
7476.311940,-16897.367753,1994.886929,124.224078,-281.600200,33.251357,0.000000,0.000000,0.000000,0.951143
974833582.848282,-1361685525.129150,2432749030.577182,16247226.000421,-22694758.765922,40545817.175841,0.000000,0.000000,0.000000,1.176513
4079.669892,-81320.615562,-193863.845265,67.629710,-1355.304448,-3231.056986,0.000000,0.000000,0.000000,0.993908
2485.047941,-1866.170697,553.180762,41.076637,-31.075917,9.218598,0.000000,0.000000,0.000000,0.999758
21607831.501016,-15106770.116415,1118931.077683,361334.680432,-252621.555647,18711.251136,0.000000,0.000000,0.000000,0.883884
-45026235.614162,-50485740.965676,-2970935.078281,-750437.453867,-841429.152773,-49515.584916,0.000000,0.000000,0.000000,0.822428
-3165.109257,-4235.900169,1294.590573,-53.137591,-70.760435,21.568753,0.000000,0.000000,0.000000,1.046457
-473131928.389382,88397652.028462,8352806.182715,-7885532.487306,1473294.288549,139213.430964,0.000000,0.000000,0.000000,1.179048
4441.387571,4590.750295,7213.206438,73.697590,76.677002,120.216943,0.000000,0.000000,0.000000,0.964761
16030549.661103,-8147742.949287,-3903564.940660,267175.441526,-135795.672954,-65059.412969,0.000000,0.000000,0.000000,1.132106
-152.473728,548.643800,-375.456135,-2.773318,9.126362,-6.270424,0.000000,0.000000,0.000000,0.902754
-5449067.397764,15048566.425284,1648332.568303,-90818.220763,250809.420050,27472.202984,0.000000,0.000000,0.000000,0.897586
805.423573,142.638629,4603.117750,13.008812,2.310680,76.714308,0.000000,0.000000,0.000000,1.012607
274104322.602483,223557660.251369,-54772346.224803,4568405.028249,3725961.011231,-912872.431398,0.000000,0.000000,0.000000,0.892705
34.853981,-23.340181,-19.483276,0.241686,-0.716721,-0.265642,0.000000,0.000000,0.000000,1.048317
11.177139,-18.025513,-50.622693,-0.035901,-0.240331,-0.866790,0.000000,0.000000,0.000000,1.118778
-6709.817134,13226.955423,-6632.181936,-112.177371,220.397327,-110.538893,0.000000,0.000000,0.000000,1.016125
-5432283.412033,-22716221.107270,-25764519.543145,-90538.408671,-378603.686559,-429408.661694,0.000000,0.000000,0.000000,1.104287
1104.138577,1183.961263,-1031.312901,18.174145,19.941421,-17.185528,0.000000,0.000000,0.000000,1.111704
-2496294099.616521,2135169905.580950,-127653710.936723,-41604902.035655,35586165.105819,-2127561.844654,0.000000,0.000000,0.000000,1.166465
12965573575.619473,141961866.069628,-5726181561.829885,216092892.505358,2366031.100170,-95436359.356624,0.000000,0.000000,0.000000,0.907668
-30139.474255,75248.476116,9344.889160,-504.422049,1258.222687,156.246934,0.000000,0.000000,0.000000,1.121709
-13692866.446123,-12878879.552914,-876026.273646,-228214.800760,-214648.002596,-14600.429805,0.000000,0.000000,0.000000,0.865140
784.825661,167.226194,538.069265,12.738968,2.955985,8.968206,0.000000,0.000000,0.000000,0.857302
-316.177881,-340.570319,-159.244657,-5.724547,-5.669254,-2.642894,0.000000,0.000000,0.000000,1.029970
-2284451.687325,-26606406.965386,30103586.478291,-38074.504100,-443440.059265,501726.435299,0.000000,0.000000,0.000000,1.134529
237419392.740602,1302793580.875289,-721055437.939005,3956989.571060,21713226.331004,-12017590.629110,0.000000,0.000000,0.000000,1.051662
61101488.510787,604362.264340,46819768.023587,1018357.670443,10072.699917,780329.472783,0.000000,0.000000,0.000000,1.081546
2087055171662.612793,-13572872369775.007812,-16833077929379.660156,34784252860.618416,-226214539496.234924,-280551298822.996765,0.000000,0.000000,0.000000,1.129093
54.614676,-0.942975,-42.590690,0.473698,0.185543,-0.875756,0.000000,0.000000,0.000000,1.117173
-8967.280039,-7754.375634,8390.784517,-149.926832,-129.170878,139.847326,0.000000,0.000000,0.000000,1.004589
3304729100.925312,-1389737496.760705,-1267887735.305331,55078817.902287,-23162291.533762,-21131462.255775,0.000000,0.000000,0.000000,0.903321
8635.376220,374145.339745,253963.150675,143.648781,6235.827770,4232.716782,0.000000,0.000000,0.000000,0.803210
-6137.253878,10911.620163,-22978.349501,-102.527914,181.637313,-382.971250,0.000000,0.000000,0.000000,0.868585
4340906.440832,-43497419.769452,13139457.739624,72348.123258,-724956.932430,218990.965233,0.000000,0.000000,0.000000,1.002621
76.651167,-20.411139,45.952345,1.117138,-0.220416,0.815983,0.000000,0.000000,0.000000,1.079506
-15639.185927,-5867.807910,6743.375950,-261.166208,-97.926039,112.384940,0.000000,0.000000,0.000000,1.150887
365.468656,-185.483488,5.989698,6.187271,-3.416800,0.149355,0.000000,0.000000,0.000000,0.992110
-825.053344,321.234297,-2300.898565,-14.074486,5.402212,-38.436763,0.000000,0.000000,0.000000,0.965016
5056415.263129,-5768421.135926,-810195.187397,84273.287706,-96140.351960,-13503.253602,0.000000,0.000000,0.000000,0.886461
-4037552.822660,4532114.018872,803573.094226,-67292.843637,75535.230058,13392.883868,0.000000,0.000000,0.000000,1.117090
632.197896,4461.447227,7771.050101,10.173980,74.206453,129.512398,0.000000,0.000000,0.000000,0.873952
-384.693480,180.144970,272.576741,-6.770012,2.899506,4.536125,0.000000,0.000000,0.000000,0.876709
1763.815177,-1997.881085,-2301.472736,29.134985,-33.249351,-38.352655,0.000000,0.000000,0.000000,0.944259
99.874007,-215.822438,-117.471911,1.512094,-3.729670,-1.958438,0.000000,0.000000,0.000000,1.197541
364320.980907,73107.060723,152824.863394,6071.805050,1218.509729,2547.077510,0.000000,0.000000,0.000000,0.969329
264.777629,355.234936,177.445670,4.010136,5.962794,2.960337,0.000000,0.000000,0.000000,0.931600
-6732.380565,21045.499834,20266.041390,-112.322833,350.853738,337.763199,0.000000,0.000000,0.000000,0.886262
37020.931923,-35467.157601,22966.539500,616.707852,-590.889044,382.777257,0.000000,0.000000,0.000000,0.909000
642225.655684,-6800.428682,846668.858846,10703.433012,-113.348322,14111.143956,0.000000,0.000000,0.000000,0.942965
-2578.145743,-1000.543863,1917.805642,-43.414766,-16.830053,31.962577,0.000000,0.000000,0.000000,0.819906
1187287.960555,-131890.523102,-1041129.569058,19787.807309,-2198.006156,-17352.152978,0.000000,0.000000,0.000000,1.195090
-14104.566078,86760.475422,74179.273927,-235.482092,1446.040129,1236.320544,0.000000,0.000000,0.000000,0.979567
-64076.783449,2411.304975,27675.229728,-1068.345271,40.219295,461.250670,0.000000,0.000000,0.000000,0.919312
167986.398124,-199036.464786,-5974.482439,2799.629424,-3317.174393,-99.571036,0.000000,0.000000,0.000000,0.932492
1.443719,-9.968380,-95.611588,-0.202402,-0.038823,-1.586745,0.000000,0.000000,0.000000,1.017042
-1034276323.346695,-1831688252.706163,696018755.478217,-17237939.153410,-30528137.558226,11600312.584310,0.000000,0.000000,0.000000,0.967793
522.382998,-267.640359,-4363.295755,8.360335,-4.423515,-72.720226,0.000000,0.000000,0.000000,1.037726
-3677974707.108562,-10528998727.496750,2519397851.027843,-61299578.940542,-175483312.150002,41989964.175862,0.000000,0.000000,0.000000,0.897974
-1360051.441738,563834.675045,-147645.284571,-22668.076819,9397.306993,-2460.760778,0.000000,0.000000,0.000000,0.863685
-25.615848,9.123159,-124.390006,-0.704735,0.330096,-2.166711,0.000000,0.000000,0.000000,0.879242
34.117961,-9.803610,-2.598996,0.139493,0.022400,-0.015616,0.000000,0.000000,0.000000,0.879825
-1318.902470,-813.051531,1020.926421,-22.272062,-13.548304,17.009018,0.000000,0.000000,0.000000,1.196461
59555187.061840,-19083471.486162,-5338557.502340,992586.092923,-318057.895870,-88975.960887,0.000000,0.000000,0.000000,0.833566
12577.251578,2169.676157,-7708.663168,209.260301,36.130026,-128.474404,0.000000,0.000000,0.000000,1.189773
-13806.506889,731.140200,-37421.989492,-230.367765,12.266823,-623.694003,0.000000,0.000000,0.000000,1.121791
-13734.218264,20312.527716,-24156.370354,-229.353238,338.565661,-402.608199,0.000000,0.000000,0.000000,0.882932
-137047.629617,397366.261835,-84541.852953,-2284.467008,6622.842917,-1409.026937,0.000000,0.000000,0.000000,0.858811
-1972.765511,-1315.095402,755.932847,-33.224730,-22.034107,12.592962,0.000000,0.000000,0.000000,1.145748
-225035589404435.625000,-2243961379750980.500000,1254711799779912.250000,-3750593156740.889160,-37399356329183.273438,20911863329665.324219,0.000000,0.000000,0.000000,1.176957
-213676.858453,929992.354442,167409.870525,-3561.484948,15499.926591,2790.162369,0.000000,0.000000,0.000000,0.823481
-399.369849,3045.325078,-730.955902,-7.031923,50.942682,-12.184864,0.000000,0.000000,0.000000,1.062576
3048.516703,4075.163974,-1157.924694,50.417538,67.749876,-19.304690,0.000000,0.000000,0.000000,1.120249
319.143897,207.873475,44.142735,4.966798,3.283810,0.737159,0.000000,0.000000,0.000000,1.025032
-13148117564.394104,-8035316884.082788,2661296373.907972,-219135293.154469,-133921948.009751,44354939.561189,0.000000,0.000000,0.000000,1.195124
-20837.490836,-55491.877083,-120957.887646,-347.696389,-924.829426,-2015.958996,0.000000,0.000000,0.000000,0.999323
-169842.628744,224211.924814,47610.515649,-2831.008892,3737.085292,793.512234,0.000000,0.000000,0.000000,0.806351
-444947461.428048,-451287669.676438,-83110474.190897,-7415791.455159,-7521461.043680,-1385174.574706,0.000000,0.000000,0.000000,0.814451
-949.517540,-724.966564,576.162899,-16.304949,-11.961622,9.602567,0.000000,0.000000,0.000000,1.090365
-33325.140678,-47543.937826,-2223.860945,-555.617253,-792.476120,-37.065003,0.000000,0.000000,0.000000,0.846291
0.101707,42.657521,1.721434,-0.386110,0.647995,0.010976,0.000000,0.000000,0.000000,1.171386
1159372.069803,3429227.409436,2734861.809910,19322.463144,57153.727102,45581.028741,0.000000,0.000000,0.000000,0.801445
209260.132576,-1810039.758579,1632474.116015,3487.381027,-30167.291882,27207.905568,0.000000,0.000000,0.000000,1.004728
-360.906123,-1421.349140,-654.170597,-6.289776,-23.702237,-10.902899,0.000000,0.000000,0.000000,0.957529
-383534.556565,-8226255.059084,-16302078.319419,-6392.569448,-137104.294576,-271701.299597,0.000000,0.000000,0.000000,0.839667
165224291.518288,3000824126.871609,4880580895.078593,2753737.865659,50013735.435940,81343014.919196,0.000000,0.000000,0.000000,0.886175
19027.474795,6291.898279,-7932.017428,316.841924,104.938511,-132.202236,0.000000,0.000000,0.000000,1.127776
1680948382.050617,1483225701.301732,-1059709497.908025,28015806.179466,24720428.183010,-17661824.959008,0.000000,0.000000,0.000000,0.942264
1409.590951,132.155936,-625.676015,23.654312,2.049688,-10.676553,0.000000,0.000000,0.000000,0.908114
30240039.359686,-43009747.613812,85339486.141750,504000.377472,-716829.222726,1422324.773049,0.000000,0.000000,0.000000,0.813906
-2026.175682,-1672.913983,-1455.777004,-34.084005,-27.848385,-24.256129,0.000000,0.000000,0.000000,0.824164
105.685650,-59.917586,-72.298738,1.578410,-0.909337,-1.194264,0.000000,0.000000,0.000000,0.872297
681.104929,-152.937549,-620.131456,10.993085,-2.647754,-10.342750,0.000000,0.000000,0.000000,0.836343
-2597567.564234,17025045.051475,-24520355.915512,-43293.071293,283750.759191,-408672.591768,0.000000,0.000000,0.000000,0.947381
-5573.248559,-377.955760,-4233.609998,-93.473897,-6.489670,-70.676907,0.000000,0.000000,0.000000,0.923338
-259680.856302,1337958.096432,1488967.544542,-4328.138933,22299.190088,24816.117435,0.000000,0.000000,0.000000,0.916584
67.484340,-35.719061,-47.313488,0.954932,-0.532189,-0.826808,0.000000,0.000000,0.000000,0.956938
1961.993342,77.991246,67.997618,32.478029,1.422853,1.137328,0.000000,0.000000,0.000000,1.156898
5700.942370,348.784397,-13121.451612,94.760752,5.660880,-218.684189,0.000000,0.000000,0.000000,1.004058
-8905.129715,-4647.334066,10875.525012,-148.688842,-77.495084,181.250626,0.000000,0.000000,0.000000,1.084822
174496138.698726,84267182.562497,-437060388.023184,2908268.716312,1404453.089157,-7284339.805351,0.000000,0.000000,0.000000,1.070284
-14.970830,30.257959,-62.146836,-0.786378,0.484651,-1.098728,0.000000,0.000000,0.000000,1.096838
242554.017557,-97044.888796,-159266.992189,4042.356240,-1617.349895,-2654.444446,0.000000,0.000000,0.000000,0.873530
-105791.075498,13403.797206,-11610.082691,-1763.419675,223.485075,-193.508199,0.000000,0.000000,0.000000,0.922016
65135.609617,51911.876498,42184.853687,1092.452347,870.790847,707.827880,0.000000,0.000000,0.000000,0.944205
2011185.533178,-2655027.247103,545826.010632,33519.581549,-44250.427477,9097.107348,0.000000,0.000000,0.000000,0.969357
5419712008.800408,23508171483.162945,34884865176.077591,90328533.185664,391802858.038563,581414419.595484,0.000000,0.000000,0.000000,0.992513
-27466.876395,1467.854564,-28995.903229,-458.025972,24.444248,-483.257868,0.000000,0.000000,0.000000,0.848419
-7423675423.601107,-646052340.999861,2025195458.947456,-123727924.074781,-10767538.769242,33753257.645389,0.000000,0.000000,0.000000,0.860345
-89.112108,38.453076,-163.993117,-1.708314,0.419924,-2.735127,0.000000,0.000000,0.000000,1.084198
-225.853431,25.513252,-5.435222,-4.035266,0.612925,-0.088296,0.000000,0.000000,0.000000,0.808275
31.750530,-146.064982,22.651284,0.079291,-2.563393,0.382504,0.000000,0.000000,0.000000,0.931321
-22.086044,-17.509187,-73.226896,-0.836386,-0.082647,-1.201481,0.000000,0.000000,0.000000,0.847679
27.652616,15.098214,-15.088611,0.326040,0.399665,-0.227977,0.000000,0.000000,0.000000,1.069603
-76123.433620,-32396.208381,-77340.969854,-1275.323205,-542.565703,-1295.497614,0.000000,0.000000,0.000000,0.861356
18151.696916,-4062.664155,14091.861663,303.383641,-68.025616,235.653458,0.000000,0.000000,0.000000,1.156015
-796.459113,-851.286897,-109.552618,-13.586735,-14.149872,-1.824163,0.000000,0.000000,0.000000,1.164483
142.682958,-118.812781,-409.448482,2.095174,-1.919078,-6.821731,0.000000,0.000000,0.000000,0.985132
-2992.937732,-1025.435914,-1044.190702,-50.079656,-17.245337,-17.400366,0.000000,0.000000,0.000000,0.920192
11723.526080,-17205.997285,20450.344979,194.939232,-286.738269,340.831321,0.000000,0.000000,0.000000,1.039670
-3749191.094078,-59648.205365,1421637.897367,-62591.044026,-995.750688,23733.523065,0.000000,0.000000,0.000000,1.191544
-135.114039,-21157.687292,-6633.627533,-2.541394,-352.417739,-110.556169,0.000000,0.000000,0.000000,0.931642
-6147377.933056,-136131959.950146,-67988011.718829,-102456.626208,-2268865.983772,-1133133.520565,0.000000,0.000000,0.000000,0.883217
-337.005169,-694.682902,1341.106343,-5.849381,-11.670892,22.343783,0.000000,0.000000,0.000000,0.842383
-1195674.395493,207933.522102,-20034.787870,-19928.115918,3465.527782,-333.916532,0.000000,0.000000,0.000000,0.842656
411337.595417,-9085206.112399,12708040.439244,6866.862163,-151672.855555,212154.266161,0.000000,0.000000,0.000000,0.978410
384.525496,-1990.978719,-3178.005109,6.108147,-33.155496,-52.960341,0.000000,0.000000,0.000000,0.890721
28.394581,2116.393999,325.644119,0.289652,35.273325,5.431182,0.000000,0.000000,0.000000,0.967262
15064.232186,-134734.123823,53226.865340,250.708730,-2245.714228,887.116712,0.000000,0.000000,0.000000,0.871048
-231.306359,-120.008682,-472.602774,-4.158722,-1.968876,-7.865457,0.000000,0.000000,0.000000,1.182573
-101633.114767,51708.825908,-51995.299156,-1694.257226,861.805174,-866.591132,0.000000,0.000000,0.000000,1.100934
3773533.142699,-604533.285683,1740086.173556,62891.933592,-10075.677824,29001.428857,0.000000,0.000000,0.000000,1.140723
67.130754,-58.988188,163.398090,0.598182,-0.927741,2.789251,0.000000,0.000000,0.000000,1.060528
-201101688.131168,-1236627145.174380,646410281.312129,-3351695.109647,-20610452.433646,10773504.690116,0.000000,0.000000,0.000000,1.107152
-24631703678.448566,-14483687941.157021,4181114771.684619,-410528394.964870,-241394798.988348,69685246.197577,0.000000,0.000000,0.000000,0.876661
29.381159,2.799878,-58.287462,0.354116,0.125761,-0.994801,0.000000,0.000000,0.000000,1.030936
-69.490589,-72.051515,-24.394462,-1.450264,-1.256764,-0.362547,0.000000,0.000000,0.000000,1.121565
4416.535529,-6344.621680,-10451.998086,73.351082,-105.809589,-174.198745,0.000000,0.000000,0.000000,1.000221
13167605996242416.000000,-1334664506595165.500000,-196904475759400.593750,219460099937371.031250,-22244408443253.007812,-3281741262656.717285,0.000000,0.000000,0.000000,1.156248
6898.583669,-6348.404482,4098.393181,114.604805,-105.798012,68.298602,0.000000,0.000000,0.000000,1.134824
3607702891.776825,10327830368.865263,-2471261935.143507,60128381.039969,172130506.120087,-41187698.926370,0.000000,0.000000,0.000000,0.915465
120673.867638,-173405.564494,-69639.867314,2010.928601,-2889.867434,-1160.659652,0.000000,0.000000,0.000000,0.857303
-1672.754302,-478.193367,-1335.770845,-28.123603,-7.761459,-22.261379,0.000000,0.000000,0.000000,1.154023
-72538.091647,-88206.839989,-432150.712723,-1209.141080,-1470.042196,-7202.504046,0.000000,0.000000,0.000000,1.172900
125.345698,4.030205,-42.827069,1.619653,-0.040045,-0.708569,0.000000,0.000000,0.000000,0.910688
-68.670354,18.471785,-26.911005,-1.439854,0.085563,-0.453435,0.000000,0.000000,0.000000,0.964605
916.702122,-828.403699,-9080.419216,14.778441,-13.755275,-151.333290,0.000000,0.000000,0.000000,0.992010
3672.312538,2083.562078,3337.094523,61.017031,34.664831,55.618003,0.000000,0.000000,0.000000,0.811978
656006.700531,782581.169510,-122549.583465,10933.176951,13042.888872,-2042.491320,0.000000,0.000000,0.000000,0.988590
1631.469764,827.266575,-201.007657,27.505404,14.241342,-3.408641,0.000000,0.000000,0.000000,1.141112
-10182614.920356,-3649271.512115,4973562.769678,-169710.565148,-60821.198676,82892.707037,0.000000,0.000000,0.000000,0.830858
-11855.148993,-8883.658212,5489.071218,-197.840071,-147.953913,91.480684,0.000000,0.000000,0.000000,0.882321
28.969899,-1.012121,-98.857794,-0.050149,0.114107,-1.664775,0.000000,0.000000,0.000000,1.003544
4718005.923722,13992926.220827,6633483.583707,78633.078583,233215.415854,110558.053825,0.000000,0.000000,0.000000,1.090557
-167162741.844468,-80728330.599413,418694825.489722,-2786045.958080,-1345472.129566,6978247.083204,0.000000,0.000000,0.000000,1.117236
54.844777,115.331998,-219.620761,0.387992,2.041481,-3.734705,0.000000,0.000000,0.000000,0.921839
-383.174172,251.419862,-663.132885,-6.651897,4.341552,-11.044158,0.000000,0.000000,0.000000,1.064942
-27075.847742,-17320.473196,-5174.099247,-451.436657,-288.568951,-86.241909,0.000000,0.000000,0.000000,1.190728
569914734.027845,-106398960.042050,-10015497.530711,9498578.549436,-1773315.911964,-166924.964198,0.000000,0.000000,0.000000,0.978843
2493.293420,227.184008,-9444.035883,41.174422,3.921566,-157.396520,0.000000,0.000000,0.000000,0.826292
-15656348.404533,7914781.359490,3798936.996707,-260939.522091,131913.063431,63315.618315,0.000000,0.000000,0.000000,1.161362
-260306675.949380,-87988778.525197,78116121.211836,-4338444.874679,-1466479.629957,1301935.355528,0.000000,0.000000,0.000000,1.090252
24.183746,51.317489,-162.614498,0.253546,0.851507,-2.739754,0.000000,0.000000,0.000000,1.169779
246319358069589.250000,2456194946404361.000000,-1373382391180338.000000,4105322634492.853516,40936582440072.546875,-22889706519672.039062,0.000000,0.000000,0.000000,1.075259
58.836198,24.013776,-11.309783,0.447945,0.451772,-0.223627,0.000000,0.000000,0.000000,0.824259
-30281.655921,-51046.788043,-4438.474069,-505.149935,-850.894120,-73.973760,0.000000,0.000000,0.000000,0.962516
23725607.958618,7726842.056719,-50645292.922577,395426.471427,128780.689926,-844088.207667,0.000000,0.000000,0.000000,1.199109
6497.083612,-20243.252818,-19503.738074,108.166382,-337.286344,-325.060877,0.000000,0.000000,0.000000,0.923813
32155.120496,-67413.312532,-16996.595152,538.448527,-1129.315927,-284.703757,0.000000,0.000000,0.000000,1.146033
-44462.734450,-13380.780106,-19473.341425,-741.232315,-222.933112,-324.556667,0.000000,0.000000,0.000000,0.909728
6984139.826167,-1645161.922845,17623071.765790,116401.961929,-27419.362118,293717.863494,0.000000,0.000000,0.000000,0.994752
53.077728,-42.182175,-46.163448,0.482170,-0.613934,-0.801669,0.000000,0.000000,0.000000,1.092672
115.971577,-2.902218,15.546726,1.527384,0.150850,0.246177,0.000000,0.000000,0.000000,0.917199
-9190.363811,-1862.683100,-804.840924,-153.558663,-31.224238,-13.405696,0.000000,0.000000,0.000000,0.970720
-1965.718744,-190.174137,7672.278223,-33.140132,-3.034186,127.866545,0.000000,0.000000,0.000000,1.009326
3180298.498997,1290887.985345,-1189656.906207,53004.826687,21514.892716,-19827.619904,0.000000,0.000000,0.000000,0.820667
1357.221443,2068.469834,45.543184,22.336373,34.470487,0.764065,0.000000,0.000000,0.000000,1.157497
-920.964744,2684.392096,172.844942,-15.658244,44.627577,2.876580,0.000000,0.000000,0.000000,1.095574
-613054.952176,33974.275433,-53281.863853,-10217.893531,566.239579,-888.027999,0.000000,0.000000,0.000000,0.984745
-4092865.801730,655679.300947,-1887399.593932,-68214.710657,10927.864513,-31456.665042,0.000000,0.000000,0.000000,1.051727
-1.466367,26.120111,-21.734842,-0.195378,0.447934,-0.387312,0.000000,0.000000,0.000000,1.135512
222743772.859053,-470571830.707045,-509370565.827479,3712395.928736,-7842863.884529,-8489509.431881,0.000000,0.000000,0.000000,0.965913
2162.923326,4206.397486,-752.505736,35.663891,70.040043,-12.533980,0.000000,0.000000,0.000000,0.878008
791333.806034,2597580.561884,-1222520.075881,13188.609902,43292.905367,-20375.333166,0.000000,0.000000,0.000000,0.923908
7.736270,31.039539,32.925734,-0.020527,0.505375,0.583097,0.000000,0.000000,0.000000,0.969764
-79563.081148,-29216.986224,-13739.973805,-1326.354348,-486.932778,-228.994010,0.000000,0.000000,0.000000,0.944591
75.036147,-62.785001,-137.493415,0.866533,-0.955576,-2.354833,0.000000,0.000000,0.000000,0.809814
17.698075,45.148446,-64.561627,0.004894,0.958689,-1.124588,0.000000,0.000000,0.000000,1.155113
816.589700,-781.746748,604.707907,13.232743,-12.832430,10.073965,0.000000,0.000000,0.000000,1.029983
3442.400962,1888.897974,15092.384992,57.059824,31.605838,251.539582,0.000000,0.000000,0.000000,0.835258
-19625.056317,4555.785275,-15377.025446,-328.328217,76.094113,-257.132308,0.000000,0.000000,0.000000,1.066468
2875.300456,468.872545,7543.450610,47.655307,7.894291,125.717291,0.000000,0.000000,0.000000,1.169296
470380582.077353,411817848.052770,167166459.125878,7839676.021106,6863630.764583,2786107.648340,0.000000,0.000000,0.000000,1.119005
-830.997346,-596.982956,-1024.492279,-14.240524,-10.057771,-17.238685,0.000000,0.000000,0.000000,1.038952
-240.484756,-2058.933552,52.012290,-4.383831,-34.108926,0.862033,0.000000,0.000000,0.000000,1.176150
-6462719.214504,187972093.899581,59695511.112996,-107712.240889,3132868.057900,994925.186764,0.000000,0.000000,0.000000,0.902790
1987844.554835,486464.034557,836072.562503,33130.391434,8107.733425,13934.546984,0.000000,0.000000,0.000000,1.051618
-24215838.477529,123923795.486346,55088203.981050,-403597.601579,2065396.573598,918136.725579,0.000000,0.000000,0.000000,0.905255
38.086612,64.925869,-28.573567,0.075415,1.149311,-0.490796,0.000000,0.000000,0.000000,0.893379
-68.733253,-7.191277,-52.767204,-1.016104,0.073398,-1.119663,0.000000,0.000000,0.000000,1.000914
112159858.005690,-23035955.279946,-56507489.308712,1869330.612651,-383932.613942,-941791.486399,0.000000,0.000000,0.000000,0.982572
-245.268564,99.944964,-750.333040,-4.392385,1.580855,-12.498215,0.000000,0.000000,0.000000,1.056024
-219991.787355,-199655.239364,-355035.879655,-3704.053661,-3361.258901,-5977.021965,0.000000,0.000000,0.000000,0.809312
19646419685.076164,-5043807067.974546,-19110576771.719063,327440327.757520,-84063451.150615,-318509612.861072,0.000000,0.000000,0.000000,1.158956
-0.421153,115.566200,321.517489,-0.288127,1.919609,5.354279,0.000000,0.000000,0.000000,1.156830
71.964194,39.916290,9.510618,0.717165,0.816834,0.260828,0.000000,0.000000,0.000000,0.873434
54981.484765,-37560.807100,38977.318893,974.441900,-665.716499,691.116431,0.000000,0.000000,0.000000,1.153578
73.919912,-54.413274,-25.971559,0.977270,-0.856042,-0.712713,0.000000,0.000000,0.000000,0.970115
-481.624063,5510.891279,4622.595632,-8.404067,91.997380,77.044001,0.000000,0.000000,0.000000,0.894150
178.503841,626.712056,216.867469,2.738144,10.304967,3.612897,0.000000,0.000000,0.000000,1.177652
238.580297,-1542.464234,3431.012612,3.681421,-25.709954,57.244772,0.000000,0.000000,0.000000,1.171372
113.472649,3.526436,-94.817349,1.459964,0.048694,-1.685338,0.000000,0.000000,0.000000,1.036042
-13.172347,-68.941124,13.610849,-0.447994,-1.238604,0.222504,0.000000,0.000000,0.000000,0.920117
11.787814,-66.072482,-52.680705,0.061560,-1.165111,-0.905385,0.000000,0.000000,0.000000,1.041553
-11945.755924,11720.087671,-44272.102614,-199.519882,195.372464,-737.864045,0.000000,0.000000,0.000000,0.852513
-21.404373,-45.211530,-60.572436,-0.695359,-0.706482,-0.994216,0.000000,0.000000,0.000000,1.121206
-51901.486533,-15136.071402,4659.366192,-865.426942,-252.079155,77.656433,0.000000,0.000000,0.000000,1.015589
-70779.498500,-145777.536712,-11027.561310,-1179.987488,-2429.519519,-183.787724,0.000000,0.000000,0.000000,0.852184
-443835264163.156616,26344797686.427422,445275689152.932739,-7397254403.024995,439079961.575216,7421261485.886341,0.000000,0.000000,0.000000,1.041386
64.071206,28.626298,-18.647227,0.511910,0.573592,-0.337529,0.000000,0.000000,0.000000,0.842234
17462281264.127407,13853709085.998646,4734940457.145411,291038020.689633,230895151.276838,78915674.286216,0.000000,0.000000,0.000000,0.891092
14998.862364,7023.436608,-7287.302901,249.460723,116.925093,-121.456457,0.000000,0.000000,0.000000,1.156470
165.312075,-99.548805,53.402473,2.227905,-1.537169,0.899447,0.000000,0.000000,0.000000,0.940498
24995.410444,44953.778372,-166294.870114,416.292288,749.224523,-2771.575430,0.000000,0.000000,0.000000,1.099871
1156.308013,-1871.924642,-293.950491,20.151476,-33.581440,-5.234885,0.000000,0.000000,0.000000,0.935047
-2231023306.746128,-2615033043.122042,930396680.565150,-37183722.139861,-43583884.204069,15506611.348070,0.000000,0.000000,0.000000,1.082900
3889.584320,525.336780,-2334.515176,64.431722,8.574336,-38.901013,0.000000,0.000000,0.000000,1.048884
228464.175477,-94937.375589,-176442.164611,3819.969815,-1587.709629,-2950.536609,0.000000,0.000000,0.000000,1.160611
-112.085861,-147.362106,231.073493,-2.118921,-2.344884,3.861098,0.000000,0.000000,0.000000,0.880410
11293.534071,-10299.042473,12361.354878,187.890864,-171.409337,206.025210,0.000000,0.000000,0.000000,1.082227
-52.343929,706.067493,-38.779236,-1.359626,12.213105,-0.462793,0.000000,0.000000,0.000000,0.888692
-13290157.265106,1485457.640406,29263448.391327,-221502.962811,24757.617513,487724.136084,0.000000,0.000000,0.000000,0.839384
-6480.061825,-996.281552,842.408009,-108.680296,-16.823448,14.096711,0.000000,0.000000,0.000000,1.170744
1135.732365,1294.345379,-2173.295449,18.477541,21.548528,-36.218793,0.000000,0.000000,0.000000,1.082462
41462132.798598,-24768211.817333,59429141.377154,691035.204802,-412803.523588,990485.683088,0.000000,0.000000,0.000000,1.158045
201331.219100,762037.214708,211235.887823,3355.203221,12700.623586,3520.601346,0.000000,0.000000,0.000000,0.914463
-3048.422922,-2124.119828,-1636.788033,-51.223720,-35.359295,-27.271696,0.000000,0.000000,0.000000,0.975595
1461977.705924,822753.980230,-613407.156017,24365.803597,13712.678316,-10223.446467,0.000000,0.000000,0.000000,1.006657
34014524.888408,-14433596.071864,4712607.666778,566908.418845,-240559.909408,78543.467657,0.000000,0.000000,0.000000,0.863205
-31.341929,29.287313,-37.061637,-1.056165,0.313325,-0.713742,0.000000,0.000000,0.000000,1.032604
-1124.680596,-1413.083719,3662.243549,-19.053079,-23.579849,61.034167,0.000000,0.000000,0.000000,1.136900
-9436967.096007,17952526.270673,11656692.659615,-157283.134955,299208.762524,194278.203327,0.000000,0.000000,0.000000,1.181825
639399.957675,-7419837.759663,10478847.634018,10656.314567,-123663.963329,174647.452805,0.000000,0.000000,0.000000,1.109992
-30.487807,-205.976444,571.124474,-0.759212,-3.279934,9.515587,0.000000,0.000000,0.000000,1.163210
920.314671,2464.316944,230.015877,14.892086,41.273173,3.829088,0.000000,0.000000,0.000000,0.924382
57.290852,1.936792,-62.084710,0.636246,0.195427,-1.089989,0.000000,0.000000,0.000000,0.973842
-1422.154359,407.557884,1143.632408,-24.223862,6.857837,19.197012,0.000000,0.000000,0.000000,1.174824
-37005723.848639,10224691.905690,7024117.562260,-616762.394737,170411.539996,117068.628700,0.000000,0.000000,0.000000,0.819035
24382488.378675,67559535.199896,-41575314.846897,406374.667254,1125992.174973,-692921.915030,0.000000,0.000000,0.000000,0.849943
-418809.860582,123685.094059,58673.674902,-6980.510305,2061.398974,977.889591,0.000000,0.000000,0.000000,0.976608
171451.043522,273409.075042,9619.946617,2857.100936,4556.847497,160.329973,0.000000,0.000000,0.000000,1.013698
128832.235210,57527.809806,288455.579140,2150.472409,960.498047,4815.609473,0.000000,0.000000,0.000000,1.067462
-355.333572,-261.536080,135.167952,-6.330462,-4.277577,2.255368,0.000000,0.000000,0.000000,1.114062
-1717.622788,-2640.356194,1035.809257,-28.908592,-44.241675,17.296920,0.000000,0.000000,0.000000,1.066148
-1046.451321,1042.677038,10960.665307,-17.939919,17.428567,182.675875,0.000000,0.000000,0.000000,0.817497
-3491404.802939,1671362.384625,-1979297.187095,-58190.527005,27856.020388,-32988.291305,0.000000,0.000000,0.000000,0.983076
-262434.794982,37890.120280,417085.570473,-4374.336332,631.543501,6951.418874,0.000000,0.000000,0.000000,1.197002
16.959265,-2.170217,-0.839685,-0.219330,-0.226254,0.024825,0.000000,0.000000,0.000000,0.942361
44.436641,43.678671,-44.332079,0.223937,0.800492,-0.733971,0.000000,0.000000,0.000000,1.104817
43727.813611,9683.085669,34966.299313,728.464086,161.337950,582.768236,0.000000,0.000000,0.000000,1.156099
114.257450,-169.750693,-48.447738,1.647963,-2.893559,-0.811187,0.000000,0.000000,0.000000,0.836249
132.674047,377.592138,176.318947,1.799696,6.272748,2.949538,0.000000,0.000000,0.000000,0.906427
5862.508302,9235.029981,10264.610951,97.417221,153.945547,171.078055,0.000000,0.000000,0.000000,0.936325
25168.341637,11494.471732,2050.010117,419.047920,191.604935,34.166554,0.000000,0.000000,0.000000,0.962051
-95593.705035,-250471.003400,31310.616900,-1593.554176,-4174.477861,521.844775,0.000000,0.000000,0.000000,1.075549
1065.937973,1373.612942,-634.196604,17.306642,22.752375,-10.564658,0.000000,0.000000,0.000000,1.034069
-16189.678442,-118207.574517,-13296.970991,-271.005554,-1976.745760,-222.325319,0.000000,0.000000,0.000000,1.176354
40039.916566,15108.776908,10516.442273,667.083946,251.886513,175.276513,0.000000,0.000000,0.000000,1.024877
186.311143,41.144054,-153.562699,2.689823,0.629865,-2.576516,0.000000,0.000000,0.000000,0.982953
3850.108466,5761.632156,-3581.479344,63.802927,96.118386,-59.684145,0.000000,0.000000,0.000000,1.150424
16.524698,-200.379911,-153.009197,0.076543,-3.185260,-2.542643,0.000000,0.000000,0.000000,1.126163
-67454639.082415,1506551.750881,61517237.777513,-1124244.299021,25109.255434,1025287.297637,0.000000,0.000000,0.000000,0.844411
-6378.135949,-11965.334096,-73160.877109,-106.702057,-199.206684,-1219.346277,0.000000,0.000000,0.000000,1.036014
-94891.528120,-302967.485190,21599.115221,-1581.938030,-5049.423062,359.982848,0.000000,0.000000,0.000000,1.043285
39136.277027,640647.352802,-1468410.864195,651.905709,10677.470727,-24473.513371,0.000000,0.000000,0.000000,0.988348
2297808.042884,3450629.413696,2059733.290031,38296.426933,57510.466919,34328.884669,0.000000,0.000000,0.000000,1.014765
323.760782,78.319656,148.392838,4.883895,1.251982,2.481324,0.000000,0.000000,0.000000,1.127865
8101111.609290,-5033943.985245,-211819.118807,135018.097001,-83899.220399,-3530.322506,0.000000,0.000000,0.000000,0.837587
-127327.111994,-134053.742611,-12089.090919,-2187.624574,-2303.376512,-207.733043,0.000000,0.000000,0.000000,1.198040
-763.744033,-372.869156,-342.716211,-12.915586,-6.171057,-5.704481,0.000000,0.000000,0.000000,0.872062
71443.420377,-99207.134741,846.529017,1190.539906,-1653.437593,14.110508,0.000000,0.000000,0.000000,0.835567
4881.763049,59096.851870,83818.531945,80.898079,984.734907,1396.969859,0.000000,0.000000,0.000000,1.050494
-9.141772,33.610119,-64.350585,-0.256334,0.525089,-1.060655,0.000000,0.000000,0.000000,0.896114
21.690399,17.523459,322.261939,0.063693,0.510886,5.363100,0.000000,0.000000,0.000000,1.006687
-5988.023868,2695.913786,1755.109092,-100.116981,44.956268,29.253587,0.000000,0.000000,0.000000,1.052623
983.263149,-5719.140024,500.240852,16.131310,-95.323672,8.330773,0.000000,0.000000,0.000000,0.972416
-2398.862479,-4270.096360,-5380.929389,-40.323738,-71.193493,-89.677107,0.000000,0.000000,0.000000,0.927088
144.912370,194.519564,-505.690150,2.259392,3.379658,-8.427228,0.000000,0.000000,0.000000,1.063849
-902891268.139561,370955319.100570,379462243.262063,-15048188.288050,6182588.678193,6324370.720624,0.000000,0.000000,0.000000,0.814390
289.023833,102.561407,-473.836033,4.362653,1.725315,-7.915557,0.000000,0.000000,0.000000,1.084872
-146498.805824,-276577.363750,-802260.126443,-2525.744801,-4768.266306,-13832.062637,0.000000,0.000000,0.000000,1.102768
20.143136,146.120650,-51.699323,-0.149778,2.450187,-0.860218,0.000000,0.000000,0.000000,0.823580
-34145.898986,-49677.552431,1057.244951,-569.644618,-828.062498,17.627050,0.000000,0.000000,0.000000,1.162363
-1008381.994993,-1106786.394441,-260554.800674,-16806.732818,-18446.478544,-4342.577751,0.000000,0.000000,0.000000,0.821384
5098674.775834,80330.798963,-1933346.508004,85119.566470,1341.127435,-32276.231379,0.000000,0.000000,0.000000,0.876243
-2585083.301174,-3871479.865492,-2311713.233032,-43085.092798,-64524.683726,-38528.554989,0.000000,0.000000,0.000000,0.903588
5595.924942,21868.973131,11819.971949,92.933782,364.712825,197.003547,0.000000,0.000000,0.000000,0.992565
-36128.236507,67380.027275,48542.737860,-602.487899,1122.955528,809.039611,0.000000,0.000000,0.000000,1.050501
-36863423.035836,-33424770.762073,-22394037.017109,-614390.727417,-557079.727364,-373233.955647,0.000000,0.000000,0.000000,1.126806
-74265.402690,-232077.138422,112895.927066,-1238.156806,-3867.988208,1881.597038,0.000000,0.000000,0.000000,0.896502
2480089818.298701,2907110136.320163,-1034328323.878015,41334829.942293,48451835.451044,-17238805.391846,0.000000,0.000000,0.000000,0.974140
6717885.905891,-1970167.002290,830275.876697,111964.408300,-32836.116702,13837.927862,0.000000,0.000000,0.000000,0.913226
207218310310.251556,-155840814477.127075,-468423875506.752014,3453638504.757108,-2597346907.979971,-7807064591.781789,0.000000,0.000000,0.000000,0.945531
2095.061267,-1502.051747,-939.417144,34.459548,-24.913255,-15.655005,0.000000,0.000000,0.000000,1.186926
-68649304.746205,-647769.382493,-52715504.919887,-1144155.547149,-10796.160831,-878591.740364,0.000000,0.000000,0.000000,0.962127
46307.113148,13481.831064,-4211.655266,771.375614,224.883717,-70.193252,0.000000,0.000000,0.000000,1.140163
966.428562,2235.088716,6157.095171,15.862371,37.241698,102.610909,0.000000,0.000000,0.000000,1.033141
35.737053,-10.948302,-52.536575,0.172828,-0.091581,-0.837133,0.000000,0.000000,0.000000,1.136733
1266.080584,314.319803,638.282650,20.889417,5.102457,10.634132,0.000000,0.000000,0.000000,1.114637
1218.711717,3614.852807,5341.103432,20.119168,60.972143,90.076706,0.000000,0.000000,0.000000,1.038443
68.959422,-2.400926,-4.029957,0.619125,0.052772,-0.059044,0.000000,0.000000,0.000000,1.193953
-164.409275,-650.776119,-721.624383,-3.276696,-11.010531,-12.150905,0.000000,0.000000,0.000000,1.192625
-3647.891196,5775.103478,-5737.761706,-60.923258,96.119834,-95.624863,0.000000,0.000000,0.000000,1.026543
429840.781166,-126976.461296,165264.472064,7163.672210,-2116.257487,2754.411476,0.000000,0.000000,0.000000,0.977905
-42394.935915,38103.116007,27185.232764,-706.771461,635.248818,453.087195,0.000000,0.000000,0.000000,1.157193
-220.177073,209.026025,1418.745892,-4.090627,3.343483,23.643651,0.000000,0.000000,0.000000,0.958091
-51.414772,-86.831190,-239.580413,-1.390941,-1.511523,-4.010118,0.000000,0.000000,0.000000,1.187200
24119.803826,108.404965,24210.371782,401.746354,1.786938,403.507622,0.000000,0.000000,0.000000,0.955924
62.537343,11.339944,-27.756392,0.717999,0.541941,-0.427195,0.000000,0.000000,0.000000,1.177776
6364.953179,1816.000050,4191.917204,105.820862,30.135201,69.978031,0.000000,0.000000,0.000000,0.943368
67929.797070,231513.610298,-6879.240158,1187.368992,4047.530077,-120.268215,0.000000,0.000000,0.000000,0.827079
6530960.555538,-194916392.162521,-62213977.021348,108849.088484,-3248606.706016,-1036899.614274,0.000000,0.000000,0.000000,0.870387
28.856088,83.436152,-3.493052,-0.075508,1.327022,-0.051606,0.000000,0.000000,0.000000,0.918610
51.822992,-89.287124,-55.214904,0.597947,-1.252397,-0.916174,0.000000,0.000000,0.000000,0.903879
-7469.799975,756.076696,24768.598444,-124.858501,12.527549,412.807344,0.000000,0.000000,0.000000,0.895362
53518.741797,22668.650516,11468.528686,891.669087,377.825163,191.146577,0.000000,0.000000,0.000000,0.889664
-72.014026,24.076702,-43.224169,-1.292791,0.383428,-0.850509,0.000000,0.000000,0.000000,0.968999
-1635.638027,-880.223281,180.493370,-28.048634,-14.792145,3.078020,0.000000,0.000000,0.000000,1.013257
19824641.202284,-26931618.315708,-81063420.961041,330410.113112,-448860.327150,-1351057.016598,0.000000,0.000000,0.000000,0.821278
601273.565128,-1866664.002288,1187059.253579,10020.715736,-31111.105637,19784.313595,0.000000,0.000000,0.000000,0.988740
-107732.258126,-383177.755794,-977559.618745,-1795.677067,-6386.201161,-16292.656772,0.000000,0.000000,0.000000,0.961047
6.678613,-39.649869,-51.858793,-0.121242,-0.988544,-0.885596,0.000000,0.000000,0.000000,1.172275
20100426125.064983,12048338872.709980,-3373489473.023415,335007101.758114,200805647.908120,-56224824.547178,0.000000,0.000000,0.000000,1.068235
48.474468,-14.606974,-24.429154,0.460229,-0.119704,-0.430350,0.000000,0.000000,0.000000,1.141943
265.312197,2.766080,236.211954,4.045860,0.143845,3.932024,0.000000,0.000000,0.000000,1.138489
371390.655703,468693.329455,542456.619317,6189.621702,7811.660101,9040.941015,0.000000,0.000000,0.000000,0.949375
-1645.672693,-3814.348179,-6686.718501,-28.182594,-64.304547,-112.745574,0.000000,0.000000,0.000000,0.845823
336.231918,60.926273,-67.740126,5.257286,1.224677,-1.129766,0.000000,0.000000,0.000000,0.914110
-379708.385177,8366168.038497,-11703548.904984,-6339.247568,139668.947131,-195384.784029,0.000000,0.000000,0.000000,1.062392
-130296.183435,-58498.959432,-294002.526719,-2175.541924,-976.508587,-4908.226005,0.000000,0.000000,0.000000,1.046150
13038.934753,-3823.431237,-1660.478361,217.099015,-63.828968,-27.676172,0.000000,0.000000,0.000000,1.146327
121710.532654,166909.867385,104161.801307,2028.174962,2781.849057,1736.026658,0.000000,0.000000,0.000000,0.944161
52.811611,-36.198289,-40.724361,0.781480,-0.511063,-0.696301,0.000000,0.000000,0.000000,0.928885
152033.066701,20239.975783,-88680.792828,2533.580546,337.280374,-1478.012613,0.000000,0.000000,0.000000,1.154002
48.111485,-44.625400,-48.016939,0.246531,-0.739359,-0.756114,0.000000,0.000000,0.000000,0.901690
371.913276,4240.622461,627.382564,5.940917,70.657667,10.455024,0.000000,0.000000,0.000000,1.061761
-19.180735,-16.319081,3.950409,-0.782489,-0.392893,0.095997,0.000000,0.000000,0.000000,0.981113
1764428237.574250,3869537614.344265,-1875508316.391387,29407137.085070,64492293.667439,-31258471.943330,0.000000,0.000000,0.000000,1.003691
-12768.154982,3911.182023,201031.072236,-213.256160,65.122383,3350.514636,0.000000,0.000000,0.000000,0.854357
53.707584,-32.503339,-72.607998,0.594976,-0.361684,-1.284842,0.000000,0.000000,0.000000,1.171669
-52139.266105,-54703.917715,-61951.560193,-870.951540,-913.213225,-1034.255275,0.000000,0.000000,0.000000,0.809294
145097.505997,309984.949357,-113510.634143,2417.969376,5166.420469,-1891.847709,0.000000,0.000000,0.000000,1.177510
-117942.281258,347840.452240,-33074.413995,-1969.449301,5806.986824,-552.151194,0.000000,0.000000,0.000000,0.938571
898234021.088184,1253097253.367140,2854049509.643893,14970566.691995,20884954.203403,47567491.823790,0.000000,0.000000,0.000000,0.965873
-6209688.135566,16759108.815408,86977346.495302,-103495.109422,279318.465366,1449622.438969,0.000000,0.000000,0.000000,0.806254
4974.941244,-976.426483,8578.252597,82.735195,-16.458757,142.963111,0.000000,0.000000,0.000000,1.197061
-933253.573744,-2829902.673183,-2254336.175140,-15554.629511,-47165.103455,-37572.267698,0.000000,0.000000,0.000000,0.972570
31777.936264,29684.988418,6374.072245,529.240499,494.787267,106.236015,0.000000,0.000000,0.000000,1.066617
-45837.367576,-27215.343583,-21838.083660,-764.170222,-453.785727,-363.966133,0.000000,0.000000,0.000000,0.827217
13713825.608981,4712521.493192,3134832.017899,228563.490585,78541.788195,52247.196805,0.000000,0.000000,0.000000,0.931572
990149069.675938,1731716294.480035,-664539573.153745,16502484.062126,28861938.225542,-11075659.558541,0.000000,0.000000,0.000000,1.015864
36.292875,226.307547,181.073729,0.208504,3.709097,3.105929,0.000000,0.000000,0.000000,0.865683
-191833.728988,1163914.377858,915161.306460,-3197.488587,19398.542910,15252.690486,0.000000,0.000000,0.000000,0.964410
-27049.182290,13375.249426,-48728.089578,-451.089332,222.991578,-812.130749,0.000000,0.000000,0.000000,0.921414
93816.971020,-51996.288055,50765.370159,1563.238448,-866.610297,846.083643,0.000000,0.000000,0.000000,1.165302
-9808.307842,15946.416070,186062.120542,-163.758512,265.913813,3101.029513,0.000000,0.000000,0.000000,1.147375
82.607236,-57.330944,-125.930121,0.945466,-1.132007,-2.232241,0.000000,0.000000,0.000000,0.905243
-25701.125388,4351.524819,977.032524,-428.746871,72.464998,16.285725,0.000000,0.000000,0.000000,0.887778
17316.343492,57404.356732,-10812.883988,288.178635,956.611101,-180.209993,0.000000,0.000000,0.000000,0.882672
-457.407323,1905.666786,1349.051201,-7.846423,31.741796,22.477297,0.000000,0.000000,0.000000,0.929124
88.311262,141.792393,339.342353,1.186511,2.418474,5.648119,0.000000,0.000000,0.000000,0.872177
9851.710584,26251.115540,8352.721794,163.922913,437.581819,139.213511,0.000000,0.000000,0.000000,0.809480
789565.884568,40648.747235,-714997.727431,13158.929593,677.419451,-11916.631677,0.000000,0.000000,0.000000,0.852665
300.014915,207.551498,409.101015,4.431165,3.503869,6.816210,0.000000,0.000000,0.000000,0.818536
-2755.498215,650.569248,2160.905166,-46.404000,11.017048,36.007151,0.000000,0.000000,0.000000,1.140288
68283.600317,247190.043708,-111162.796384,1137.658007,4119.792212,-1852.712125,0.000000,0.000000,0.000000,0.833555
-35729.578202,75275.464940,18894.383413,-598.645439,1260.774234,316.483501,0.000000,0.000000,0.000000,1.027351
805907849.164088,-339657401.379968,-349117417.998287,13431796.997338,-5660956.661914,-5818623.632452,0.000000,0.000000,0.000000,0.895092
-14214798617.872137,-11275635595.433672,-3853026036.846002,-236913310.674969,-187927260.078740,-64217100.613085,0.000000,0.000000,0.000000,1.094618
-6098.689479,-44236.530425,-131926.347375,-101.886678,-737.183774,-2198.773505,0.000000,0.000000,0.000000,0.964641
193602.478407,609319.154562,-94047.705363,3226.338796,10155.353512,-1567.466813,0.000000,0.000000,0.000000,1.088460
115.071601,255.134521,-261.394398,1.764982,4.344752,-4.360343,0.000000,0.000000,0.000000,0.872413
-79530.181903,-331881.836885,180010.362983,-1325.812584,-5531.362771,3000.168044,0.000000,0.000000,0.000000,0.891384
-1238.611884,2258.880864,266.454064,-22.838437,40.572575,4.827054,0.000000,0.000000,0.000000,0.814934
-841154.776417,-43196.017048,761491.932716,-14019.743523,-719.993053,12691.525191,0.000000,0.000000,0.000000,0.800565
-93505.627523,65876.804755,17164.087685,-1558.779156,1097.957536,286.059839,0.000000,0.000000,0.000000,0.851082
3783.086052,-24082.534510,-25848.008887,63.067414,-404.013631,-433.678423,0.000000,0.000000,0.000000,0.802055
-493633.693100,-481802.276839,-128604.645923,-8227.562927,-8030.022079,-2143.405010,0.000000,0.000000,0.000000,1.030139
42.918127,-891.606693,-1277.915005,0.367768,-14.835771,-21.427325,0.000000,0.000000,0.000000,1.053327
-66.657475,159.256193,226.998508,-1.402330,2.874989,3.893587,0.000000,0.000000,0.000000,0.829351
25500.625637,-2425.601895,-11976.603469,424.542659,-40.313931,-199.609926,0.000000,0.000000,0.000000,1.191348
-5551281.617111,26726909.564426,956570.930787,-92521.614190,445448.418052,15942.842835,0.000000,0.000000,0.000000,0.964997
25243547.845417,50407062.218485,82779031.733881,420725.387361,840117.504293,1379650.526751,0.000000,0.000000,0.000000,0.832471
-7251.447459,-965.050940,9004.107880,-121.083344,-16.033302,150.063643,0.000000,0.000000,0.000000,0.859998
-1081.438171,844.027054,1082.473911,-18.212491,13.924016,18.034267,0.000000,0.000000,0.000000,1.189759
2848.035950,598.076003,-1823.869398,47.013950,9.810653,-30.392967,0.000000,0.000000,0.000000,0.837812
199571855.898855,18142218.576733,437472075.000093,3326197.432836,302370.276855,7291201.246725,0.000000,0.000000,0.000000,1.195844
-2256.468374,-1096.767809,-14229.528900,-37.919472,-18.153779,-237.150551,0.000000,0.000000,0.000000,0.907600
37592958.423914,76628763.478910,-2156828.592608,626548.965624,1277146.060850,-35947.147135,0.000000,0.000000,0.000000,1.175978
-4755.862281,-3247.711990,746.432535,-79.769294,-54.215235,12.438145,0.000000,0.000000,0.000000,0.918034
-54254.188252,37127.986595,-38569.516349,-962.355177,658.549041,-683.823455,0.000000,0.000000,0.000000,1.162965
-635643423.735398,-556468936.255153,-225861422.202850,-10594057.406537,-9274482.304967,-3764357.039560,0.000000,0.000000,0.000000,0.828171
4982332.858737,-24001744.715750,-849604.702872,83038.626127,-400029.148726,-14160.084229,0.000000,0.000000,0.000000,1.074301
2401.968565,1889.017543,-769.790740,39.679792,31.362349,-12.832325,0.000000,0.000000,0.000000,0.828123
-4489.567223,-8452.571885,11467.288727,-75.106087,-140.796873,191.113526,0.000000,0.000000,0.000000,0.945933
-9022.609930,-12006.810352,37370.821681,-150.635802,-200.030635,622.844961,0.000000,0.000000,0.000000,0.871053
-777.862172,-82.037873,-640.341190,-13.239269,-1.258091,-10.675370,0.000000,0.000000,0.000000,1.006606
-68787.967619,-54376.849111,-45194.904677,-1154.582302,-912.572852,-758.272016,0.000000,0.000000,0.000000,0.891709
578.454666,415.814350,525.350512,9.732564,7.059128,9.008511,0.000000,0.000000,0.000000,0.802266
-27285435.266222,-17642091.899632,-34403379.899988,-454757.559658,-294034.879417,-573389.659000,0.000000,0.000000,0.000000,0.808057
73622.305976,-122764.991834,324950.532048,1226.763244,-2046.125388,5415.840411,0.000000,0.000000,0.000000,0.997179
-27.220420,-22.824400,-46.464647,-0.682689,-0.407991,-0.849844,0.000000,0.000000,0.000000,0.826401
100493927.280295,21151026.481231,-31451688.982801,1674898.394632,352517.171397,-524194.819433,0.000000,0.000000,0.000000,1.092000
-290.695409,-350.981203,332.062108,-5.332292,-5.763511,5.525468,0.000000,0.000000,0.000000,1.064843
-1095491.639264,3275675.639202,-11441220.855543,-18258.642176,54594.711874,-190687.011482,0.000000,0.000000,0.000000,0.822479
92231.543774,753200.143161,-18672.304075,1536.777917,12553.267420,-311.199805,0.000000,0.000000,0.000000,1.009438
15978.192549,-2643.439227,11295.230261,265.893220,-44.244613,188.249777,0.000000,0.000000,0.000000,0.979089
7701.671835,11866.406561,-1618.708104,128.419752,198.493713,-27.062547,0.000000,0.000000,0.000000,1.066492
-2009.080417,-3587.348576,-1274.355718,-33.966241,-59.873575,-21.240603,0.000000,0.000000,0.000000,0.981742
-202252193290.962189,152105991516.217285,457197802967.104126,-3370869888.595730,2535099858.575141,7619963382.780657,0.000000,0.000000,0.000000,0.968748
-32629.420869,-40218.249393,12796.932034,-544.288369,-670.303431,213.285258,0.000000,0.000000,0.000000,0.983512
264006551.428152,73572304.260174,-57158697.765364,4400108.911490,1226205.081966,-952644.959723,0.000000,0.000000,0.000000,1.084388
-278695261.432088,-230682490.515999,56264184.934055,-4644921.369447,-3844708.165840,937736.420668,0.000000,0.000000,0.000000,0.873257
-1160.862156,10903.201014,83174.915982,-19.817296,181.715901,1386.246779,0.000000,0.000000,0.000000,0.816476
-606.820272,463.061360,515.681817,-10.525550,7.600179,8.626084,0.000000,0.000000,0.000000,1.047589
-204999.716340,-645443.023043,101497.593071,-3417.029229,-10757.343512,1691.620563,0.000000,0.000000,0.000000,1.027319
1827.384725,-696.191084,-916.371088,30.097188,-11.421057,-15.270283,0.000000,0.000000,0.000000,1.173960
8903.942380,5904.753915,2771.121934,148.011021,98.506320,46.188466,0.000000,0.000000,0.000000,1.044913
8.173363,37.459745,-2.970261,-0.219871,0.518536,0.024289,0.000000,0.000000,0.000000,0.914418
-1980.042712,14120.960578,11853.951415,-33.575008,235.356940,197.558118,0.000000,0.000000,0.000000,1.174704
14461208.305249,1994013.302530,3590721.624279,241019.644981,33233.582141,59845.360083,0.000000,0.000000,0.000000,0.964197
-46710.205259,6773.327714,87574.176624,-778.860301,112.681624,1459.564142,0.000000,0.000000,0.000000,0.803833
156667.983081,7353.050254,-23539.453650,2610.760162,122.476232,-392.318311,0.000000,0.000000,0.000000,0.974165
2795.656532,538.946458,-2267.795100,46.265081,8.928597,-37.788534,0.000000,0.000000,0.000000,1.077810
543930588.365919,-488933953.981926,-674742566.401653,9065509.320184,-8148899.172265,-11245709.441006,0.000000,0.000000,0.000000,1.142695
39114.537409,-80961.618592,-10096.313206,653.668658,-1353.979488,-168.855913,0.000000,0.000000,0.000000,0.969278
-20010926.633622,18601060.566654,-12234897.747070,-333515.766855,310017.663289,-203914.956467,0.000000,0.000000,0.000000,1.019335
2308.047873,781.629807,751.328696,38.260127,12.868000,12.521869,0.000000,0.000000,0.000000,1.190436
-74.877411,98.846009,50.679415,-1.645872,1.433836,0.841916,0.000000,0.000000,0.000000,1.094258
5110.211083,7702.104823,-20282.680279,84.793984,128.585418,-338.040043,0.000000,0.000000,0.000000,0.907879
18871.081056,54107.950209,95862.466550,314.260038,901.836642,1597.704386,0.000000,0.000000,0.000000,0.928088
-41237.114859,-18073.221360,-13728.816254,-687.526248,-301.143814,-228.808937,0.000000,0.000000,0.000000,0.958425
-148440996.758384,-2629071498.383718,-4164180346.696442,-2474016.938866,-43817858.316740,-69403005.774496,0.000000,0.000000,0.000000,1.021077
-57.870986,649.786358,-339.358019,-1.265441,10.669103,-5.663056,0.000000,0.000000,0.000000,0.887687
-1101.531940,-1428.713769,596.313015,-18.811870,-23.945571,9.940282,0.000000,0.000000,0.000000,0.970445
-72.230650,-272.781689,-452.823574,-1.576790,-4.717545,-7.632140,0.000000,0.000000,0.000000,0.988023
713031.884795,779620.261372,180891.779174,11883.494519,12993.628021,3014.864233,0.000000,0.000000,0.000000,1.172336
3683.494585,2067.849441,-2172.298109,61.003799,34.307817,-36.198483,0.000000,0.000000,0.000000,1.017928
-96.286435,-0.725154,20.351177,-1.958929,0.143207,0.343226,0.000000,0.000000,0.000000,0.873146
-78806482.405486,124874390.413105,-44232838.560655,-1313441.717478,2081239.837599,-737213.967990,0.000000,0.000000,0.000000,0.818163
257.151024,750.821209,-841.763480,3.956079,12.426943,-14.025275,0.000000,0.000000,0.000000,1.022176
-43.339216,964.320056,533.765233,-1.090152,15.997863,8.904234,0.000000,0.000000,0.000000,0.982968
2636.649955,-730.359181,-2131.444123,43.457566,-11.996804,-35.526304,0.000000,0.000000,0.000000,1.031078
-4977.920122,-124921.324541,69330.118293,-83.347191,-2082.073231,1155.505277,0.000000,0.000000,0.000000,1.164925
-304.597128,-5489.908309,-5808.861058,-5.313755,-91.511369,-96.810671,0.000000,0.000000,0.000000,0.831382
181.649672,-178.451489,-123.681825,2.512255,-2.862737,-2.055529,0.000000,0.000000,0.000000,1.087354
39.379914,-86.881972,-124.041475,0.405758,-1.784120,-2.413073,0.000000,0.000000,0.000000,0.989456
582904062.645980,6833316272.786573,-6639559587.163794,9715067.246358,113888604.336667,-110659326.450702,0.000000,0.000000,0.000000,1.103315
-109158193.923937,22416907.781209,54979172.660821,-1819303.582582,373615.103006,916319.544616,0.000000,0.000000,0.000000,1.009699
-56663.218576,-103140.599648,-61476.846026,-944.707303,-1718.835387,-1024.605808,0.000000,0.000000,0.000000,0.923912
-61.202103,44.337025,-39.033079,-1.268383,0.693973,-0.644323,0.000000,0.000000,0.000000,1.013365
707835.942050,-3687134.743203,-194531.982590,11796.939891,-61452.272427,-3242.201682,0.000000,0.000000,0.000000,1.125743
10.218495,4.051903,-35.153167,-0.411447,0.168649,-0.604042,0.000000,0.000000,0.000000,1.192228
-43.529928,2564.500424,-2346.422026,-1.026511,42.783028,-39.102640,0.000000,0.000000,0.000000,0.911578
-99807474.670398,-21092498.977722,31175290.165455,-1663458.300697,-351541.585439,519588.165169,0.000000,0.000000,0.000000,1.099672
-26448.285052,26617.113898,16391.675796,-441.140571,443.603739,273.188301,0.000000,0.000000,0.000000,0.818657
-1420.483093,-439.674619,-1485.447120,-23.939491,-7.269328,-24.751100,0.000000,0.000000,0.000000,0.883056
56.646051,133.073198,107.825191,0.744333,2.361607,1.792629,0.000000,0.000000,0.000000,1.151102
2130.639951,-396.623942,-2421.042430,35.177343,-6.721847,-40.346497,0.000000,0.000000,0.000000,1.003370
402406.586161,3913065.075989,2312645.555242,6706.466628,65217.803116,38544.084473,0.000000,0.000000,0.000000,1.075824
-320.862386,-145.420414,306.009402,-5.551290,-2.430155,5.094713,0.000000,0.000000,0.000000,0.806125
-100964482.627972,1058118.082452,217014863.463636,-1682741.670585,17635.211124,3616914.389872,0.000000,0.000000,0.000000,0.827612
1216.677236,-198.948798,287.336715,20.000751,-3.267527,4.787153,0.000000,0.000000,0.000000,1.144365
2717.111491,-4168.865027,-3379.348737,46.499616,-71.586966,-58.146453,0.000000,0.000000,0.000000,1.032040
-1035478.498147,867707.909492,52008.889506,-17258.185432,14461.789760,866.820185,0.000000,0.000000,0.000000,1.072494
7747434184.003631,674222982.974001,-2113505851.635727,129123902.715803,11237049.963409,-35225097.530226,0.000000,0.000000,0.000000,0.824393
-403.423814,26.874056,-75.934101,-7.508695,0.361161,-1.312301,0.000000,0.000000,0.000000,1.118345
754448.515848,1302309.139792,-892938.217749,12573.629467,21705.108812,-14882.307813,0.000000,0.000000,0.000000,0.880674
-4595.709449,-6944.609192,84530.362186,-77.064107,-115.975851,1411.172914,0.000000,0.000000,0.000000,0.942182
53977534.278561,70046478.203487,-193387794.650667,899625.299025,1167441.281241,-3223129.914279,0.000000,0.000000,0.000000,1.078415
-5046140892.371057,-22083118908.987816,-32660313892.275524,-84102348.500207,-368051981.829214,-544338564.874998,0.000000,0.000000,0.000000,1.061641
259435.037506,-138366.292232,-12565.708032,4323.462145,-2306.105479,-209.429163,0.000000,0.000000,0.000000,1.072066
51776.528066,51217.509707,60776.138114,863.865695,855.086838,1014.616368,0.000000,0.000000,0.000000,0.831722
-3092.816045,3475.164447,-8648.845533,-51.892917,58.163393,-144.142776,0.000000,0.000000,0.000000,1.021611
-42.352420,-244.146242,-355.634683,-1.069658,-3.845066,-5.921369,0.000000,0.000000,0.000000,1.028821
-135716604.373042,153501108.953547,140532360.026978,-2261943.764256,2558351.830892,2342205.993209,0.000000,0.000000,0.000000,1.066508
9841237.141740,-453117.376699,-20215798.172671,164020.275377,-7551.965890,-336929.969090,0.000000,0.000000,0.000000,1.195953
7.316183,-34.767637,-13.211974,-0.206781,-0.358955,-0.106121,0.000000,0.000000,0.000000,0.841150
1803.046281,-7164.695840,-2599.128079,29.868766,-119.469729,-43.312359,0.000000,0.000000,0.000000,0.850637
-1361.989507,-1512.694124,-425.971393,-23.106836,-25.347814,-7.109367,0.000000,0.000000,0.000000,0.936637
-183.460410,-216.633608,516.872003,-3.192488,-3.485815,8.608672,0.000000,0.000000,0.000000,0.906809
-11361.110600,11927.653535,-2703.257573,-189.655985,198.841120,-45.057476,0.000000,0.000000,0.000000,0.865894
140.133411,325.420684,-235.796003,1.985239,5.505796,-3.925163,0.000000,0.000000,0.000000,0.987967
-82.900683,220.926988,-240.184055,-1.492392,3.628649,-4.000323,0.000000,0.000000,0.000000,1.043584
541702.971320,3744454.357320,1332909.369331,9027.979823,62407.384258,22215.156881,0.000000,0.000000,0.000000,1.044146
-318087906.258844,-139126897.505594,-134672615.981809,-5301465.479111,-2318781.467489,-2244543.591518,0.000000,0.000000,0.000000,0.920562
124.173532,-38.710581,417.206795,1.734011,-0.546448,6.947603,0.000000,0.000000,0.000000,1.040714
-37.381126,55.559724,-159.496080,-0.857449,1.089334,-2.726996,0.000000,0.000000,0.000000,0.811833
-51751146.642143,16563662.446299,4603565.673497,-862519.464635,276061.001667,76726.091669,0.000000,0.000000,0.000000,0.957313
-212683.385526,50557.931354,441562.818704,-3545.088848,842.634863,7359.375250,0.000000,0.000000,0.000000,1.095972
-49560729.814755,58140053.035401,54043005.019496,-826012.496944,969000.850366,900716.750259,0.000000,0.000000,0.000000,0.959278
56.465922,83.276966,-5.127411,0.442906,1.403096,-0.080886,0.000000,0.000000,0.000000,0.998823
183.769438,-7.655846,-0.556168,2.563922,-0.111656,-0.015327,0.000000,0.000000,0.000000,1.141906
-20.849054,-183.770547,-39.163174,-0.576274,-3.017724,-0.656607,0.000000,0.000000,0.000000,0.806500
37.945610,-33.443743,-29.456221,0.438329,-0.764105,-0.481960,0.000000,0.000000,0.000000,0.986759
28.469471,-62.522056,-42.679142,0.219052,-0.857216,-0.726777,0.000000,0.000000,0.000000,1.102423
1027953.575846,-3082323.708253,10769059.541324,17132.110946,-51371.942531,179484.323624,0.000000,0.000000,0.000000,0.873852
-224.804167,109.907523,-316.629366,-4.362878,2.194578,-5.553678,0.000000,0.000000,0.000000,0.812619
-896653.969910,-2967137.156537,1404808.532495,-14944.518203,-49452.385035,23413.474665,0.000000,0.000000,0.000000,0.807618
-3238.662900,1421.573832,1847.067554,-54.299008,23.635617,30.787802,0.000000,0.000000,0.000000,0.820576
1475.521406,2914.398695,-1226.513788,24.395130,48.483986,-20.467979,0.000000,0.000000,0.000000,1.027701
278.450514,-44.661526,-321.089384,4.279982,-0.863992,-5.345626,0.000000,0.000000,0.000000,0.934740
2040238838.887315,-3525971256.195251,11033762811.783834,34003980.333709,-58766187.591181,183896046.856118,0.000000,0.000000,0.000000,1.178723
-65149.804565,13635.184957,-1150.200766,-1086.170043,227.339573,-19.175276,0.000000,0.000000,0.000000,0.967271
42052412.288914,38129760.505033,25546214.227362,700873.191730,635495.791095,425770.229980,0.000000,0.000000,0.000000,0.987766
-787212371.143979,-9228401361.579744,8966551108.810181,-13120206.649968,-153806689.567418,149442518.480230,0.000000,0.000000,0.000000,0.816974
6513219909073.684570,6132774654988.441406,-4081483711660.914062,108553665150.763229,102212910916.391998,-68024728527.675629,0.000000,0.000000,0.000000,1.133103
-247774.665370,117228.414966,-670.208023,-4130.026961,1953.803162,-11.171131,0.000000,0.000000,0.000000,1.091993
-583896.963886,-3954068.261248,-1416134.493871,-9732.018344,-65901.320990,-23602.239023,0.000000,0.000000,0.000000,0.988177
105.861996,138.280464,-60.127914,1.342474,2.383421,-1.001861,0.000000,0.000000,0.000000,0.817647
46514.907489,-6719.643933,-87300.055979,774.888038,-112.200724,-1454.999761,0.000000,0.000000,0.000000,0.806913
-7416109.195266,4608319.129616,193838.627945,-123602.245373,76805.162133,3230.639825,0.000000,0.000000,0.000000,0.914951
2706757764.217388,-1011500955.929646,2567259007.348536,45112629.084594,-16858349.256210,42787650.114656,0.000000,0.000000,0.000000,1.073302
-465062.626882,359173.820563,-1145799.806053,-7751.394875,5986.405503,-19096.662765,0.000000,0.000000,0.000000,1.114679
-156197.086082,746132.973339,1058915.234245,-2603.423904,12435.641259,17648.585546,0.000000,0.000000,0.000000,0.813495
-2256.226360,-742.369361,-1983.436666,-37.853361,-12.465590,-33.051763,0.000000,0.000000,0.000000,0.993904
-22085.167578,-12968.900607,-30971.404784,-368.415924,-215.911313,-516.182174,0.000000,0.000000,0.000000,0.811627
36.288939,31.262989,-38.799595,0.198792,0.776348,-0.685887,0.000000,0.000000,0.000000,0.971544
-59.743308,-85.668063,-217.525792,-1.513501,-1.601372,-3.668101,0.000000,0.000000,0.000000,0.828819
-57.386671,-142.233352,-152.277170,-1.410816,-2.317740,-2.533449,0.000000,0.000000,0.000000,0.843591
-11652139227.063921,-127580876.759869,5146109704.153255,-194202320.870156,-2126347.946960,85768495.075306,0.000000,0.000000,0.000000,1.009980
-1698812.780639,-72258.836911,413024.722916,-28313.915054,-1204.093779,6883.740958,0.000000,0.000000,0.000000,1.165896
-8236.694701,4296.788732,7160.190610,-137.601380,71.715888,119.336143,0.000000,0.000000,0.000000,1.173099
-42158.057078,-14229.474092,-5469.502689,-702.900811,-237.079506,-91.156006,0.000000,0.000000,0.000000,0.980241
9139140.282041,3375690.858493,-3044657.278978,152318.683720,56261.505918,-50744.292255,0.000000,0.000000,0.000000,1.049528
-541487579.080899,486738571.346962,671712863.346426,-9024793.468736,8112309.581544,11195214.385820,0.000000,0.000000,0.000000,1.147849
-422342.955462,400156.083932,264759.479425,-7039.571504,6669.296536,4412.655463,0.000000,0.000000,0.000000,1.017479
-3009665945.868703,-657010839.098822,-10825039971.285355,-50161099.421919,-10950180.641907,-180417332.849567,0.000000,0.000000,0.000000,0.811464
5954.061353,-12558.626227,-3746.213568,98.991753,-209.316856,-62.435940,0.000000,0.000000,0.000000,0.816721
42625.309637,4275163.758206,-3493367.110905,710.094996,71252.616541,-58222.788206,0.000000,0.000000,0.000000,1.117804
-170025983.713564,223659430.464428,-174338840.231102,-2833766.706379,3727657.237503,-2905647.329196,0.000000,0.000000,0.000000,0.933819
-5738685798.206564,-708196981.543849,-6267831484.670841,-95644763.613053,-11803283.030776,-104463858.078725,0.000000,0.000000,0.000000,0.945291
1863.285337,-1678.895116,-833.996377,30.767589,-27.895835,-13.904585,0.000000,0.000000,0.000000,0.802871
-114970.043536,-945371.198295,17112.277922,-1916.581110,-15756.248731,285.209770,0.000000,0.000000,0.000000,0.804158
1708016.332838,64563.757638,-398455.401596,28466.564573,1076.282566,-6640.926429,0.000000,0.000000,0.000000,1.159105
535157.372306,473353.052266,-1238755.587092,8918.713713,7889.193671,-20645.921866,0.000000,0.000000,0.000000,0.947227
-1245.320328,1695.164659,-3333.026378,-21.364570,28.591848,-56.227604,0.000000,0.000000,0.000000,1.178009
-198.486113,37.066956,-68.845987,-3.494088,0.537188,-1.143198,0.000000,0.000000,0.000000,0.804628
3634.105664,4934.700909,-70116.375396,60.328161,82.342640,-1170.568093,0.000000,0.000000,0.000000,1.123032
-1540713.850563,-752034.334656,-904153.267187,-25678.936753,-12534.058177,-15069.217437,0.000000,0.000000,0.000000,1.188309
14950028564.069799,9136533634.863455,-3026019150.690282,249167142.317667,152275560.637968,-50433652.514989,0.000000,0.000000,0.000000,1.051077
243.552008,-864.015393,1510.610402,3.874314,-14.380898,25.169145,0.000000,0.000000,0.000000,0.835316
-7.647847,40.733823,-3.367874,-0.544969,0.598022,-0.019912,0.000000,0.000000,0.000000,1.077266
-1451962.566134,787047.481616,1966713.326347,-24199.799412,13117.336228,32778.556634,0.000000,0.000000,0.000000,1.150362
325599.466111,125614.936996,-40759.756248,5426.302303,2093.594865,-679.324063,0.000000,0.000000,0.000000,1.104765
-379.359256,28.385922,-167.268105,-6.437102,0.362501,-2.782279,0.000000,0.000000,0.000000,0.862295
54268.168103,-308170.632839,-159261.747125,904.195308,-5136.099285,-2654.361585,0.000000,0.000000,0.000000,1.006393
-4595.441465,18419.227739,-26260.692440,-76.916025,306.964896,-437.670602,0.000000,0.000000,0.000000,1.078170
-296654.397817,-374502.714997,-433435.581013,-4944.459647,-6241.603676,-7223.924789,0.000000,0.000000,0.000000,1.188275
