x,y,z,vx,vy,vz,fx,fy,fz,mass
39292.355761,-21830.086390,-2033.482752,1966.235654,-1091.513390,-101.679743,0.000000,0.000000,0.000000,1.108544
994602.956851,1324656.412010,-308017.409329,49731.061858,66232.923652,-15400.855392,0.000000,0.000000,0.000000,1.126065
-2973.485359,-4809.195289,-8020.632841,-147.733465,-240.551527,-401.007287,0.000000,0.000000,0.000000,0.994733
45015671.622877,66215630.109281,-75655746.365371,2250784.876914,3310780.975498,-3782787.298181,0.000000,0.000000,0.000000,0.822397
-14751682.674310,-15009159.481296,-18212571.526943,-737583.095297,-750457.988537,-910628.565884,0.000000,0.000000,0.000000,0.898558
-3039.100278,-2261.909601,3187.457475,-150.905772,-112.427604,159.348517,0.000000,0.000000,0.000000,0.846977
-39.798672,2.218189,-1.693230,-0.756471,-0.082357,-0.114863,0.000000,0.000000,0.000000,1.116249
20602712.846154,13496837.221829,-34808262.161274,1030136.975106,674841.788536,-1740413.111538,0.000000,0.000000,0.000000,1.187704
4745.315276,1574.558923,523.024546,237.857018,78.621478,26.153092,0.000000,0.000000,0.000000,0.950589
12649609.268550,-928231617.905883,1692921788.805842,632481.752521,-46411581.437894,84646089.432965,0.000000,0.000000,0.000000,0.818971
-243.025906,-136.296354,328.631613,-11.675630,-6.798302,16.409953,0.000000,0.000000,0.000000,1.167247
1604.286799,-907.026281,1257.753788,81.331309,-45.550376,63.209775,0.000000,0.000000,0.000000,0.972061
-1231.150631,1463.613158,-5955.509813,-60.599453,73.638548,-297.754538,0.000000,0.000000,0.000000,1.081818
2806440.076851,28447453.878237,19381369.916794,140322.978920,1422372.652360,969068.504432,0.000000,0.000000,0.000000,0.989544
4534.001749,-2253.104924,-6929.703246,227.424879,-112.780727,-346.466090,0.000000,0.000000,0.000000,1.158531
9391.668609,-10318.470071,-7764.640918,472.899980,-518.218641,-390.155440,0.000000,0.000000,0.000000,1.162612
-32.046339,-11.929864,21.959999,-4.187113,0.443582,3.150366,0.000000,0.000000,0.000000,0.916922
847.638743,-7663.680415,-4022.780913,43.734136,-382.616954,-201.147604,0.000000,0.000000,0.000000,0.931872
-1043326.247813,-7187.920648,-458479.079849,-52165.321241,-359.428273,-22923.932570,0.000000,0.000000,0.000000,1.092022
-13.180144,11.283512,6.149286,-0.312792,0.855298,-0.024539,0.000000,0.000000,0.000000,1.076214
210.232443,-14.904115,-80.141867,11.091253,-0.599464,-4.003933,0.000000,0.000000,0.000000,0.867463
152.651157,133.938819,55.465188,8.249828,6.104620,2.762230,0.000000,0.000000,0.000000,0.990617
41600.556079,13095.344595,10204.191330,2080.791022,654.979569,510.225993,0.000000,0.000000,0.000000,0.852733
-62269198398.788254,-3427916465.263147,87906989918.864532,-3113459918.902810,-171395823.285772,4395349495.940047,0.000000,0.000000,0.000000,1.112751
323.105418,-238.987372,-361.630733,17.174556,-12.128642,-18.065396,0.000000,0.000000,0.000000,0.971706
-138308449.986584,-3031670232.282727,1298336960.752342,-6915421.557165,-151583511.603897,64916848.016750,0.000000,0.000000,0.000000,0.863572
-4842.009505,-2369.959542,532.309151,-246.587025,-120.725181,27.170273,0.000000,0.000000,0.000000,0.901633
-572.660098,445.404378,-1929.665190,-28.202079,22.546913,-96.466106,0.000000,0.000000,0.000000,1.076310
10999.122184,5841.977524,-2098.192485,551.428544,291.576036,-104.915292,0.000000,0.000000,0.000000,1.079740
-76.983953,1.802789,7.120484,-2.346981,0.065793,0.410994,0.000000,0.000000,0.000000,1.131573
97955.159864,714122.390139,-123872.766859,4898.774006,35706.475496,-6193.617298,0.000000,0.000000,0.000000,0.949219
412497.504741,-258732.044411,-212908.718178,20625.574814,-12936.469149,-10645.422619,0.000000,0.000000,0.000000,1.028994
-534173.842386,265128.886514,1357298.790140,-26707.397891,13256.587576,67864.933213,0.000000,0.000000,0.000000,0.888145
55148.874984,80681.753840,32746.723058,2758.711113,4034.345353,1637.312436,0.000000,0.000000,0.000000,1.109194
-142943.358675,34326.664101,-78444.655484,-7146.350488,1716.301771,-3922.213791,0.000000,0.000000,0.000000,0.870110
-39.996002,0.210453,8.066893,-0.726099,-0.044299,0.290211,0.000000,0.000000,0.000000,1.027614
-4.975988,-1.581442,10.028004,0.852387,0.062483,0.398005,0.000000,0.000000,0.000000,0.878708
-9.393422,-27.897910,-8.830848,0.101852,-0.808814,-0.429974,0.000000,0.000000,0.000000,0.932374
414.639755,-183.730131,-1825.616316,21.766791,-9.692793,-91.264905,0.000000,0.000000,0.000000,0.950720
203104.711402,16399.975988,65146.161874,10155.965783,819.974565,3257.313026,0.000000,0.000000,0.000000,0.987029
-371.481779,-214.073656,141.964283,-17.142467,-10.092803,7.097353,0.000000,0.000000,0.000000,0.961445
-3138.196051,-1274.894022,-15293.534755,-155.963718,-63.765441,-764.683092,0.000000,0.000000,0.000000,0.803227
107356373.931990,-115059616.283675,-23558910.695235,5367819.722344,-5752980.828787,-1177945.530972,0.000000,0.000000,0.000000,0.945113
9.740891,25.406047,-83.574181,1.727228,1.490264,-4.157106,0.000000,0.000000,0.000000,0.965340
-1746.486533,-337.419403,2057.224322,-86.401365,-17.272856,102.847232,0.000000,0.000000,0.000000,1.008691
5916501.483067,36297753.830029,35553709.401503,295826.146385,1814887.693988,1777685.474663,0.000000,0.000000,0.000000,1.081289
-113955.409301,257620.517975,-55302.693725,-5697.147409,12881.219665,-2765.126309,0.000000,0.000000,0.000000,1.057274
-6769.355407,-20426.193949,42771.959073,-337.640090,-1021.256130,2138.577713,0.000000,0.000000,0.000000,1.011438
605.612208,947.522457,1070.675928,33.614571,51.071116,56.683624,0.000000,0.000000,0.000000,0.948328
-16345.626009,66861.617176,-3713.594504,-816.637078,3342.878719,-185.692683,0.000000,0.000000,0.000000,0.807111
23156.314631,192953.774531,69051.513482,1158.123780,9647.532531,3452.580396,0.000000,0.000000,0.000000,0.979161
-33844.896512,-17791.539980,21495.274682,-1691.334683,-889.144955,1074.744913,0.000000,0.000000,0.000000,0.944154
239.421798,299.911379,-548.308592,13.536066,14.717879,-27.396034,0.000000,0.000000,0.000000,1.147512
5764.685430,-26983.013935,77810.284306,289.136284,-1348.782033,3890.519424,0.000000,0.000000,0.000000,0.814239
119870.046305,123742.819819,-295432.445515,5994.425755,6186.998158,-14771.602419,0.000000,0.000000,0.000000,1.163616
46.085009,-82.857541,61.957115,4.640578,-4.559407,3.568737,0.000000,0.000000,0.000000,0.831347
249.502912,-151.152942,-385.168984,13.391140,-8.081629,-19.258404,0.000000,0.000000,0.000000,1.001711
-384.992540,1658.415336,-2421.857400,-18.234045,83.581536,-121.078924,0.000000,0.000000,0.000000,0.914952
-122.619783,-169.411653,-200.222317,-6.046243,-8.804123,-10.392020,0.000000,0.000000,0.000000,0.946323
9388837.017138,-9005420.860367,-318988.820592,469443.143340,-450270.915386,-15949.417643,0.000000,0.000000,0.000000,0.867750
282.467455,-76.253431,-128.549327,15.658951,-4.062512,-6.424082,0.000000,0.000000,0.000000,1.115972
-563.336927,5174.089492,7724.171045,-27.426065,266.221077,398.146066,0.000000,0.000000,0.000000,0.837142
-16.953143,14.526846,15.234567,-0.276107,0.596588,1.150780,0.000000,0.000000,0.000000,1.199553
354.980493,826.331309,370.418420,19.365093,41.401485,18.503513,0.000000,0.000000,0.000000,1.074319
-1694.935904,8154.444935,-347.388165,-83.809104,407.708590,-17.348634,0.000000,0.000000,0.000000,1.126542
-978796.638300,-109577.886716,-1326393.269381,-48939.295390,-5478.617981,-66319.640328,0.000000,0.000000,0.000000,1.012272
-34.468071,11.277729,-51.309885,-0.378425,0.197994,-2.559060,0.000000,0.000000,0.000000,1.144267
-99.590979,-110.824738,-36.209315,-3.290129,-5.763765,-1.810054,0.000000,0.000000,0.000000,1.073443
20.429586,74.052356,-4.873888,1.642964,3.866889,-0.195474,0.000000,0.000000,0.000000,0.995503
-117.267443,-119.439765,-12.465747,-4.764090,-5.652500,-0.615596,0.000000,0.000000,0.000000,1.112735
126.420849,192.539596,-182.281089,7.936872,11.267020,-9.651138,0.000000,0.000000,0.000000,0.843669
-1152.664558,571.760949,-2410.552850,-56.667738,28.585724,-120.525240,0.000000,0.000000,0.000000,1.195338
-40119401.028393,-925027648.710868,574639183.528777,-2005968.892210,-46251382.232316,28731959.193262,0.000000,0.000000,0.000000,0.886178
4862005.801162,23129864.575712,34729392.602741,243100.751915,1156493.673974,1736469.628640,0.000000,0.000000,0.000000,1.164964
365.192775,-862.295993,-393.729288,18.892823,-43.663283,-19.678900,0.000000,0.000000,0.000000,1.142623
54.906090,-126.621153,121.895622,3.671353,-6.093538,6.119755,0.000000,0.000000,0.000000,0.942950
-7077.531835,41005.274890,25008.237620,-352.756651,2050.403673,1250.422698,0.000000,0.000000,0.000000,0.804799
-379176.420468,765280.859129,573171.174803,-19053.260549,38455.768382,28802.582341,0.000000,0.000000,0.000000,0.954997
-67.436334,-88.430273,32.848979,-1.965162,-4.450259,1.639855,0.000000,0.000000,0.000000,1.103109
34957005.256373,23187441.902200,5857940.089861,1747851.507045,1159371.780740,292897.012573,0.000000,0.000000,0.000000,1.142902
424100.441686,-202265.144182,-1151238.892450,21206.310416,-10113.111035,-57561.935929,0.000000,0.000000,0.000000,1.041734
-14945.057040,-50560.295942,28077.006811,-745.526643,-2528.143817,1403.828987,0.000000,0.000000,0.000000,0.938065
-215.600753,-259.093012,-310.641417,-9.454890,-13.286921,-15.526711,0.000000,0.000000,0.000000,0.988095
-488.458840,-934.285212,-658.232721,-23.201225,-46.699877,-32.893868,0.000000,0.000000,0.000000,0.905486
9966.773120,16010.541356,-9807.608618,499.561127,800.388289,-490.387289,0.000000,0.000000,0.000000,0.878215
-350.713671,-1424.982615,1082.865229,-16.300262,-71.334046,54.140166,0.000000,0.000000,0.000000,1.181118
276.779878,182.250454,-376.118694,14.297121,9.118508,-18.803651,0.000000,0.000000,0.000000,0.959298
-27.557084,24.138013,22.509600,-0.396720,0.540408,1.169737,0.000000,0.000000,0.000000,1.194278
107.011216,43.902803,-433.734286,6.001553,2.607422,-21.665589,0.000000,0.000000,0.000000,0.892655
-871154.860067,-40954.393352,132640.578696,-43556.585304,-2047.796601,6632.016260,0.000000,0.000000,0.000000,0.983172
-74.047436,153.982256,129.223560,-2.484226,7.789246,6.466301,0.000000,0.000000,0.000000,1.050169
-709153.674762,1268984.153288,-1126994.830349,-35456.651293,63449.170802,-56349.731710,0.000000,0.000000,0.000000,0.871078
-230.200509,-559.086056,168.430844,-10.515283,-28.098267,8.429448,0.000000,0.000000,0.000000,0.837749
40789576265.178963,-22259662779.737103,-94815357060.025650,2039478814.131351,-1112983138.676758,-4740767852.993640,0.000000,0.000000,0.000000,0.951689
295.148237,-45.139257,-704.832809,15.568316,-1.774091,-35.218066,0.000000,0.000000,0.000000,0.950231
-45686.248331,-30203.967134,86467.393253,-2283.443420,-1510.126043,4323.372162,0.000000,0.000000,0.000000,0.871993
-56452.865362,-9485.552656,17618.636750,-2821.376555,-474.970053,880.910695,0.000000,0.000000,0.000000,0.852751
122160.860925,29719.854314,-74384.938288,6108.967796,1485.998117,-3719.224786,0.000000,0.000000,0.000000,1.147153
-9.913899,-5.030459,11.270879,0.026870,0.373902,0.405019,0.000000,0.000000,0.000000,0.993805
-38.265069,-10.224899,7.022676,-0.277510,-0.285572,0.319241,0.000000,0.000000,0.000000,1.106077
2093.576605,211.650474,-130.815527,119.097617,11.335726,-7.436648,0.000000,0.000000,0.000000,0.946183
5436.362126,-36405.724813,625.672906,272.786226,-1820.296973,31.261527,0.000000,0.000000,0.000000,1.179822
-37038739771.065567,59906474931.062363,-71961653762.364807,-1851936987.889224,2995323746.624389,-3598082688.101539,0.000000,0.000000,0.000000,1.194290
-13.992637,-13.939225,11.266294,0.190420,0.118397,0.145780,0.000000,0.000000,0.000000,1.180160
-92118.724631,-17072.060732,-33799.598402,-4699.049879,-870.785349,-1724.468454,0.000000,0.000000,0.000000,0.975946
-24.078165,0.654661,13.961122,0.989034,0.119141,1.109046,0.000000,0.000000,0.000000,0.824101
-1149.471461,1354.301068,1568.210732,-56.360033,67.578177,78.412369,0.000000,0.000000,0.000000,1.160362
129785003.829293,4593838.202733,-93336392.113241,6489251.347425,229691.322980,-4666819.601165,0.000000,0.000000,0.000000,1.024294
-6229.642562,194876.871397,17370.083896,-310.388585,9743.580282,868.483205,0.000000,0.000000,0.000000,0.874086
9867798.717628,14004942.233255,-1037684.124217,493390.946190,700247.077676,-51884.209797,0.000000,0.000000,0.000000,1.076029
54200.950533,89134.882861,337043.581305,2711.114974,4457.081863,16852.179899,0.000000,0.000000,0.000000,0.973946
3931.868152,11866.966250,-8712.591273,197.317438,592.898513,-435.606671,0.000000,0.000000,0.000000,1.064150
-352634.534457,-2826906.014143,1278114.045447,-17630.510653,-141345.402953,63905.717298,0.000000,0.000000,0.000000,0.923941
-5681.242855,-29275.035011,-29795.770563,-284.011270,-1470.987469,-1497.269721,0.000000,0.000000,0.000000,1.122373
140.305161,1669.972484,-161.753535,8.017556,84.589131,-8.248791,0.000000,0.000000,0.000000,1.071131
-80984.438771,-106005.357692,192958.519801,-4048.000420,-5300.275497,9647.921273,0.000000,0.000000,0.000000,1.071878
78197.781457,14526.132518,28673.671189,3990.548627,741.363803,1462.936240,0.000000,0.000000,0.000000,1.150206
-6.550087,-6.003192,16.796790,0.535019,0.219489,0.916038,0.000000,0.000000,0.000000,0.941464
1008009.716173,361729.224522,-157201.160575,50401.849964,18086.802890,-7860.037978,0.000000,0.000000,0.000000,0.941387
722364.212245,2444053.145679,798853.804604,36119.562368,122202.871422,39942.705613,0.000000,0.000000,0.000000,0.967605
583614.381176,200178.034132,-865948.609520,29181.700056,10008.851462,-43297.407834,0.000000,0.000000,0.000000,1.026309
2641.257693,-621.781326,4.512369,133.370730,-31.439203,0.208208,0.000000,0.000000,0.000000,0.882430
-763.359559,2900.604849,-1172.442731,-49.320928,192.643255,-78.321501,0.000000,0.000000,0.000000,0.993582
563.077821,511.343965,68.657632,28.769018,25.897063,3.653292,0.000000,0.000000,0.000000,1.078578
70618.936006,-25631.411227,32660.749003,3532.356150,-1281.136570,1633.017691,0.000000,0.000000,0.000000,1.011073
14389581637350.904297,33650565674431.953125,31180221844496.335938,719479081868.184570,1682528283721.425293,1559011092224.796631,0.000000,0.000000,0.000000,0.860433
-18.409016,-11.273652,26.055210,0.142367,-0.966539,1.510210,0.000000,0.000000,0.000000,0.817714
5991163.703612,215364083.650269,58888099.495913,299558.489299,10768204.092140,2944404.985217,0.000000,0.000000,0.000000,0.821193
586.643112,-1036.781004,360.874922,29.754357,-52.119700,18.048039,0.000000,0.000000,0.000000,1.096169
134.870650,-8.789649,178.804914,7.347078,-0.169637,9.283820,0.000000,0.000000,0.000000,0.984807
-264.792553,-104.455555,-192.905213,-11.936863,-4.623714,-9.623260,0.000000,0.000000,0.000000,1.022588
126.881120,149.688052,178.527642,6.857396,7.716529,9.212867,0.000000,0.000000,0.000000,1.196130
21671184.443796,14272613.727992,14700018.670110,1083560.233320,713630.724824,735000.916615,0.000000,0.000000,0.000000,0.879180
-822928.760472,-2915991.267927,-10479381.948376,-41145.277245,-145800.205893,-523969.098583,0.000000,0.000000,0.000000,1.108554
474.106008,1562.639331,371.719236,24.985621,77.558772,18.578646,0.000000,0.000000,0.000000,1.056726
116847.384649,-19874.403855,4839.634082,5843.731946,-994.052904,241.978377,0.000000,0.000000,0.000000,0.886343
-196877.023604,46930.936599,-28131.150023,-9843.110539,2346.112104,-1406.546050,0.000000,0.000000,0.000000,1.186292
-28577.130450,-5448.060648,-20710.646961,-1428.065575,-272.077543,-1035.521252,0.000000,0.000000,0.000000,1.016252
52206.379405,7640.815152,-121022.238322,2611.252523,381.936704,-6051.107578,0.000000,0.000000,0.000000,1.054678
-50178838.974007,52136050.207662,31765932.136050,-2508940.949341,2606802.665621,1588296.589887,0.000000,0.000000,0.000000,1.098557
-521967627.730750,76552746.185811,278853320.922028,-26098380.436503,3827637.311583,13942666.023754,0.000000,0.000000,0.000000,1.112295
91046.654923,-144679.048988,-39838.294403,4553.470729,-7233.884419,-1991.910945,0.000000,0.000000,0.000000,1.155625
45851.177180,218089.366787,-16483.564648,2293.587511,10904.580678,-824.159268,0.000000,0.000000,0.000000,0.995605
-10.584836,7.818780,8.462686,-0.039940,-0.208046,0.369648,0.000000,0.000000,0.000000,0.925170
-805.006562,96.242515,-1327.473805,-39.539075,4.481413,-66.365283,0.000000,0.000000,0.000000,0.822204
32.340390,-817.084432,-242.660902,2.759109,-40.429654,-12.118395,0.000000,0.000000,0.000000,1.073643
99164.135340,122703.043550,-24610.801594,4959.001693,6134.960145,-1230.552129,0.000000,0.000000,0.000000,0.872427
-137185.908336,-26086.297844,17715.328915,-6858.352159,-1304.305056,885.787867,0.000000,0.000000,0.000000,1.061290
-3530.180728,-5224.735139,-978.409082,-177.594189,-263.337697,-49.409376,0.000000,0.000000,0.000000,1.176053
-9300169.052342,7090198.975985,21641286.020599,-472088.684571,359908.258277,1098542.473537,0.000000,0.000000,0.000000,1.129608
-7115.905615,8228.616704,16827.936379,-354.544983,411.293596,841.394491,0.000000,0.000000,0.000000,1.112493
-624.414244,-554.285745,215.713110,-30.030576,-27.293584,10.760864,0.000000,0.000000,0.000000,1.071082
-102.466562,-89.345899,25.054843,-3.813882,-3.965018,1.229530,0.000000,0.000000,0.000000,1.075690
38.419630,-287.874480,266.049859,2.477111,-14.278827,13.278926,0.000000,0.000000,0.000000,1.097371
-139.169471,-153.669949,31.944691,-6.567725,-8.223986,1.606175,0.000000,0.000000,0.000000,1.191502
-1414549776.109797,-247511152.038883,-287262738.445218,-70727487.798083,-12375557.534721,-14363136.924605,0.000000,0.000000,0.000000,0.803348
12581.668954,42767.114577,-23737.003790,630.804343,2138.208695,-1186.861541,0.000000,0.000000,0.000000,1.108765
-15016.589302,-101275.949253,-77176.126431,-764.943580,-5166.735194,-3937.568151,0.000000,0.000000,0.000000,0.960094
-15.525514,96.254637,408.514375,-0.103856,4.598794,20.410486,0.000000,0.000000,0.000000,1.083925
-781534.859522,-3988487.001317,149362.571495,-39075.998669,-199424.702127,7468.121756,0.000000,0.000000,0.000000,1.098847
-36.893653,9.183835,9.765703,-1.255296,0.196706,0.448245,0.000000,0.000000,0.000000,1.059239
68.741376,31.359208,-99.390401,4.302470,1.503776,-4.945202,0.000000,0.000000,0.000000,0.969303
586422.521634,-4705930.323535,-7886852.101725,29322.216166,-235295.952602,-394342.606057,0.000000,0.000000,0.000000,1.140464
-5.362002,2.285173,5.119411,0.209171,0.743676,0.209696,0.000000,0.000000,0.000000,1.136952
-2410.258382,3836.725812,257.186989,-119.109602,192.265800,12.879541,0.000000,0.000000,0.000000,1.129021
-317.909419,129.666688,5.649203,-14.300931,6.192266,0.303125,0.000000,0.000000,0.000000,1.174275
-27884.810547,90371.026173,21168.801846,-1393.629109,4518.593420,1058.437765,0.000000,0.000000,0.000000,0.892747
2056506.678332,-1201366.425934,11335367.063802,102826.405927,-60069.032679,566768.343572,0.000000,0.000000,0.000000,0.991313
447038.980125,461392.779144,330380.077454,22352.970431,23070.075019,16518.993978,0.000000,0.000000,0.000000,1.040638
1.361923,45.385627,-45.135737,0.714886,2.222138,-2.258345,0.000000,0.000000,0.000000,1.107347
-5401087.614456,4476306.511024,4092428.087201,-270053.281423,223815.881319,204621.396491,0.000000,0.000000,0.000000,1.160856
-19.290832,-10.877352,13.253746,-0.116789,0.172991,0.726696,0.000000,0.000000,0.000000,1.006083
-13.718684,-2.826283,11.288077,0.096184,0.842482,0.615625,0.000000,0.000000,0.000000,0.950264
70606.363797,13855.256779,38445.292733,3531.037951,692.669797,1922.270583,0.000000,0.000000,0.000000,1.002828
-34.441592,3.548895,5.770640,-0.397328,-0.316434,0.327162,0.000000,0.000000,0.000000,1.126099
-94.156580,54.865011,-128.207951,-4.113423,3.284825,-6.399934,0.000000,0.000000,0.000000,1.083911
424356025.250535,-328137106.079283,8375090.914336,21217802.596305,-16406855.661882,418754.526889,0.000000,0.000000,0.000000,0.960880
-5865966.641809,1162145.023464,1564473.543939,-293297.244494,58107.149372,78223.661030,0.000000,0.000000,0.000000,0.808571
-37.877560,-10.979822,9.869331,-0.636709,-0.725276,0.490902,0.000000,0.000000,0.000000,1.187454
-1374.023644,1353.978346,2294.557276,-68.206665,67.518550,114.715403,0.000000,0.000000,0.000000,0.916252
131025.064855,71974.956249,-90743.836989,6551.897381,3598.472787,-4537.182310,0.000000,0.000000,0.000000,0.840400
29975354.414059,-27092282.361700,8706129.867415,1498768.756400,-1354614.089414,435306.508575,0.000000,0.000000,0.000000,0.907398
-1.995891,1.213923,4.397026,0.543331,0.115970,-0.618612,0.000000,0.000000,0.000000,0.809587
-30.291059,-6.265639,4.154900,-0.039956,0.151370,0.404698,0.000000,0.000000,0.000000,0.847782
-34.991366,12.577135,6.198479,-1.008830,0.551903,0.280307,0.000000,0.000000,0.000000,1.180275
-40007936.524755,-26537748.689024,-6704320.141939,-2000395.572005,-1326887.742184,-335215.997341,0.000000,0.000000,0.000000,0.998614
282.011045,1871.589595,-7.789578,15.398471,93.670589,-0.365259,0.000000,0.000000,0.000000,0.928766
623798035.808923,-105738627.635503,230108405.231143,31189902.766986,-5286931.312530,11505420.264763,0.000000,0.000000,0.000000,0.866197
-467799148.794504,361728904.697041,-9231942.149328,-23389956.098073,18086444.870846,-461597.126138,0.000000,0.000000,0.000000,0.871651
-48.280972,13.751409,16.866925,-1.139614,0.139043,0.888902,0.000000,0.000000,0.000000,1.123621
139714.636379,162702.961526,-449344.315364,6986.752303,8135.099449,-22467.195168,0.000000,0.000000,0.000000,0.863915
6302.935818,91632.991101,33586.636194,316.303805,4581.552874,1679.313680,0.000000,0.000000,0.000000,0.955058
-7660.256239,-17105.179247,11809.059690,-381.781342,-855.379760,590.434220,0.000000,0.000000,0.000000,0.834440
-2.804005,1.808695,11.698309,0.407936,-0.233716,0.845187,0.000000,0.000000,0.000000,1.015190
-422.461075,-503.781498,292.121459,-20.463725,-24.772888,14.596767,0.000000,0.000000,0.000000,1.190213
94.504597,-63.584666,65.752049,7.683280,-3.830074,3.742603,0.000000,0.000000,0.000000,1.010340
30.184605,-173.000737,49.036707,2.842199,-8.509411,2.432697,0.000000,0.000000,0.000000,0.812301
-94725.642612,-63718.186364,-42473.236786,-4735.356085,-3185.900369,-2123.666447,0.000000,0.000000,0.000000,1.025505
49.159900,271.522295,342.199878,3.799045,13.598593,17.101156,0.000000,0.000000,0.000000,0.837771
-7302142.722101,-12964379.075410,7000590.263501,-365106.119627,-648218.977339,350029.504340,0.000000,0.000000,0.000000,1.046956
83771176.638860,-10086041.813700,18382625.842088,4188559.691594,-504302.325099,919131.301429,0.000000,0.000000,0.000000,1.066873
-24.756810,-0.493516,14.262898,-0.752348,0.620565,0.383273,0.000000,0.000000,0.000000,0.984859
-58362.186291,-78814.703748,-62789.170161,-2917.401760,-3940.942001,-3139.447168,0.000000,0.000000,0.000000,0.822774
-12128409.828936,-22833225.949595,7442584.412630,-606419.472609,-1141661.223384,372129.216274,0.000000,0.000000,0.000000,1.142448
6980.791617,-6024.777999,-8712.178398,349.489702,-300.854395,-435.607495,0.000000,0.000000,0.000000,1.156151
-44.806349,-4.108527,19.381386,-1.018588,-0.358662,1.009075,0.000000,0.000000,0.000000,1.138209
23105.127895,-4900.936828,29961.890728,1203.994265,-255.633048,1560.491549,0.000000,0.000000,0.000000,0.920994
1298351.575511,-180190.300035,-802462.123490,65907.726050,-9146.713817,-40734.147659,0.000000,0.000000,0.000000,1.097459
-28.733169,-7.049136,-8.232796,-0.242612,-0.495012,-0.631540,0.000000,0.000000,0.000000,0.962119
25694.999045,132515.817737,71718.738157,1285.788020,6625.264516,3585.916204,0.000000,0.000000,0.000000,0.825075
1190888.558255,-544277.665112,1761093.692128,59545.176289,-27213.906609,88054.694834,0.000000,0.000000,0.000000,1.081014
1430.904959,1704.347507,1274.837105,72.262233,85.107160,63.725678,0.000000,0.000000,0.000000,1.043635
1374.891636,-13465.648290,-2791.403076,70.369247,-673.148559,-139.572064,0.000000,0.000000,0.000000,0.836206
-129947.389126,-60810.531942,79466.317889,-6496.710589,-3040.793550,3973.315249,0.000000,0.000000,0.000000,0.887222
-63.469091,-125.097620,-109.472092,-1.592638,-6.953952,-5.594021,0.000000,0.000000,0.000000,0.829103
1843604971.036311,11306001145.768972,20061166158.334145,92180249.615768,565300057.229530,1003058307.895958,0.000000,0.000000,0.000000,0.815176
297365412575.013367,203474821523.523071,-94229040983.668991,14868270629.902517,10173741076.182596,-4711452049.200404,0.000000,0.000000,0.000000,0.844437
4379406.510135,4536400.960995,-2401062.616328,218971.205178,226820.035917,-120053.150187,0.000000,0.000000,0.000000,0.928135
-126.342474,1183.492884,-1003.069754,-5.173042,59.570703,-50.147602,0.000000,0.000000,0.000000,1.174177
76905.819343,-13731.874202,4905.035239,3846.713637,-687.191324,245.243767,0.000000,0.000000,0.000000,1.045710
-39.480198,-50.110814,-22.369175,-0.848654,-3.201244,-1.108463,0.000000,0.000000,0.000000,1.160726
19770533344.645134,-24993370995.612545,-5211596062.703649,988526668.262045,-1249668549.888391,-260579803.112229,0.000000,0.000000,0.000000,1.058136
-1119.065344,127.044495,336.252694,-54.953506,6.030036,16.796675,0.000000,0.000000,0.000000,0.846378
-9171.807524,10011.010457,7605.626903,-459.924224,503.348141,382.208474,0.000000,0.000000,0.000000,1.182231
-404.812194,1101.669357,867.489220,-19.105373,54.732775,43.373006,0.000000,0.000000,0.000000,1.180357
-5.609044,-8.965270,18.467782,1.232851,-0.178539,1.111660,0.000000,0.000000,0.000000,1.063029
-28.252752,-17.972229,20.963781,-0.313917,-0.651660,1.005328,0.000000,0.000000,0.000000,0.848960
-4.052588,-206.839922,-178.528316,0.416951,-10.785754,-8.907402,0.000000,0.000000,0.000000,0.864947
103.851315,234.048777,167.083319,6.363870,11.512568,8.331782,0.000000,0.000000,0.000000,0.999556
-7476.360422,24761.214594,52534.202696,-372.621522,1237.769633,2626.705554,0.000000,0.000000,0.000000,1.096175
-23.500811,-8.039557,17.242691,-0.004366,0.129193,0.902575,0.000000,0.000000,0.000000,0.918964
-81937.516387,33096.464309,78333.047926,-4095.331250,1655.114210,3916.661188,0.000000,0.000000,0.000000,0.885209
-20371.334123,-22452.668444,8609.164657,-1017.548560,-1122.477007,430.462574,0.000000,0.000000,0.000000,0.897048
-245.810934,-3311.552226,-76.625979,-11.526122,-164.969044,-3.810966,0.000000,0.000000,0.000000,1.000404
1215759.977388,7959593.032716,1921093.716364,60788.752759,397980.038060,96054.695063,0.000000,0.000000,0.000000,0.982238
-9.318414,-18.537865,31.839653,0.390434,-0.678930,1.585173,0.000000,0.000000,0.000000,0.949265
-5889.470749,-5199.663917,3277.888565,-293.401367,-260.227372,163.883175,0.000000,0.000000,0.000000,0.999438
-6.169213,-12.950149,11.397392,0.327239,-0.180316,0.697862,0.000000,0.000000,0.000000,1.144124
-34.681469,-32.625894,25.814617,-0.515589,-1.234247,1.359170,0.000000,0.000000,0.000000,0.899783
192.162682,-1619.112002,298.616097,10.968984,-81.232175,14.921951,0.000000,0.000000,0.000000,1.130132
-20.847875,45.258446,28.143055,0.665911,2.242891,1.530533,0.000000,0.000000,0.000000,0.946264
-48.207437,163.527002,78.945098,-0.705800,7.921866,3.934518,0.000000,0.000000,0.000000,0.876357
364263.308403,-736135.975610,-551502.967976,18305.513585,-36992.301229,-27713.696851,0.000000,0.000000,0.000000,0.992490
-1548806.288696,2739302.715076,-609936.444165,-77439.365479,136965.047501,-30496.841843,0.000000,0.000000,0.000000,0.919839
315707.447841,55590.414954,-640341.553543,15786.386523,2779.546397,-32017.062502,0.000000,0.000000,0.000000,0.889647
-341864.096344,-392539.001898,390118.386030,-17092.357610,-19626.960522,19505.908063,0.000000,0.000000,0.000000,1.196938
4207.025460,-3913.877344,1790.982296,211.584326,-195.441245,89.534591,0.000000,0.000000,0.000000,1.077054
-2241.553101,-571.554629,6185.013991,-111.090007,-28.873980,309.238246,0.000000,0.000000,0.000000,1.087227
207676.275927,-296234.003834,399274.270544,10384.948999,-14811.612178,19963.718387,0.000000,0.000000,0.000000,0.873973
244.577703,761.853353,-232.608160,13.463083,37.936639,-11.608331,0.000000,0.000000,0.000000,0.974196
-357634.474617,-130415.809677,133638.728955,-17880.994285,-6520.660075,6681.936629,0.000000,0.000000,0.000000,0.866828
1400.084169,-1582.265722,-1601.739925,71.103224,-79.234079,-80.068672,0.000000,0.000000,0.000000,1.042817
1072.509071,3.530569,-528.010810,54.638324,0.137579,-26.609712,0.000000,0.000000,0.000000,1.160956
-7317.372453,3766.428810,-3642.463736,-365.245183,188.446718,-182.130897,0.000000,0.000000,0.000000,0.891919
4202.453824,-8691.442177,-4487.740750,210.977167,-434.416172,-224.362597,0.000000,0.000000,0.000000,0.891456
-4.426213,3.960009,-0.498225,0.649752,0.629159,-0.433368,0.000000,0.000000,0.000000,1.187455
62.440183,-43.625330,160.896369,3.700226,-1.627859,8.027773,0.000000,0.000000,0.000000,1.192895
2307562439.236458,957417692.586339,839730489.310366,115378123.358274,47870884.474127,41986524.486126,0.000000,0.000000,0.000000,0.976825
241320.875758,-12961.698661,-285688.239441,12066.897659,-648.130698,-14284.420222,0.000000,0.000000,0.000000,1.062141
-26.133364,37.915940,50.515115,0.070543,1.549227,2.627428,0.000000,0.000000,0.000000,1.177009
-739984.733237,-98988.656663,1339915.316577,-36997.752459,-4949.890167,66995.774058,0.000000,0.000000,0.000000,1.186791
3843.909679,1849.457055,-403.849585,196.548572,94.539506,-20.590375,0.000000,0.000000,0.000000,1.124175
-3224321.384508,6381988.954007,-732081.968417,-161215.012034,319099.393280,-36604.086593,0.000000,0.000000,0.000000,1.172772
-6.889672,77.864566,53.123054,-0.033483,4.217531,2.870065,0.000000,0.000000,0.000000,0.850789
-62381.196828,-91089.334519,-36618.956460,-3117.781726,-4554.193362,-1830.965225,0.000000,0.000000,0.000000,0.985556
-2238202.429872,1307499.973082,-12336487.011340,-111909.047057,65374.285854,-616824.346809,0.000000,0.000000,0.000000,0.910865
34375.491268,2319.836590,-60075.257245,1719.706252,116.057838,-3003.759524,0.000000,0.000000,0.000000,0.940245
-15.978922,-11.726236,14.572564,-0.549534,-0.889513,1.022379,0.000000,0.000000,0.000000,1.104931
-127671.872194,-119579.455906,287849.148925,-6382.663642,-5979.109103,14392.461746,0.000000,0.000000,0.000000,1.182283
-1475.607693,1401.596166,5745.240123,-72.696146,69.883668,287.255303,0.000000,0.000000,0.000000,1.180009
-1067.797675,-1587.289061,-1756.626695,-52.284895,-79.388465,-87.826754,0.000000,0.000000,0.000000,1.101541
-13634882.735651,-99766456.734168,-31995241.466318,-681743.113438,-4988322.905846,-1599762.079008,0.000000,0.000000,0.000000,1.066494
22120.813440,-18400.706062,-5293.855572,1106.938358,-919.916667,-264.674111,0.000000,0.000000,0.000000,0.893703
111903.278435,310992.965809,36797.756787,5596.104543,15549.544692,1839.873835,0.000000,0.000000,0.000000,0.889287
-52.730064,-22.072189,-5.062784,-1.244681,-1.678636,-0.234925,0.000000,0.000000,0.000000,0.801348
-428655.109391,217824.715232,-64455.685423,-21431.652634,10891.159651,-3222.769661,0.000000,0.000000,0.000000,0.897921
-220508.556030,34125.269063,276292.812301,-11024.562687,1706.215982,13814.618313,0.000000,0.000000,0.000000,1.125234
31782925225.188618,10231215153.762520,37066055703.612419,1589146262.376579,511560757.887784,1853302785.166852,0.000000,0.000000,0.000000,0.952242
-3103.977032,-1088.486438,2696.062954,-175.314675,-61.166572,153.487210,0.000000,0.000000,0.000000,1.137772
-53210.956175,-63899.078985,-140934.744017,-2659.540899,-3194.897128,-7046.717539,0.000000,0.000000,0.000000,1.181822
123184.242728,95378.960591,-160905.318316,6160.423147,4768.932796,-8045.256901,0.000000,0.000000,0.000000,1.053305
-20.439757,9.926970,5.375509,-0.401567,0.325963,0.138894,0.000000,0.000000,0.000000,0.944790
65456.136518,-3256.226366,198190.079290,3273.798137,-162.746275,9909.482002,0.000000,0.000000,0.000000,1.095001
3494.265385,-1220.320989,3261.883929,175.766417,-61.334565,163.079614,0.000000,0.000000,0.000000,1.041333
54824.454718,140863.923782,29202.110440,2742.403383,7043.142968,1460.081284,0.000000,0.000000,0.000000,1.159337
-32.687517,-1.651684,10.376472,-0.148574,0.112912,0.719668,0.000000,0.000000,0.000000,1.143483
5395.549185,-3989.437751,-2293.011900,270.779872,-198.791185,-114.650753,0.000000,0.000000,0.000000,0.954676
-8303.441846,-932.113624,740.682442,-413.659736,-46.576182,37.033998,0.000000,0.000000,0.000000,1.160653
-43.175612,161.002682,-105.220613,-1.285260,7.485454,-5.244306,0.000000,0.000000,0.000000,0.830318
-35829.664924,-39429.243002,-12223.140077,-1790.138071,-1971.458502,-611.133670,0.000000,0.000000,0.000000,1.005126
-401449.340464,-414332.539855,-296653.658389,-20071.434985,-20716.179977,-14832.684971,0.000000,0.000000,0.000000,1.158877
-22659.734180,-186393.531987,-156095.392352,-1131.877541,-9320.191293,-7804.766302,0.000000,0.000000,0.000000,1.020097
46169.795842,7959.105680,-14535.031055,2309.736296,397.259460,-726.766388,0.000000,0.000000,0.000000,1.037147
-2860.115596,-11778.326994,11409.650567,-142.309751,-589.260858,570.469651,0.000000,0.000000,0.000000,0.976821
-28722.675218,87112.221945,47937.989226,-1434.726185,4356.200213,2396.904591,0.000000,0.000000,0.000000,0.913593
-6.240027,6.924209,6.507802,0.462343,1.005393,0.269438,0.000000,0.000000,0.000000,0.942740
-88.960422,5.272662,25.175866,-5.099796,0.980997,0.916612,0.000000,0.000000,0.000000,0.958484
-29.771725,-7.637771,4.400583,-0.074171,0.359386,0.022596,0.000000,0.000000,0.000000,1.170001
-4198.377255,645.925660,-2254.884589,-208.931313,32.088401,-112.755939,0.000000,0.000000,0.000000,0.945104
-5032854.896138,-5213418.638032,2776422.105956,-251641.855805,-260670.934370,138821.080809,0.000000,0.000000,0.000000,0.806143
21735488.536705,-36855959.249421,3821143.197720,1086775.317049,-1842797.534655,191057.151443,0.000000,0.000000,0.000000,0.887157
641580777.725165,712805156.469280,-588971060.008715,32079039.883324,35640257.897673,-29448552.988567,0.000000,0.000000,0.000000,1.031721
-807.529604,940.314323,-614.660749,-39.488954,47.070876,-30.716970,0.000000,0.000000,0.000000,1.185306
36862851.857157,-37340979.921597,-10880772.701107,1843143.591000,-1867048.849913,-544038.621006,0.000000,0.000000,0.000000,0.804055
42124.167796,-18647.346208,135845.374750,2107.042970,-932.258614,6792.253186,0.000000,0.000000,0.000000,0.857400
-10195.131848,-5370.127376,1950.774598,-508.263319,-269.018188,97.529080,0.000000,0.000000,0.000000,1.172317
2862272436.409095,1917677887.901119,-219411581.662622,143113622.352658,95883893.860542,-10970579.107560,0.000000,0.000000,0.000000,0.839125
-60.281621,-113.827782,87.994828,-1.523187,-6.173912,4.437422,0.000000,0.000000,0.000000,1.044693
-2480202.146924,-40264.766116,12519366.564509,-124009.070555,-2013.167002,625968.323719,0.000000,0.000000,0.000000,1.198128
-40.404896,284.150176,-223.126879,-1.461401,14.299956,-11.158133,0.000000,0.000000,0.000000,1.184516
-555.377298,300.038523,437.498572,-26.728106,14.810200,21.873804,0.000000,0.000000,0.000000,0.856857
-33.707152,-17.210985,16.148846,-0.047584,-0.656834,0.950818,0.000000,0.000000,0.000000,0.962641
2112.930064,5908.322427,-990.712030,106.555908,295.494491,-49.519309,0.000000,0.000000,0.000000,1.080431
1078873.130640,3823182.700620,13739569.982613,53944.816284,191158.488897,686978.484894,0.000000,0.000000,0.000000,0.845513
284334.391476,65150.910700,-171486.230825,14218.192060,3257.568788,-8574.300192,0.000000,0.000000,0.000000,0.911640
421533884925.828308,-4649713253578.411133,-1348738018025.321777,21076694247.331150,-232485662678.757812,-67436900901.281952,0.000000,0.000000,0.000000,0.981403
-14.882515,-11.553136,16.501592,0.342683,0.129284,0.790762,0.000000,0.000000,0.000000,1.135734
-503295.447015,-649481.996707,667547.031594,-25163.430950,-32474.360205,33377.363215,0.000000,0.000000,0.000000,1.089831
-2234.614355,-142.839805,762.956875,-110.686043,-6.768077,38.157140,0.000000,0.000000,0.000000,0.947485
1347.604864,-1098.504403,424.237805,82.751079,-65.872774,25.295635,0.000000,0.000000,0.000000,1.053785
4015858.547253,-793410.897427,-1070442.828049,200794.001056,-39670.643927,-53522.153862,0.000000,0.000000,0.000000,1.181194
-26307.042660,5421.923407,-32943.849201,-1369.542094,282.013003,-1715.831279,0.000000,0.000000,0.000000,0.832507
-19834.113273,-165119.524417,-59075.211036,-991.395466,-8256.114519,-2953.749426,0.000000,0.000000,0.000000,1.144125
10.642200,-117.496310,-70.550081,1.032341,-6.130778,-3.574539,0.000000,0.000000,0.000000,0.819656
47218.743779,76093.643510,-93613.382493,2361.541211,3804.632450,-4680.677210,0.000000,0.000000,0.000000,0.978073
-22.501782,-18.504739,15.060526,0.432567,-0.408879,0.917761,0.000000,0.000000,0.000000,0.927466
-2513.046719,-596.794972,-709.534677,-125.694815,-29.642646,-35.659559,0.000000,0.000000,0.000000,1.029083
-1089.281688,760.687778,-233.746939,-53.295772,38.435899,-11.704855,0.000000,0.000000,0.000000,1.152193
-70516.199307,1797.876216,-42298.178865,-3524.984291,89.934873,-2114.911570,0.000000,0.000000,0.000000,1.048803
-1200.777295,499.833629,-1200.772801,-59.600781,24.689807,-60.021826,0.000000,0.000000,0.000000,1.076297
414977.469710,2971668.257201,-909921.802016,20750.047603,148582.934736,-45496.094036,0.000000,0.000000,0.000000,1.151527
-299044635.039509,-902521369.743411,-169919951.692923,-17694947.015501,-53403631.687664,-10054435.129657,0.000000,0.000000,0.000000,0.847945
-2980.746260,-4236.953918,228.368961,-147.819440,-211.400501,11.420964,0.000000,0.000000,0.000000,1.111519
-6.714472,11.953890,5.171444,-0.072460,0.772230,0.231854,0.000000,0.000000,0.000000,1.031342
-20.450901,16.302528,4.466368,0.066878,0.352859,0.298932,0.000000,0.000000,0.000000,0.875287
50978396.151835,32380951.765587,64840045.865507,2548920.988184,1619047.650107,3242002.308773,0.000000,0.000000,0.000000,1.119452
1972.184804,17311.104853,-24735.410519,99.432968,865.582804,-1236.754878,0.000000,0.000000,0.000000,0.832110
-19916.930680,341600.274831,-102424.243746,-994.825223,17080.553408,-5121.196573,0.000000,0.000000,0.000000,0.968123
-11009073.293918,-13059620.651003,10758897.238837,-550452.251109,-652980.940171,537944.840165,0.000000,0.000000,0.000000,1.047359
-721167827.178817,-799724991.030876,651839093.258053,-36058390.356544,-39986249.471434,32591954.669948,0.000000,0.000000,0.000000,0.925759
-64.671536,50.156810,-26.204125,-1.955307,3.380157,-1.684878,0.000000,0.000000,0.000000,0.987086
-64.256175,101.082257,129.104371,-2.577178,5.038907,6.469512,0.000000,0.000000,0.000000,1.061423
934.474874,751.164505,-2067.020008,47.238453,37.405421,-103.334197,0.000000,0.000000,0.000000,1.150372
1648984.920011,-43010080.078227,34150458.964169,82450.285338,-2150503.832852,1707522.924984,0.000000,0.000000,0.000000,1.190815
-116.433707,38.003735,-98.874969,-4.478033,1.921242,-5.015651,0.000000,0.000000,0.000000,0.867286
2656075.493646,-24169259.022988,8761923.809756,132804.831478,-1208463.069864,438096.192145,0.000000,0.000000,0.000000,0.840931
-64.768119,-15.091843,8.750033,-2.315014,-0.544592,0.315222,0.000000,0.000000,0.000000,0.844658
-31.694901,-7.699829,12.761338,-0.223358,-0.813611,0.973659,0.000000,0.000000,0.000000,1.021148
-22.233440,-3.951900,14.660146,-0.339381,-0.331314,0.556210,0.000000,0.000000,0.000000,0.911438
-75735.691783,23088.736904,-23777.560801,-3785.394372,1154.381125,-1188.869425,0.000000,0.000000,0.000000,1.164890
-8.863816,-1001.995985,1739.189969,0.774575,-49.638763,86.937868,0.000000,0.000000,0.000000,1.065780
-34.211681,0.749283,46.852305,-0.540682,0.214869,2.324049,0.000000,0.000000,0.000000,0.818145
-34911.909757,-29622.114781,18808.258929,-1744.358750,-1481.214306,940.425380,0.000000,0.000000,0.000000,1.022969
266144.797110,-251139.981638,35832.635416,13308.402774,-12557.450570,1791.621718,0.000000,0.000000,0.000000,1.021750
947.936649,-843.280302,1831.504464,48.393051,-42.040534,91.557932,0.000000,0.000000,0.000000,1.128971
-27.260189,5.722223,11.050519,0.567747,0.359544,0.676489,0.000000,0.000000,0.000000,0.828819
-269.819881,1774.706285,1777.525216,-12.197339,88.702137,88.855498,0.000000,0.000000,0.000000,1.187988
-11266.361505,-1415.194090,7607.256729,-561.918629,-70.409993,380.367131,0.000000,0.000000,0.000000,0.992612
-147707144.204266,-5227958.762813,106224528.313575,-7385356.045365,-261398.524982,5311226.413784,0.000000,0.000000,0.000000,0.900015
47268224.619739,-50449112.219152,-36680815.508306,2363411.667132,-2522455.660006,-1834040.794095,0.000000,0.000000,0.000000,1.066297
-30.803989,-51.462891,61.749241,-1.103863,-2.393835,3.074542,0.000000,0.000000,0.000000,0.986453
798.487588,644.272691,1202.138212,41.430486,32.606722,60.096941,0.000000,0.000000,0.000000,0.865427
60723040.839513,96940307.793937,-104931268.833332,3036153.061929,4847015.309395,-5246563.445593,0.000000,0.000000,0.000000,0.898110
-48.397537,-194.464043,196.246760,-0.780915,-9.979759,9.892540,0.000000,0.000000,0.000000,0.964653
-912.951555,-1152.776117,10389.449785,-44.731437,-57.136799,519.469528,0.000000,0.000000,0.000000,0.961394
-1911400355.258309,-793048305.574261,-695565605.478833,-95570016.358842,-39652415.430740,-34778280.250559,0.000000,0.000000,0.000000,1.179285
-31665.802857,-26547.414833,-4861.144933,-1582.157047,-1327.198610,-243.032814,0.000000,0.000000,0.000000,1.141455
1138.806466,1060.189827,638.536592,58.671791,53.300003,32.240495,0.000000,0.000000,0.000000,1.005335
-68577.556237,-175961.871761,-36404.033839,-3427.690275,-8798.129127,-1820.222271,0.000000,0.000000,0.000000,0.928633
-31576.900306,16406.347996,-38335.467690,-1577.991742,820.416847,-1916.754533,0.000000,0.000000,0.000000,1.097397
-483862.005225,-545004.971496,196479.106690,-24192.164428,-27250.300825,9823.959918,0.000000,0.000000,0.000000,1.029214
-2420.253433,11364.069622,5990.994074,-120.220607,568.405041,299.556821,0.000000,0.000000,0.000000,0.894533
-44772.688960,17886.337538,-32997.800762,-2237.397534,894.302379,-1649.881977,0.000000,0.000000,0.000000,1.089561
311.596781,-101.005777,594.113519,16.888938,-4.502184,29.809184,0.000000,0.000000,0.000000,1.175445
1235.462210,-1498.969810,6070.651090,62.726245,-74.484663,303.529389,0.000000,0.000000,0.000000,1.064853
-60553110714.690498,22284261367.969387,-30530999717.671150,-3027655534.290978,1114213067.948574,-1526549985.875960,0.000000,0.000000,0.000000,1.025197
-37728.840844,20912.721826,1969.070677,-1884.805411,1045.616607,98.446953,0.000000,0.000000,0.000000,1.156436
-22.614504,-20.603222,12.737100,-0.242456,-0.593025,0.748987,0.000000,0.000000,0.000000,1.031836
441.812877,-106.710069,160.629018,23.002217,-5.254144,8.009365,0.000000,0.000000,0.000000,0.896157
1001625.413396,-728856.238899,1383902.234299,50082.129474,-36442.835305,69195.106704,0.000000,0.000000,0.000000,1.181418
91.026825,-584.946301,259.964133,5.940605,-29.135010,12.976843,0.000000,0.000000,0.000000,1.110292
2136.985754,2144.525775,3349.772142,108.383343,106.890794,167.470381,0.000000,0.000000,0.000000,0.887501
110665.180284,49239.655205,195614.128211,5534.166990,2461.985587,9780.695818,0.000000,0.000000,0.000000,1.039350
497.469220,-254.241490,-739.219815,25.633371,-12.381074,-36.937383,0.000000,0.000000,0.000000,1.039584
40279343181.802017,342596229326.393616,-170696275463.268585,2013967159.906348,17129811466.500095,-8534813773.170730,0.000000,0.000000,0.000000,1.198868
1912.425383,-1897.976328,-7757.458070,96.699528,-95.089150,-387.855816,0.000000,0.000000,0.000000,0.871438
5.574757,-3.763348,7.447595,1.551504,0.290158,0.215788,0.000000,0.000000,0.000000,1.057511
-2147.265403,4024.311837,4500.312163,-106.489408,201.334634,225.012564,0.000000,0.000000,0.000000,0.847838
-11984939362.125462,-6249849785.983148,71549444380.670456,-599246967.019529,-312492489.366828,3577472219.042420,0.000000,0.000000,0.000000,1.066998
-16.074751,3.500738,5.639745,0.304618,-0.338752,0.354759,0.000000,0.000000,0.000000,0.847053
477.571159,-1424.237319,-1115.905638,25.005920,-71.540748,-55.779708,0.000000,0.000000,0.000000,0.905289
26.649651,35.451262,45.953131,2.360994,1.448653,2.369754,0.000000,0.000000,0.000000,0.864598
-40881.037125,52864.641052,8450.346298,-2043.073694,2643.203109,422.493953,0.000000,0.000000,0.000000,1.022130
-6088515.554422,-28964643.584243,-43490255.559812,-304425.314462,-1448231.727355,-2174512.769474,0.000000,0.000000,0.000000,0.930288
-8249016.172472,-7243403.352615,2919330.119406,-412449.734069,-362169.874458,145966.526699,0.000000,0.000000,0.000000,1.042631
220982.153368,64842.511803,-49633.101164,11049.831534,3241.753923,-2481.657381,0.000000,0.000000,0.000000,1.096076
-1345.920207,-2620.586790,-78555.507718,-66.455584,-130.923174,-3927.772048,0.000000,0.000000,0.000000,0.948953
585.120930,-2269.392575,1187.411746,29.595420,-113.646724,59.353381,0.000000,0.000000,0.000000,1.145340
29843.740493,164887.779834,83632.727462,1493.273473,8243.986740,4181.631265,0.000000,0.000000,0.000000,1.084248
143.241399,-142.324225,-531.232208,8.206012,-6.877091,-26.546440,0.000000,0.000000,0.000000,1.008535
495372585.041203,-345091495.761180,-85290734.178456,24768630.125943,-17254574.760538,-4264536.730576,0.000000,0.000000,0.000000,0.940286
-332600.925545,-2200669.563027,-1323465.196375,-16628.535845,-110033.014551,-66173.243393,0.000000,0.000000,0.000000,1.122959
-15.390206,-2.272395,20.178426,0.537410,0.411035,1.477046,0.000000,0.000000,0.000000,1.034345
-4127.408198,-1412.288248,-441.550712,-205.754663,-70.712435,-22.072953,0.000000,0.000000,0.000000,1.096461
1885324.863033,412689.487571,-2655251.802829,94267.640957,20634.556471,-132762.592582,0.000000,0.000000,0.000000,0.922344
-1036.272710,671.125450,-894.094728,-50.485042,33.136708,-44.681580,0.000000,0.000000,0.000000,1.182083
-4324754.559718,-155461250.139014,-42508549.579693,-216237.423577,-7773062.586863,-2125427.465703,0.000000,0.000000,0.000000,1.137618
-5000.891936,-98801.431089,-1294.807225,-249.438758,-4940.010138,-64.738402,0.000000,0.000000,0.000000,0.977799
-8626.695891,-5429.277820,-3462.307777,-430.166030,-271.835746,-173.128057,0.000000,0.000000,0.000000,0.905500
-32.841606,10.406189,7.095531,-0.516556,0.287725,0.145037,0.000000,0.000000,0.000000,0.970647
-9804.820294,-34447.476825,-52623.193767,-526.227905,-1852.139466,-2829.575784,0.000000,0.000000,0.000000,1.041833
1705873618.321370,-33680420118.608047,-45618855503.060577,85293681.760622,-1684021005.570185,-2280942775.151720,0.000000,0.000000,0.000000,0.839044
52044.551929,-43468.153379,-79933.913753,2603.194967,-2173.330694,-3996.676211,0.000000,0.000000,0.000000,1.134157
30555826.319727,704523555.241077,-437659243.944925,1527792.474849,35226177.957262,-21882962.175441,0.000000,0.000000,0.000000,1.163537
-594821.215869,-205927.646904,356363.591166,-29739.889937,-10296.475864,17818.181905,0.000000,0.000000,0.000000,0.967401
-29.206957,-28.262254,6.181657,-0.269259,-1.342808,0.290488,0.000000,0.000000,0.000000,1.051263
18.312255,26.303173,-56.647576,2.399398,1.028551,-3.017162,0.000000,0.000000,0.000000,0.896020
89154.123321,92859.249164,20178.777198,4458.595871,4642.806338,1008.937355,0.000000,0.000000,0.000000,0.804705
-112.567253,135.213854,-87.705673,-4.559654,6.165337,-4.370134,0.000000,0.000000,0.000000,0.942999
-1044850.998974,-28461345.516738,-18294668.563712,-52241.574052,-1423067.307016,-914733.412716,0.000000,0.000000,0.000000,1.010987
-6595.429134,-5082.539829,7523.359393,-328.246117,-254.342755,376.144356,0.000000,0.000000,0.000000,0.942820
45937292380.086731,-74299062763.495575,89250502654.076111,2296864619.666075,-3714953138.099766,4462525132.716005,0.000000,0.000000,0.000000,0.962942
-1919.956486,-3367.806842,366.207293,-95.158763,-168.312575,18.289013,0.000000,0.000000,0.000000,0.807800
26644.756906,-79715.482659,-44057.183288,1333.639725,-3985.167889,-2202.844584,0.000000,0.000000,0.000000,0.996413
29603.141893,-52895.433783,-17214.740695,1480.973305,-2644.711792,-860.736167,0.000000,0.000000,0.000000,0.931207
3107.175963,-7934.189343,-6735.855662,156.489714,-396.605425,-336.768370,0.000000,0.000000,0.000000,0.940354
-27.292963,-3.052785,5.193909,-0.068463,-0.735884,0.222459,0.000000,0.000000,0.000000,1.135388
968260.604081,-54647.414621,-168755.562768,48414.171243,-2732.446735,-8437.787881,0.000000,0.000000,0.000000,0.883397
18907.662530,-57815.397811,-192313.902818,946.089707,-2890.565602,-9615.679428,0.000000,0.000000,0.000000,1.058488
-37138707.545767,-54630399.851644,62409810.092084,-1856934.076816,-2731520.515631,3120490.516789,0.000000,0.000000,0.000000,0.996876
60468849757.339340,3437930460.724619,-85439460136.317856,3023442488.899899,171896523.013415,-4271973006.813911,0.000000,0.000000,0.000000,1.144424
14.157476,363.209349,393.929086,1.757430,18.187086,19.675408,0.000000,0.000000,0.000000,0.916588
-54273719.845121,-34443815.994142,-68990488.187781,-2713684.805091,-1722190.733708,-3449524.385536,0.000000,0.000000,0.000000,1.052027
62155.725277,-24785.603861,-59877.340819,3109.316844,-1238.983623,-2993.844779,0.000000,0.000000,0.000000,1.164678
1175959983.834758,135991006.776177,239559004.627725,58798000.190162,6799550.404971,11977950.227233,0.000000,0.000000,0.000000,1.061098
-13654.049142,-5482.874676,-708.110403,-682.006967,-274.783889,-35.381341,0.000000,0.000000,0.000000,0.951685
-1241713.618957,3128825.462507,-1960387.095284,-62084.786048,156441.434203,-98019.352196,0.000000,0.000000,0.000000,0.840609
-466723120.753115,330684457.280557,83228085.101038,-23336155.155757,16534222.885963,4161404.232018,0.000000,0.000000,0.000000,0.988357
-1231.355732,-894.554003,2517.467777,-61.041738,-44.872092,125.866897,0.000000,0.000000,0.000000,0.945544
-297.809087,-149.419138,-208.478651,-13.533952,-7.426697,-10.414994,0.000000,0.000000,0.000000,0.951091
-415.862629,136.352838,-163.655664,-21.268967,6.800830,-8.787643,0.000000,0.000000,0.000000,0.839014
-14.604901,-3.021157,11.561292,-0.672394,-0.099201,0.510593,0.000000,0.000000,0.000000,1.148896
17.769106,-480.720718,606.095348,1.596260,-24.345819,30.290565,0.000000,0.000000,0.000000,0.878896
-5190.111997,24190.532273,-69810.776673,-258.602121,1209.888428,-3490.513871,0.000000,0.000000,0.000000,0.907304
7842.216846,5001.344892,3197.024988,393.259953,249.682939,159.830632,0.000000,0.000000,0.000000,0.987589
3942572.765681,28980467.525644,-7777354.013654,197129.580641,1449023.442451,-388867.715479,0.000000,0.000000,0.000000,0.917638
9086.308217,32300.657680,49647.238590,489.420717,1736.457822,2668.815990,0.000000,0.000000,0.000000,1.108671
260.895222,171.321132,-40.315793,14.769661,8.683180,-2.066843,0.000000,0.000000,0.000000,0.961355
-22325.195735,-154763.345286,-3253.038735,-1115.166800,-7738.411234,-162.671228,0.000000,0.000000,0.000000,1.099488
-1217964364.022130,-2258154869.507116,-3329729022.636729,-60898217.095659,-112907743.271440,-166486451.149463,0.000000,0.000000,0.000000,0.911037
2621.646009,2461.854617,2667.217875,132.144277,122.746094,133.348974,0.000000,0.000000,0.000000,1.100910
128561082.618763,1205532948.969210,-1358945388.166819,6428055.151449,60276647.490307,-67947269.416413,0.000000,0.000000,0.000000,1.073747
40450.754293,5591.800215,1091.756745,2023.177239,279.661081,54.600401,0.000000,0.000000,0.000000,0.876352
581.398404,253.023109,-141.064897,30.854990,12.790808,-7.363521,0.000000,0.000000,0.000000,1.178540
-80266.237471,-597041.032774,102499.447758,-4012.293547,-29851.678791,5124.990514,0.000000,0.000000,0.000000,1.135274
64591784.306236,-67112380.397108,-40886514.873042,3229590.207339,-3355618.856999,-2044325.755927,0.000000,0.000000,0.000000,0.853435
35.720283,-140.810530,743.463176,3.116682,-7.324056,37.152046,0.000000,0.000000,0.000000,1.128172
-3509353.743235,-26166457.286930,7063474.546797,-175466.743153,-1308322.786024,353173.709264,0.000000,0.000000,0.000000,1.014671
-369.221891,-39.749439,122.484087,-17.381873,-1.950963,6.110803,0.000000,0.000000,0.000000,0.993887
596.651441,-184.963412,-522.047799,31.189935,-9.909017,-26.243731,0.000000,0.000000,0.000000,0.876248
-6443.048772,-1355.705424,2325.796380,-321.087919,-68.289693,116.269964,0.000000,0.000000,0.000000,1.118398
1852.720434,-2345.982519,2963.394547,93.938473,-117.662122,148.941409,0.000000,0.000000,0.000000,1.036875
-40.020609,23.114172,3.688437,-1.022159,0.655885,0.224012,0.000000,0.000000,0.000000,1.032530
8702353.820713,11806614.262404,-7813457.109809,435119.097539,590330.797095,-390672.870345,0.000000,0.000000,0.000000,1.126932
-718333.394853,564256.092309,3573288.663324,-35915.692055,28212.510394,178664.443680,0.000000,0.000000,0.000000,1.181770
-587.354994,-341.190466,282.283248,-28.820268,-16.879166,14.092693,0.000000,0.000000,0.000000,0.926611
-957.663692,-2734.445212,-1924.739193,-47.028878,-136.711683,-96.233377,0.000000,0.000000,0.000000,1.080725
4020.976238,-4129.356633,3728.031788,202.222963,-206.622981,186.385565,0.000000,0.000000,0.000000,1.047504
-2275.213292,2100.624896,-1147.188004,-112.787972,105.173503,-57.363213,0.000000,0.000000,0.000000,1.180399
-592.623763,843.008992,402.341547,-28.987236,41.577346,20.113250,0.000000,0.000000,0.000000,1.059858
7902172846064.456055,22999111388354.136719,-288829967155289.312500,395108642304.204041,1149955569417.757080,-14441498357764.498047,0.000000,0.000000,0.000000,0.899240
-473065675535.487793,-833830400900.948730,-299771418490.259766,-23653283775.767609,-41691520044.446152,-14988570924.498957,0.000000,0.000000,0.000000,0.800287
-31.069443,3.205879,12.933651,-0.284408,-0.078819,0.619851,0.000000,0.000000,0.000000,1.167949
-0.684845,17.717812,15.168960,1.282497,1.548035,1.488745,0.000000,0.000000,0.000000,1.038922
-118.320702,112.795392,-83.737696,-4.917250,5.319389,-4.166652,0.000000,0.000000,0.000000,1.121563
23628.093964,194940.201193,163269.890759,1182.512123,9746.481015,8163.485835,0.000000,0.000000,0.000000,0.975422
-29.807893,13.417311,12.853214,-0.563332,-0.062520,0.675918,0.000000,0.000000,0.000000,1.126032
29435.579700,73693.384988,-48878.958912,1480.374909,3702.756149,-2456.215440,0.000000,0.000000,0.000000,0.934643
304.444968,-4308.365953,-6542.903250,17.303466,-222.550996,-337.248768,0.000000,0.000000,0.000000,0.989983
2104.802500,-4549.738322,7096.044142,106.260947,-226.816123,354.787144,0.000000,0.000000,0.000000,0.937532
93601.185764,-14245.316176,-120644.902885,4680.969258,-712.260152,-6032.236722,0.000000,0.000000,0.000000,1.196614
2260.545240,-12293.465549,998.808334,114.138325,-617.390242,50.165155,0.000000,0.000000,0.000000,0.869027
36226.369721,22320.289651,-65479.673748,1812.178090,1116.080905,-3273.963968,0.000000,0.000000,0.000000,1.141255
6.294328,-3.087153,20.151183,1.466935,0.140803,1.366790,0.000000,0.000000,0.000000,0.932021
-10834.855058,29032.567616,-29153.125319,-540.498216,1451.500323,-1457.638316,0.000000,0.000000,0.000000,1.045511
-4911.748126,-5407.126871,359.532795,-244.463810,-270.421098,17.983676,0.000000,0.000000,0.000000,1.006000
-29.356238,10.087281,10.287555,-0.640682,0.367409,0.733082,0.000000,0.000000,0.000000,1.044041
-29787360.346007,-19513438.678169,50325540.625538,-1489366.678666,-975672.002641,2516277.017944,0.000000,0.000000,0.000000,0.821489
4479.492771,-1841.614912,-545.200390,224.895600,-91.664314,-27.238042,0.000000,0.000000,0.000000,0.842214
-1322998.403162,1006940.261605,-1665287.641278,-66149.052632,50346.983037,-83264.376094,0.000000,0.000000,0.000000,1.050042
-34.723129,12.484437,-4.174970,-2.469301,0.649188,-1.078506,0.000000,0.000000,0.000000,0.927245
-88310.904607,-162146.949333,-58669.323378,-4414.404070,-8107.328760,-2933.471081,0.000000,0.000000,0.000000,0.963850
122734285.929301,568565114.894990,198700365.978428,6136715.438287,28428255.787053,9935018.294333,0.000000,0.000000,0.000000,0.939808
394.388848,286.512777,1512.079300,20.440418,14.297138,75.582354,0.000000,0.000000,0.000000,1.123234
4.742349,-4.927376,17.302415,1.388823,0.626841,0.947708,0.000000,0.000000,0.000000,1.194903
-4012.183366,7931.094292,-4619.436961,-199.573112,397.207991,-230.978216,0.000000,0.000000,0.000000,1.060793
-1549928329.033691,3341629949.474438,9097056403.066502,-77496414.875761,167081497.723874,454852820.165836,0.000000,0.000000,0.000000,1.196936
-814721.862460,-2756413.610006,-900918.659600,-40734.737182,-137820.452202,-45045.912968,0.000000,0.000000,0.000000,0.857963
-77.173829,-19.299543,19.659188,-2.818040,-1.217600,0.978079,0.000000,0.000000,0.000000,0.856542
-15.601965,14.709715,8.254474,0.657850,0.193408,0.684860,0.000000,0.000000,0.000000,0.889516
4046.476292,-1156.975930,3897.467373,203.146221,-57.369573,194.868941,0.000000,0.000000,0.000000,1.197501
255497110.385789,-88703087.281446,-133345682.910308,12774856.480667,-4435154.344531,-6667284.120596,0.000000,0.000000,0.000000,1.079987
-1204526.284713,-8174083.559210,-1395778.276162,-60225.408642,-408704.305852,-69788.909820,0.000000,0.000000,0.000000,0.872782
-664.490151,1031.464861,-115.745498,-31.854954,51.270142,-5.793031,0.000000,0.000000,0.000000,1.184339
47.888269,-447.675181,412.581033,3.934644,-22.070152,20.617391,0.000000,0.000000,0.000000,1.033409
-57252.047214,-75301.033669,18026.397988,-2861.646278,-3764.957500,901.298028,0.000000,0.000000,0.000000,1.034618
31021.205579,-26941.923115,-40915.213665,1552.125874,-1347.412076,-2045.751230,0.000000,0.000000,0.000000,0.850624
-2038.852773,12710.256513,2351.095095,-100.315405,635.623069,117.548034,0.000000,0.000000,0.000000,0.817141
-10.323294,107.446969,-97.355342,1.061761,5.499924,-4.903148,0.000000,0.000000,0.000000,1.168598
-10.314242,-14.182697,-21.819812,0.896660,-0.521128,-1.425941,0.000000,0.000000,0.000000,1.047303
-92.605447,-23.846673,114.753044,-3.029545,-1.040065,5.716888,0.000000,0.000000,0.000000,0.975596
-16.626841,60.470887,75.278322,-0.331369,2.950423,3.842465,0.000000,0.000000,0.000000,1.010250
1299526.375734,-421868.498305,-624063.593972,64977.178773,-21094.101017,-31203.180068,0.000000,0.000000,0.000000,1.160936
-880579.854555,-1480185.220582,-211942.798598,-44027.661516,-74009.272764,-10597.121357,0.000000,0.000000,0.000000,0.853880
485659.577505,624952.602550,-647284.573959,24284.312407,31247.359609,-32364.206625,0.000000,0.000000,0.000000,1.127411
2.054864,30.023489,38.370120,0.811343,1.622571,2.025180,0.000000,0.000000,0.000000,0.866887
-702068.450808,-2961272.191936,946128.789115,-35102.246429,-148064.073457,47306.431153,0.000000,0.000000,0.000000,1.069055
-13710095184998.107422,11915243919248.439453,18841830701103.226562,-685504759248.688721,595762195962.302856,942091535055.183472,0.000000,0.000000,0.000000,1.032493
585594.134972,207956.976140,-366765.141737,29280.863586,10397.750319,-18338.245997,0.000000,0.000000,0.000000,0.970348
24.805660,21.318510,80.135418,2.054732,1.404445,3.993338,0.000000,0.000000,0.000000,0.934396
-1280535.853293,415788.974196,615039.805751,-64025.918845,20788.768116,30751.983274,0.000000,0.000000,0.000000,1.178252
-35.074756,-8.118264,6.643811,-0.093531,-0.734571,0.270971,0.000000,0.000000,0.000000,0.837976
-118751.403596,393462.794497,107127.244294,-5936.856935,19673.264220,5356.368449,0.000000,0.000000,0.000000,0.964006
-1746.151720,-2281.058502,2175.539158,-86.211494,-114.129094,108.760751,0.000000,0.000000,0.000000,1.066733
-996494.885533,-360385.442212,149254.661975,-49823.364550,-18018.924859,7462.750721,0.000000,0.000000,0.000000,0.941113
906468.426127,121301.764967,-1641603.901917,45324.897823,6064.629886,-82080.172948,0.000000,0.000000,0.000000,0.968685
2671.229957,-4341.121387,-288.335031,134.951146,-216.604602,-14.395033,0.000000,0.000000,0.000000,1.003737
-33117.053373,35039.415899,8686.570017,-1654.895545,1752.021628,434.309895,0.000000,0.000000,0.000000,0.952999
-83570.361522,30285.616305,-38579.081153,-4177.090965,1514.708366,-1928.965609,0.000000,0.000000,0.000000,0.854990
-6223301.046664,-37320205.526271,-36312704.374736,-311163.978680,-1866010.265296,-1815635.205846,0.000000,0.000000,0.000000,1.055596
13.784932,17.682533,2.785935,1.062969,1.046856,0.233165,0.000000,0.000000,0.000000,0.971811
-865.244718,-1137.724529,-995.947454,-44.608612,-59.826862,-53.224556,0.000000,0.000000,0.000000,0.874854
823.255704,1443.322062,1962.558682,42.256684,72.125444,98.114140,0.000000,0.000000,0.000000,1.001737
-60.379445,-362.084010,433.798722,-1.967639,-17.838868,21.690958,0.000000,0.000000,0.000000,1.083715
-66.638142,-220.826491,1098.216387,-2.804236,-11.227756,55.469157,0.000000,0.000000,0.000000,1.103459
-6067.274255,3255.027056,8954.700632,-302.625902,162.619115,447.734434,0.000000,0.000000,0.000000,0.884125
1055335.026607,679265.408003,-2302772.741085,52767.887170,33963.309732,-115138.627732,0.000000,0.000000,0.000000,1.153185
5831.406256,-720.131544,2090.524275,291.979175,-35.849866,104.535718,0.000000,0.000000,0.000000,1.091282
457.074933,159.134406,276.185225,25.382849,8.029062,14.719236,0.000000,0.000000,0.000000,0.870198
-26339.454441,-36960.322498,10674.141587,-1315.545135,-1847.909561,533.712558,0.000000,0.000000,0.000000,0.992842
45515.058091,-5922.267137,-17155.619815,2276.869580,-295.954982,-857.759069,0.000000,0.000000,0.000000,0.934861
476.057396,181.262969,138.494341,24.696403,8.996825,6.927826,0.000000,0.000000,0.000000,0.807511
-35.689133,6.267310,6.215634,-0.687512,-0.223400,0.256296,0.000000,0.000000,0.000000,0.951073
1258.632896,3539.617622,1425.139016,64.257900,176.689300,71.264559,0.000000,0.000000,0.000000,0.931604
1914.539378,8567.167266,-4752.783344,96.462939,427.834298,-237.632727,0.000000,0.000000,0.000000,0.950585
-59.039369,-12.672783,39.590853,-1.825831,-0.316680,1.962979,0.000000,0.000000,0.000000,1.157927
17525.758247,-5797.388871,-2077.257560,876.996121,-289.886443,-103.855529,0.000000,0.000000,0.000000,1.015634
1306.739482,-1217.775650,-2118.299759,65.819049,-61.056827,-105.906540,0.000000,0.000000,0.000000,0.978569
3280.269126,11467.684113,-9933.974878,164.704686,573.022257,-496.696511,0.000000,0.000000,0.000000,1.049067
63.465417,159.763073,-193.799714,4.868099,7.887715,-9.781211,0.000000,0.000000,0.000000,0.930630
-486.871244,-401.391295,-159.683250,-23.432415,-20.033306,-7.975923,0.000000,0.000000,0.000000,1.056607
7.370350,-74.139023,1.928123,1.716745,-3.760179,-0.012888,0.000000,0.000000,0.000000,0.974102
9293.786333,9726.055884,-22.369998,465.653089,486.255960,-1.134220,0.000000,0.000000,0.000000,1.002826
-4125.011633,-257.854604,-680.745869,-205.194614,-12.793759,-34.034977,0.000000,0.000000,0.000000,0.855105
10252778.559831,9002817.747898,-3628676.612464,512639.992646,450141.171875,-181433.806391,0.000000,0.000000,0.000000,0.838867
10734.718160,67577.030547,31512.715546,537.474921,3379.319404,1575.631087,0.000000,0.000000,0.000000,0.973391
3173.576803,5591.660131,-2043.349113,159.884759,280.009266,-102.157350,0.000000,0.000000,0.000000,1.026758
1633639783.572178,-3522078195.914706,-9588297374.749607,81681990.753321,-176103909.542970,-479414868.717857,0.000000,0.000000,0.000000,1.135614
3.662767,10.919694,21.716338,1.708346,0.833659,1.159082,0.000000,0.000000,0.000000,0.827707
10983.022875,2998.560411,2492.055816,549.930283,149.901472,124.598206,0.000000,0.000000,0.000000,0.832518
-421861.085592,339135.425968,31998.606003,-21091.921718,16957.278974,1599.950552,0.000000,0.000000,0.000000,1.058104
-24122.262790,73117.310966,-21919.760405,-1205.110567,3655.792456,-1095.967841,0.000000,0.000000,0.000000,0.873224
-24.261608,-17.208801,15.272062,0.431122,-0.595535,1.101308,0.000000,0.000000,0.000000,0.857006
3217.916893,3535.641244,-543.563434,162.161017,176.723400,-27.165411,0.000000,0.000000,0.000000,1.003894
14509674741.239918,7565987644.085399,-86619268079.887833,725483738.147664,378299382.136037,-4330963403.979059,0.000000,0.000000,0.000000,0.881364
-164.056707,-5510.754772,7705.341322,-7.243429,-282.284068,395.129071,0.000000,0.000000,0.000000,1.062840
1301232999.281722,2364788298.251853,3505621865.350754,65061651.067057,118239415.112008,175281093.243239,0.000000,0.000000,0.000000,0.867158
5618.481738,32466.754654,32679.740165,283.811183,1631.599979,1642.187847,0.000000,0.000000,0.000000,1.022530
5223111.808393,-743252.461487,4735152.889678,261156.670102,-37162.058045,236757.634033,0.000000,0.000000,0.000000,1.073452
-1843.120331,1693.304980,3094.544963,-91.030183,84.781955,154.725849,0.000000,0.000000,0.000000,0.937182
151464039.741675,-132166152.555706,-132517979.641088,7573202.828594,-6608307.153552,-6625898.970122,0.000000,0.000000,0.000000,1.090042
-1170441.853637,-451636.728025,1103062.641861,-58521.186475,-22581.670844,55153.123904,0.000000,0.000000,0.000000,0.876130
-30.477491,-53.216585,-22.604607,-0.327775,-2.341146,-1.296054,0.000000,0.000000,0.000000,1.186175
1855.277991,-2060.154604,-4604.061675,95.388408,-104.261738,-233.667302,0.000000,0.000000,0.000000,1.198969
-103.265522,75.295518,50.997707,-3.956936,3.270447,2.527389,0.000000,0.000000,0.000000,0.953716
-3405.221219,-866.528128,2868.309624,-169.353906,-43.555151,143.403702,0.000000,0.000000,0.000000,0.945146
-29.802487,-8.736901,10.538459,-0.451417,-0.533202,0.728984,0.000000,0.000000,0.000000,0.995258
-13997727.628158,7863620.010314,21844108.390268,-699885.328080,393180.958634,1092205.435106,0.000000,0.000000,0.000000,0.906235
-113034.531570,-135616.143218,279269.067209,-5650.697348,-6780.823669,13963.432284,0.000000,0.000000,0.000000,0.869644
-644.693461,-510.616364,-885.928305,-30.713542,-25.125539,-44.284570,0.000000,0.000000,0.000000,1.153020
-4680138.168817,-2450849.600015,-2143335.303049,-234006.014657,-122542.451721,-107166.782679,0.000000,0.000000,0.000000,0.961667
-32.005241,-5.744743,8.961507,-0.074209,-0.587711,-0.218224,0.000000,0.000000,0.000000,0.891950
626.985747,248.214725,-403.769029,33.332260,13.204433,-21.274874,0.000000,0.000000,0.000000,1.175423
-2912.619042,-5173.482664,123.060551,-144.713233,-258.440862,6.149691,0.000000,0.000000,0.000000,1.050285
-25.184505,-19.704303,-14.830859,0.079576,-0.696239,-0.771629,0.000000,0.000000,0.000000,1.187342
-17.973929,17.786358,-0.911270,0.119637,0.147562,-0.082653,0.000000,0.000000,0.000000,1.109482
-68322.061433,71722.884332,16526.377006,-3415.456889,3585.892997,826.304291,0.000000,0.000000,0.000000,1.029596
-52.101005,-44.944812,-51.430378,-1.934964,-1.592604,-2.580109,0.000000,0.000000,0.000000,0.886542
-6130665.585503,3363796.053416,2209066.598111,-306532.227029,168189.714773,110453.341794,0.000000,0.000000,0.000000,1.003011
681012.470797,4763901.251866,-121182.257857,34051.365009,238194.696032,-6059.119169,0.000000,0.000000,0.000000,0.905086
37873.134963,420594.580862,360052.586405,1894.683862,21029.676728,18002.633062,0.000000,0.000000,0.000000,1.175238
-2787.447454,1973.556606,439.852870,-139.530458,99.417963,22.073757,0.000000,0.000000,0.000000,0.949407
9191386.327831,-371688.275194,-1790980.182782,459570.069463,-18584.150104,-89549.029207,0.000000,0.000000,0.000000,0.877148
-360152.457131,98241.135309,505202.900441,-18006.801768,4912.262701,25260.120996,0.000000,0.000000,0.000000,1.138156
65.532278,-167.241732,105.565318,4.608335,-8.293427,5.283048,0.000000,0.000000,0.000000,0.852140
-489849962726.392395,5403306095536.621094,1567266253215.135254,-24492498135.279503,270165304776.988373,78363312660.739838,0.000000,0.000000,0.000000,0.844537
-46.810834,182.683276,5.945043,-1.291003,9.425464,0.333107,0.000000,0.000000,0.000000,0.944213
-24.077657,7.533030,7.534369,-0.734985,-0.827783,0.413334,0.000000,0.000000,0.000000,1.141452
-40303417510.336891,-342801037869.982361,170798229895.786133,-2015170874.700006,-17140051893.313553,8539911494.779491,0.000000,0.000000,0.000000,1.198152
-279.059249,162.689655,374.223455,-13.020280,7.600688,18.686634,0.000000,0.000000,0.000000,1.083250
-47632162.246099,23134126.058623,153226268.593659,-2381607.088067,1156706.225517,7661313.415520,0.000000,0.000000,0.000000,0.838829
20.646526,184.085773,87.874518,2.136130,13.769188,6.116075,0.000000,0.000000,0.000000,1.049758
-9.052426,-5.371696,11.245512,-0.196015,-0.266180,0.601753,0.000000,0.000000,0.000000,0.972331
-37759351095.286018,20606009840.588192,87771599570.236755,-1887967553.889420,1030300492.338153,4388579978.513722,0.000000,0.000000,0.000000,1.028063
8314.733898,30016.084417,-25044.848306,417.152303,1500.893461,-1252.232087,0.000000,0.000000,0.000000,1.000767
409.839203,547.583666,-1209.395147,21.391441,27.357191,-60.453228,0.000000,0.000000,0.000000,1.071612
-46.937922,89.042461,-56.354409,-0.900910,4.855889,-3.389878,0.000000,0.000000,0.000000,1.190287
69.571583,5.384866,-54.134070,4.701158,0.362643,-2.747226,0.000000,0.000000,0.000000,1.068178
-21.859151,-18.423794,2.778574,-0.476235,-0.588615,-0.009074,0.000000,0.000000,0.000000,1.161866
3312.042160,-434.782174,-1776.420464,166.507545,-22.144419,-88.814364,0.000000,0.000000,0.000000,0.802607
6.404353,160.264447,-37.597866,0.694712,9.111218,-2.207977,0.000000,0.000000,0.000000,1.180255
-10.883082,15.584686,11.941192,-0.098129,1.567245,0.649421,0.000000,0.000000,0.000000,1.101630
4082.838587,5919.547708,1570.990944,205.047343,296.188348,78.546798,0.000000,0.000000,0.000000,0.808742
1.225871,-53.214462,-23.372288,0.616477,-2.498255,-1.140021,0.000000,0.000000,0.000000,0.820701
233585.141242,97985.552376,128205.507206,11679.988878,4899.758247,6410.284811,0.000000,0.000000,0.000000,1.085718
-134567103.739837,-1177274747.362018,1445538802.683586,-6728354.165868,-58863737.320621,72276940.119224,0.000000,0.000000,0.000000,1.041853
-127.907821,-242.531278,-103.580038,-5.828428,-13.269246,-5.518471,0.000000,0.000000,0.000000,0.995666
-3.515743,2.189041,12.248805,0.634220,0.463555,0.942255,0.000000,0.000000,0.000000,0.824760
-13.265362,17.117534,36.081912,-0.114017,0.580355,1.846885,0.000000,0.000000,0.000000,1.025234
-52857021.486648,56414232.527650,41017931.470913,-2642850.631190,2820711.569865,2050896.549436,0.000000,0.000000,0.000000,0.953551
-5226660.806380,-8777017.314542,-1298555.028709,-261332.012968,-438850.296692,-64927.739318,0.000000,0.000000,0.000000,0.888580
-201.315553,-1282.124295,148.432290,-9.409174,-65.999574,7.573999,0.000000,0.000000,0.000000,1.060313
-235496943324.542511,-161140677959.756409,74624234396.218719,-11774847165.070621,-8057033897.978215,3731211719.792493,0.000000,0.000000,0.000000,1.066283
-1140341.188442,-1481063.495712,351423.976921,-57016.135906,-74053.059358,17571.210991,0.000000,0.000000,0.000000,1.000945
-20.579270,16.567765,5.403836,-0.365807,0.680571,-0.265545,0.000000,0.000000,0.000000,1.134218
1067.194709,-736.223535,1005.899033,54.669562,-37.218199,50.301153,0.000000,0.000000,0.000000,1.075745
-307716623.176023,-31664499.650492,-60922720.167555,-15385830.310367,-1583225.247833,-3046136.020322,0.000000,0.000000,0.000000,0.868933
-67.752304,-1.357643,-12.107539,-1.830322,-0.203226,-0.580506,0.000000,0.000000,0.000000,0.962804
-184482617707.087585,31344915278.835510,70389786460.485977,-9224130884.314688,1567245763.827623,3519489323.043964,0.000000,0.000000,0.000000,0.922450
223.253895,39.266730,541.773040,12.167830,2.326311,27.079415,0.000000,0.000000,0.000000,0.988361
828.297593,11665.801368,42.220445,42.163961,586.568515,2.095385,0.000000,0.000000,0.000000,0.878847
-42.784760,-314.464813,-353.333846,-0.947974,-15.872008,-17.646045,0.000000,0.000000,0.000000,1.005695
-143.720009,-217.024494,-201.412261,-6.094007,-10.794975,-10.063049,0.000000,0.000000,0.000000,0.858551
-24008.468445,-60167.463659,39880.001124,-1205.249154,-3023.903360,2004.023005,0.000000,0.000000,0.000000,1.145449
-12.313777,9.580181,-8.530245,-0.251073,0.492349,-0.553406,0.000000,0.000000,0.000000,1.039033
880593.963885,-690001.968844,-4372001.526262,44030.672992,-34500.390399,-218600.051448,0.000000,0.000000,0.000000,0.967435
-5443.302138,-11608.453031,15620.735105,-271.363773,-580.437571,781.026547,0.000000,0.000000,0.000000,0.960485
-157.621646,-276.053208,79.740035,-6.717650,-13.788429,4.012094,0.000000,0.000000,0.000000,1.143574
-51.224197,-74.026355,42.624982,-1.016815,-3.500681,2.130504,0.000000,0.000000,0.000000,1.168897
-110.774356,-9.914630,-73.376948,-4.161098,0.057761,-3.653323,0.000000,0.000000,0.000000,0.838668
-10974750318884.794922,-25664857170599.039062,-23780757397599.257812,-548737515943.600403,-1283242858530.135498,-1189037869879.978271,0.000000,0.000000,0.000000,1.128160
474363.933172,677682.420664,-87125.437660,23719.121575,33884.056300,-4356.263119,0.000000,0.000000,0.000000,0.965061
-19.955914,27.698125,20.813840,0.366402,0.782933,1.035609,0.000000,0.000000,0.000000,1.188821
22.620390,3.201565,-70.391883,2.046220,0.468083,-3.531931,0.000000,0.000000,0.000000,1.098564
-18.281980,20.791870,10.873825,-0.285217,0.403208,0.556086,0.000000,0.000000,0.000000,1.096919
102.839046,287.620181,-1250.288213,5.752251,14.444284,-63.114100,0.000000,0.000000,0.000000,1.116244
-234852.432404,-177789.978139,-219822.027148,-11741.878105,-8889.009428,-10991.080962,0.000000,0.000000,0.000000,0.936039
-14.752453,10.910557,3.870937,0.036729,0.072698,-0.683448,0.000000,0.000000,0.000000,1.016946
-26.978680,45.365022,14.430758,-0.991382,2.271333,0.706761,0.000000,0.000000,0.000000,0.862081
-2428326060.654669,-1626940537.790504,186146819.477754,-121416302.493383,-81347027.419250,9307340.948911,0.000000,0.000000,0.000000,0.989079
1295595.974470,-1661955.686284,3891259.261550,64780.800806,-83097.738129,194562.957481,0.000000,0.000000,0.000000,1.194641
-1043071.576178,-6828369.728054,-1648156.186653,-52152.822854,-341418.086453,-82407.796824,0.000000,0.000000,0.000000,1.145137
3646.065879,1633.286824,936.561401,189.898645,83.533078,47.541915,0.000000,0.000000,0.000000,0.863949
2149.119293,-158.977495,-1286.191189,108.510431,-8.291233,-64.289246,0.000000,0.000000,0.000000,1.021176
-9368904.309103,378870.106471,1825580.099690,-468444.448601,18943.768422,91278.982231,0.000000,0.000000,0.000000,0.860530
-12132877.696930,890427866.775983,-1623964730.660307,-606642.595694,44521392.791840,-81198236.532393,0.000000,0.000000,0.000000,0.853743
-15980900.221322,37017151.653107,52737681.871803,-799043.464204,1850857.259651,2636884.094877,0.000000,0.000000,0.000000,1.170574
-71.467382,-41.925789,3.936292,-2.832444,-2.125984,0.029846,0.000000,0.000000,0.000000,1.096211
371637.596140,2459295.342206,1479037.461937,18583.388271,122965.217688,73951.881690,0.000000,0.000000,0.000000,1.004855
-1854583214.329907,-11372617595.243319,-20178914473.138237,-92729159.651955,-568630879.817475,-1008945723.671253,0.000000,0.000000,0.000000,0.810410
-948.084762,-1636.912668,1438.066026,-46.608104,-81.610641,71.906368,0.000000,0.000000,0.000000,1.088580
-8.983585,-265.994486,-82.259948,-0.002715,-18.536426,-6.118736,0.000000,0.000000,0.000000,1.121250
1459.199351,443.604763,822.970158,74.331965,22.264184,41.134127,0.000000,0.000000,0.000000,1.036524
4815.217008,7289.054646,1339.574519,243.876737,368.651002,67.656695,0.000000,0.000000,0.000000,0.857043
-11579.199927,14953.665528,-6908.016079,-578.014804,747.647807,-345.380887,0.000000,0.000000,0.000000,0.882167
-480.312754,116.383722,-620.276932,-23.102986,5.584003,-30.995114,0.000000,0.000000,0.000000,1.122901
68697.680725,38288.087379,-55981.507400,3435.905814,1914.313668,-2799.062159,0.000000,0.000000,0.000000,1.017835
-17.024926,4.575966,13.822843,-0.556021,0.158445,0.689389,0.000000,0.000000,0.000000,0.997220
34882.237144,19731.833983,-20837.004763,1744.701003,986.642724,-1041.838346,0.000000,0.000000,0.000000,0.847091
17053.618413,841158.481390,-725043.740498,853.772034,42058.474472,-36252.178038,0.000000,0.000000,0.000000,1.114930
-296729086.450344,21209360.451383,525216761.359718,-14836453.306775,1060467.991390,26260838.077380,0.000000,0.000000,0.000000,1.122911
1597.037918,-2644.031316,1166.367890,81.055229,-132.282052,58.323016,0.000000,0.000000,0.000000,0.856832
-19530.193578,58889.380376,196614.156403,-975.801311,2944.667850,9830.705377,0.000000,0.000000,0.000000,1.035512
-157.090670,-244.885954,271.544743,-6.783850,-12.123985,13.558858,0.000000,0.000000,0.000000,0.819653
539.889698,-431.523776,1883.371807,27.417804,-21.293545,94.159753,0.000000,0.000000,0.000000,1.113768
-4783.534834,9479.458148,3605.732836,-238.221013,474.359205,180.297900,0.000000,0.000000,0.000000,1.090717
-26.963897,-4.891624,11.420440,0.735234,0.486577,0.857859,0.000000,0.000000,0.000000,0.901490
-85348.160971,15439.714300,-5411.040040,-4265.965121,771.384482,-270.558709,0.000000,0.000000,0.000000,0.942367
212056311.863676,639989169.699144,120492428.947978,12547712.561109,37869181.286659,7129729.403341,0.000000,0.000000,0.000000,1.195784
212.586577,3057.488825,89.671387,11.392336,153.456114,4.503134,0.000000,0.000000,0.000000,1.077158
1633901191.297482,328187744.086406,-1859959712.079426,81695060.435669,16409386.968556,-92997985.592166,0.000000,0.000000,0.000000,1.091971
-7230.706212,6297.450253,9189.286431,-361.072107,315.245743,459.449416,0.000000,0.000000,0.000000,1.096610
-7.193741,72.688929,151.189430,0.754589,3.214095,7.543083,0.000000,0.000000,0.000000,1.192966
6310.607391,-3289.884280,3384.231478,316.133512,-164.358490,169.193723,0.000000,0.000000,0.000000,1.000032
-833.192491,3173.245679,-1626.129207,-41.314143,158.461775,-81.311564,0.000000,0.000000,0.000000,0.824119
-59.583238,-97.098280,158.472234,-1.422150,-4.807647,7.992117,0.000000,0.000000,0.000000,0.885948
-1607.857430,3562.021757,402.274855,-79.528458,178.236990,20.127820,0.000000,0.000000,0.000000,1.177809
51384.049872,55029.070050,36386.039515,2570.015520,2751.480979,1819.290525,0.000000,0.000000,0.000000,1.032353
-415004.297316,-643787.814616,316023.716421,-20749.155451,-32189.398925,15801.199200,0.000000,0.000000,0.000000,1.026992
474899.220400,-380400.018125,-36122.661740,23746.079935,-19019.482260,-1806.111801,0.000000,0.000000,0.000000,0.929951
-1620.798727,94071.665357,84209.925736,-80.223317,4703.749163,4210.474580,0.000000,0.000000,0.000000,0.867581
-3894.054807,3923.493426,-1792.224310,-193.451933,196.410754,-89.618179,0.000000,0.000000,0.000000,1.128076
-494.317431,-1231.108330,1325.402865,-23.974666,-61.650916,66.249495,0.000000,0.000000,0.000000,0.870115
5601.461368,4218.613856,-6366.828601,281.584093,210.703845,-318.348654,0.000000,0.000000,0.000000,1.103878
-896.322174,347.178760,-571.408849,-44.053320,17.255312,-28.573343,0.000000,0.000000,0.000000,1.171799
1.649915,8.575467,28.322984,0.675231,0.418521,1.739551,0.000000,0.000000,0.000000,0.946411
4.688293,-15.672189,2.828431,4.412119,-0.431307,-1.313057,0.000000,0.000000,0.000000,1.035227
-144.651490,161.530096,-417.291805,-6.031945,8.677234,-20.988030,0.000000,0.000000,0.000000,1.125308
-24.932585,14.582510,-4.379953,-0.723839,0.661179,-0.270822,0.000000,0.000000,0.000000,1.059288
-18.527483,-3.143132,9.954327,0.119250,0.359425,0.204184,0.000000,0.000000,0.000000,0.870182
-43484.908477,-5667.915106,35303.359514,-2173.490004,-282.925737,1765.149969,0.000000,0.000000,0.000000,1.017779
55068598823.592278,-20265896094.780560,27765697882.495712,2753429942.617560,-1013294805.186872,1388284894.129555,0.000000,0.000000,0.000000,1.127300
-5988370609160.810547,-17429061693827.300781,218879499932862.062500,-299418530457.062317,-871453084691.314087,10943974996643.095703,0.000000,0.000000,0.000000,1.186622
-16619714.370039,28242603.308566,-2944105.275464,-830984.822036,1412130.582630,-147205.271113,0.000000,0.000000,0.000000,1.158315
-656774.980560,-1245445.130727,-334732.819777,-32837.698363,-62272.277125,-16736.620747,0.000000,0.000000,0.000000,1.037564
-11.747825,392.731512,-215.377934,0.948240,19.776119,-10.780970,0.000000,0.000000,0.000000,1.186762
-13612940.551705,12879012.838999,-969012.964694,-680646.037319,643950.689511,-48450.639212,0.000000,0.000000,0.000000,0.818528
-24.761086,-16.913968,16.068553,0.035385,-0.665615,0.708289,0.000000,0.000000,0.000000,1.121757
-1008578255.408544,2295522048.083329,-1790794336.946700,-51721961.025370,117719078.950590,-91835607.048082,0.000000,0.000000,0.000000,1.073467
-33.152367,1.152038,11.769597,-0.734394,0.166245,0.668825,0.000000,0.000000,0.000000,1.014512
-19.645504,-2.576820,17.358431,0.073168,0.003050,1.490367,0.000000,0.000000,0.000000,0.943921
159.840091,444.972420,-932.381190,8.859416,22.739721,-47.327524,0.000000,0.000000,0.000000,1.095259
536182.641505,222397.392150,-316339.540902,26809.965403,11119.853364,-15816.980049,0.000000,0.000000,0.000000,1.136821
388903.304589,-126468.208946,-539357.578800,19445.976427,-6323.201654,-26967.889152,0.000000,0.000000,0.000000,1.053030
-856.636026,-1567.918385,1155.296425,-41.752957,-78.037126,57.750538,0.000000,0.000000,0.000000,0.824072
-26.566223,-4.342667,10.681236,0.464329,-0.332355,0.577398,0.000000,0.000000,0.000000,0.835675
313767176.454343,-23873928.422209,-564048338.158801,15688359.833735,-1193696.451932,-28202416.890053,0.000000,0.000000,0.000000,1.056174
85245.450977,-25798.696018,26380.420638,4263.644126,-1289.984836,1319.023816,0.000000,0.000000,0.000000,1.031222
136.463456,-31.140694,211.011344,7.942981,-1.489082,10.526052,0.000000,0.000000,0.000000,0.995006
54565.760982,74893.202045,59076.233235,2728.985407,3744.439513,2953.812027,0.000000,0.000000,0.000000,0.868310
-2897.145214,2775.949625,6533.051941,-145.841622,141.216430,331.646442,0.000000,0.000000,0.000000,0.841950
29987.013201,-29894.240192,1658.996325,1500.623779,-1494.550645,82.957555,0.000000,0.000000,0.000000,1.164382
4891.571168,210.954032,336.119668,245.906384,10.511342,16.788033,0.000000,0.000000,0.000000,0.904045
59.357349,-202.677321,-158.294917,3.671434,-10.433217,-7.894543,0.000000,0.000000,0.000000,0.855006
5.702406,5.733886,-2.484924,1.360814,-0.171254,-0.202006,0.000000,0.000000,0.000000,0.966268
-8.778867,-6.080497,3.297221,0.125957,0.264465,0.084456,0.000000,0.000000,0.000000,1.128423
-16.665914,-15.235721,12.644079,0.978733,-0.412421,0.581438,0.000000,0.000000,0.000000,1.066786
-4271.340302,-720.649843,218.243148,-212.213138,-36.067046,10.895534,0.000000,0.000000,0.000000,0.982279
-34.873758,9.537360,16.122135,-1.162439,-0.197715,0.981206,0.000000,0.000000,0.000000,0.972173
164529205873.509827,-2720214785.754656,-65496515107.730507,8226460294.709579,-136010739.400926,-3274825755.364722,0.000000,0.000000,0.000000,0.907171
-27956.798035,-154503.345137,-78370.751443,-1396.750413,-7725.552673,-3918.534141,0.000000,0.000000,0.000000,1.157134
93607.683182,-99569.056612,-13920.300341,4681.016647,-4978.689469,-696.027538,0.000000,0.000000,0.000000,0.806333
-14.138842,-4.268689,16.917004,0.103136,-0.683889,0.844798,0.000000,0.000000,0.000000,1.141493
3385.905324,-1473.874072,-355.735426,170.663690,-73.809044,-17.902686,0.000000,0.000000,0.000000,0.876037
-1868.058634,-8154.262037,4556.333834,-92.662184,-408.216051,227.811374,0.000000,0.000000,0.000000,0.995454
-1249473971.112062,-292820565.002214,2104437795.373791,-62473697.678958,-14641028.484789,105221889.774211,0.000000,0.000000,0.000000,0.856559
66.762978,6872.342617,-9653.096892,4.593376,352.731952,-495.026842,0.000000,0.000000,0.000000,0.845643
2684852.359907,2556640.197358,-16862078.410796,134243.652535,127832.081094,-843103.911887,0.000000,0.000000,0.000000,0.863715
-17.986353,13.307041,12.228581,-0.435982,0.085312,0.799318,0.000000,0.000000,0.000000,1.166219
-5.074103,4.448523,21.805537,0.425169,0.114039,1.619516,0.000000,0.000000,0.000000,0.816255
-1876.377976,1275.223253,-523.274234,-110.276430,76.246696,-31.433951,0.000000,0.000000,0.000000,0.824722
-59.283716,6.506468,24.856654,-2.132670,-0.104032,1.276914,0.000000,0.000000,0.000000,1.120337
-64.401130,-139.427080,-96.984247,-3.029146,-7.775336,-4.762150,0.000000,0.000000,0.000000,1.105116
428.597165,194.916866,-308.236571,22.376126,9.707344,-15.492905,0.000000,0.000000,0.000000,1.170362
16919092.497503,-39196247.272051,-55842416.893214,845956.168932,-1959812.680108,-2792120.834115,0.000000,0.000000,0.000000,1.105545
-4254.293068,2569.505374,-2155.636485,-211.636205,128.124255,-107.772392,0.000000,0.000000,0.000000,0.842723
-15951.056086,2639.704450,6670.468159,-795.955453,132.231994,333.527456,0.000000,0.000000,0.000000,1.182668
860819.972494,1424270.565329,211098.497805,43042.321544,71213.502811,10554.941429,0.000000,0.000000,0.000000,0.915218
-79.787649,-615.127922,1265.982182,-3.302714,-31.058843,64.237520,0.000000,0.000000,0.000000,0.824622
4791.446247,7026.701907,10452.552252,240.511760,351.300381,522.603110,0.000000,0.000000,0.000000,1.086065
-5.109867,2.626411,1.696565,0.327457,0.848167,0.049536,0.000000,0.000000,0.000000,1.105222
5639.790435,-5011.683041,-733.669948,283.182898,-250.581878,-36.671883,0.000000,0.000000,0.000000,1.095226
-188592612.449496,164560635.346600,164992476.398686,-9429629.774340,8228032.235783,8249623.826070,0.000000,0.000000,0.000000,0.875471
-34970199.817068,38992535.604971,-6197341.236173,-1748508.947027,1949626.799855,-309867.045163,0.000000,0.000000,0.000000,0.801765
-30.982691,-1.221415,10.780274,-0.171101,0.825478,0.483374,0.000000,0.000000,0.000000,1.052456
152.005392,204.392625,-0.613849,8.286130,10.394373,-0.027784,0.000000,0.000000,0.000000,1.141113
77.243208,-401.329841,-246.678877,4.868943,-19.959970,-12.332085,0.000000,0.000000,0.000000,1.065021
2947.565929,3832.441399,867.565124,148.366618,191.644665,43.368223,0.000000,0.000000,0.000000,0.945873
-12.551741,-249.769469,60.469108,-0.385394,-14.146852,3.364140,0.000000,0.000000,0.000000,0.991486
49405.801765,52431.569907,4739.917471,2714.993375,2880.686724,260.380113,0.000000,0.000000,0.000000,0.958720
-28727.315300,16261.842281,-6891.884877,-1435.204894,813.163474,-344.574088,0.000000,0.000000,0.000000,1.155730
260.958343,967.311228,-22.601046,14.039645,48.015667,-1.145169,0.000000,0.000000,0.000000,1.181506
1146186.022369,8162886.675205,1394317.130285,57310.204659,408144.192028,69715.858135,0.000000,0.000000,0.000000,0.864553
11815135053746.558594,-10268359237219.597656,-16237581074305.847656,590756752688.542358,-513417961861.097961,-811879053715.268066,0.000000,0.000000,0.000000,1.198089
-16.537135,-8.050332,8.231413,0.140114,0.218341,0.596557,0.000000,0.000000,0.000000,1.140690
-16.006523,-8.527283,8.867612,1.244669,-0.350182,0.323342,0.000000,0.000000,0.000000,0.919415
-794.629144,-333.449454,555.029311,-41.464742,-17.399707,29.172100,0.000000,0.000000,0.000000,0.886350
-17884.395899,22691.587744,-27506.671144,-893.117992,1135.116609,-1375.311386,0.000000,0.000000,0.000000,1.120723
-35991843.253055,36506664.130774,10617553.128660,-1799591.156091,1825333.344173,530877.667997,0.000000,0.000000,0.000000,0.822960
110121.915004,-249099.304773,53497.653653,5506.711468,-12454.754875,2674.887496,0.000000,0.000000,0.000000,1.093680
-1077.070567,799.999287,-690.864629,-52.927491,39.579390,-34.523205,0.000000,0.000000,0.000000,0.899880
15933.543512,107140.993121,81627.591870,814.142439,5466.766231,4164.650158,0.000000,0.000000,0.000000,0.907983
-62.119377,-1.972979,24.792085,-1.718205,-0.541417,1.323120,0.000000,0.000000,0.000000,0.871534
1285497.034808,-2827688.485968,670685.165547,64275.794536,-141384.499005,33534.235430,0.000000,0.000000,0.000000,0.990089
-76347684.636543,24894052.951299,-40985713.360267,-3817383.214786,1244702.709422,-2049285.668280,0.000000,0.000000,0.000000,0.961192
-6443.217843,-5288.651359,-8259.231320,-321.541289,-264.899892,-412.962891,0.000000,0.000000,0.000000,1.034270
73.780387,-101.499967,107.448734,4.372047,-4.449082,5.377573,0.000000,0.000000,0.000000,0.875531
23.866989,-5.743660,1.183038,1.610028,-0.424805,-0.020496,0.000000,0.000000,0.000000,0.844017
-418.605837,-320.870306,743.761605,-19.366135,-16.303048,37.183543,0.000000,0.000000,0.000000,1.053551
47.434297,-82.680561,97.332266,3.425466,-4.707261,4.860543,0.000000,0.000000,0.000000,1.142860
259.037489,-562.532409,-390.276435,14.327478,-27.938751,-19.522851,0.000000,0.000000,0.000000,1.051468
534227.913044,3047721.841397,3556662.410549,26712.451510,152386.028618,177833.120969,0.000000,0.000000,0.000000,1.093388
-44609.660899,-200528.340501,12154.941422,-2229.450499,-10026.286174,607.764817,0.000000,0.000000,0.000000,1.093652
25.796411,907.526644,601.592850,2.187372,45.329917,30.055317,0.000000,0.000000,0.000000,0.999280
98.309646,30.167603,49.641583,6.129866,0.808651,2.456355,0.000000,0.000000,0.000000,1.139585
-72178.043355,-15450.758974,-40987.540154,-3608.164775,-772.627232,-2049.361095,0.000000,0.000000,0.000000,0.980556
-2178.397162,6428.453297,2592.234330,-107.560223,321.967532,129.594317,0.000000,0.000000,0.000000,1.084633
-21.679178,-103.441560,-123.894350,-0.590937,-5.184270,-6.215556,0.000000,0.000000,0.000000,1.008290
-15931.145690,-117757.586100,-65737.751407,-795.515882,-5888.388429,-3286.898934,0.000000,0.000000,0.000000,0.913202
413.428296,-427.634221,74.582141,21.980939,-21.165089,3.706991,0.000000,0.000000,0.000000,1.090817
286.473441,1224.353244,451.205188,15.071214,61.577363,22.560234,0.000000,0.000000,0.000000,0.966068
199839.022247,-431441.007878,-59787.562452,9992.981068,-21571.924091,-2989.391129,0.000000,0.000000,0.000000,0.824455
230038.326346,-68482.873662,42815.528195,11502.638929,-3424.573679,2140.784969,0.000000,0.000000,0.000000,0.996795
-257.730685,583.756693,-1167.068287,-11.975446,29.386173,-58.331274,0.000000,0.000000,0.000000,1.192100
-1600.213730,932.908465,-1163.878415,-79.678520,46.896927,-58.465462,0.000000,0.000000,0.000000,1.024388
-2188773.936563,2270951.487373,-4608996.880327,-109437.691568,113547.615651,-230449.836352,0.000000,0.000000,0.000000,1.084571
-4461.627979,-1083.425495,106.559939,-227.997583,-56.496195,4.761266,0.000000,0.000000,0.000000,0.924416
-14361.895172,5428.438434,22874.047655,-717.053741,271.480735,1143.678765,0.000000,0.000000,0.000000,0.928617
2422.227099,-1049.770372,1920.954410,122.252088,-52.082216,96.027020,0.000000,0.000000,0.000000,0.808000
-6146.227587,2783.058865,-217.667610,-309.216241,140.320849,-10.990713,0.000000,0.000000,0.000000,0.956997
822901.177739,-7663402.020104,-3441847.189724,41146.093197,-383170.059461,-172092.338501,0.000000,0.000000,0.000000,0.876427
1440.606667,104.370845,950.753164,73.359090,5.783301,47.513748,0.000000,0.000000,0.000000,1.094605
-26.625452,20.522842,15.020337,-0.606139,0.506840,0.869942,0.000000,0.000000,0.000000,0.829318
251518525.134091,25881665.623255,49796474.176426,12575927.094898,1294083.014801,2489823.694850,0.000000,0.000000,0.000000,1.063083
4860012.808723,7783151.508235,1305869.644837,243001.660718,389158.132575,65293.492602,0.000000,0.000000,0.000000,0.959562
15308.106233,6194.797065,817.231146,766.078699,309.090786,40.884572,0.000000,0.000000,0.000000,0.846626
70728398.356802,32383491.173754,567962.367641,3536420.966928,1619174.528525,28398.093421,0.000000,0.000000,0.000000,0.884445
134115.515624,-1993374.273733,-482478.589976,6706.809290,-99668.627216,-24123.917290,0.000000,0.000000,0.000000,1.077336
-5561.425628,743.387880,-2027.183209,-277.638754,37.323121,-101.341167,0.000000,0.000000,0.000000,1.143288
-843541.845498,1808002.401260,-1757831.469023,-42176.334814,90400.092935,-87891.551226,0.000000,0.000000,0.000000,1.163000
-775045770.269565,-93388451.166549,201489953.195032,-38752287.627640,-4669422.791898,10074497.662885,0.000000,0.000000,0.000000,1.036448
-32.573335,1.679265,24.427154,-0.771448,-0.376665,1.941605,0.000000,0.000000,0.000000,1.093057
-11.072577,86.717029,50.085565,0.567448,3.606571,2.496905,0.000000,0.000000,0.000000,0.957869
372542488187.582581,656647201995.909546,236072063360.560486,18627124410.383301,32832360100.392315,11803603168.040512,0.000000,0.000000,0.000000,1.016228
4052475.225575,1732017.284070,8019627.378335,202624.749658,86600.920189,400981.367048,0.000000,0.000000,0.000000,1.159158
-94577.846740,-117002.180300,23489.492594,-4728.085156,-5850.285888,1174.459539,0.000000,0.000000,0.000000,0.914799
-849833.070301,205322.674405,326837.379959,-42490.657918,10266.079594,16341.884036,0.000000,0.000000,0.000000,0.946914
605.530405,442.058856,-489.779073,31.410886,21.700355,-24.617431,0.000000,0.000000,0.000000,1.151416
-18.871923,-477.709219,243.258187,0.588970,-23.711680,12.140677,0.000000,0.000000,0.000000,1.075848
-485587342.155616,82542315.984388,-182052474.584784,-24279366.122111,4127115.866920,-9102623.722665,0.000000,0.000000,0.000000,1.096484
-9302442.078482,8929314.422650,306703.195214,-465120.801572,446465.839289,15335.182822,0.000000,0.000000,0.000000,0.876089
-2.574475,26.724812,74.694904,0.467344,2.435198,5.049377,0.000000,0.000000,0.000000,0.852677
-1538.831760,8763.181553,432.154578,-76.034420,438.137263,21.596020,0.000000,0.000000,0.000000,1.074863
-129.739938,-41.081804,-174.928429,-5.340302,-2.478446,-8.750533,0.000000,0.000000,0.000000,0.932659
-1892.322932,2740.885500,-3361.316926,-94.243272,137.945005,-168.864357,0.000000,0.000000,0.000000,0.968753
-12.091483,1.045680,0.424681,-0.508156,-1.105377,-0.871250,0.000000,0.000000,0.000000,0.955005
604162429.157437,2186164088.869189,-1235375119.063515,30208122.399417,109308204.445826,-61768755.970517,0.000000,0.000000,0.000000,1.158609
-51152823.578589,-28322026.956558,-52771457.908851,-2557640.156321,-1416101.296277,-2638572.897677,0.000000,0.000000,0.000000,0.918582
-1369507.405124,189940.377829,846273.101700,-69516.573952,9641.643561,42957.987264,0.000000,0.000000,0.000000,1.040780
30781.354604,6289.992824,23506.686791,1539.841063,314.821729,1175.332598,0.000000,0.000000,0.000000,0.927107
106957.387010,-18462.109522,45364.746020,5348.669889,-923.132897,2268.247077,0.000000,0.000000,0.000000,1.128084
-8.490120,8.564640,1.562020,0.513205,0.316366,-0.235255,0.000000,0.000000,0.000000,0.946045
31742.657675,4402.452080,-13124.564743,1588.184975,219.875613,-656.231154,0.000000,0.000000,0.000000,1.127063
-64.494602,-0.978943,108.536751,-2.296033,0.276358,5.404648,0.000000,0.000000,0.000000,0.884658
5598411.483081,-3126905.698756,-2048396.971943,279921.614543,-156345.366331,-102419.832433,0.000000,0.000000,0.000000,1.087730
-122271923.159654,-560525804.752468,-192828653.737558,-6113595.014174,-28026290.186188,-9641432.688319,0.000000,0.000000,0.000000,0.954176
526487.859665,-8276399.288118,-3128174.021490,26325.416122,-413819.941371,-156408.700650,0.000000,0.000000,0.000000,1.047518
-28770367947.993217,-9249420405.314934,-33538046382.749405,-1438518396.278161,-462471020.064692,-1676902319.146167,0.000000,0.000000,0.000000,1.052604
7933.413670,6810.292269,10448.182768,397.277314,340.036201,522.390783,0.000000,0.000000,0.000000,0.834774
-674757.443639,7427559.765673,3212155.628329,-33736.847891,371377.998637,160607.776363,0.000000,0.000000,0.000000,1.193051
9560.484934,-31897.258039,-67679.545422,479.218071,-1595.145100,-3383.962975,0.000000,0.000000,0.000000,0.850615
-15.315856,-0.739156,12.941470,0.165422,-0.180282,0.675298,0.000000,0.000000,0.000000,0.985159
-29.471595,11.162826,9.956671,-0.695027,0.045921,0.265176,0.000000,0.000000,0.000000,0.970887
-5399333.384885,1746386.632495,2103045.357216,-269965.957621,87319.715439,105152.283419,0.000000,0.000000,0.000000,0.913613
337.524256,-557.339772,-292.204319,17.465337,-27.892573,-14.605834,0.000000,0.000000,0.000000,0.851217
3453.103785,1118.144233,-3118.604646,197.225440,64.202804,-176.872977,0.000000,0.000000,0.000000,1.013071
15996014.694839,-14986947.766308,-23083637.511140,799801.782055,-749347.423486,-1154181.851286,0.000000,0.000000,0.000000,1.028262
979901847.776326,-2230254754.724894,1739877688.955151,50251377.596639,-114372039.135637,89224496.839248,0.000000,0.000000,0.000000,1.104882
1283.943987,-7443.443652,-3008.361764,65.142446,-371.765629,-150.398962,0.000000,0.000000,0.000000,1.173870
-591875.313857,-1719604.690679,86223.484576,-29593.003251,-85980.246362,4311.195361,0.000000,0.000000,0.000000,0.886806
-149583.085531,324685.995689,47166.384455,-7478.116775,16234.409806,2358.303929,0.000000,0.000000,0.000000,1.093609
24.568485,120.646063,133.267677,1.794645,5.994553,6.709772,0.000000,0.000000,0.000000,0.962762
116.116600,10.450616,-109.137153,7.121725,0.557932,-5.441167,0.000000,0.000000,0.000000,0.894744
-91977.962595,16277.726656,-3846.205660,-4597.515545,813.550118,-192.312778,0.000000,0.000000,0.000000,1.125705
-3767.281435,-3709.536749,120.046570,-187.081449,-185.516425,6.012105,0.000000,0.000000,0.000000,0.809324
9318532.964921,-7103549.546907,-21684400.711968,473023.088088,-360586.586890,-1100730.953338,0.000000,0.000000,0.000000,1.127365
4.972230,-16.583749,-1.042486,1.411247,-0.199443,-0.184492,0.000000,0.000000,0.000000,1.136320
636.516440,-233.360621,15.086062,32.473452,-12.154422,0.766512,0.000000,0.000000,0.000000,0.819373
-216984.271546,158602.578429,347166.288842,-10848.226742,7930.079301,17358.312235,0.000000,0.000000,0.000000,1.126828
-1609903037.570130,31785594443.212322,43052385834.082832,-80495151.033747,1589279722.516776,2152619291.699958,0.000000,0.000000,0.000000,0.889062
170.349809,-2641.139153,-1565.690817,9.807927,-132.069710,-78.287687,0.000000,0.000000,0.000000,1.027043
37907.936275,-74173.824218,-96937.452244,1896.316431,-3708.743948,-4846.849151,0.000000,0.000000,0.000000,1.160073
4665383.683111,-1509001.437270,-1817154.310415,233269.882820,-75449.683858,-90857.694915,0.000000,0.000000,0.000000,1.057339
5734.330313,-4539.699686,-505.029372,290.788599,-229.504792,-25.504813,0.000000,0.000000,0.000000,0.803405
4592.427260,-709.298667,2512.335637,230.585734,-35.669339,125.592682,0.000000,0.000000,0.000000,0.851926
-160.569505,-27.321998,-117.758992,-6.891265,-1.494247,-5.863514,0.000000,0.000000,0.000000,1.016284
-163.317758,103.228584,95.964941,-6.918517,4.699138,4.774301,0.000000,0.000000,0.000000,0.811855
-2762844.192824,25077929.539974,-9082458.183875,-138141.151511,1253896.346164,-454122.903146,0.000000,0.000000,0.000000,0.810598
-259683.280704,-60691.515322,161768.306100,-12982.676030,-3034.548957,8088.417295,0.000000,0.000000,0.000000,0.961358
-13.525802,-14.576162,11.650006,-0.114357,-0.566086,0.981869,0.000000,0.000000,0.000000,0.986693
875.404782,-3392.043872,1435.705023,59.921846,-226.835100,95.542036,0.000000,0.000000,0.000000,0.825082
-60405.318437,-98803.972949,-379047.999178,-3019.195687,-4939.856365,-18952.381621,0.000000,0.000000,0.000000,0.868226
-34.591883,-2.277414,6.678933,-0.628393,-0.222645,-0.055568,0.000000,0.000000,0.000000,1.153287
279.517856,511.594665,-142.110852,14.961091,25.407213,-7.088173,0.000000,0.000000,0.000000,0.870447
656.392316,745.898490,959.782282,33.240332,36.984162,47.983961,0.000000,0.000000,0.000000,0.987682
380.530223,-481.172417,-453.053277,20.390609,-23.947695,-22.653307,0.000000,0.000000,0.000000,0.878281
560.132916,-134.077480,150.666915,29.135949,-7.281212,7.530699,0.000000,0.000000,0.000000,1.176964
-122956.116559,97505.394574,-397424.953629,-6146.663417,4875.350904,-19871.227811,0.000000,0.000000,0.000000,0.985321
990.896271,1271.112176,-11535.342881,50.458845,64.054929,-576.745830,0.000000,0.000000,0.000000,0.864344
-35500.661733,21790.855012,35461.046807,-1773.955005,1089.216979,1773.047260,0.000000,0.000000,0.000000,0.892454
44879.957349,84585.131491,246045.848809,2493.639021,4700.162869,13669.222212,0.000000,0.000000,0.000000,1.115895
-65507659.538572,-29981162.980814,-519276.179969,-3275381.917136,-1499058.174303,-25963.833875,0.000000,0.000000,0.000000,0.955103
-40.725632,155.261397,201.119497,-0.560109,7.707440,10.151805,0.000000,0.000000,0.000000,0.913098
-36.908074,65.408486,-15.772273,-2.022048,5.123000,-1.373940,0.000000,0.000000,0.000000,0.890366
-16.964951,16.661552,15.548788,-0.470839,1.108133,1.380245,0.000000,0.000000,0.000000,0.980274
-26694.989757,-17091.927255,-16211.971068,-1333.965913,-854.377498,-810.577040,0.000000,0.000000,0.000000,1.109128
0.401465,24.564230,-68.835594,0.651572,1.039925,-3.417796,0.000000,0.000000,0.000000,1.108792
234.127281,3.829773,302.416369,12.730342,0.430711,15.111429,0.000000,0.000000,0.000000,1.171583
-4288.051204,4312.977051,-3607.407514,-213.213436,215.478802,-180.372633,0.000000,0.000000,0.000000,1.020912
-548.944285,-526.511201,370.353230,-26.722443,-26.536105,18.589550,0.000000,0.000000,0.000000,1.076698
-41435.656560,-65799.815543,81739.482523,-2071.171508,-3290.028897,4086.951637,0.000000,0.000000,0.000000,1.124017
867380.522569,97057.197178,1175409.672339,43369.553147,4853.135150,58770.493875,0.000000,0.000000,0.000000,1.142295
377.597528,273.955119,-98.800731,19.925164,14.018417,-4.932232,0.000000,0.000000,0.000000,0.864710
1880769.587405,-2030868.754065,619476.528935,94039.364201,-101543.265694,30973.825649,0.000000,0.000000,0.000000,1.100182
-28.717497,-10.359101,-10.470127,-0.640388,0.220770,-0.783476,0.000000,0.000000,0.000000,0.897377
-26.403331,12.221404,-1.103024,-0.157664,0.497051,-0.206673,0.000000,0.000000,0.000000,1.039522
133497.873482,88395.661177,-14769.012582,6676.018892,4419.791156,-738.453806,0.000000,0.000000,0.000000,1.185663
-30.911185,4.377082,10.219569,0.269777,0.219244,0.663586,0.000000,0.000000,0.000000,0.833635
-238783035.886772,82848945.912051,124580181.508146,-11939150.824197,4142447.312102,6229009.095754,0.000000,0.000000,0.000000,1.155855
3729.644255,-1509.768015,1014.465293,187.431447,-75.336592,50.713132,0.000000,0.000000,0.000000,1.125171
-373.081421,131.730817,123.308328,-20.902537,6.782916,6.436966,0.000000,0.000000,0.000000,0.805200
18.900331,-78.957499,-54.362482,-0.081859,-4.531521,-2.692410,0.000000,0.000000,0.000000,1.010085
-370.623533,1064.246038,-665.269418,-20.125577,54.165727,-33.760262,0.000000,0.000000,0.000000,1.094638
-151.890852,-137.947667,53.531846,-8.372038,-7.379677,2.729773,0.000000,0.000000,0.000000,1.078279
685764021.780382,174704274.525701,2541059423.055472,34288200.114468,8735213.754954,127052971.160069,0.000000,0.000000,0.000000,1.152899
-805.804233,-1694.352167,-116.746007,-41.120378,-84.216834,-5.855811,0.000000,0.000000,0.000000,1.085728
-727.079107,-167.847727,130.465845,-36.804117,-8.256789,6.511022,0.000000,0.000000,0.000000,0.848772
19.462415,17.008245,-15.512180,-0.329978,0.785947,-0.895875,0.000000,0.000000,0.000000,0.980531
-95.734655,-169.955379,135.258115,-5.330423,-8.656348,6.749684,0.000000,0.000000,0.000000,1.000139
-2215078.622826,523710.011164,-5941664.228020,-110755.031668,26185.509167,-297083.195816,0.000000,0.000000,0.000000,1.010837
4205995.639536,5900587.107089,-5026768.604949,210298.923957,295029.178107,-251338.441747,0.000000,0.000000,0.000000,0.954164
-4772.246477,2082.669920,4316.586590,-239.951664,104.103487,215.812462,0.000000,0.000000,0.000000,1.044827
18.374487,-54.601912,23.088201,0.545901,-2.556430,1.132836,0.000000,0.000000,0.000000,0.940580
-55329890.443588,-92697915.131108,2402311.901681,-2766495.475657,-4634895.720654,120115.608429,0.000000,0.000000,0.000000,0.898207
262.679021,418.409595,-179.963366,12.981422,21.839578,-9.234246,0.000000,0.000000,0.000000,0.966543
-89450.146504,7230.048747,58126.558135,-4473.438153,361.842448,2906.332160,0.000000,0.000000,0.000000,1.179068
19.762949,27.535402,-9.339067,-0.214969,1.283624,-0.442145,0.000000,0.000000,0.000000,1.143497
23.896585,7.284588,0.692042,-0.551906,0.165932,0.004084,0.000000,0.000000,0.000000,1.020994
58.042073,-54.895560,-57.354235,2.323839,-2.502417,-3.035816,0.000000,0.000000,0.000000,1.156391
1.334702,-309.693409,-489.723288,-0.348199,-15.696735,-24.465473,0.000000,0.000000,0.000000,0.965299
5115.015395,-2039.176482,386.163722,254.395553,-101.499693,19.326692,0.000000,0.000000,0.000000,1.030297
14569.399095,-25883.673788,-12383.833438,727.406989,-1293.899735,-619.199180,0.000000,0.000000,0.000000,1.162622
-37.481986,25.178678,38.773841,-3.430084,1.176279,1.887425,0.000000,0.000000,0.000000,0.963892
12084.769495,20410.639668,1768.855234,602.859634,1020.169077,88.443465,0.000000,0.000000,0.000000,0.803676
-25715.103048,-15205.190451,-5250.765714,-1286.833231,-760.471407,-262.521295,0.000000,0.000000,0.000000,0.978531
-2.355661,31.639585,19.623706,-1.409344,1.345305,1.270791,0.000000,0.000000,0.000000,1.185931
-146.279402,-168.304796,-49.191019,-8.135977,-8.896473,-2.581869,0.000000,0.000000,0.000000,0.975066
-74800.912725,31260.981087,57745.846804,-3779.322855,1578.444210,2916.448997,0.000000,0.000000,0.000000,1.173821
26.290762,4.131477,-21.607062,0.510906,0.513710,-1.132049,0.000000,0.000000,0.000000,0.806426
22.737367,104.303601,11.622807,0.183921,5.626165,0.770807,0.000000,0.000000,0.000000,0.906176
188141.130614,121076.779145,-6050.911905,9406.389776,6053.716840,-302.564245,0.000000,0.000000,0.000000,1.158930
218.274129,-57.786261,51.178327,10.106530,-3.388213,2.604452,0.000000,0.000000,0.000000,1.161871
-899.054604,-1050.999145,-304.434585,-45.851367,-52.123705,-15.202122,0.000000,0.000000,0.000000,0.996467
-376991.680100,209308.081207,-116005.737626,-18851.100831,10465.277888,-5800.303433,0.000000,0.000000,0.000000,1.113007
-321898956120.323975,517762318151.010803,483095668756.308105,-16094947806.897778,25888115906.960232,24154783437.801323,0.000000,0.000000,0.000000,1.103689
-956.352311,805.370873,-349.587748,-48.859270,40.908734,-17.486475,0.000000,0.000000,0.000000,1.034387
-68950.709123,-132213.675929,25519.081611,-3448.583616,-6610.638508,1275.967361,0.000000,0.000000,0.000000,0.951720
40411.661013,2522.801860,55536.813640,2019.855931,126.408537,2776.816951,0.000000,0.000000,0.000000,0.850262
1271.562598,786.953436,-208.215849,62.040655,39.071228,-10.414191,0.000000,0.000000,0.000000,1.178905
815.744947,82.603865,409.795082,40.016878,3.844840,20.487506,0.000000,0.000000,0.000000,1.132187
9671.801194,51256.022819,-28433.592108,482.616848,2562.809828,-1421.655527,0.000000,0.000000,0.000000,0.821755
-60028.297632,-24810.941753,43208.264737,-3002.493296,-1240.423067,2160.423040,0.000000,0.000000,0.000000,0.979187
28.113168,13.847919,-10.863838,0.341922,0.452784,-0.881770,0.000000,0.000000,0.000000,0.852776
137.007992,-38.477473,192.999850,5.917553,-2.170939,9.646420,0.000000,0.000000,0.000000,1.154541
161.383242,86.479936,965.841350,7.162720,4.395077,48.283885,0.000000,0.000000,0.000000,1.067602
61.117439,6.456940,-423.484907,1.788120,-0.094059,-21.149810,0.000000,0.000000,0.000000,1.154992
-2152.302368,2040.176131,793.782144,-109.161948,101.767672,39.684667,0.000000,0.000000,0.000000,1.042995
-4174805.202593,-1434592.768009,-954335.976524,-208741.055191,-71730.343791,-47716.806188,0.000000,0.000000,0.000000,1.020038
20.680300,0.037540,-7.960358,0.235348,0.513747,-0.477121,0.000000,0.000000,0.000000,1.137709
228.935766,-770.769722,657.812118,10.303033,-38.960036,33.382524,0.000000,0.000000,0.000000,1.042319
-11.403993,-85.825994,227.599907,-1.061210,-4.586473,11.365862,0.000000,0.000000,0.000000,1.125389
-2490504.425204,-1695206.225499,-141746.266663,-124525.484669,-84760.442591,-7087.294235,0.000000,0.000000,0.000000,0.894271
2140.173504,291.434195,-330.873363,107.101866,14.221852,-16.677975,0.000000,0.000000,0.000000,1.128531
130901.147166,2557375.098693,-1184279.424706,6543.862986,127869.360011,-59213.956733,0.000000,0.000000,0.000000,0.968596
115.795591,1809.297874,499.413823,4.487002,90.782717,24.947010,0.000000,0.000000,0.000000,0.924299
90501059.416711,39582476.140916,38306486.194713,4525051.836804,1979124.275643,1915324.330191,0.000000,0.000000,0.000000,1.078567
-253948.595191,314834.145856,684244.706254,-12697.897781,15741.378912,34212.218312,0.000000,0.000000,0.000000,0.911689
167.056217,7071.659955,-1077.262706,7.627544,353.826712,-53.882450,0.000000,0.000000,0.000000,1.111671
-55954.643598,39272.436126,13067.329017,-2798.735203,1963.595855,653.369745,0.000000,0.000000,0.000000,1.044103
9.628212,-15.306058,-77.950577,-0.777478,-1.308903,-4.149912,0.000000,0.000000,0.000000,0.835333
14.696853,6.516931,22.993782,-1.201714,0.387123,1.629245,0.000000,0.000000,0.000000,0.826927
307.452935,-435.037451,162.382905,13.909689,-21.327963,8.098478,0.000000,0.000000,0.000000,0.975929
-399.477860,622.645897,777.539866,-20.697500,31.339401,38.867114,0.000000,0.000000,0.000000,0.855713
-245.681116,573.766805,-175.585471,-13.738259,28.601881,-8.757470,0.000000,0.000000,0.000000,0.998780
47.971945,22.334511,-15.578481,1.525842,0.551311,-0.891224,0.000000,0.000000,0.000000,0.849696
-5401395.964234,3776839.387208,-280064.466022,-272798.653751,190749.510825,-14144.581505,0.000000,0.000000,0.000000,1.170608
-306.219100,-2931.177702,1795.830689,-15.976320,-147.251091,90.245781,0.000000,0.000000,0.000000,0.841411
996.085594,-6747.757412,-5702.212380,48.078673,-337.345936,-285.117698,0.000000,0.000000,0.000000,0.817673
-9348546.542945,13291079.549236,-26376576.427274,-467428.158877,664553.684518,-1318828.798473,0.000000,0.000000,0.000000,0.877842
-20335.014825,37694.834771,-99328.542219,-1017.572556,1884.608214,-4966.414166,0.000000,0.000000,0.000000,1.130582
677789.475556,-45784.310744,545705.884443,33888.799281,-2289.815798,27285.280266,0.000000,0.000000,0.000000,0.804761
36.815719,-6.672564,-9.678810,0.142488,-0.392999,-0.657048,0.000000,0.000000,0.000000,0.971646
2998.890461,2210.845706,-1391.666678,149.162138,110.848823,-69.585731,0.000000,0.000000,0.000000,1.175206
411291.389006,-564459.426528,-224941.219362,20563.426841,-28223.423211,-11247.052779,0.000000,0.000000,0.000000,0.895610
51132.799897,45546.067769,18874.108931,2555.530799,2277.407594,943.721107,0.000000,0.000000,0.000000,1.124766
-92389.348336,-41746.494291,-2859.516905,-4620.147644,-2087.377706,-142.967776,0.000000,0.000000,0.000000,0.917030
-64992.482759,543172.822421,-495181.621020,-3250.486222,27158.740816,-24759.058774,0.000000,0.000000,0.000000,1.110419
25728.711299,-177055.748456,-12904.482405,1285.678847,-8852.167763,-645.237536,0.000000,0.000000,0.000000,1.182938
51.150376,573.641027,682.804037,1.351598,28.537350,34.120265,0.000000,0.000000,0.000000,0.870615
3774419.423237,4515424.287078,690588.584899,188719.915474,225771.199072,34529.413186,0.000000,0.000000,0.000000,1.124942
-28155086.183933,-18720892.634213,-20191171.343802,-1407755.326409,-936044.612770,-1009558.577031,0.000000,0.000000,0.000000,1.097224
18.927988,10.900651,35.854510,-0.001461,0.502663,3.089327,0.000000,0.000000,0.000000,0.936291
39.869457,166.166651,506.311105,0.964202,8.843859,25.844657,0.000000,0.000000,0.000000,0.816094
1932.973086,204.636236,-2317.753198,95.953902,10.382507,-115.881538,0.000000,0.000000,0.000000,1.110992
3175.587059,517.947934,5258.431536,157.682327,26.191241,262.916290,0.000000,0.000000,0.000000,0.993451
21.996444,-510.095223,318.179331,0.139127,-24.955097,15.916769,0.000000,0.000000,0.000000,1.003036
-589824.322023,778642.515466,-160093.684402,-29491.738205,38932.192617,-8004.660019,0.000000,0.000000,0.000000,1.101751
3960205.760789,3720991.837708,251007.654434,198009.197477,186049.551792,12550.406315,0.000000,0.000000,0.000000,0.997930
-26334.018781,-24775.820191,1862.478598,-1317.760817,-1238.727693,93.103616,0.000000,0.000000,0.000000,0.882918
62501.979530,-38345.486427,-57472.888949,3124.029341,-1917.316887,-2873.643478,0.000000,0.000000,0.000000,1.040275
833.025034,1448.824689,481.798059,40.193036,72.163894,24.077565,0.000000,0.000000,0.000000,0.822449
-11.267611,5.329599,-18.399754,-2.136898,-0.529993,-0.868804,0.000000,0.000000,0.000000,1.015110
77082.216518,2780099.964746,5448162.199740,3853.130079,139004.860830,272408.114143,0.000000,0.000000,0.000000,0.835719
36.853992,5.388211,-15.370623,0.410784,0.592749,-0.927883,0.000000,0.000000,0.000000,0.874795
-7098316.003577,8203187.296731,-1221218.407860,-354916.778444,410159.430220,-61060.899105,0.000000,0.000000,0.000000,0.843767
27.959378,12.925994,-10.796632,0.758443,0.055934,-0.575273,0.000000,0.000000,0.000000,1.158408
-8.929337,83.014660,59.288114,-1.994553,3.869942,3.141359,0.000000,0.000000,0.000000,0.820242
13159159.845318,-15857068.753846,-554131.017831,657956.660866,-792852.988069,-27706.530516,0.000000,0.000000,0.000000,1.047587
170.761163,92.784121,10.799442,8.041227,4.396088,0.557537,0.000000,0.000000,0.000000,1.193608
-3620.253102,-2450.770707,-1235.935923,-182.155356,-122.243041,-61.780750,0.000000,0.000000,0.000000,0.839774
-275280.587389,-42725813.030964,-45464828.488400,-13764.645197,-2136290.463218,-2273241.418740,0.000000,0.000000,0.000000,0.802157
17.039840,-10.723470,4.066841,0.023573,-0.316284,0.608569,0.000000,0.000000,0.000000,0.810005
775.313585,-590.438559,1211.459902,39.042808,-30.564673,62.678394,0.000000,0.000000,0.000000,1.156415
-4749217.237944,6130203.915048,19165380.534418,-237462.579726,306510.126280,958269.013078,0.000000,0.000000,0.000000,1.178320
-16543490229.549929,-24057914002.401543,8417551879.091041,-827174512.512131,-1202895700.112348,420877593.973133,0.000000,0.000000,0.000000,0.849203
45.389565,-10.391857,6.407886,1.082039,-0.164033,0.331088,0.000000,0.000000,0.000000,0.811737
-7197.782363,2765.755969,-2557.546043,-360.747637,138.226557,-127.891140,0.000000,0.000000,0.000000,1.007577
524.554908,52136.725022,-30726.442879,25.081966,2606.664319,-1536.301667,0.000000,0.000000,0.000000,0.907589
3387.391789,-5468.188066,-63614.688115,168.508348,-272.986988,-3180.731147,0.000000,0.000000,0.000000,1.118950
5.311961,-7.376145,-7.899480,0.026314,-0.433682,-0.222522,0.000000,0.000000,0.000000,1.058072
-885.964638,-1924.852659,-235.349182,-45.345529,-95.688622,-11.767760,0.000000,0.000000,0.000000,0.979610
3609.139661,-1084.512513,-56379.666944,179.094905,-54.417165,-2818.971863,0.000000,0.000000,0.000000,1.015808
-821.683556,-1714.995923,434.310306,-41.955002,-86.312124,21.697174,0.000000,0.000000,0.000000,1.172563
-46772.202146,-21666.825346,52911.273704,-2339.359243,-1083.847034,2645.555774,0.000000,0.000000,0.000000,0.963067
20560.366633,3459.404092,4628.873596,1027.071769,172.919026,231.446462,0.000000,0.000000,0.000000,0.931933
-50.443476,-15.365814,236.337297,-3.382078,-0.721553,11.833794,0.000000,0.000000,0.000000,0.810177
-20170.250238,103930.628678,-59495.336586,-1009.459806,5196.788185,-2974.775526,0.000000,0.000000,0.000000,1.048074
62.634458,6026.446672,1874.052228,2.263091,301.929336,93.707954,0.000000,0.000000,0.000000,1.088974
-10499781.175464,-11098413.720745,-23908128.497844,-524989.993011,-554920.782492,-1195406.403687,0.000000,0.000000,0.000000,1.149844
1.657587,-99.860587,-51.091456,-1.053613,-5.276995,-2.574884,0.000000,0.000000,0.000000,1.190474
-74.496245,87.185855,1612.023284,-4.760572,4.468683,80.576857,0.000000,0.000000,0.000000,0.941091
1089.883679,-322.493778,837.597623,53.195558,-16.065058,41.863056,0.000000,0.000000,0.000000,1.111548
-2704216321658.123047,-2546259691927.678223,1694586552233.301758,-135210816084.300140,-127312984596.623734,84729327611.681351,0.000000,0.000000,0.000000,0.909709
1197472354.184847,-1024236335.361325,61234591.055414,59873616.576093,-51211816.723662,3061729.565287,0.000000,0.000000,0.000000,0.810550
-29.382072,-50.396769,43.057577,-2.542697,-2.710385,2.187062,0.000000,0.000000,0.000000,1.023740
729.005663,-2914.001233,1573.691875,35.336971,-146.133716,78.683695,0.000000,0.000000,0.000000,0.920904
-226.558572,-8615.414036,2900.091775,-12.304269,-430.630846,145.000560,0.000000,0.000000,0.000000,1.139613
3748.026363,-3328.364044,-1191.348396,186.792117,-166.820359,-59.564435,0.000000,0.000000,0.000000,0.804975
-8861679400.358273,1738546730.090304,7270273086.916967,-443083970.993720,86927336.449994,363513654.343281,0.000000,0.000000,0.000000,0.889098
10654.780393,6805.066100,2039.828038,532.201472,340.557326,101.966793,0.000000,0.000000,0.000000,1.009288
19985.045416,8294.924421,20424.678441,1013.775861,421.311324,1036.758221,0.000000,0.000000,0.000000,1.077554
9589516.752879,5765724.050058,-6006010.279299,479474.844396,288286.230883,-300300.490513,0.000000,0.000000,0.000000,0.998451
91164.694872,-469684.463925,-522616.968166,4557.858520,-23484.546197,-26130.860469,0.000000,0.000000,0.000000,0.870427
2531270.668528,1722936.396790,144045.061931,126563.257284,86146.679857,7202.271470,0.000000,0.000000,0.000000,0.879874
-4234.613556,1231.771161,513.305616,-212.355704,61.266066,25.657628,0.000000,0.000000,0.000000,1.180466
-193543.231331,134332.537380,659440.509672,-9677.591573,6716.213168,32972.003518,0.000000,0.000000,0.000000,1.041296
-16206.866915,743.646523,-5964.986194,-810.794029,36.859002,-298.244930,0.000000,0.000000,0.000000,0.901040
305099.261644,193247.507668,318047.126567,15253.977581,9662.401829,15902.339519,0.000000,0.000000,0.000000,0.921799
-25366.319635,13564.165404,5564.325583,-1269.413468,677.985240,278.230910,0.000000,0.000000,0.000000,0.931945
-164.014480,113.311877,132.158341,-10.235921,5.451076,7.180953,0.000000,0.000000,0.000000,1.171765
-1192.668310,6747.161975,7283.393978,-62.085589,344.395495,371.622962,0.000000,0.000000,0.000000,0.932916
25.139722,17.386384,8.396418,-0.016961,0.855611,0.530706,0.000000,0.000000,0.000000,0.856158
27927913.745887,-17190693.669716,-10791399.047404,1396394.717880,-859534.702715,-539569.929254,0.000000,0.000000,0.000000,0.805981
9.633527,94.868275,29.755536,-0.540620,4.134562,1.487474,0.000000,0.000000,0.000000,1.002399
-106425.590608,-2072849.213362,960323.455047,-5322.473189,-103641.841629,48016.180789,0.000000,0.000000,0.000000,1.194210
-8122311.675688,-16694958.392033,-26985292.532323,-406116.810784,-834748.511237,-1349264.622569,0.000000,0.000000,0.000000,0.848603
229155.309670,-159013.045794,-780952.897792,11457.330725,-7951.062693,-39047.650664,0.000000,0.000000,0.000000,0.879236
90357.633261,46221.907790,3196.667255,4517.182861,2311.033979,159.840922,0.000000,0.000000,0.000000,0.914770
-34.226794,50.666450,-121.842408,-2.532526,2.498439,-6.716700,0.000000,0.000000,0.000000,0.803288
305.166318,-132.620368,-142.051425,14.209268,-6.902776,-7.301198,0.000000,0.000000,0.000000,1.033023
9.722970,-10.943578,-0.384061,0.117952,-0.933996,0.156845,0.000000,0.000000,0.000000,0.957055
9.200727,0.751766,-2.073170,-1.541926,0.056578,0.039426,0.000000,0.000000,0.000000,0.870589
-8169.875532,-17126.170553,-34763.380703,-409.263697,-856.185942,-1738.159934,0.000000,0.000000,0.000000,0.856782
-238.646356,-763.741714,-91.776247,-13.261243,-37.554901,-4.597973,0.000000,0.000000,0.000000,1.008505
-1901.981782,359.118477,-3265.046864,-95.627260,17.398492,-163.252917,0.000000,0.000000,0.000000,1.051318
14880354.842328,16691438.674346,982369.618897,744017.152493,834571.513892,49118.479535,0.000000,0.000000,0.000000,0.829319
12053.807474,17408.166631,-391.758301,601.038502,870.079622,-19.568599,0.000000,0.000000,0.000000,1.105101
-98949083.730454,-8995065.532160,-216900738.434601,-4947454.678473,-449753.374471,-10845036.921731,0.000000,0.000000,0.000000,0.803975
320094.636443,-268200.255546,-16229.354863,16004.086805,-13410.027554,-811.450974,0.000000,0.000000,0.000000,1.156677
42973786.426834,-50217646.188705,-45748295.192636,2148688.240926,-2510882.257314,-2287414.774833,0.000000,0.000000,0.000000,1.087580
856882.100616,10369020.369367,-14610397.178846,42843.176435,518451.181025,-730519.866194,0.000000,0.000000,0.000000,0.835413
-15416.285658,-1479944.155234,1210140.528124,-771.794651,-73997.533839,60507.007349,0.000000,0.000000,0.000000,1.076250
127501.428691,-26090.184983,-182830.240837,6373.792007,-1304.383289,-9141.517769,0.000000,0.000000,0.000000,0.854089
37663.406743,-110616.632316,10408.985847,1891.233480,-5558.703309,523.090832,0.000000,0.000000,0.000000,0.978424
44.429315,-9.448439,24.262113,1.412027,-0.397909,1.243247,0.000000,0.000000,0.000000,0.814313
-423766.929639,-238418.887889,177745.349664,-21189.806684,-11920.600408,8887.279883,0.000000,0.000000,0.000000,1.156732
28787924.264583,-301423.035159,-61876910.647781,1439395.327890,-15071.422456,-3093845.525244,0.000000,0.000000,0.000000,0.967532
-248683.762786,-103137.347659,817.948752,-12434.899943,-5157.519753,40.879164,0.000000,0.000000,0.000000,0.841535
-430.403264,-48.593117,-40.743772,-22.552220,-2.679988,-2.058332,0.000000,0.000000,0.000000,0.832770
-106.798294,-237.963923,227.121654,-6.323366,-12.136390,11.345042,0.000000,0.000000,0.000000,1.098945
5392.421533,32465.573154,20753.495556,268.438976,1623.450454,1037.653417,0.000000,0.000000,0.000000,1.004478
-167409.772789,-287503.834808,-122883.525560,-8371.508712,-14375.207441,-6144.168084,0.000000,0.000000,0.000000,0.917441
1306797.031507,-619908.198560,741238.187675,65338.497646,-30995.461756,37061.887411,0.000000,0.000000,0.000000,0.876738
42.948412,11.698285,-2.763464,0.983336,1.428503,0.016567,0.000000,0.000000,0.000000,0.966446
-64182663.768399,135596355.002241,146776776.205735,-3209134.041913,6779817.625009,7338838.798583,0.000000,0.000000,0.000000,1.117363
11736906.486999,12406089.403458,26718261.585246,586844.385475,620304.368816,1335913.089911,0.000000,0.000000,0.000000,1.028863
-358664.777202,-5994582.932823,11924192.372466,-17934.213350,-299729.112152,596209.613528,0.000000,0.000000,0.000000,0.836461
5230.385036,39719.613041,4164.193960,263.327010,2005.927558,210.407325,0.000000,0.000000,0.000000,1.152251
332705.299653,-67797.165343,1879.127398,16634.618962,-3389.947869,93.945872,0.000000,0.000000,0.000000,1.002167
8.998892,-15.848717,-4.997832,-0.010885,-0.240641,0.038511,0.000000,0.000000,0.000000,0.838406
218.525500,-51.950475,31.712930,9.560445,-2.743988,1.584923,0.000000,0.000000,0.000000,0.945995
18.638998,28.042092,-6.447498,0.359950,1.416651,-0.060029,0.000000,0.000000,0.000000,1.045414
-4.190190,64.864732,-100.760679,-0.842515,2.944632,-5.112949,0.000000,0.000000,0.000000,1.155078
-43.369396,-35.293052,6.146822,-3.172341,-1.128442,0.286272,0.000000,0.000000,0.000000,1.198135
19615680.800349,15529307.003126,-22800350.339590,980783.087691,776465.528549,-1140017.504221,0.000000,0.000000,0.000000,0.929944
108095.735360,84652.570712,-42697.556430,5600.427876,4386.264788,-2212.275251,0.000000,0.000000,0.000000,1.033498
-16833152.050616,-21843984.003921,60308943.934964,-841658.416421,-1092199.262802,3015447.175832,0.000000,0.000000,0.000000,1.152693
-295.150446,-602.552262,190.133018,-15.758468,-30.760762,9.832893,0.000000,0.000000,0.000000,0.809414
-14114.632714,-48217.837356,1429.515559,-821.325921,-2803.042239,83.104764,0.000000,0.000000,0.000000,1.195861
102.771849,-26.904026,-6.625320,3.474868,-1.436688,-0.320329,0.000000,0.000000,0.000000,0.824312
-28299821.584817,15033362.049968,10055158.765172,-1414992.038267,751668.077082,502757.957495,0.000000,0.000000,0.000000,0.831466
-22520.917557,30629.830993,-882.092450,-1126.584277,1531.517494,-44.099110,0.000000,0.000000,0.000000,0.886855
52.141744,15.957548,-2.669768,1.237074,0.626545,-0.154852,0.000000,0.000000,0.000000,1.011782
-154.356148,77.595141,-267.464084,-8.508953,3.917916,-13.367743,0.000000,0.000000,0.000000,0.978179
99449.447641,-7927.174356,-64703.674926,4971.524917,-396.017366,-3235.168670,0.000000,0.000000,0.000000,1.061153
-0.903744,-56.738111,53.967475,-0.591479,-3.004212,2.758435,0.000000,0.000000,0.000000,1.008906
1770.484702,-504.747245,-1673.052130,86.958518,-25.460672,-83.650227,0.000000,0.000000,0.000000,0.980591
-17585.041452,-68385.477240,99900.681933,-880.170957,-3419.306949,4995.010207,0.000000,0.000000,0.000000,1.007109
-10.787301,75.260487,-3.565142,-1.609054,3.980237,-0.235042,0.000000,0.000000,0.000000,0.874747
13.825349,31.892975,-26.803196,-0.121815,1.640307,-1.544138,0.000000,0.000000,0.000000,1.009182
1199.137548,413.506954,-2775.961874,59.597218,20.472067,-138.773995,0.000000,0.000000,0.000000,0.871542
8.974989,6.915123,-23.997434,-1.296543,-0.263484,-1.296979,0.000000,0.000000,0.000000,1.014160
-16978166.380668,20453937.760127,714154.525538,-848909.642154,1022697.327656,35707.746304,0.000000,0.000000,0.000000,0.812252
-539939.723384,44965.397584,-438968.909012,-26997.647248,2247.668712,-21948.448604,0.000000,0.000000,0.000000,0.986785
-19210.694822,-7696.727020,-24501.341596,-962.170155,-384.615596,-1225.059380,0.000000,0.000000,0.000000,0.967353
-585834.576649,-328040.461177,158492.508351,-29292.768204,-16402.017006,7924.601264,0.000000,0.000000,0.000000,1.058365
-4903.115290,-3659.628631,-5213.860950,-246.239549,-182.684568,-260.676679,0.000000,0.000000,0.000000,0.897868
8.883499,-104.464019,114.388860,-0.952340,-5.063951,5.701029,0.000000,0.000000,0.000000,1.134777
5.926813,5.353595,-11.353391,-0.373310,-0.159354,-0.587342,0.000000,0.000000,0.000000,0.836290
139784704.905762,141774641.983718,26109426.095961,6989233.943625,7088732.444270,1305471.288808,0.000000,0.000000,0.000000,0.864157
375400.936656,-154974.586336,40878.522101,18768.371930,-7748.535259,2043.906199,0.000000,0.000000,0.000000,1.043791
55391549.043811,62238456.328946,-147993914.660600,2769576.282430,3111922.666296,-7399695.738211,0.000000,0.000000,0.000000,0.971444
-78.089840,-24.769632,-102.733361,-4.865692,-1.678599,-5.123757,0.000000,0.000000,0.000000,0.803007
-1550.282520,1314.502904,-1993.580059,-78.566720,65.695439,-99.658801,0.000000,0.000000,0.000000,0.926664
-7330.884045,5003.274269,13441.540764,-367.359895,250.192804,672.063656,0.000000,0.000000,0.000000,1.144067
17.660808,-0.617000,-14.453319,-0.748188,-0.488451,-0.863056,0.000000,0.000000,0.000000,0.976764
-11.492858,-45.988719,-493.839021,-1.281837,-2.583861,-24.684703,0.000000,0.000000,0.000000,0.889098
110.293559,103.404919,-57.945310,4.058401,5.250766,-2.882339,0.000000,0.000000,0.000000,0.891783
62.912929,-24.830931,62.053439,1.656669,-1.568647,3.082094,0.000000,0.000000,0.000000,0.995825
12.992909,12.745660,-12.168526,-0.247428,-0.059241,-0.705722,0.000000,0.000000,0.000000,0.819459
-120309.600109,-328775.064795,-18633.210338,-6016.453841,-16438.768060,-931.657798,0.000000,0.000000,0.000000,1.121507
390895199054.683655,-628740166126.147461,-586643024680.105713,19544759951.850292,-31437008306.894028,-29332151234.015854,0.000000,0.000000,0.000000,0.908878
31.134733,-25.301061,-8.945678,1.038740,-0.696137,-0.130803,0.000000,0.000000,0.000000,1.164952
53386741.216692,-72249794.523915,28905801.853465,2669336.075947,-3612489.628273,1445290.098719,0.000000,0.000000,0.000000,1.103829
-2474.085562,-722.041202,-687.844261,-124.619841,-36.178817,-34.373421,0.000000,0.000000,0.000000,1.019504
39.075287,3.735243,-19.879185,0.630868,0.761850,-1.097611,0.000000,0.000000,0.000000,0.944565
-1037771781.824392,425824232.212703,-1004104754.543369,-51888590.041887,21291211.636083,-50205237.744537,0.000000,0.000000,0.000000,0.910022
-1570.627258,4304.688014,-1167.447905,-79.719060,215.302892,-58.375376,0.000000,0.000000,0.000000,0.803507
52.037407,8.059674,12.170139,1.599385,0.308386,0.961143,0.000000,0.000000,0.000000,0.923965
-1912.310498,-182.785002,4687.297737,-96.369980,-9.595215,234.361021,0.000000,0.000000,0.000000,0.939871
-49.724676,118.292523,-35.343763,-4.442404,7.509959,-2.170916,0.000000,0.000000,0.000000,0.966995
586.898858,-1526.467265,709.255377,27.770407,-76.522590,35.453885,0.000000,0.000000,0.000000,1.096231
302.986910,-510.966964,226.427098,13.583133,-25.917023,11.302261,0.000000,0.000000,0.000000,0.840062
-451039813.874899,-397985951.761906,284346122.306100,-22551991.251357,-19899298.098400,14217306.129573,0.000000,0.000000,0.000000,1.170553
40.732637,-109.196118,77.972010,1.695285,-5.596329,3.889681,0.000000,0.000000,0.000000,0.811813
-370.778460,1721.279665,-1286.924184,-19.481200,86.299004,-64.338894,0.000000,0.000000,0.000000,1.145674
-37261.550021,212244.669293,18736.103572,-1863.831546,10612.834314,936.790350,0.000000,0.000000,0.000000,0.907146
42625.400806,-116777.525742,-314443.158802,2130.306545,-5839.591298,-15722.139388,0.000000,0.000000,0.000000,0.846820
2454.129025,2147.715009,-2499.371228,121.273891,107.578006,-124.950787,0.000000,0.000000,0.000000,1.185405
64622.769450,-391682.621138,-308002.977949,3230.356874,-19584.207343,-15400.131851,0.000000,0.000000,0.000000,0.955268
268.741832,2304.234505,-1316.417318,12.913310,115.811353,-66.135469,0.000000,0.000000,0.000000,1.138260
107.825050,-238.677698,529.527891,4.247992,-12.373126,26.455612,0.000000,0.000000,0.000000,0.927767
-8615.542088,1159.933185,4275.491085,-432.158505,58.332820,213.764643,0.000000,0.000000,0.000000,1.155436
14093.904922,-12676.497120,-9051.707200,704.112366,-633.220448,-452.575590,0.000000,0.000000,0.000000,1.161849
927.567427,-154.864147,-522.260936,46.200032,-7.836420,-26.601036,0.000000,0.000000,0.000000,1.006901
15595051095.630440,22608687098.781937,-7910663421.775474,779752553.742973,1130434354.941143,-395533171.068206,0.000000,0.000000,0.000000,0.902154
1034827.377933,2624927.821465,-18040400.915203,51740.439292,131246.374057,-902020.035379,0.000000,0.000000,0.000000,0.984989
-11548.558157,6782.175712,-7833.982416,-590.070684,346.232551,-399.733862,0.000000,0.000000,0.000000,0.941679
-9682.146214,-7014.149164,7282.430036,-485.078323,-350.649703,364.110571,0.000000,0.000000,0.000000,0.968550
133.282699,-61.460920,-213.164135,6.155826,-3.360479,-10.644402,0.000000,0.000000,0.000000,0.991250
-37.906145,221.382620,-7.432680,-2.611336,10.760651,-0.372092,0.000000,0.000000,0.000000,1.098281
-323.534181,-415.415177,-197.583087,-16.773272,-20.558607,-9.872059,0.000000,0.000000,0.000000,1.031808
-786542664.034643,1295178291.955383,-4134046708.474399,-39327134.143515,64758914.631520,-206702335.436778,0.000000,0.000000,0.000000,1.049797
287676.987642,-336211.188569,-723234.197780,14383.375827,-16810.880994,-36161.712094,0.000000,0.000000,0.000000,0.855235
59484.782079,-22657.930469,52310.727171,2973.462050,-1133.401996,2615.530757,0.000000,0.000000,0.000000,1.094591
-315924.455577,1652347.641290,80643.112606,-15797.197202,82617.285998,4032.148941,0.000000,0.000000,0.000000,0.857193
-18.250653,-2.085645,-36.836006,-1.272948,0.043433,-1.825705,0.000000,0.000000,0.000000,1.120642
167.966060,149.171316,-161.559197,6.918413,7.699840,-8.081587,0.000000,0.000000,0.000000,0.868762
153.262178,136.683517,-105.530695,6.416144,7.123176,-5.215770,0.000000,0.000000,0.000000,1.041343
958.714739,-2949.145334,-49.329508,47.384103,-147.836386,-2.472298,0.000000,0.000000,0.000000,1.187912
197.372912,13.511910,-87.862339,8.378903,1.200276,-4.385548,0.000000,0.000000,0.000000,1.141518
7.437540,-12.093151,25.234119,-0.892291,0.016717,1.804473,0.000000,0.000000,0.000000,0.817906
-1697650.489238,-5260100.388168,-2443633.765073,-84883.580724,-263005.070379,-122181.700051,0.000000,0.000000,0.000000,0.967201
28820.484080,28965.897095,-21511.003725,1440.248680,1447.760218,-1075.535358,0.000000,0.000000,0.000000,1.039648
-1614.266862,6420.394004,12641.295647,-81.710140,320.907256,632.044106,0.000000,0.000000,0.000000,1.006053
28.082500,7.588643,-27.894883,1.003054,-0.076196,-1.404261,0.000000,0.000000,0.000000,0.831222
-33.472059,12.308527,-3.587005,-0.928370,0.089273,0.197227,0.000000,0.000000,0.000000,1.120992
119.951311,46.752937,29.537825,5.232975,2.536369,1.469470,0.000000,0.000000,0.000000,0.928904
23547.478362,-17574.197508,-10689.377936,1176.377328,-878.825650,-534.449442,0.000000,0.000000,0.000000,1.028103
22001.703130,8237.860356,28091.247340,1098.436341,412.108411,1404.553012,0.000000,0.000000,0.000000,0.836554
30.846249,-15.244322,-9.226489,0.758703,-0.190869,-0.492716,0.000000,0.000000,0.000000,1.102035
-201.944304,91.009439,-61.632078,-11.432799,4.397264,-3.065025,0.000000,0.000000,0.000000,0.811120
34.782275,-5.609282,-13.149131,1.204667,0.136339,-0.702174,0.000000,0.000000,0.000000,1.158241
-423.954183,-514.781588,407.491126,-21.865068,-25.093638,20.367448,0.000000,0.000000,0.000000,0.890457
23911.721074,28978.400010,142114.008675,1195.064250,1449.131593,7105.705211,0.000000,0.000000,0.000000,1.188700
14.043411,370.754685,599.330690,-0.392350,18.795254,29.962596,0.000000,0.000000,0.000000,1.041086
44.288076,-13.274225,-5.809002,0.736553,-0.453526,-0.292404,0.000000,0.000000,0.000000,0.808992
-683.628549,985.329251,1035.227895,-38.611563,54.952722,57.232198,0.000000,0.000000,0.000000,1.094174
-787376.180349,-345502.088486,329078.666356,-39369.239241,-17274.819581,16453.913415,0.000000,0.000000,0.000000,1.073638
46.207035,21.566444,22.966722,1.004267,1.016659,1.567666,0.000000,0.000000,0.000000,0.827773
7232807.136327,-3319602.395737,-13675749.192355,361639.343086,-165980.089316,-683787.439576,0.000000,0.000000,0.000000,0.889053
-3987.604105,-2017.769595,6139.880692,-200.492275,-100.409538,306.997730,0.000000,0.000000,0.000000,1.185254
249009.655386,98682.546799,7033.848867,12449.753444,4933.467748,351.674150,0.000000,0.000000,0.000000,0.847754
24.360555,-8.055534,-1.864019,0.506589,0.194038,-0.071417,0.000000,0.000000,0.000000,1.102478
-332043250.878067,463801576.742760,-828584945.139253,-16602163.681983,23190078.791540,-41429247.250633,0.000000,0.000000,0.000000,1.151411
10311.429589,-6094.915030,6965.174527,525.216808,-310.751143,355.313085,0.000000,0.000000,0.000000,1.066719
-41398.628846,113462.219241,305406.230496,-2070.892595,5672.389532,15270.312796,0.000000,0.000000,0.000000,0.871816
12547.493655,3604.131793,5692.598267,626.793530,180.439971,284.617838,0.000000,0.000000,0.000000,1.064302
5.397618,-1.133936,-49.381276,-0.955622,-0.587214,-2.823731,0.000000,0.000000,0.000000,1.083585
-58204.638673,-7737.960849,33895.250140,-2911.125658,-387.053324,1694.753841,0.000000,0.000000,0.000000,1.004985
146197.499705,18458.844599,19146.856424,7308.879236,923.447432,957.359719,0.000000,0.000000,0.000000,0.805786
2373.007384,2229.613581,23230.260183,117.448737,112.125132,1161.495559,0.000000,0.000000,0.000000,1.095958
111918.656586,41514254.899448,44440627.517471,5595.316965,2075712.925026,2222031.372742,0.000000,0.000000,0.000000,0.819543
-105150.085173,-82228.335609,41439.253491,-5448.563130,-4260.402353,2147.138933,0.000000,0.000000,0.000000,1.063840
25229.749144,42897.396567,165.565107,1260.488993,2145.169442,8.292968,0.000000,0.000000,0.000000,0.925326
7985.094184,11296.465937,519.168007,398.646409,564.572602,25.955536,0.000000,0.000000,0.000000,1.185133
144.880339,-118.675873,60.631885,7.404700,-6.906223,3.667520,0.000000,0.000000,0.000000,0.855007
1669932329.937571,203853308.388290,1841547984.439609,83496615.562242,10192665.403570,92077399.212945,0.000000,0.000000,0.000000,1.081940
35056.792276,-101479.207987,21525.491498,1751.813699,-5073.726261,1076.282482,0.000000,0.000000,0.000000,1.120414
58.300329,-19.500111,-27.908094,1.762818,-0.645800,-1.379591,0.000000,0.000000,0.000000,1.024909
17693.836647,-11825.381728,-11457.679101,883.534482,-591.300347,-572.871694,0.000000,0.000000,0.000000,1.084246
161075.130716,-122230.747403,396577.214865,8052.696815,-6111.006965,19828.846896,0.000000,0.000000,0.000000,1.074895
-8185.374468,11507.453129,-14085.797928,-410.595169,575.593473,-704.275911,0.000000,0.000000,0.000000,1.150690
3322.960891,215.735382,-3554.510417,164.924288,10.660156,-177.703004,0.000000,0.000000,0.000000,0.974919
-6556560.544431,-18166808.944133,11180222.611167,-327828.440612,-908340.671802,559011.121362,0.000000,0.000000,0.000000,1.053586
4609.167409,19253.668810,-1423.838407,229.698910,963.261568,-71.205083,0.000000,0.000000,0.000000,0.885200
-639903801.428390,-1403362261.473665,680189136.185977,-31995190.691474,-70168112.781019,34009456.795214,0.000000,0.000000,0.000000,0.922503
14793380.474003,-17358695.452450,-16130898.736860,739668.016922,-867934.865454,-806544.929753,0.000000,0.000000,0.000000,1.071649
24453.851010,-125262.205940,72044.579418,1221.741949,-6262.836584,3602.210517,0.000000,0.000000,0.000000,0.885610
37787191.378723,90349156.416683,-732445.237759,1889358.609603,4517457.846908,-36622.248289,0.000000,0.000000,0.000000,0.953759
-3857930.426357,-5412317.953803,4610773.266917,-192897.372648,-270616.065554,230538.643852,0.000000,0.000000,0.000000,1.040246
31.872782,4.844855,-7.095154,1.163218,0.328115,-0.371252,0.000000,0.000000,0.000000,1.144493
-5190334871627400.000000,526090752881873.750000,77614741387399.828125,-259516743581371.875000,26304537644093.640625,3880737069369.996094,0.000000,0.000000,0.000000,0.977780
-1634.144643,1908.827886,-396.282292,-82.235344,95.246180,-19.790565,0.000000,0.000000,0.000000,0.851596
-50.035307,418.110352,-19.479188,-3.272382,22.243592,-0.856837,0.000000,0.000000,0.000000,0.800099
-513387.093455,60981.109806,371118.495754,-25670.316721,3049.561826,18555.934405,0.000000,0.000000,0.000000,1.119573
-196635.508002,-119285.883870,9762.796035,-9832.426405,-5964.406174,488.120646,0.000000,0.000000,0.000000,1.096420
31.523727,38.728455,-48.067805,0.299245,1.849340,-2.409099,0.000000,0.000000,0.000000,1.083795
582777.968875,-336654.795201,-793267.113186,29137.619074,-16833.099874,-39663.339257,0.000000,0.000000,0.000000,0.946685
123.690578,-3.849275,-44.081477,5.348914,-0.830526,-2.175454,0.000000,0.000000,0.000000,0.880569
-2338.178445,-5184.896368,467.124991,-119.195478,-261.663854,23.607961,0.000000,0.000000,0.000000,0.996733
22.096719,-14.130671,-1.633800,-0.286793,-0.457807,-0.025700,0.000000,0.000000,0.000000,1.003403
129473772783.600784,-7685194013.442424,-129893966586.906097,6473688638.258792,-384259700.267602,-6494698329.328857,0.000000,0.000000,0.000000,1.189955
91.228407,100.871084,217.868780,3.810333,4.741278,10.871035,0.000000,0.000000,0.000000,1.031382
-2427.808036,-114.704233,148.698124,-134.882378,-6.994715,8.264272,0.000000,0.000000,0.000000,0.970448
18.224897,63.547423,-106.206246,-0.563019,2.834455,-5.298689,0.000000,0.000000,0.000000,0.966858
56974084.892753,-76314708.799592,58643735.208104,2848703.305326,-3815735.242988,2932186.778372,0.000000,0.000000,0.000000,0.916667
-1164.760937,-411.947252,2713.217736,-58.586996,-20.796890,135.660112,0.000000,0.000000,0.000000,0.885629
1316.683467,2414.982825,1098.538194,64.471720,120.953484,54.939888,0.000000,0.000000,0.000000,0.955112
-647.207176,1496.791829,1952.712406,-32.738446,74.444505,97.618761,0.000000,0.000000,0.000000,1.005957
2982.999294,-3080.263728,-3751.475769,147.799269,-153.786557,-187.550519,0.000000,0.000000,0.000000,0.885273
-50016787.158829,-56200977.211603,133637974.668737,-2500840.524132,-2810049.006720,6681898.718718,0.000000,0.000000,0.000000,1.075807
-214882.579428,-256354.479168,40126.537411,-10744.921458,-12818.101874,2006.329901,0.000000,0.000000,0.000000,1.005960
1337572.522369,-141116.314805,235784.439601,66877.529712,-7055.764124,11789.208883,0.000000,0.000000,0.000000,1.156750
-907917483.828839,381796968.832506,348349148.042925,-45395875.522752,19089848.674971,17417457.396982,0.000000,0.000000,0.000000,1.095993
-23600.469362,-47092.046835,6993.878739,-1181.014130,-2354.533140,349.692438,0.000000,0.000000,0.000000,0.913352
-139164.552673,224260.894969,-87901.068930,-6959.445769,11212.436354,-4395.045625,0.000000,0.000000,0.000000,0.804534
139721.898862,-132333.424839,-87582.535913,6984.515639,-6616.573927,-4379.126500,0.000000,0.000000,0.000000,1.025495
57615.614486,52003.205377,92367.641892,2968.372396,2680.386319,4761.242898,0.000000,0.000000,0.000000,1.015924
30742281.668394,12317281.611282,11223722.837133,1537113.100955,615864.115840,561186.160673,0.000000,0.000000,0.000000,0.933560
-692201448022.891235,4501635617031.781250,5582929026993.942383,-34610072402.420242,225081780851.640015,279146451349.697205,0.000000,0.000000,0.000000,1.134775
2507.348839,-5633.359768,664.832633,124.224078,-281.600200,33.251357,0.000000,0.000000,0.000000,0.951143
324944542.831440,-453895174.492284,810916343.543529,16247226.000421,-22694758.765922,40545817.175841,0.000000,0.000000,0.000000,1.176513
1374.481492,-27108.437643,-64621.565819,67.629710,-1355.304448,-3231.056986,0.000000,0.000000,0.000000,0.993908
841.982476,-623.134031,184.436848,41.076637,-31.075917,9.218598,0.000000,0.000000,0.000000,0.999758
7154444.283733,-5001907.890554,370481.032247,361334.680432,-252621.555647,18711.251136,0.000000,0.000000,0.000000,0.883884
-15008737.459495,-16828574.854764,-990311.681644,-750437.453867,-841429.152773,-49515.584916,0.000000,0.000000,0.000000,0.822428
-1039.605633,-1405.482756,431.840467,-53.137591,-70.760435,21.568753,0.000000,0.000000,0.000000,1.046457
-157710628.897142,29465880.486519,2784268.944174,-7885532.487306,1473294.288549,139213.430964,0.000000,0.000000,0.000000,1.179048
1493.483958,1523.670231,2404.528718,73.697590,76.677002,120.216943,0.000000,0.000000,0.000000,0.964761
5343532.000061,-2715916.031134,-1301188.421904,267175.441526,-135795.672954,-65059.412969,0.000000,0.000000,0.000000,1.132106
-41.540996,183.589329,-124.639156,-2.773318,9.126362,-6.270424,0.000000,0.000000,0.000000,0.902754
-1816338.567258,5016189.623287,549444.448957,-90818.220763,250809.420050,27472.202984,0.000000,0.000000,0.000000,0.897586
285.071079,50.211412,1534.545438,13.008812,2.310680,76.714308,0.000000,0.000000,0.000000,1.012607
91368121.472509,74519219.802119,-18257448.968884,4568405.028249,3725961.011231,-912872.431398,0.000000,0.000000,0.000000,0.892705
25.182966,5.328219,-8.860203,0.242354,-0.716451,-0.265080,0.000000,0.000000,0.000000,1.048317
11.927556,-8.312189,-16.184687,0.027852,-0.254638,-0.844987,0.000000,0.000000,0.000000,1.118778
-2222.722275,4411.062331,-2210.626198,-112.177371,220.397327,-110.538893,0.000000,0.000000,0.000000,1.016125
-1810747.065174,-7572073.644914,-8588173.075404,-90538.408671,-378603.686559,-429408.661694,0.000000,0.000000,0.000000,1.104287
377.172790,386.304438,-343.891773,18.174145,19.941421,-17.185528,0.000000,0.000000,0.000000,1.111704
-832098018.190289,711723301.348174,-42551237.150565,-41604902.035655,35586165.105819,-2127561.844654,0.000000,0.000000,0.000000,1.166465
4321857875.405087,47320622.062828,-1908727187.564971,216092892.505358,2366031.100170,-95436359.356624,0.000000,0.000000,0.000000,0.907668
-9962.592293,24919.568652,3095.011816,-504.422049,1258.222687,156.246934,0.000000,0.000000,0.000000,1.121709
-4564274.415737,-4292959.449075,-292009.081430,-228214.800760,-214648.002596,-14600.429805,0.000000,0.000000,0.000000,0.865140
275.266927,48.986795,179.341044,12.738968,2.955985,8.968206,0.000000,0.000000,0.000000,0.857302
-87.196001,-113.800155,-53.528902,-5.724547,-5.669254,-2.642894,0.000000,0.000000,0.000000,1.029970
-761471.523330,-8868804.594778,10034529.066331,-38074.504100,-443440.059265,501726.435299,0.000000,0.000000,0.000000,1.134529
79139809.898193,434264527.635118,-240351812.774592,3956989.571060,21713226.331004,-12017590.629110,0.000000,0.000000,0.000000,1.051662
20367181.693059,201454.267651,15606589.112248,1018357.670443,10072.699917,780329.472783,0.000000,0.000000,0.000000,1.081546
695685057237.891479,-4524290789925.788086,-5611025976460.017578,34784252860.618416,-226214539496.234924,-280551298822.996765,0.000000,0.000000,0.000000,1.129093
35.966660,-6.870902,-9.830217,-0.079512,-0.287396,-0.558319,0.000000,0.000000,0.000000,1.117173
-2970.206753,-2587.540502,2796.891459,-149.926832,-129.170878,139.847326,0.000000,0.000000,0.000000,1.004589
1101576384.833819,-463245835.410232,-422629245.074328,55078817.902287,-23162291.533762,-21131462.255775,0.000000,0.000000,0.000000,0.903321
2889.424983,124712.228935,84654.479399,143.648781,6235.827770,4232.716782,0.000000,0.000000,0.000000,0.803210
-2036.137313,3646.127651,-7659.499492,-102.527914,181.637313,-382.971250,0.000000,0.000000,0.000000,0.868585
1446981.510502,-14499142.472263,4379819.130309,72348.123258,-724956.932430,218990.965233,0.000000,0.000000,0.000000,1.002621
31.965657,-11.594508,13.312988,1.117137,-0.220417,0.815986,0.000000,0.000000,0.000000,1.079506
-5192.537623,-1950.766344,2247.978340,-261.166208,-97.926039,112.384940,0.000000,0.000000,0.000000,1.150887
117.977797,-48.811501,0.015496,6.187271,-3.416800,0.149355,0.000000,0.000000,0.000000,0.992110
-262.073919,105.145805,-763.428045,-14.074486,5.402212,-38.436763,0.000000,0.000000,0.000000,0.965016
1685483.754878,-1922807.057523,-270065.043336,84273.287706,-96140.351960,-13503.253602,0.000000,0.000000,0.000000,0.886461
-1345839.077167,1510704.816550,267857.739495,-67292.843637,75535.230058,13392.883868,0.000000,0.000000,0.000000,1.117090
225.238697,1493.189102,2590.554161,10.173980,74.206453,129.512398,0.000000,0.000000,0.000000,0.873952
-113.893016,64.164731,91.131743,-6.770012,2.899506,4.536125,0.000000,0.000000,0.000000,0.876709
598.415782,-667.907034,-767.366529,29.134985,-33.249351,-38.352655,0.000000,0.000000,0.000000,0.944259
39.390237,-66.635651,-39.134375,1.512094,-3.729670,-1.958438,0.000000,0.000000,0.000000,1.197541
121448.778892,24366.671562,50941.762987,6071.805050,1218.509729,2547.077510,0.000000,0.000000,0.000000,0.969329
104.372173,116.723173,59.032202,4.010136,5.962794,2.960337,0.000000,0.000000,0.000000,0.931600
-2239.467252,7011.350328,6755.513447,-112.322833,350.853738,337.763199,0.000000,0.000000,0.000000,0.886262
12352.617853,-11831.595837,7655.449237,616.707852,-590.889044,382.777257,0.000000,0.000000,0.000000,0.909000
214088.335189,-2266.495813,282223.100591,10703.433012,-113.348322,14111.143956,0.000000,0.000000,0.000000,0.942965
-841.555114,-327.341762,639.302558,-43.414766,-16.830053,31.962577,0.000000,0.000000,0.000000,0.819906
395775.668193,-43970.276848,-347043.449928,19787.807309,-2198.006156,-17352.152978,0.000000,0.000000,0.000000,1.195090
-4685.282395,28918.870265,24726.452165,-235.482092,1446.040129,1236.320544,0.000000,0.000000,0.000000,0.979567
-21342.972609,802.533191,9225.202944,-1068.345271,40.219295,461.250670,0.000000,0.000000,0.000000,0.919312
56001.221158,-66349.489053,-1991.641018,2799.629424,-3317.174393,-99.571036,0.000000,0.000000,0.000000,0.932492
9.539760,-8.415507,-32.141708,-0.202398,-0.038816,-1.586759,0.000000,0.000000,0.000000,1.017042
-344758757.210294,-610562750.377118,232006252.105802,-17237939.153410,-30528137.558226,11600312.584310,0.000000,0.000000,0.000000,0.967793
187.969613,-90.699760,-1454.486703,8.360335,-4.423515,-72.720226,0.000000,0.000000,0.000000,1.037726
-1225991549.486832,-3509666241.496688,839799283.993379,-61299578.940542,-175483312.150002,41989964.175862,0.000000,0.000000,0.000000,0.897974
-453328.368994,187942.395319,-49214.853442,-22668.076819,9397.306993,-2460.760778,0.000000,0.000000,0.000000,0.863685
2.573545,-4.080703,-37.721576,-0.704739,0.330099,-2.166713,0.000000,0.000000,0.000000,0.879242
28.534798,-10.664579,-1.975999,0.140895,0.017819,-0.015786,0.000000,0.000000,0.000000,0.879825
-428.019994,-271.119384,340.565692,-22.272062,-13.548304,17.009018,0.000000,0.000000,0.000000,1.196461
19851743.344911,-6361155.651371,-1779519.066863,992586.092923,-318057.895870,-88975.960887,0.000000,0.000000,0.000000,0.833566
4206.839531,724.475107,-2569.687006,209.260301,36.130026,-128.474404,0.000000,0.000000,0.000000,1.189773
-4591.796280,240.467271,-12474.229376,-230.367765,12.266823,-623.694003,0.000000,0.000000,0.000000,1.121791
-4560.088762,6769.901296,-8052.042393,-229.353238,338.565661,-402.608199,0.000000,0.000000,0.000000,0.882932
-45668.949283,132452.545158,-28180.775492,-2284.467008,6622.842917,-1409.026937,0.000000,0.000000,0.000000,0.858811
-643.776296,-433.731135,252.214356,-33.224730,-22.034107,12.592962,0.000000,0.000000,0.000000,1.145748
-75011863134798.140625,-747987126583667.875000,418237266593307.937500,-3750593156740.889160,-37399356329183.273438,20911863329665.324219,0.000000,0.000000,0.000000,1.176957
-71217.460538,309995.290788,55803.375784,-3561.484948,15499.926591,2790.162369,0.000000,0.000000,0.000000,0.823481
-118.092918,1007.617783,-243.561330,-7.031923,50.942682,-12.184864,0.000000,0.000000,0.000000,1.062576
1031.815165,1365.168916,-385.737086,50.417538,67.749876,-19.304690,0.000000,0.000000,0.000000,1.120249
120.471964,76.521073,14.656386,4.966798,3.283810,0.737159,0.000000,0.000000,0.000000,1.025032
-4382705838.215363,-2678438963.692791,887098791.460353,-219135293.154469,-133921948.009751,44354939.561189,0.000000,0.000000,0.000000,1.195124
-6929.635286,-18498.700041,-40319.527796,-347.696389,-924.829426,-2015.958996,0.000000,0.000000,0.000000,0.999323
-56602.273076,74728.513123,15870.026300,-2831.008892,3737.085292,793.512234,0.000000,0.000000,0.000000,0.806351
-148315803.221681,-150429227.929221,-27703491.202661,-7415791.455159,-7521461.043680,-1385174.574706,0.000000,0.000000,0.000000,0.814451
-297.319583,-246.501698,192.060232,-16.304949,-11.961622,9.602567,0.000000,0.000000,0.000000,1.090365
-11100.450549,-15844.893009,-741.260809,-555.617253,-792.476120,-37.065003,0.000000,0.000000,0.000000,0.846291
15.540246,16.744977,1.278919,-0.381330,0.635509,-0.002752,0.000000,0.000000,0.000000,1.171386
386473.544031,1143078.325356,911620.660258,19322.463144,57153.727102,45581.028741,0.000000,0.000000,0.000000,0.801445
69764.891489,-603348.083313,544157.893284,3487.381027,-30167.291882,27207.905568,0.000000,0.000000,0.000000,1.004728
-109.315100,-473.259646,-218.054622,-6.289776,-23.702237,-10.902899,0.000000,0.000000,0.000000,0.957529
-127831.778661,-2742083.276048,-5434026.335534,-6392.569448,-137104.294576,-271701.299597,0.000000,0.000000,0.000000,0.839667
55074776.891912,1000274709.434003,1626860298.310786,2753737.865659,50013735.435940,81343014.919196,0.000000,0.000000,0.000000,0.886175
6353.797829,2094.357828,-2643.927986,316.841924,104.938511,-132.202236,0.000000,0.000000,0.000000,1.127776
560316134.871967,494408573.981347,-353236499.547725,28015806.179466,24720428.183010,-17661824.959008,0.000000,0.000000,0.000000,0.942264
463.418455,50.168431,-198.613912,23.654312,2.049688,-10.676553,0.000000,0.000000,0.000000,0.908114
10080024.260805,-14336578.704784,28446495.219775,504000.377472,-716829.222726,1422324.773049,0.000000,0.000000,0.000000,0.813906
-662.815466,-558.978600,-485.531829,-34.084005,-27.848385,-24.256129,0.000000,0.000000,0.000000,0.824164
42.549244,-23.544105,-24.528168,1.578412,-0.909339,-1.194266,0.000000,0.000000,0.000000,0.872297
241.381514,-47.027387,-206.421469,10.993085,-2.647754,-10.342750,0.000000,0.000000,0.000000,0.836343
-865844.712518,5675014.683822,-8173452.244785,-43293.071293,283750.759191,-408672.591768,0.000000,0.000000,0.000000,0.947381
-1834.292668,-118.368949,-1406.533737,-93.473897,-6.489670,-70.676907,0.000000,0.000000,0.000000,0.923338
-86555.298995,445990.492915,496322.847129,-4328.138933,22299.190088,24816.117435,0.000000,0.000000,0.000000,0.916584
29.291848,-14.515703,-14.271464,0.953143,-0.523785,-0.824077,0.000000,0.000000,0.000000,0.956938
662.872173,21.077112,22.504511,32.478029,1.422853,1.137328,0.000000,0.000000,0.000000,1.156898
1910.512298,122.349179,-4374.084072,94.760752,5.660880,-218.684189,0.000000,0.000000,0.000000,1.004058
-2957.576027,-1547.530698,3625.499988,-148.688842,-77.495084,181.250626,0.000000,0.000000,0.000000,1.084822
58165390.046264,28089058.996200,-145686795.809143,2908268.716312,1404453.089157,-7284339.805351,0.000000,0.000000,0.000000,1.070284
16.490273,10.956810,-18.275463,-0.786979,0.482433,-1.095772,0.000000,0.000000,0.000000,1.096838
80859.767977,-32350.893010,-53089.214362,4042.356240,-1617.349895,-2654.444446,0.000000,0.000000,0.000000,0.873530
-35254.288511,4464.394197,-3869.754720,-1763.419675,223.485075,-193.508199,0.000000,0.000000,0.000000,0.922016
21437.515755,17080.242623,13871.738488,1092.452347,870.790847,707.827880,0.000000,0.000000,0.000000,0.944205
670402.271219,-885010.148015,181941.716721,33519.581549,-44250.427477,9097.107348,0.000000,0.000000,0.000000,0.969357
1806570681.373870,7836057161.620584,11628288392.258017,90328533.185664,391802858.038563,581414419.595484,0.000000,0.000000,0.000000,0.992513
-9145.837502,490.084625,-9665.588529,-458.025972,24.444248,-483.257868,0.000000,0.000000,0.000000,0.848419
-2474558460.609774,-215350790.230167,675065153.131869,-123727924.074781,-10767538.769242,33753257.645389,0.000000,0.000000,0.000000,0.860345
-20.779539,21.656093,-54.588032,-1.708314,0.419927,-2.735128,0.000000,0.000000,0.000000,1.084198
-64.442785,0.996260,-1.903363,-4.035265,0.612927,-0.088297,0.000000,0.000000,0.000000,0.808275
28.578897,-43.529260,7.351133,0.079291,-2.563393,0.382504,0.000000,0.000000,0.000000,0.931321
11.368701,-14.207103,-25.167048,-0.836283,-0.082317,-1.201562,0.000000,0.000000,0.000000,0.847679
14.616354,-0.883401,-5.956913,0.325521,0.399056,-0.229359,0.000000,0.000000,0.000000,1.069603
-25110.505402,-10693.580251,-25521.065290,-1275.323205,-542.565703,-1295.497614,0.000000,0.000000,0.000000,0.861356
6016.351275,-1341.639530,4665.723347,303.383641,-68.025616,235.653458,0.000000,0.000000,0.000000,1.156015
-252.989710,-285.292030,-36.586117,-13.586735,-14.149872,-1.824163,0.000000,0.000000,0.000000,1.164483
58.875984,-42.049660,-136.579235,2.095174,-1.919078,-6.821731,0.000000,0.000000,0.000000,0.985132
-989.751496,-335.622442,-348.176058,-50.079656,-17.245337,-17.400366,0.000000,0.000000,0.000000,0.920192
3925.956785,-5736.466523,6817.092125,194.939232,-286.738269,340.831321,0.000000,0.000000,0.000000,1.039670
-1245549.333032,-19818.177832,472296.974769,-62591.044026,-995.750688,23733.523065,0.000000,0.000000,0.000000,1.191544
-33.458270,-7060.977725,-2211.380790,-2.541394,-352.417739,-110.556169,0.000000,0.000000,0.000000,0.931642
-2049112.884727,-45377320.599249,-22662670.896243,-102456.626208,-2268865.983772,-1133133.520565,0.000000,0.000000,0.000000,0.883217
-103.029915,-227.847202,447.355007,-5.849381,-11.670892,22.343783,0.000000,0.000000,0.000000,0.842383
-398549.758767,69312.410821,-6678.126580,-19928.115918,3465.527782,-333.916532,0.000000,0.000000,0.000000,0.842656
136663.108896,-3018291.890197,4221869.792786,6866.862163,-151672.855555,212154.266161,0.000000,0.000000,0.000000,0.978410
140.199621,-664.758859,-1059.591462,6.108147,-33.155496,-52.960341,0.000000,0.000000,0.000000,0.890721
16.808511,705.461003,108.396848,0.289652,35.273325,5.431182,0.000000,0.000000,0.000000,0.967262
5035.883003,-44905.554716,17742.196847,250.708730,-2245.714228,887.116712,0.000000,0.000000,0.000000,0.871048
-64.957486,-41.253657,-157.984483,-4.158722,-1.968876,-7.865457,0.000000,0.000000,0.000000,1.182573
-33862.825732,17236.618967,-17331.653877,-1694.257226,861.805174,-866.591132,0.000000,0.000000,0.000000,1.100934
1257855.799039,-201506.172707,580029.019258,62891.933592,-10075.677824,29001.428857,0.000000,0.000000,0.000000,1.140723
43.203475,-21.878533,51.828035,0.598182,-0.927741,2.789251,0.000000,0.000000,0.000000,1.060528
-67033883.745306,-412209047.828551,215470093.707493,-3351695.109647,-20610452.433646,10773504.690116,0.000000,0.000000,0.000000,1.107152
-8210567879.853900,-4827895981.623181,1393704923.781558,-410528394.964870,-241394798.988348,69685246.197577,0.000000,0.000000,0.000000,0.876661
15.215140,-2.231019,-18.492391,0.354728,0.125657,-0.996184,0.000000,0.000000,0.000000,1.030936
-11.479972,-21.780959,-9.892601,-1.450291,-1.256733,-0.362548,0.000000,0.000000,0.000000,1.121565
1482.492265,-2112.238104,-3484.048281,73.351082,-105.809589,-174.198745,0.000000,0.000000,0.000000,1.000221
4389201998747426.500000,-444888168865062.125000,-65634825253134.531250,219460099937371.031250,-22244408443253.007812,-3281741262656.717285,0.000000,0.000000,0.000000,1.156248
2314.391453,-2116.483985,1366.449118,114.604805,-105.798012,68.298602,0.000000,0.000000,0.000000,1.134824
1202567650.178086,3442610124.061668,-823753978.088721,60128381.039969,172130506.120087,-41187698.926370,0.000000,0.000000,0.000000,0.915465
40236.723580,-57810.867144,-23213.481247,2010.928601,-2889.867434,-1160.659652,0.000000,0.000000,0.000000,0.857303
-547.810181,-167.734994,-445.315675,-28.123603,-7.761459,-22.261379,0.000000,0.000000,0.000000,1.154023
-24172.448433,-29405.152153,-144050.550864,-1209.141080,-1470.042196,-7202.504046,0.000000,0.000000,0.000000,1.172900
60.559589,5.631993,-14.484313,1.619654,-0.040045,-0.708569,0.000000,0.000000,0.000000,0.910688
-11.075478,15.048328,-8.774352,-1.440125,0.085992,-0.453141,0.000000,0.000000,0.000000,0.964605
325.564475,-278.192696,-3027.087621,14.778441,-13.755275,-151.333290,0.000000,0.000000,0.000000,0.992010
1231.631312,696.968844,1112.374409,61.017031,34.664831,55.618003,0.000000,0.000000,0.000000,0.811978
218679.622501,260865.614621,-40849.930671,10933.176951,13042.888872,-2042.491320,0.000000,0.000000,0.000000,0.988590
531.253610,257.612896,-64.662025,27.505404,14.241342,-3.408641,0.000000,0.000000,0.000000,1.141112
-3394192.314424,-1216423.565091,1657854.488205,-169710.565148,-60821.198676,82892.707037,0.000000,0.000000,0.000000,0.830858
-3941.546149,-2965.501701,1829.843866,-197.840071,-147.953913,91.480684,0.000000,0.000000,0.000000,0.882321
30.975882,-5.576399,-32.266769,-0.050150,0.114105,-1.664781,0.000000,0.000000,0.000000,1.003544
1572682.780405,4664309.586664,2211161.430714,78633.078583,233215.415854,110558.053825,0.000000,0.000000,0.000000,1.090557
-55720903.521256,-26909445.416758,139564942.161546,-2786045.958080,-1345472.129566,6978247.083204,0.000000,0.000000,0.000000,1.117236
39.325089,33.672754,-70.232555,0.387992,2.041481,-3.734705,0.000000,0.000000,0.000000,0.921839
-117.098288,77.757765,-221.366545,-6.651897,4.341552,-11.044158,0.000000,0.000000,0.000000,1.064942
-9018.381479,-5777.715172,-1724.422902,-451.436657,-288.568951,-86.241909,0.000000,0.000000,0.000000,1.190728
189971592.050418,-35466323.563481,-3338498.962804,9498578.549436,-1773315.911964,-166924.964198,0.000000,0.000000,0.000000,0.978843
846.316556,70.321351,-3148.175068,41.174422,3.921566,-157.396520,0.000000,0.000000,0.000000,0.826292
-5218767.520887,2638258.822254,1266312.264104,-260939.522091,131913.063431,63315.618315,0.000000,0.000000,0.000000,1.161362
-86768880.962238,-29329593.326929,26038706.990728,-4338444.874679,-1466479.629957,1301935.355528,0.000000,0.000000,0.000000,1.090252
14.041888,17.257209,-53.024339,0.253546,0.851506,-2.739753,0.000000,0.000000,0.000000,1.169779
82106452689876.750000,818731648801448.500000,-457794130393440.812500,4105322634492.853516,40936582440072.546875,-22889706519672.039062,0.000000,0.000000,0.000000,1.075259
40.936283,5.948504,-2.383498,0.442894,0.450075,-0.221928,0.000000,0.000000,0.000000,0.824259
-10075.658535,-17011.023234,-1479.523679,-505.149935,-850.894120,-73.973760,0.000000,0.000000,0.000000,0.962516
7908549.101528,2575614.459660,-16881764.615908,395426.471427,128780.689926,-844088.207667,0.000000,0.000000,0.000000,1.199109
2170.428342,-6751.799047,-6501.302978,108.166382,-337.286344,-325.060877,0.000000,0.000000,0.000000,0.923813
10617.179409,-22240.675446,-5608.444862,538.448527,-1129.315927,-284.703757,0.000000,0.000000,0.000000,1.146033
-14813.441853,-4463.455626,-6491.074754,-741.232315,-222.933112,-324.556667,0.000000,0.000000,0.000000,0.909728
2328061.349003,-548387.438143,5874357.226047,116401.961929,-27419.362118,293717.863494,0.000000,0.000000,0.000000,0.994752
33.746465,-17.498935,-15.622292,0.473080,-0.629104,-0.722083,0.000000,0.000000,0.000000,1.092672
54.876164,-8.936246,5.699654,1.527396,0.150852,0.246177,0.000000,0.000000,0.000000,0.917199
-3048.017283,-613.713573,-268.613082,-153.558663,-31.224238,-13.405696,0.000000,0.000000,0.000000,0.970720
-640.113460,-68.806713,2557.616405,-33.140132,-3.034186,127.866545,0.000000,0.000000,0.000000,1.009326
1060105.431498,430292.276698,-396552.110036,53004.826687,21514.892716,-19827.619904,0.000000,0.000000,0.000000,0.820667
463.766534,689.650336,14.980565,22.336373,34.470487,0.764065,0.000000,0.000000,0.000000,1.157497
-294.634989,899.289032,57.781736,-15.658244,44.627577,2.876580,0.000000,0.000000,0.000000,1.095574
-204339.210953,11324.692257,-17760.743901,-10217.893531,566.239579,-888.027999,0.000000,0.000000,0.000000,0.984745
-1364277.375440,218564.720422,-629132.992238,-68214.710657,10927.864513,-31456.665042,0.000000,0.000000,0.000000,1.051727
6.350090,8.200784,-6.236854,-0.195463,0.448263,-0.387831,0.000000,0.000000,0.000000,1.135512
74247935.709599,-156857275.325885,-169790188.552227,3712395.928736,-7842863.884529,-8489509.431881,0.000000,0.000000,0.000000,0.965913
736.367689,1404.795748,-251.146537,35.663891,70.040043,-12.533980,0.000000,0.000000,0.000000,0.878008
263789.409935,865864.347204,-407506.749248,13188.609902,43292.905367,-20375.333166,0.000000,0.000000,0.000000,0.923908
8.554682,10.819402,9.603158,-0.020419,0.505540,0.583067,0.000000,0.000000,0.000000,0.969764
-26508.907229,-9739.675121,-4580.213388,-1326.354348,-486.932778,-228.994010,0.000000,0.000000,0.000000,0.944591
40.374916,-24.561834,-43.299923,0.866529,-0.955583,-2.354841,0.000000,0.000000,0.000000,0.809814
17.500154,6.802376,-19.577086,0.005571,0.957950,-1.124944,0.000000,0.000000,0.000000,1.155113
287.279979,-268.449542,201.749312,13.232743,-12.832430,10.073965,0.000000,0.000000,0.000000,1.029983
1160.008014,624.664447,5030.801720,57.059824,31.605838,251.539582,0.000000,0.000000,0.000000,0.835258
-6491.927626,1512.020766,-5091.733122,-328.328217,76.094113,-257.132308,0.000000,0.000000,0.000000,1.066468
969.088177,153.100919,2514.758988,47.655307,7.894291,125.717291,0.000000,0.000000,0.000000,1.169296
156793541.233128,137272617.469460,55722153.192295,7839676.021106,6863630.764583,2786107.648340,0.000000,0.000000,0.000000,1.119005
-261.376367,-194.672116,-334.944898,-14.240524,-10.057771,-17.238685,0.000000,0.000000,0.000000,1.038952
-65.131534,-694.576505,17.530967,-4.383831,-34.108926,0.862033,0.000000,0.000000,0.000000,1.176150
-2154229.578950,62657371.583562,19898503.642439,-107712.240889,3132868.057900,994925.186764,0.000000,0.000000,0.000000,0.902790
662628.897466,162154.697558,278690.683157,33130.391434,8107.733425,13934.546984,0.000000,0.000000,0.000000,1.051618
-8071934.414375,41307932.542416,18362734.957870,-403597.601579,2065396.573598,918136.725579,0.000000,0.000000,0.000000,0.905255
35.069973,18.953322,-8.941751,0.075429,1.149343,-0.490787,0.000000,0.000000,0.000000,0.893379
-24.614286,-8.608500,-10.131822,-1.711971,-0.249532,-0.505169,0.000000,0.000000,0.000000,1.000914
37386633.499639,-7678650.722275,-18835829.852749,1869330.612651,-383932.613942,-941791.486399,0.000000,0.000000,0.000000,0.982572
-69.573183,36.710763,-250.404444,-4.392385,1.580855,-12.498215,0.000000,0.000000,0.000000,1.056024
-71829.640920,-65204.883342,-115955.001058,-3704.053661,-3361.258901,-5977.021965,0.000000,0.000000,0.000000,0.809312
6548806574.775514,-1681269021.949856,-6370192257.276039,327440327.757520,-84063451.150615,-318509612.861072,0.000000,0.000000,0.000000,1.158956
11.103921,38.781836,107.346348,-0.288127,1.919609,5.354279,0.000000,0.000000,0.000000,1.156830
43.275347,7.241492,-0.925257,0.719303,0.818071,0.262877,0.000000,0.000000,0.000000,0.873434
16003.808749,-10932.147128,11332.661666,974.441900,-665.716499,691.116431,0.000000,0.000000,0.000000,1.153578
31.772079,-24.747803,-8.703030,1.072326,-0.790969,-0.767753,0.000000,0.000000,0.000000,0.970115
-145.461391,1830.996081,1540.835579,-8.404067,91.997380,77.044001,0.000000,0.000000,0.000000,0.894150
68.978089,214.513362,72.351597,2.738144,10.304967,3.612897,0.000000,0.000000,0.000000,1.177652
91.323452,-514.066069,1141.221725,3.681421,-25.709954,57.244772,0.000000,0.000000,0.000000,1.171372
55.074098,1.578665,-27.403808,1.459964,0.048694,-1.685339,0.000000,0.000000,0.000000,1.036042
4.747467,-19.396872,4.710635,-0.448036,-1.238760,0.222610,0.000000,0.000000,0.000000,0.920117
9.325395,-19.467932,-16.465325,0.061603,-1.165157,-0.905335,0.000000,0.000000,0.000000,1.041553
-3964.960651,3905.189109,-14757.540800,-199.519882,195.372464,-737.864045,0.000000,0.000000,0.000000,0.852513
6.410035,-16.951775,-20.804201,-0.695415,-0.706521,-0.994195,0.000000,0.000000,0.000000,1.121206
-17284.408847,-5052.905202,1553.108855,-865.426942,-252.079155,77.656433,0.000000,0.000000,0.000000,1.015589
-23579.998978,-48596.755960,-3676.052349,-1179.987488,-2429.519519,-183.787724,0.000000,0.000000,0.000000,0.852184
-147945088042.160492,8781599223.418940,148425229717.483521,-7397254403.024995,439079961.575216,7421261485.886341,0.000000,0.000000,0.000000,1.041386
43.577122,5.668587,-5.132279,0.514920,0.574315,-0.340684,0.000000,0.000000,0.000000,0.842234
5820760436.541916,4617903034.925190,1578313485.696747,291038020.689633,230895151.276838,78915674.286216,0.000000,0.000000,0.000000,0.891092
5020.433458,2346.432892,-2429.044604,249.460723,116.925093,-121.456457,0.000000,0.000000,0.000000,1.156470
76.195855,-38.062043,17.424577,2.227906,-1.537169,0.899447,0.000000,0.000000,0.000000,0.940498
8343.718924,14984.797434,-55431.852908,416.292288,749.224523,-2771.575430,0.000000,0.000000,0.000000,1.099871
350.248979,-528.667037,-84.555077,20.151476,-33.581440,-5.234885,0.000000,0.000000,0.000000,0.935047
-743674421.151681,-871677674.959314,310132226.642345,-37183722.139861,-43583884.204069,15506611.348070,0.000000,0.000000,0.000000,1.082900
1312.315434,182.363360,-778.474637,64.431722,8.574336,-38.901013,0.000000,0.000000,0.000000,1.048884
75665.382871,-31428.990417,-58420.700256,3819.969815,-1587.709629,-2950.536609,0.000000,0.000000,0.000000,1.160611
-27.329036,-53.566757,76.629586,-2.118921,-2.344884,3.861098,0.000000,0.000000,0.000000,0.880410
3777.899517,-3442.668975,4120.346459,187.890864,-171.409337,206.025210,0.000000,0.000000,0.000000,1.082227
2.041120,217.543274,-20.267535,-1.359626,12.213105,-0.462793,0.000000,0.000000,0.000000,0.888692
-4430038.752675,495152.939874,9754482.947966,-221502.962811,24757.617513,487724.136084,0.000000,0.000000,0.000000,0.839384
-2132.850003,-323.343628,278.539550,-108.680296,-16.823448,14.096711,0.000000,0.000000,0.000000,1.170744
396.630738,432.404255,-724.543718,18.477541,21.548528,-36.218793,0.000000,0.000000,0.000000,1.082462
13820724.606518,-8256070.873798,19809714.053646,691035.204802,-412803.523588,990485.683088,0.000000,0.000000,0.000000,1.158045
67123.090252,254012.271277,70411.833982,3355.203221,12700.623586,3520.601346,0.000000,0.000000,0.000000,0.914463
-999.474120,-709.748043,-545.920179,-51.223720,-35.359295,-27.271696,0.000000,0.000000,0.000000,0.975595
487345.562055,274246.847604,-204469.297352,24365.803597,13712.678316,-10223.446467,0.000000,0.000000,0.000000,1.006657
11338188.134605,-4811199.695550,1570868.960482,566908.418845,-240559.909408,78543.467657,0.000000,0.000000,0.000000,0.863205
10.903976,16.744846,-8.491476,-1.056175,0.313757,-0.714461,0.000000,0.000000,0.000000,1.032604
-362.557417,-469.889778,1220.876874,-19.053079,-23.579849,61.034167,0.000000,0.000000,0.000000,1.136900
-3145641.697793,5984175.769702,3885564.526516,-157283.134955,299208.762524,194278.203327,0.000000,0.000000,0.000000,1.181825
213147.374998,-2473279.226493,3492949.521803,10656.314567,-123663.963329,174647.452805,0.000000,0.000000,0.000000,1.109992
-0.119330,-74.779076,190.500977,-0.759212,-3.279934,9.515587,0.000000,0.000000,0.000000,1.163210
324.631248,813.390035,76.852342,14.892086,41.273173,3.829088,0.000000,0.000000,0.000000,0.924382
31.838698,-5.881489,-18.484658,0.637865,0.196242,-1.089985,0.000000,0.000000,0.000000,0.973842
-453.199895,133.244388,375.751909,-24.223862,6.857837,19.197012,0.000000,0.000000,0.000000,1.174824
-12335228.059140,3408230.305846,2341372.414259,-616762.394737,170411.539996,117068.628700,0.000000,0.000000,0.000000,0.819035
8127501.688534,22519848.200987,-13858438.245681,406374.667254,1125992.174973,-692921.915030,0.000000,0.000000,0.000000,0.849943
-139589.448400,41229.135089,19558.091277,-6980.510305,2061.398974,977.889591,0.000000,0.000000,0.000000,0.976608
57167.006076,91135.175153,3206.747690,2857.100936,4556.847497,160.329973,0.000000,0.000000,0.000000,1.013698
42813.338851,19107.887928,95831.200212,2150.472409,960.498047,4815.609473,0.000000,0.000000,0.000000,1.067462
-102.115110,-90.432995,44.953213,-6.330462,-4.277577,2.255369,0.000000,0.000000,0.000000,1.114062
-561.279096,-870.689177,343.932460,-28.908592,-44.241675,17.296920,0.000000,0.000000,0.000000,1.066148
-328.854574,345.534369,3653.630309,-17.939919,17.428567,182.675875,0.000000,0.000000,0.000000,0.817497
-1163783.722728,557121.569095,-659765.534900,-58190.527005,27856.020388,-32988.291305,0.000000,0.000000,0.000000,0.983076
-87461.341711,12628.380258,139028.815504,-4374.336332,631.543501,6951.418874,0.000000,0.000000,0.000000,1.197002
25.723296,6.879226,-1.860649,-0.216130,-0.227126,0.024522,0.000000,0.000000,0.000000,0.942361
35.477907,11.656613,-14.971620,0.224113,0.800759,-0.734164,0.000000,0.000000,0.000000,1.104817
14589.250164,3229.567666,11655.569881,728.464086,161.337950,582.768236,0.000000,0.000000,0.000000,1.156099
48.338932,-54.008319,-16.000259,1.647963,-2.893559,-0.811187,0.000000,0.000000,0.000000,0.836249
60.686223,126.682224,58.337409,1.799696,6.272748,2.949538,0.000000,0.000000,0.000000,0.906427
1965.819458,3077.208113,3421.488751,97.417221,153.945547,171.078055,0.000000,0.000000,0.000000,0.936325
8406.424835,3830.274350,683.347942,419.047920,191.604935,34.166554,0.000000,0.000000,0.000000,0.962051
-31851.537987,-83491.888976,10436.825885,-1593.554176,-4174.477861,521.844775,0.000000,0.000000,0.000000,1.075549
373.672301,463.517932,-211.610278,17.306642,22.752375,-10.564658,0.000000,0.000000,0.000000,1.034069
-5349.456290,-39137.744105,-4403.958245,-271.005554,-1976.745760,-222.325319,0.000000,0.000000,0.000000,1.176354
13356.558708,5033.316408,3505.381736,667.083946,251.886513,175.276513,0.000000,0.000000,0.000000,1.024877
78.718229,15.949435,-50.502061,2.689823,0.629868,-2.576515,0.000000,0.000000,0.000000,0.982953
1297.991369,1916.896714,-1194.113527,63.802927,96.118386,-59.684145,0.000000,0.000000,0.000000,1.150424
13.462980,-72.969529,-51.303470,0.076539,-3.185254,-2.542641,0.000000,0.000000,0.000000,1.126163
-22484867.121591,502181.533503,20505745.872038,-1124244.299021,25109.255434,1025287.297637,0.000000,0.000000,0.000000,0.844411
-2110.053681,-3997.066734,-24387.026048,-106.702057,-199.206684,-1219.346277,0.000000,0.000000,0.000000,1.036014
-31614.006908,-100990.562707,7199.801319,-1581.938030,-5049.423062,359.982848,0.000000,0.000000,0.000000,1.043285
13060.048655,213548.523717,-489470.329338,651.905709,10677.470727,-24473.513371,0.000000,0.000000,0.000000,0.988348
765950.965577,1150210.736945,686577.903261,38296.426933,57510.466919,34328.884669,0.000000,0.000000,0.000000,1.014765
128.404778,28.239597,49.139859,4.883907,1.252017,2.481325,0.000000,0.000000,0.000000,1.127865
2700387.729262,-1677975.169267,-70606.218554,135018.097001,-83899.220399,-3530.322506,0.000000,0.000000,0.000000,0.837587
-39822.129031,-41918.682132,-3779.769183,-2187.624574,-2303.376512,-207.733043,0.000000,0.000000,0.000000,1.198040
-247.120590,-126.026890,-114.536978,-12.915586,-6.171057,-5.704481,0.000000,0.000000,0.000000,0.872062
23821.824143,-33069.631003,282.108678,1190.539906,-1653.437593,14.110508,0.000000,0.000000,0.000000,0.835567
1645.839891,19707.455587,27939.737592,80.898079,984.734907,1396.969859,0.000000,0.000000,0.000000,1.050494
1.107013,12.500903,-21.829764,-0.256474,0.528745,-1.063958,0.000000,0.000000,0.000000,0.896114
19.142659,-2.911962,107.737925,0.063693,0.510886,5.363100,0.000000,0.000000,0.000000,1.006687
-1983.344643,897.663068,584.965611,-100.116981,44.956268,29.253587,0.000000,0.000000,0.000000,1.052623
338.010753,-1906.193150,167.009942,16.131310,-95.323672,8.330773,0.000000,0.000000,0.000000,0.972416
-785.912960,-1422.356634,-1793.845128,-40.323738,-71.193493,-89.677107,0.000000,0.000000,0.000000,0.927088
54.536699,59.333236,-168.601036,2.259392,3.379658,-8.427228,0.000000,0.000000,0.000000,1.063849
-300963736.617573,123651771.972846,126487414.437120,-15048188.288050,6182588.678193,6324370.720624,0.000000,0.000000,0.000000,0.814390
114.517725,33.548793,-157.213750,4.362653,1.725315,-7.915557,0.000000,0.000000,0.000000,1.084872
-45469.013796,-85846.711525,-248977.620977,-2525.744801,-4768.266306,-13832.062637,0.000000,0.000000,0.000000,1.102768
26.134260,48.113154,-17.290598,-0.149778,2.450188,-0.860218,0.000000,0.000000,0.000000,0.823580
-11360.114284,-16555.052528,352.162931,-569.644618,-828.062498,17.627050,0.000000,0.000000,0.000000,1.162363
-336112.682261,-368927.252674,-86851.690630,-16806.732818,-18446.478544,-4342.577751,0.000000,0.000000,0.000000,0.821384
1693892.117052,26685.701577,-642297.252863,85119.566470,1341.127435,-32276.231379,0.000000,0.000000,0.000000,0.876243
-861679.589249,-1290492.516458,-770571.033473,-43085.092798,-64524.683726,-38528.554989,0.000000,0.000000,0.000000,0.903588
1878.573653,7280.460134,3939.830083,92.933782,364.712825,197.003547,0.000000,0.000000,0.000000,0.992565
-12028.720558,22461.806161,16181.153405,-602.487899,1122.955528,809.039611,0.000000,0.000000,0.000000,1.050501
-12287793.939174,-11141581.667518,-7464678.791248,-614390.727417,-557079.727364,-373233.955647,0.000000,0.000000,0.000000,1.126806
-24739.130436,-77357.610117,37632.045552,-1238.156806,-3867.988208,1881.597038,0.000000,0.000000,0.000000,0.896502
826696620.606974,969036718.278417,-344776108.204187,41334829.942293,48451835.451044,-17238805.391846,0.000000,0.000000,0.000000,0.974140
2239309.573874,-656722.334214,276758.762217,111964.408300,-32836.116702,13837.927862,0.000000,0.000000,0.000000,0.913226
69072770119.968353,-51946938157.925919,-156141291835.482727,3453638504.757108,-2597346907.979971,-7807064591.781789,0.000000,0.000000,0.000000,0.945531
716.679362,-505.521546,-313.216925,34.459548,-24.913255,-15.655005,0.000000,0.000000,0.000000,1.186926
-22883082.860256,-215922.949271,-17571835.305316,-1144155.547149,-10796.160831,-878591.740364,0.000000,0.000000,0.000000,0.962127
15452.088568,4486.482372,-1403.925191,771.375614,224.883717,-70.193252,0.000000,0.000000,0.000000,1.140163
331.933742,745.420782,2052.658795,15.862371,37.241698,102.610909,0.000000,0.000000,0.000000,1.033141
28.825979,-7.283926,-19.051184,0.171391,-0.092277,-0.837281,0.000000,0.000000,0.000000,1.136733
430.503916,110.221515,212.917374,20.889417,5.102457,10.634132,0.000000,0.000000,0.000000,1.114637
413.944993,1175.967092,1738.035203,20.119168,60.972143,90.076706,0.000000,0.000000,0.000000,1.038443
44.194189,-4.511949,-1.668271,0.619145,0.052783,-0.059034,0.000000,0.000000,0.000000,1.193953
-33.341445,-210.354893,-235.588165,-3.276696,-11.010531,-12.150905,0.000000,0.000000,0.000000,1.192625
-1210.960887,1930.310137,-1912.767189,-60.923258,96.119834,-95.624863,0.000000,0.000000,0.000000,1.026543
143293.892771,-42326.161829,55088.013017,7163.672210,-2116.257487,2754.411476,0.000000,0.000000,0.000000,0.977905
-14124.077459,12693.163303,9061.744970,-706.771461,635.248818,453.087195,0.000000,0.000000,0.000000,1.157193
-56.551983,75.286719,472.999840,-4.090627,3.343483,23.643651,0.000000,0.000000,0.000000,0.958091
4.222859,-26.370260,-79.175613,-1.390939,-1.511528,-4.010127,0.000000,0.000000,0.000000,1.187200
8049.949666,36.927434,8070.066918,401.746354,1.786938,403.507622,0.000000,0.000000,0.000000,0.955924
36.469707,-7.091917,-10.609599,1.004419,0.059808,-0.485309,0.000000,0.000000,0.000000,1.177776
2132.118711,610.592023,1392.795967,105.820862,30.135201,69.978031,0.000000,0.000000,0.000000,0.943368
20435.037371,69612.407238,-2068.511553,1187.368992,4047.530077,-120.268215,0.000000,0.000000,0.000000,0.827079
2176997.016191,-64972123.921866,-20737992.450389,108849.088484,-3248606.706016,-1036899.614274,0.000000,0.000000,0.000000,0.870387
31.876066,30.357443,-1.461064,-0.075441,1.326979,-0.050502,0.000000,0.000000,0.000000,0.918610
27.905091,-39.191244,-18.567934,0.597948,-1.252399,-0.916175,0.000000,0.000000,0.000000,0.903879
-2475.459931,254.974754,8256.304691,-124.858501,12.527549,412.807344,0.000000,0.000000,0.000000,0.895362
17851.978305,7555.643981,3822.665592,891.669087,377.825163,191.146577,0.000000,0.000000,0.000000,0.889664
-20.301869,8.739723,-9.203214,-1.292840,0.383399,-0.850563,0.000000,0.000000,0.000000,0.968999
-513.692672,-288.537472,57.372552,-28.048634,-14.792145,3.078020,0.000000,0.000000,0.000000,1.013257
6608236.677802,-8977205.229692,-27021140.297112,330410.113112,-448860.327150,-1351057.016598,0.000000,0.000000,0.000000,0.821278
200444.935686,-622219.776810,395686.709795,10020.715736,-31111.105637,19784.313595,0.000000,0.000000,0.000000,0.988740
-35905.175439,-127729.709368,-325853.347859,-1795.677067,-6386.201161,-16292.656772,0.000000,0.000000,0.000000,0.961047
12.189148,-0.187529,-16.202375,-0.184163,-0.977019,-0.907706,0.000000,0.000000,0.000000,1.172275
6700142054.740279,4016112956.385358,-1124496491.136317,335007101.758114,200805647.908120,-56224824.547178,0.000000,0.000000,0.000000,1.068235
35.463797,-7.132661,-10.457520,0.641733,0.811087,-0.276892,0.000000,0.000000,0.000000,1.141943
103.477814,-2.987716,78.930999,4.045860,0.143845,3.932024,0.000000,0.000000,0.000000,1.138489
123805.787622,156226.925398,180818.978728,6189.621702,7811.660101,9040.941015,0.000000,0.000000,0.000000,0.949375
-518.368952,-1242.166310,-2176.895535,-28.182594,-64.304547,-112.745574,0.000000,0.000000,0.000000,0.845823
125.940485,11.939173,-22.549488,5.257286,1.224677,-1.129766,0.000000,0.000000,0.000000,0.914110
-126138.482452,2779410.153275,-3888157.543817,-6339.247568,139668.947131,-195384.784029,0.000000,0.000000,0.000000,1.062392
-43274.506470,-19438.615936,-97673.486537,-2175.541924,-976.508587,-4908.226005,0.000000,0.000000,0.000000,1.046150
4354.974156,-1270.272504,-553.431462,217.099015,-63.828968,-27.676172,0.000000,0.000000,0.000000,1.146327
40583.534183,55635.905098,34720.734974,2028.174962,2781.849057,1736.026658,0.000000,0.000000,0.000000,0.944161
21.556794,-15.761362,-12.877889,0.781226,-0.510889,-0.696103,0.000000,0.000000,0.000000,0.928885
50689.844855,6748.760839,-29560.288310,2533.580546,337.280374,-1478.012613,0.000000,0.000000,0.000000,1.154002
38.294425,-15.107513,-15.884291,0.259703,-0.730201,-0.856020,0.000000,0.000000,0.000000,0.901690
134.276601,1414.315789,209.181594,5.940917,70.657667,10.455024,0.000000,0.000000,0.000000,1.061761
12.117682,-0.601622,0.110547,-0.781965,-0.393257,0.096309,0.000000,0.000000,0.000000,0.981113
588142754.171426,1289845867.646680,-625169438.658173,29407137.085070,64492293.667439,-31258471.943330,0.000000,0.000000,0.000000,1.003691
-4237.908595,1306.286695,67010.486797,-213.256160,65.122383,3350.514636,0.000000,0.000000,0.000000,0.854357
29.908675,-18.035934,-21.213868,0.594945,-0.361702,-1.284938,0.000000,0.000000,0.000000,1.171669
-17301.204500,-18175.388709,-20581.349209,-870.951540,-913.213225,-1034.255275,0.000000,0.000000,0.000000,0.809294
48378.730950,103328.130599,-37836.725769,2417.969376,5166.420469,-1891.847709,0.000000,0.000000,0.000000,1.177510
-39164.309212,115560.979275,-10988.366242,-1969.449301,5806.986824,-552.151194,0.000000,0.000000,0.000000,0.938571
299411353.408388,417699085.231021,951349836.692255,14970566.691995,20884954.203403,47567491.823790,0.000000,0.000000,0.000000,0.965873
-2069883.758704,5586370.200768,28992448.936531,-103495.109422,279318.465366,1449622.438969,0.000000,0.000000,0.000000,0.806254
1665.533433,-318.076200,2859.728172,82.735195,-16.458757,142.963111,0.000000,0.000000,0.000000,1.197061
-311068.393293,-943298.534974,-751445.467219,-15554.629511,-47165.103455,-37572.267698,0.000000,0.000000,0.000000,0.972570
10608.316302,9893.497724,2124.631642,529.240499,494.787267,106.236015,0.000000,0.000000,0.000000,1.066617
-15270.558700,-9063.914513,-7279.438355,-764.170222,-453.785727,-363.966133,0.000000,0.000000,0.000000,0.827217
4571285.985574,1570849.965400,1044944.145680,228563.490585,78541.788195,52247.196805,0.000000,0.000000,0.000000,0.931572
330049707.190871,577238765.458390,-221513190.812091,16502484.062126,28861938.225542,-11075659.558541,0.000000,0.000000,0.000000,1.015864
27.952704,77.943666,56.836570,0.208504,3.709097,3.105929,0.000000,0.000000,0.000000,0.865683
-63934.185525,387972.661478,305053.687034,-3197.488587,19398.542910,15252.690486,0.000000,0.000000,0.000000,0.964410
-9005.609006,4455.586293,-16242.859631,-451.089332,222.991578,-812.130749,0.000000,0.000000,0.000000,0.921414
31287.433112,-17331.876171,16922.024443,1563.238448,-866.610297,846.083643,0.000000,0.000000,0.000000,1.165302
-3257.967377,5309.863555,62020.940005,-163.758512,265.913813,3101.029513,0.000000,0.000000,0.000000,1.147375
44.788490,-12.050791,-36.640595,0.945471,-1.132000,-2.232236,0.000000,0.000000,0.000000,0.905243
-8551.250545,1452.924913,325.603532,-428.746871,72.464998,16.285725,0.000000,0.000000,0.000000,0.887778
5789.198091,19139.912679,-3604.484253,288.178635,956.611101,-180.209993,0.000000,0.000000,0.000000,0.882672
-143.550405,635.994940,449.959322,-7.846423,31.741796,22.477297,0.000000,0.000000,0.000000,0.929124
40.850822,45.053442,113.417578,1.186511,2.418474,5.648119,0.000000,0.000000,0.000000,0.872177
3294.794070,8747.842786,2784.181356,163.922913,437.581819,139.213511,0.000000,0.000000,0.000000,0.809480
263208.700842,13551.969212,-238332.460357,13158.929593,677.419451,-11916.631677,0.000000,0.000000,0.000000,0.852665
122.768329,67.396749,136.452630,4.431165,3.503869,6.816210,0.000000,0.000000,0.000000,0.818536
-899.338230,209.887322,720.619112,-46.404000,11.017048,36.007151,0.000000,0.000000,0.000000,1.140288
22777.280034,82398.355226,-37054.311394,1137.658007,4119.792212,-1852.712125,0.000000,0.000000,0.000000,0.833555
-11783.760661,24844.495589,6235.043392,-598.645439,1260.774234,316.483501,0.000000,0.000000,0.000000,1.027351
268635969.270559,-113219134.903408,-116372472.700204,13431796.997338,-5660956.661914,-5818623.632452,0.000000,0.000000,0.000000,0.895092
-4738266190.873237,-3758545192.284025,-1284342012.322648,-236913310.674969,-187927260.078740,-64217100.613085,0.000000,0.000000,0.000000,1.094618
-2023.222340,-14749.179445,-43975.407188,-101.886678,-737.183774,-2198.773505,0.000000,0.000000,0.000000,0.964641
64548.926560,203105.014086,-31349.032851,3226.338796,10155.353512,-1567.466813,0.000000,0.000000,0.000000,1.088460
44.472313,81.344445,-86.980666,1.764982,4.344752,-4.360343,0.000000,0.000000,0.000000,0.872413
-26497.678548,-110627.326034,60003.641213,-1325.812584,-5531.362771,3000.168044,0.000000,0.000000,0.000000,0.891384
-325.074402,635.977873,73.371906,-22.838437,40.572575,4.827054,0.000000,0.000000,0.000000,0.814934
-280365.035512,-14396.294934,253830.925084,-14019.743523,-719.993053,12691.525191,0.000000,0.000000,0.000000,0.800565
-31154.461291,21958.503313,5721.694122,-1558.779156,1097.957536,286.059839,0.000000,0.000000,0.000000,0.851082
1260.389499,-7921.989281,-8500.871948,63.067414,-404.013631,-433.678423,0.000000,0.000000,0.000000,0.802055
-164531.176019,-160601.393694,-42868.445539,-8227.562927,-8030.022079,-2143.405010,0.000000,0.000000,0.000000,1.030139
28.207414,-298.175867,-420.821986,0.367768,-14.835771,-21.427325,0.000000,0.000000,0.000000,1.053327
-10.564286,44.256646,71.255020,-1.402330,2.874988,3.893587,0.000000,0.000000,0.000000,0.829351
8518.919288,-813.044662,-3992.206432,424.542659,-40.313931,-199.609926,0.000000,0.000000,0.000000,1.191348
-1850417.049514,8908972.842365,318857.217368,-92521.614190,445448.418052,15942.842835,0.000000,0.000000,0.000000,0.964997
8414532.350996,16802362.046750,27593010.663842,420725.387361,840117.504293,1379650.526751,0.000000,0.000000,0.000000,0.832471
-2408.113692,-323.718869,3001.562161,-121.083344,-16.033302,150.063643,0.000000,0.000000,0.000000,0.859998
-352.938542,287.066427,361.103222,-18.212491,13.924016,18.034267,0.000000,0.000000,0.000000,1.189759
967.477960,205.649892,-608.150705,47.013950,9.810653,-30.392967,0.000000,0.000000,0.000000,0.837812
66523958.585400,6047407.502525,145824025.131080,3326197.432836,302370.276855,7291201.246725,0.000000,0.000000,0.000000,1.195844
-739.689483,-370.616663,-4743.506845,-37.919472,-18.153779,-237.150551,0.000000,0.000000,0.000000,0.907600
12530999.798934,25542921.044923,-718942.707216,626548.965624,1277146.060850,-35947.147135,0.000000,0.000000,0.000000,1.175978
-1565.090527,-1079.102588,248.906717,-79.769294,-54.215235,12.438145,0.000000,0.000000,0.000000,0.918034
-15759.981176,10786.024953,-11216.578140,-962.355177,658.549041,-683.823455,0.000000,0.000000,0.000000,1.162965
-211881127.473897,-185489644.056492,-75287140.620468,-10594057.406537,-9274482.304967,-3764357.039560,0.000000,0.000000,0.000000,0.828171
1660787.813640,-8000578.766696,-283201.333710,83038.626127,-400029.148726,-14160.084229,0.000000,0.000000,0.000000,1.074301
814.776868,634.523563,-256.497731,39.679792,31.362349,-12.832325,0.000000,0.000000,0.000000,0.828123
-1485.323726,-2820.696980,3822.747678,-75.106087,-140.796873,191.113526,0.000000,0.000000,0.000000,0.945933
-2997.177848,-4005.584937,12457.023225,-150.635802,-200.030635,622.844961,0.000000,0.000000,0.000000,0.871053
-248.291420,-31.714223,-213.326406,-13.239269,-1.258091,-10.675370,0.000000,0.000000,0.000000,1.006606
-22604.675527,-17873.935039,-14864.024023,-1154.582302,-912.572852,-758.272016,0.000000,0.000000,0.000000,0.891709
189.152089,133.449231,165.010088,9.732564,7.059128,9.008511,0.000000,0.000000,0.000000,0.802266
-9095132.879922,-5880696.722959,-11467793.539995,-454757.559658,-294034.879417,-573389.659000,0.000000,0.000000,0.000000,0.808057
24551.776198,-40919.976309,108316.915597,1226.763244,-2046.125388,5415.840411,0.000000,0.000000,0.000000,0.997179
0.087270,-6.504784,-12.470801,-0.682723,-0.407988,-0.849868,0.000000,0.000000,0.000000,0.826401
33497991.495006,7050339.625331,-10483896.205485,1674898.394632,352517.171397,-524194.819433,0.000000,0.000000,0.000000,1.092000
-77.403718,-120.440755,111.043401,-5.332292,-5.763511,5.525468,0.000000,0.000000,0.000000,1.064843
-365145.952204,1091887.164242,-3813740.396260,-18258.642176,54594.711874,-190687.011482,0.000000,0.000000,0.000000,0.822479
30760.427075,251069.446348,-6224.311894,1536.777917,12553.267420,-311.199805,0.000000,0.000000,0.000000,1.009438
5342.463729,-873.654695,3765.239187,265.893220,-44.244613,188.249777,0.000000,0.000000,0.000000,0.979089
2564.881760,3926.658055,-536.206216,128.419752,198.493713,-27.062547,0.000000,0.000000,0.000000,1.066492
-650.430780,-1192.405587,-424.731604,-33.966241,-59.873575,-21.240603,0.000000,0.000000,0.000000,0.981742
-67417397747.135780,50701997173.211899,152399267655.873657,-3370869888.595730,2535099858.575141,7619963382.780657,0.000000,0.000000,0.000000,0.968748
-10857.886100,-13406.112142,4265.521724,-544.288369,-670.303431,213.285258,0.000000,0.000000,0.000000,0.983512
88002194.968536,24524100.981534,-19052899.376444,4400108.911490,1226205.081966,-952644.959723,0.000000,0.000000,0.000000,1.084388
-92898406.654218,-76894163.882389,18754728.107324,-4644921.369447,-3844708.165840,937736.420668,0.000000,0.000000,0.000000,0.873257
-368.170335,3634.564975,27725.044812,-19.817296,181.715901,1386.246779,0.000000,0.000000,0.000000,0.816476
-185.798254,159.054189,170.638437,-10.525550,7.600179,8.626084,0.000000,0.000000,0.000000,1.047589
-68318.547161,-215149.282563,33832.770553,-3417.029229,-10757.343512,1691.620563,0.000000,0.000000,0.000000,1.027319
623.497215,-239.348804,-305.559784,30.097188,-11.421057,-15.270283,0.000000,0.000000,0.000000,1.173960
2983.501533,1964.501109,923.583292,148.011021,98.506320,46.188466,0.000000,0.000000,0.000000,1.044913
16.948981,16.720408,-3.926318,-0.214417,0.518048,0.021386,0.000000,0.000000,0.000000,0.914418
-637.042407,4706.682975,3951.626692,-33.575008,235.356940,197.558118,0.000000,0.000000,0.000000,1.174704
4820422.506009,664670.016904,1196907.220971,241019.644981,33233.582141,59845.360083,0.000000,0.000000,0.000000,0.964197
-15555.793203,2266.062742,29191.610935,-778.860301,112.681624,1459.564142,0.000000,0.000000,0.000000,0.803833
52237.576600,2454.000993,-7846.721192,2610.760162,122.476232,-392.318311,0.000000,0.000000,0.000000,0.974165
945.053281,181.802559,-756.253759,46.265081,8.928597,-37.788534,0.000000,0.000000,0.000000,1.077810
181310215.558583,-162977987.091349,-224914188.761407,9065509.320184,-8148899.172265,-11245709.441006,0.000000,0.000000,0.000000,1.142695
12967.791107,-26802.439083,-3342.076699,653.668658,-1353.979488,-168.855913,0.000000,0.000000,0.000000,0.969278
-6670295.959403,6200354.035098,-4078299.488392,-333515.766855,310017.663289,-203914.956467,0.000000,0.000000,0.000000,1.019335
777.642776,266.909800,250.453926,38.260127,12.868000,12.521869,0.000000,0.000000,0.000000,1.190436
-9.042536,41.492569,17.002780,-1.645873,1.433838,0.841914,0.000000,0.000000,0.000000,1.094258
1718.451709,2558.688107,-6761.078542,84.793984,128.585418,-338.040043,0.000000,0.000000,0.000000,0.907879
6300.679518,18034.484513,31954.291103,314.260038,901.836642,1597.704386,0.000000,0.000000,0.000000,0.928088
-13736.064929,-6027.468787,-4576.458771,-687.526248,-301.143814,-228.808937,0.000000,0.000000,0.000000,0.958425
-49480319.203764,-876357165.714078,-1388060115.716548,-2474016.938866,-43817858.316740,-69403005.774496,0.000000,0.000000,0.000000,1.021077
-7.253355,223.022243,-112.835759,-1.265441,10.669103,-5.663056,0.000000,0.000000,0.000000,0.887687
-349.057137,-470.890944,198.701749,-18.811870,-23.945571,9.940282,0.000000,0.000000,0.000000,0.970445
-9.159035,-84.079902,-147.537971,-1.576790,-4.717545,-7.632140,0.000000,0.000000,0.000000,0.988023
237692.104032,259875.140534,60297.209840,11883.494519,12993.628021,3014.864233,0.000000,0.000000,0.000000,1.172336
1243.342634,695.536760,-724.358808,61.003799,34.307817,-36.198483,0.000000,0.000000,0.000000,1.017928
-17.928760,-6.148667,6.239330,-1.952724,0.109782,0.406597,0.000000,0.000000,0.000000,0.873146
-26268813.706377,41624796.909147,-14744279.841066,-1313441.717478,2081239.837599,-737213.967990,0.000000,0.000000,0.000000,0.818163
98.907854,253.743502,-280.752468,3.956079,12.426943,-14.025275,0.000000,0.000000,0.000000,1.022176
0.266861,324.405535,177.595892,-1.090152,15.997863,8.904234,0.000000,0.000000,0.000000,0.982968
898.347298,-250.487013,-710.391961,43.457566,-11.996804,-35.526304,0.000000,0.000000,0.000000,1.031078
-1644.032490,-41638.395292,23109.907218,-83.347191,-2082.073231,1155.505277,0.000000,0.000000,0.000000,1.164925
-92.046932,-1829.453544,-1936.434230,-5.313755,-91.511369,-96.810671,0.000000,0.000000,0.000000,0.831382
81.159453,-63.942017,-41.460669,2.512255,-2.862737,-2.055529,0.000000,0.000000,0.000000,1.087354
23.149586,-15.517183,-27.518544,0.405755,-1.784121,-2.413079,0.000000,0.000000,0.000000,0.989456
194301372.791644,2277772099.319997,-2213186529.135763,9715067.246358,113888604.336667,-110659326.450702,0.000000,0.000000,0.000000,1.103315
-36386050.620644,7472303.660950,18326390.876167,-1819303.582582,373615.103006,916319.544616,0.000000,0.000000,0.000000,1.009699
-18874.926444,-34387.184154,-20492.613695,-944.707303,-1718.835387,-1024.605808,0.000000,0.000000,0.000000,0.923912
-10.466914,16.577568,-13.259476,-1.268327,0.694156,-0.644637,0.000000,0.000000,0.000000,1.013365
235958.346403,-1229043.846107,-64843.915291,11796.939891,-61452.272427,-3242.201682,0.000000,0.000000,0.000000,1.125743
26.676458,-2.692817,-10.989086,-0.411678,0.167838,-0.604393,0.000000,0.000000,0.000000,1.192228
-2.469497,853.179303,-782.316438,-1.026511,42.783028,-39.102640,0.000000,0.000000,0.000000,0.911578
-33269142.642523,-7030835.560178,10391763.558701,-1663458.300697,-351541.585439,519588.165169,0.000000,0.000000,0.000000,1.099672
-8802.662213,8872.964335,5464.143761,-441.140571,443.603739,273.188301,0.000000,0.000000,0.000000,0.818657
-462.903468,-148.901515,-495.403113,-23.939491,-7.269328,-24.751100,0.000000,0.000000,0.000000,0.883056
26.872715,38.608925,36.120024,0.744333,2.361608,1.792627,0.000000,0.000000,0.000000,1.151102
723.546224,-127.750070,-807.182563,35.177343,-6.721847,-40.346497,0.000000,0.000000,0.000000,1.003370
134147.921029,1304352.951347,770882.176329,6706.466628,65217.803116,38544.084473,0.000000,0.000000,0.000000,1.075824
-98.810773,-48.214218,102.220881,-5.551290,-2.430155,5.094713,0.000000,0.000000,0.000000,0.806125
-33654815.804579,352709.637492,72338287.868760,-1682741.670585,17635.211124,3616914.389872,0.000000,0.000000,0.000000,0.827612
416.647188,-68.247724,95.850601,20.000751,-3.267527,4.787153,0.000000,0.000000,0.000000,1.144365
857.126844,-1305.386381,-1053.490632,46.499616,-71.586966,-58.146453,0.000000,0.000000,0.000000,1.032040
-345151.080859,289236.319073,17336.082090,-17258.185432,14461.789760,866.820185,0.000000,0.000000,0.000000,1.072494
2582478075.371416,224740984.437622,-704501950.426671,129123902.715803,11237049.963409,-35225097.530226,0.000000,0.000000,0.000000,0.824393
-103.075994,12.427612,-23.442075,-7.508696,0.361161,-1.312301,0.000000,0.000000,0.000000,1.118345
251503.337188,434104.787321,-297645.905223,12573.629467,21705.108812,-14882.307813,0.000000,0.000000,0.000000,0.880674
-1513.145160,-2305.575146,28083.445641,-77.064107,-115.975851,1411.172914,0.000000,0.000000,0.000000,0.942182
17992522.317557,23348826.953837,-64462598.079520,899625.299025,1167441.281241,-3223129.914279,0.000000,0.000000,0.000000,1.078415
-1682046952.362759,-7361039635.818904,-10886771297.275829,-84102348.500207,-368051981.829214,-544338564.874998,0.000000,0.000000,0.000000,1.061641
86496.551696,-46122.073062,-4188.541504,4323.462145,-2306.105479,-209.429163,0.000000,0.000000,0.000000,1.072066
17221.900267,17014.036167,20191.483390,863.865695,855.086838,1014.616368,0.000000,0.000000,0.000000,0.831722
-1017.099363,1148.628735,-2883.134485,-51.892917,58.163393,-144.142776,0.000000,0.000000,0.000000,1.021611
0.433902,-90.343594,-118.779928,-1.069658,-3.845066,-5.921369,0.000000,0.000000,0.000000,1.028821
-45238853.802821,51167035.717873,46844120.298623,-2261943.764256,2558351.830892,2342205.993209,0.000000,0.000000,0.000000,1.066508
3280426.126647,-151038.741085,-6738599.409074,164020.275377,-7551.965890,-336929.969090,0.000000,0.000000,0.000000,1.195953
8.611033,-16.439814,-5.657636,-0.054888,-0.706883,-0.450716,0.000000,0.000000,0.000000,0.841150
608.295637,-2385.906675,-866.633712,29.868766,-119.469729,-43.312359,0.000000,0.000000,0.000000,0.850637
-437.716066,-498.781583,-141.596727,-23.106836,-25.347814,-7.109367,0.000000,0.000000,0.000000,0.936637
-55.760874,-77.201007,172.525137,-3.192488,-3.485815,8.608672,0.000000,0.000000,0.000000,0.906809
-3774.871195,3974.008717,-900.958535,-189.655985,198.841120,-45.057476,0.000000,0.000000,0.000000,0.865894
60.723841,105.188845,-78.789478,1.985239,5.505796,-3.925163,0.000000,0.000000,0.000000,0.987967
-23.205007,75.781037,-80.171133,-1.492392,3.628649,-4.000323,0.000000,0.000000,0.000000,1.043584
180583.778386,1248158.986984,444303.094088,9027.979823,62407.384258,22215.156881,0.000000,0.000000,0.000000,1.044146
-106029287.094400,-46375638.806051,-44890872.321084,-5301465.479111,-2318781.467489,-2244543.591518,0.000000,0.000000,0.000000,0.920562
54.813104,-16.852658,139.302684,1.734011,-0.546448,6.947603,0.000000,0.000000,0.000000,1.040714
-3.083182,11.986344,-50.416243,-0.857449,1.089335,-2.726996,0.000000,0.000000,0.000000,0.811833
-17250368.056739,5521222.379636,1534522.006742,-862519.464635,276061.001667,76726.091669,0.000000,0.000000,0.000000,0.957313
-70879.831592,16852.536831,147187.808691,-3545.088848,842.634863,7359.375250,0.000000,0.000000,0.000000,1.095972
-16520229.936976,19380019.020765,18014335.009124,-826012.496944,969000.850366,900716.750259,0.000000,0.000000,0.000000,0.959278
38.749562,27.153142,-1.891981,0.442940,1.403089,-0.080885,0.000000,0.000000,0.000000,0.998823
81.212572,-3.189600,0.056917,2.563922,-0.111656,-0.015327,0.000000,0.000000,0.000000,1.141906
2.201914,-63.061596,-12.898889,-0.576274,-3.017724,-0.656607,0.000000,0.000000,0.000000,0.806500
20.413766,-2.876904,-10.177876,0.437929,-0.765088,-0.482107,0.000000,0.000000,0.000000,0.986759
19.707350,-28.233364,-13.608081,0.219053,-0.857223,-0.726776,0.000000,0.000000,0.000000,1.102423
342669.138015,-1027446.007017,3589686.596364,17132.110946,-51371.942531,179484.323624,0.000000,0.000000,0.000000,0.873852
-50.289043,22.124415,-94.482259,-4.362878,2.194578,-5.553678,0.000000,0.000000,0.000000,0.812619
-298873.241801,-989041.755124,468269.545888,-14944.518203,-49452.385035,23413.474665,0.000000,0.000000,0.000000,0.807618
-1066.702570,476.149146,615.555477,-54.299008,23.635617,30.787802,0.000000,0.000000,0.000000,0.820576
499.716192,975.039273,-407.794642,24.395130,48.483986,-20.467979,0.000000,0.000000,0.000000,1.027701
107.251252,-10.101836,-107.264349,4.279982,-0.863992,-5.345626,0.000000,0.000000,0.000000,0.934740
680079625.538927,-1175323752.548019,3677920937.539145,34003980.333709,-58766187.591181,183896046.856118,0.000000,0.000000,0.000000,1.178723
-21703.002842,4541.602042,-383.189733,-1086.170043,227.339573,-19.175276,0.000000,0.000000,0.000000,0.967271
14017484.619717,12709928.861217,8515405.028172,700873.191730,635495.791095,425770.229980,0.000000,0.000000,0.000000,0.987766
-262404105.145247,-3076133778.883173,2988850369.600880,-13120206.649968,-153806689.567418,149442518.480230,0.000000,0.000000,0.000000,0.816974
2171073303043.215088,2044258218332.694092,-1360494570553.882812,108553665150.763229,102212910916.391998,-68024728527.675629,0.000000,0.000000,0.000000,1.133103
-82573.586915,39076.288494,-223.362765,-4130.026961,1953.803162,-11.171131,0.000000,0.000000,0.000000,1.091993
-194616.230121,-1318015.421644,-472044.932933,-9732.018344,-65901.320990,-23602.239023,0.000000,0.000000,0.000000,0.988177
52.163053,42.943641,-20.053475,1.342474,2.383421,-1.001861,0.000000,0.000000,0.000000,0.817647
15519.385968,-2231.614972,-29100.065529,774.888038,-112.200724,-1454.999761,0.000000,0.000000,0.000000,0.806913
-2472019.380360,1536112.644288,64613.034932,-123602.245373,76805.162133,3230.639825,0.000000,0.000000,0.000000,0.914951
902252600.833589,-337166985.681273,855753002.762317,45112629.084594,-16858349.256210,42787650.114656,0.000000,0.000000,0.000000,1.073302
-155006.831896,119717.600452,-381933.295455,-7751.394875,5986.405503,-19096.662765,0.000000,0.000000,0.000000,1.114679
-52060.129921,248707.322977,352971.812399,-2603.423904,12435.641259,17648.585546,0.000000,0.000000,0.000000,0.813495
-742.091912,-243.745764,-661.366133,-37.853361,-12.465590,-33.051763,0.000000,0.000000,0.000000,0.993904
-7348.530635,-4332.448085,-10324.117825,-368.415924,-215.911313,-516.182174,0.000000,0.000000,0.000000,0.811627
28.340577,0.210379,-11.362371,0.199474,0.777107,-0.686457,0.000000,0.000000,0.000000,0.971544
0.796765,-21.613224,-70.801841,-1.513507,-1.601367,-3.668088,0.000000,0.000000,0.000000,0.828819
-0.954048,-49.523733,-50.939213,-1.410816,-2.317740,-2.533449,0.000000,0.000000,0.000000,0.843591
-3884046392.257850,-42526958.881451,1715369901.141039,-194202320.870156,-2126347.946960,85768495.075306,0.000000,0.000000,0.000000,1.009980
-566256.178465,-24095.085737,137675.084581,-28313.915054,-1204.093779,6883.740958,0.000000,0.000000,0.000000,1.165896
-2732.639493,1428.153230,2386.744906,-137.601380,71.715888,119.336143,0.000000,0.000000,0.000000,1.173099
-14042.024643,-4746.293866,-1823.262453,-702.900811,-237.079506,-91.156006,0.000000,0.000000,0.000000,0.980241
3046392.933239,1125230.621756,-1014885.588785,152318.683720,56261.505918,-50744.292255,0.000000,0.000000,0.000000,1.049528
-180495840.331464,162246188.085190,223904287.913618,-9024793.468736,8112309.581544,11195214.385820,0.000000,0.000000,0.000000,1.147849
-140760.095306,133384.222503,88253.260904,-7039.571504,6669.296536,4412.655463,0.000000,0.000000,0.000000,1.017479
-1003221968.991926,-219003613.422541,-3608346657.302700,-50161099.421919,-10950180.641907,-180417332.849567,0.000000,0.000000,0.000000,0.811464
1994.391226,-4185.951969,-1248.775979,98.991753,-209.316856,-62.435940,0.000000,0.000000,0.000000,0.816721
14221.509809,1425059.096553,-1164455.582647,710.094996,71252.616541,-58222.788206,0.000000,0.000000,0.000000,1.117804
-56675315.458413,74553140.964299,-58112947.063280,-2833766.706379,3727657.237503,-2905647.329196,0.000000,0.000000,0.000000,0.933819
-1912895253.684469,-236065660.312803,-2089277161.521832,-95644763.613053,-11803283.030776,-104463858.078725,0.000000,0.000000,0.000000,0.945291
632.581771,-563.061701,-277.812984,30.767589,-27.895835,-13.904585,0.000000,0.000000,0.000000,0.802871
-38306.799145,-315121.249053,5703.887127,-1916.581110,-15756.248731,285.209770,0.000000,0.000000,0.000000,0.804158
569353.749936,21512.455014,-132818.344430,28466.564573,1076.282566,-6640.926429,0.000000,0.000000,0.000000,1.159105
178408.823793,157785.305443,-412918.712436,8918.713713,7889.193671,-20645.921866,0.000000,0.000000,0.000000,0.947227
-390.737514,551.490720,-1083.922238,-21.364570,28.591848,-56.227604,0.000000,0.000000,0.000000,1.178009
-58.722574,15.579420,-23.118079,-3.494089,0.537189,-1.143198,0.000000,0.000000,0.000000,0.804628
1220.979223,1640.995321,-23293.651693,60.328161,82.342640,-1170.568093,0.000000,0.000000,0.000000,1.123032
-513556.380456,-250672.007583,-301384.569721,-25678.936753,-12534.058177,-15069.217437,0.000000,0.000000,0.000000,1.188309
4983342871.363362,3045511209.344697,-1008673050.090749,249167142.317667,152275560.637968,-50433652.514989,0.000000,0.000000,0.000000,1.051077
88.579466,-288.779485,503.844612,3.874314,-14.380898,25.169145,0.000000,0.000000,0.000000,0.835316
14.174260,16.813270,-2.557265,-0.550643,0.598195,-0.021005,0.000000,0.000000,0.000000,1.077266
-483970.589658,262354.032488,655571.060999,-24199.799412,13117.336228,32778.556634,0.000000,0.000000,0.000000,1.150362
108547.374005,41871.142410,-13586.793735,5426.302303,2093.594865,-679.324063,0.000000,0.000000,0.000000,1.104765
-121.875173,13.885878,-55.976939,-6.437102,0.362501,-2.782279,0.000000,0.000000,0.000000,0.862295
18100.355767,-102726.661419,-53087.283743,904.195308,-5136.099285,-2654.361585,0.000000,0.000000,0.000000,1.006393
-1518.800459,6140.631881,-8753.868372,-76.916025,306.964896,-437.670602,0.000000,0.000000,0.000000,1.078170
-98876.011936,-124838.567960,-144478.589446,-4944.459647,-6241.603676,-7223.924789,0.000000,0.000000,0.000000,1.188275
