x,y,z,vx,vy,vz,fx,fy,fz,mass
-27.462532,-3.708824,-0.208219,5.472334,-0.641817,-0.325721,0.000000,0.000000,0.000000,1.108544
198.511090,99.357654,-198.145442,433.427488,201.941243,-396.239614,0.000000,0.000000,0.000000,1.126065
-15.267664,-10.050502,-8.699528,8.121057,-24.067830,-16.181718,0.000000,0.000000,0.000000,0.994733
11090.693179,16362.653019,-18683.575370,22233.217164,32704.107387,-37366.347244,0.000000,0.000000,0.000000,0.822397
-3676.052052,-3718.426935,-4512.205441,-7310.567351,-7437.432766,-9023.992339,0.000000,0.000000,0.000000,0.898558
-23.892903,-14.844933,5.208449,-5.626599,-2.781654,9.734619,0.000000,0.000000,0.000000,0.846977
-25.642104,4.239447,0.251180,-0.217614,-0.228986,0.395412,0.000000,0.000000,0.000000,1.116249
5066.961673,3338.084759,-8605.415584,10187.235290,6673.267308,-17210.970126,0.000000,0.000000,0.000000,1.187704
-8.305993,4.439820,1.385026,5.077748,2.741376,6.150832,0.000000,0.000000,0.000000,0.950589
3074.676716,-227512.054869,414959.709158,6200.917156,-455045.813734,829919.125212,0.000000,0.000000,0.000000,0.818971
-10.356424,-0.680464,1.689000,-1.716700,-0.828991,2.311059,0.000000,0.000000,0.000000,1.167247
-13.652715,0.208359,3.224767,0.333864,2.419283,7.187187,0.000000,0.000000,0.000000,0.972061
-20.754726,-9.438774,-7.233797,-3.350990,-0.922875,-14.086637,0.000000,0.000000,0.000000,1.081818
675.003419,7038.521006,4795.349575,1389.009925,14075.379929,9591.042849,0.000000,0.000000,0.000000,0.989544
-12.604542,0.774849,-4.771046,2.038438,-3.513997,-8.262825,0.000000,0.000000,0.000000,1.158531
-19.159844,-7.050019,-0.595092,3.047119,-3.601743,-1.903367,0.000000,0.000000,0.000000,1.162612
-17.807870,-9.712016,0.141191,0.052665,-1.072030,0.897670,0.000000,0.000000,0.000000,0.916922
-27.324088,-18.202319,-3.828294,-0.569025,-13.770105,-8.041911,0.000000,0.000000,0.000000,0.931872
-279.821482,-19.722125,-115.150410,-519.996952,-40.808559,-229.449507,0.000000,0.000000,0.000000,1.092022
-9.532021,-1.066430,0.696659,0.274010,0.689162,0.493202,0.000000,0.000000,0.000000,1.076214
-11.555828,-8.959617,-4.370221,-2.813751,-11.569557,-10.046745,0.000000,0.000000,0.000000,0.867463
-11.338752,12.329436,0.713176,2.042120,0.966496,0.991917,0.000000,0.000000,0.000000,0.990617
-6.979867,-10.143328,3.548972,15.258864,-13.810892,7.696090,0.000000,0.000000,0.000000,0.852733
-14948869.526069,-822913.955484,21103663.306832,-29897697.588248,-1645828.815546,42207326.486542,0.000000,0.000000,0.000000,1.112751
-20.602592,2.759373,-1.302636,-0.557904,-1.643170,-1.906671,0.000000,0.000000,0.000000,0.971706
-33650.512792,-741861.804587,317582.829006,-67263.339027,-1483723.199617,635164.823304,0.000000,0.000000,0.000000,0.863572
-8.236215,-4.137729,-0.306064,1.292248,-2.203246,-1.235586,0.000000,0.000000,0.000000,0.901633
-9.514834,-4.609194,-3.303079,-1.794146,1.883932,-5.945381,0.000000,0.000000,0.000000,1.076310
-24.525906,10.435570,1.922257,8.872156,-1.289473,4.940386,0.000000,0.000000,0.000000,1.079740
-30.765555,1.182049,-1.379824,0.106894,2.806707,-2.017464,0.000000,0.000000,0.000000,1.131573
-1191.581566,-3595.126250,-9714.739869,-2356.955330,-7221.448270,-19545.535509,0.000000,0.000000,0.000000,0.949219
88.363494,-66.882668,-53.753175,204.703595,-128.444546,-106.990509,0.000000,0.000000,0.000000,1.028994
-158.512725,62.807938,337.643793,-265.256322,131.345876,675.035811,0.000000,0.000000,0.000000,0.888145
-12.529455,13.995846,13.754463,25.600927,38.263254,26.673573,0.000000,0.000000,0.000000,1.109194
-0.369287,-3.911556,-77.013038,33.724585,-10.326414,-153.487961,0.000000,0.000000,0.000000,0.870110
-29.215573,4.800359,-0.029684,-2.160164,2.526034,-2.386132,0.000000,0.000000,0.000000,1.027614
-19.868482,-4.277903,2.254222,7.615352,1.210439,3.942839,0.000000,0.000000,0.000000,0.878708
-11.455864,-11.617307,-0.061664,-0.011635,0.455794,0.184433,0.000000,0.000000,0.000000,0.932374
-18.093749,12.628891,-8.348063,5.261461,5.057230,-16.187642,0.000000,0.000000,0.000000,0.950720
2.056897,18.255648,-16.349020,33.986889,35.278860,-33.910165,0.000000,0.000000,0.000000,0.987029
-28.733744,-12.396645,0.322715,-0.208580,-0.261976,0.523092,0.000000,0.000000,0.000000,0.961445
-8.406512,-38.425255,44.674574,21.238704,-77.512755,89.606422,0.000000,0.000000,0.000000,0.803227
26476.296468,-28390.186719,-5810.786926,52993.622731,-56780.957567,-11621.422265,0.000000,0.000000,0.000000,0.945113
-26.083770,-1.831430,-6.186976,-3.357797,5.859344,-12.681462,0.000000,0.000000,0.000000,0.965340
-21.635918,7.834296,3.043850,-12.166049,2.730713,4.054016,0.000000,0.000000,0.000000,1.008691
1440.834868,8971.743017,8788.902860,2924.559006,17943.585495,17577.989223,0.000000,0.000000,0.000000,1.081289
-28.046968,68.982159,-6.645025,-28.560401,147.451544,-11.774404,0.000000,0.000000,0.000000,1.057274
-15.301757,-2.642292,16.455683,3.184849,-3.079641,30.236596,0.000000,0.000000,0.000000,1.011438
-19.664804,-8.320612,0.265016,-0.087234,-3.016050,1.197716,0.000000,0.000000,0.000000,0.948328
-12.335511,31.893691,2.133755,0.500433,59.498086,3.117810,0.000000,0.000000,0.000000,0.807111
-0.346360,51.659297,17.441831,11.629511,97.072030,35.072621,0.000000,0.000000,0.000000,0.979161
-25.049331,-9.195097,8.869106,-13.483851,-0.476583,17.458222,0.000000,0.000000,0.000000,0.944154
-30.981533,5.869975,-1.768495,-14.805871,-1.327262,-3.296603,0.000000,0.000000,0.000000,1.147512
-16.319452,-15.346420,20.810797,3.440191,-15.953683,41.835019,0.000000,0.000000,0.000000,0.814239
11.074806,33.808028,-73.635391,59.087506,61.903411,-146.474729,0.000000,0.000000,0.000000,1.163616
-31.611966,-6.845123,0.217036,0.429520,-0.153460,0.605892,0.000000,0.000000,0.000000,0.831347
-17.540543,10.029703,-1.066321,1.598962,-0.830073,-2.127065,0.000000,0.000000,0.000000,1.001711
-20.044070,-11.435650,-3.525399,0.561713,3.568871,-6.528412,0.000000,0.000000,0.000000,0.914952
-6.924707,-0.173099,0.008058,1.188437,0.922484,0.581439,0.000000,0.000000,0.000000,0.946323
4686.663094,-3453.625027,-784.033544,9434.586554,-6907.030372,-1569.956244,0.000000,0.000000,0.000000,0.867750
-29.906615,4.765201,-0.402235,1.632257,-0.436432,-0.677690,0.000000,0.000000,0.000000,1.115972
-31.390113,9.452132,-0.616183,-0.661891,-0.411588,-0.886828,0.000000,0.000000,0.000000,0.837142
184.464028,-121.401227,297.276687,400.478247,-241.847508,596.003197,0.000000,0.000000,0.000000,1.199553
-29.573783,2.896032,3.152605,-8.759120,-0.574038,9.989216,0.000000,0.000000,0.000000,1.074319
-18.862127,-2.726148,-0.131910,-0.383546,-6.370467,0.354080,0.000000,0.000000,0.000000,1.126542
-253.793617,-32.592141,-329.725236,-486.126219,-54.130078,-658.524834,0.000000,0.000000,0.000000,1.012272
-27.037179,7.272520,-0.202067,-0.377703,-0.145031,0.390915,0.000000,0.000000,0.000000,1.144267
-33.808737,4.935774,2.341700,0.560589,0.998907,4.962481,0.000000,0.000000,0.000000,1.073443
-13.176746,-3.661180,-4.989360,-6.846904,-2.542116,-12.049902,0.000000,0.000000,0.000000,0.995503
-20.848029,-5.645962,0.506664,2.057673,2.667892,3.233603,0.000000,0.000000,0.000000,1.112735
-30.874365,-3.661437,-0.251873,0.644596,0.023975,-0.817160,0.000000,0.000000,0.000000,0.843669
-21.208002,3.876840,-1.253589,0.967055,0.967733,-5.109118,0.000000,0.000000,0.000000,1.195338
-9872.112036,-227094.510719,141071.344606,-19697.855668,-454180.892336,282143.362138,0.000000,0.000000,0.000000,0.886178
1192.988234,5710.036308,8587.054294,2404.450743,11437.880157,17174.048707,0.000000,0.000000,0.000000,1.164964
-11.924622,8.987316,-0.852644,1.471272,-4.014327,-1.430555,0.000000,0.000000,0.000000,1.142623
-16.736757,-7.077870,1.556098,2.989331,-3.720439,2.580621,0.000000,0.000000,0.000000,0.942950
-25.569616,-16.523466,-7.137007,-7.763847,-27.174844,-14.695355,0.000000,0.000000,0.000000,0.804799
-16.750636,11.151494,0.109531,-0.666822,0.041400,0.818307,0.000000,0.000000,0.000000,0.954997
-28.138526,0.113829,0.378337,-0.074311,-0.805490,0.777472,0.000000,0.000000,0.000000,1.103109
8618.182538,5739.323085,1448.479701,17286.134149,11466.071359,2897.282583,0.000000,0.000000,0.000000,1.142902
79.694577,-53.348646,-286.068888,210.922373,-100.850192,-571.790350,0.000000,0.000000,0.000000,1.041734
-39.322962,-13.803757,9.673966,-9.600849,-32.786748,18.500363,0.000000,0.000000,0.000000,0.938065
-6.078792,9.030487,-12.429148,41.395910,4.842637,-24.985504,0.000000,0.000000,0.000000,0.988095
-25.451842,-0.783299,-1.093652,-2.048451,-1.023897,-1.410812,0.000000,0.000000,0.000000,0.905486
-24.739169,2.734774,-0.181279,-2.452894,2.092548,0.394962,0.000000,0.000000,0.000000,0.878215
-24.299196,-0.888351,3.479998,0.928165,-5.156478,7.022122,0.000000,0.000000,0.000000,1.181118
-7.960035,0.903002,-0.537043,3.300415,2.195860,0.259667,0.000000,0.000000,0.000000,0.959298
-20.781273,12.493730,-2.251094,-4.050326,1.959856,-6.073092,0.000000,0.000000,0.000000,1.194278
-12.341620,-7.857620,-1.647751,1.422455,0.893699,-2.415823,0.000000,0.000000,0.000000,0.892655
-756.592160,-159.345313,372.521458,-1471.370192,-322.348102,746.768281,0.000000,0.000000,0.000000,0.983172
-34.791644,-9.195224,19.202467,-14.213855,-14.038699,43.742477,0.000000,0.000000,0.000000,1.050169
-197.464032,315.563168,-279.963616,-353.630319,629.651858,-559.534935,0.000000,0.000000,0.000000,0.871078
-24.864236,1.010758,-62.831814,-9.502124,-2.821842,-126.350049,0.000000,0.000000,0.000000,0.837749
9803750.805672,-5350112.452657,-22788855.591514,19607536.507375,-10700212.501426,-45577710.876738,0.000000,0.000000,0.000000,0.951689
-16.995152,-9.975234,-3.956509,-1.511119,-1.669509,-7.969710,0.000000,0.000000,0.000000,0.950231
-26.328309,-9.949027,25.651150,-17.817013,-17.071911,51.542575,0.000000,0.000000,0.000000,0.871993
-43.711053,10.709573,6.361548,-36.773926,-6.282701,11.883209,0.000000,0.000000,0.000000,0.852751
-21.606252,8.363727,-54.578754,-6.347590,16.934786,-108.426780,0.000000,0.000000,0.000000,1.147153
-13.596686,-8.950222,-1.694866,-2.899740,-1.613191,-6.293493,0.000000,0.000000,0.000000,0.993805
-33.678372,-5.650047,-0.067014,0.154682,-0.094020,0.683118,0.000000,0.000000,0.000000,1.106077
-24.558705,10.665817,0.129010,-0.097108,0.218591,0.676191,0.000000,0.000000,0.000000,0.946183
-20.100388,-20.702204,21.334634,-1.714669,-41.897720,42.052898,0.000000,0.000000,0.000000,1.179822
-8891660.515034,14381353.145300,-17275362.126784,-17783294.467852,28762709.141064,-34550723.584740,0.000000,0.000000,0.000000,1.194290
-18.131558,-12.640576,0.017576,0.420152,-0.226464,0.410621,0.000000,0.000000,0.000000,1.180160
-18.486706,-6.483547,-0.767074,0.382474,-1.760535,-3.152889,0.000000,0.000000,0.000000,0.975946
-28.435747,3.517553,0.510687,-0.055848,0.178710,0.647435,0.000000,0.000000,0.000000,0.824101
-24.341013,3.961524,-0.477605,-9.754672,2.462292,-1.750848,0.000000,0.000000,0.000000,1.160362
31986.819302,1144.718615,-23020.277483,64019.877019,2265.950982,-46040.375087,0.000000,0.000000,0.000000,1.024294
-32.059796,14.415691,27.064647,-20.741031,16.568417,54.252801,0.000000,0.000000,0.000000,0.874086
2423.999168,3469.630083,-254.706839,4888.410694,6937.900697,-509.557133,0.000000,0.000000,0.000000,1.076029
-7.227907,16.181106,84.003704,28.244309,45.875606,168.040636,0.000000,0.000000,0.000000,0.973946
-13.837674,12.366021,-3.624187,1.120766,6.588211,-6.571319,0.000000,0.000000,0.000000,1.064150
-112.045354,-700.044433,317.685660,-175.448018,-1404.176555,635.973100,0.000000,0.000000,0.000000,0.923941
-32.006745,-4.604207,-2.910880,-5.568018,-6.509058,-7.619448,0.000000,0.000000,0.000000,1.122373
-17.820626,12.127193,2.002673,-2.175716,-0.538120,6.275926,0.000000,0.000000,0.000000,1.071131
-43.764013,-27.586112,49.644622,-38.663896,-55.480226,99.106284,0.000000,0.000000,0.000000,1.071878
-15.954999,-3.898813,-1.134888,3.311269,0.076472,-2.643151,0.000000,0.000000,0.000000,1.150206
-16.902727,-11.704778,1.673196,-0.657245,-2.096037,3.860289,0.000000,0.000000,0.000000,0.941464
78.408585,-190.751316,-88.300793,210.802290,-368.933019,-175.996294,0.000000,0.000000,0.000000,0.941387
152.445228,602.421666,198.300576,358.960657,1213.408819,397.216430,0.000000,0.000000,0.000000,0.967605
124.902528,51.045970,-215.518332,289.044835,100.082078,-430.130834,0.000000,0.000000,0.000000,1.026309
-13.079931,-18.025907,6.459251,27.088009,-51.453021,13.286039,0.000000,0.000000,0.000000,0.882430
-26.070146,11.989677,-0.531812,-4.444336,7.019217,-5.186284,0.000000,0.000000,0.000000,0.993582
-8.018795,-1.541361,-0.394152,5.355099,2.776594,-1.012395,0.000000,0.000000,0.000000,1.078578
-8.638985,-15.884730,9.702805,39.089953,-14.431054,18.670259,0.000000,0.000000,0.000000,1.011073
3232964138.680889,7560405526.244977,7005383617.118527,6465928302.903232,15120811045.240349,14010767233.650768,0.000000,0.000000,0.000000,0.860433
-19.142909,10.513486,-0.050611,-0.094674,-1.029543,0.357254,0.000000,0.000000,0.000000,0.817714
1471.176280,53105.592374,14520.434960,2954.517282,106207.569793,29041.286753,0.000000,0.000000,0.000000,0.821193
-6.704750,4.518437,1.118785,3.626244,-2.005568,2.421504,0.000000,0.000000,0.000000,1.096169
-6.165086,-5.599002,0.387064,-0.199121,0.093069,0.622909,0.000000,0.000000,0.000000,0.984807
-27.054159,-12.483890,-1.059053,-2.195839,-1.171685,-1.368265,0.000000,0.000000,0.000000,1.022588
-5.439505,0.639873,0.675222,-0.055943,0.451770,0.269379,0.000000,0.000000,0.000000,1.196130
5349.249781,3536.137084,3643.115245,10738.944754,7073.811127,7285.554886,0.000000,0.000000,0.000000,0.879180
-227.303581,-709.823997,-2596.694256,-408.176031,-1445.347849,-5193.435062,0.000000,0.000000,0.000000,1.108554
-25.616000,12.033753,0.745826,0.926138,2.593189,3.731843,0.000000,0.000000,0.000000,1.056726
-26.454272,-4.000174,18.366420,-3.351105,-23.714583,39.015432,0.000000,0.000000,0.000000,0.886343
-39.564759,24.688828,-22.489425,-47.031262,32.431501,-46.077424,0.000000,0.000000,0.000000,1.186292
-26.450670,-8.385145,-7.935462,-21.266754,-3.766363,-15.389114,0.000000,0.000000,0.000000,1.016252
1.923220,12.773587,-22.450545,41.258407,21.463176,-44.656495,0.000000,0.000000,0.000000,1.054678
-12412.530362,12873.164182,7845.961008,-24785.086351,25752.537867,15691.245377,0.000000,0.000000,0.000000,1.098557
-128418.787178,18892.345805,68572.137025,-256799.572968,37784.783320,137143.380148,0.000000,0.000000,0.000000,1.112295
-18.864149,-8.666291,-12.838457,6.830038,-13.495044,-25.835210,0.000000,0.000000,0.000000,1.155625
-1.009918,26.371552,-14.883196,50.555660,48.524970,-34.520622,0.000000,0.000000,0.000000,0.995605
-8.774097,7.818734,-0.038280,-0.224643,0.370127,0.594686,0.000000,0.000000,0.000000,0.925170
-13.137342,10.900074,-3.130866,8.470445,10.112516,-7.164786,0.000000,0.000000,0.000000,0.822204
-22.549260,-10.635285,-0.582030,0.566389,-4.340371,-0.573317,0.000000,0.000000,0.000000,1.073643
-19.524778,9.082735,-1.562604,-11.548589,6.566139,-2.595974,0.000000,0.000000,0.000000,0.872427
-27.505587,-22.424689,-14.369159,-15.683502,-44.936576,-28.580347,0.000000,0.000000,0.000000,1.061290
-13.556327,-10.943680,0.133572,0.167520,0.642802,0.149436,0.000000,0.000000,0.000000,1.176053
-21.132765,-1.900440,-0.312115,2.446081,3.258094,-0.070704,0.000000,0.000000,0.000000,1.129608
17910.312068,15245.120777,11970.834152,36087.194641,30668.730050,24086.010039,0.000000,0.000000,0.000000,1.112493
-25.617616,-10.535299,1.585076,-3.720048,-4.354235,2.087731,0.000000,0.000000,0.000000,1.071082
-26.582832,-10.658335,0.795883,-0.747512,-1.296176,0.653237,0.000000,0.000000,0.000000,1.075690
-10.277670,-2.822693,2.500917,1.892663,-0.923773,4.397772,0.000000,0.000000,0.000000,1.097371
-12.199172,3.427031,0.288035,-0.441598,1.112514,0.540138,0.000000,0.000000,0.000000,1.191502
-346745.017262,-60796.672649,-70419.084383,-693449.738244,-121590.656378,-140838.262545,0.000000,0.000000,0.000000,0.803348
-31.230712,14.618410,-9.695572,6.240301,23.038170,-20.322953,0.000000,0.000000,0.000000,1.108765
-24.901044,-9.121784,0.405326,1.760968,0.732128,-0.030058,0.000000,0.000000,0.000000,0.960094
-16.610746,1.508092,2.609375,-6.404459,-5.459935,4.288293,0.000000,0.000000,0.000000,1.083925
-555.213661,-937.139115,355.523236,-1083.436032,-1887.995659,713.328604,0.000000,0.000000,0.000000,1.098847
-16.796185,2.951968,-0.215728,-0.179892,0.281036,0.540932,0.000000,0.000000,0.000000,1.059239
-32.705653,-20.431894,12.716343,-31.838676,-46.991449,26.417987,0.000000,0.000000,0.000000,0.969303
123.453400,-1178.385516,-1954.895938,290.510182,-2334.228054,-3909.830687,0.000000,0.000000,0.000000,1.140464
-11.054556,-10.824210,-0.039748,-0.183884,0.169193,0.528714,0.000000,0.000000,0.000000,1.136952
-30.387404,-5.576740,-1.441956,-4.601932,5.632740,-2.761030,0.000000,0.000000,0.000000,1.129021
-33.110395,5.794708,-0.489254,-2.261768,-0.376596,-0.527807,0.000000,0.000000,0.000000,1.174275
-25.881623,6.564703,15.917751,-27.146506,14.690701,33.461357,0.000000,0.000000,0.000000,0.892747
488.083701,-283.532668,2809.743601,1019.047809,-595.520640,5619.102493,0.000000,0.000000,0.000000,0.991313
90.760044,105.924278,82.868164,222.375697,229.290600,165.343349,0.000000,0.000000,0.000000,1.040638
-13.023992,1.204889,-0.150961,-0.357332,0.090653,0.282119,0.000000,0.000000,0.000000,1.107347
-1360.884743,1098.553542,1015.073198,-2677.797512,2219.337789,2029.831627,0.000000,0.000000,0.000000,1.160856
-18.067669,-13.545768,-0.203518,0.143963,0.400269,0.653391,0.000000,0.000000,0.000000,1.006083
-13.222250,-6.098543,0.444113,0.457448,-0.620519,0.356961,0.000000,0.000000,0.000000,0.950264
2.012994,-2.462021,11.454153,31.996534,-10.345575,23.489959,0.000000,0.000000,0.000000,1.002828
-24.832096,11.401114,0.552841,-0.291863,0.027385,0.364570,0.000000,0.000000,0.000000,1.126099
-12.193365,-10.492986,-0.637861,-0.544145,0.525756,-0.698128,0.000000,0.000000,0.000000,1.083911
104338.790441,-80694.611806,2060.384893,208730.931997,-161403.540310,4120.016688,0.000000,0.000000,0.000000,0.960880
-1477.446626,290.152338,388.748493,-2911.389399,576.232656,776.850350,0.000000,0.000000,0.000000,0.808571
-34.333279,-4.412544,6.839720,-2.039689,-7.014029,13.935043,0.000000,0.000000,0.000000,1.187454
-11.909203,5.623918,3.672012,-4.083426,4.047597,6.864734,0.000000,0.000000,0.000000,0.916252
9.702401,19.303628,-32.491091,44.679230,27.394031,-65.082832,0.000000,0.000000,0.000000,0.840400
7392.259455,-6696.444857,2155.180054,14825.946780,-13391.742870,4310.968295,0.000000,0.000000,0.000000,0.907398
-10.726774,0.244731,-0.077631,-0.969651,4.800198,-0.466186,0.000000,0.000000,0.000000,0.809587
-29.756191,-11.412682,-0.230045,0.221012,-0.466422,0.349191,0.000000,0.000000,0.000000,0.847782
306.595002,-38.715396,-295.951822,646.639142,-83.869728,-594.429107,0.000000,0.000000,0.000000,1.180275
-9917.326032,-6555.520846,-1657.611346,-19784.482753,-13123.351019,-3314.832442,0.000000,0.000000,0.000000,0.998614
-49.838662,-1.960401,-3.242223,-51.604602,-0.314267,-6.049731,0.000000,0.000000,0.000000,0.928766
153345.890738,-25998.585515,56573.898226,306730.843061,-51994.401236,113147.924683,0.000000,0.000000,0.000000,0.866197
-115076.918320,88970.317471,-2269.871389,-230100.170562,177926.074696,-4540.489661,0.000000,0.000000,0.000000,0.871651
-26.760826,10.963793,-0.225396,0.378966,-0.721653,-0.192938,0.000000,0.000000,0.000000,1.123621
-38565.600670,33024.420201,-14078.820792,-77400.256335,66311.728027,-28268.998683,0.000000,0.000000,0.000000,0.863915
-33.887085,8.056430,36.285058,-22.971542,10.805654,74.435868,0.000000,0.000000,0.000000,0.955058
-28.862729,-3.033667,20.476814,-8.482540,-10.886796,40.388339,0.000000,0.000000,0.000000,0.834440
-6.954837,-3.941866,0.383935,1.079442,1.827217,-0.459930,0.000000,0.000000,0.000000,1.015190
-14.313885,-9.704885,1.442330,-2.265558,-2.797760,2.485584,0.000000,0.000000,0.000000,1.190213
-19.955353,9.269095,1.217342,0.955902,-0.684269,1.451060,0.000000,0.000000,0.000000,1.010340
-25.293612,-3.182043,0.447686,1.519927,0.722902,0.720186,0.000000,0.000000,0.000000,0.812301
-51.240646,-22.138043,-38.007574,-66.435738,-43.246025,-77.171600,0.000000,0.000000,0.000000,1.025505
-26.801500,0.330198,1.594609,-0.036705,1.535756,2.845957,0.000000,0.000000,0.000000,0.837771
-1828.947376,-3210.738732,1734.736294,-3617.235620,-6422.420205,3469.119193,0.000000,0.000000,0.000000,1.046956
20670.670407,-2485.921126,4539.385426,41375.726840,-4981.218819,9079.143851,0.000000,0.000000,0.000000,1.066873
-7.512789,-6.631650,-0.190888,2.814985,-5.652193,-1.613091,0.000000,0.000000,0.000000,0.984859
-29.731311,-16.405019,-16.566257,-31.220565,-41.048247,-32.678363,0.000000,0.000000,0.000000,0.822774
-3024.377129,-5656.596384,1843.663921,-6008.000736,-11310.228923,3687.153560,0.000000,0.000000,0.000000,1.142448
-4.427992,-11.439777,-5.375201,9.165500,-7.527503,-10.713794,0.000000,0.000000,0.000000,1.156151
-26.571982,3.183730,-0.142094,-0.202250,-0.318779,0.610940,0.000000,0.000000,0.000000,1.138209
-12.147048,5.562012,0.675686,-0.529718,0.158074,0.863481,0.000000,0.000000,0.000000,0.920994
-25.667331,-4.150468,-0.413264,3.704596,-7.395251,-2.231991,0.000000,0.000000,0.000000,1.097459
-24.546354,2.192104,-0.440527,-12.843668,-3.876443,-3.915350,0.000000,0.000000,0.000000,0.962119
-14.383921,44.322656,18.954215,12.755212,67.593579,37.081461,0.000000,0.000000,0.000000,0.825075
415.152709,-524.936100,185.345278,861.317872,-1053.917266,369.059139,0.000000,0.000000,0.000000,1.081014
-13.510345,8.412161,7.158565,1.603885,12.370245,14.185601,0.000000,0.000000,0.000000,1.043635
-35.773761,-7.304369,-3.405308,-7.444221,-8.309722,-7.167752,0.000000,0.000000,0.000000,0.836206
-62.535899,11.069772,15.315824,-98.946274,12.176594,30.857197,0.000000,0.000000,0.000000,0.887222
-30.293262,3.094197,0.497778,0.618796,0.284209,0.993150,0.000000,0.000000,0.000000,0.829103
447346.867010,2743510.897449,4868036.015698,894736.292101,5487019.438198,9736071.201573,0.000000,0.000000,0.000000,0.815176
70887016.586361,48505062.611021,-22462657.535812,141774079.248271,97010125.478945,-44925315.750658,0.000000,0.000000,0.000000,0.844437
1068.648493,1125.837856,-594.924671,2172.483850,2251.190411,-1190.624162,0.000000,0.000000,0.000000,0.928135
-23.044941,-5.359579,-1.692399,-0.723621,4.916577,-3.225923,0.000000,0.000000,0.000000,1.174177
-21.015459,4.852087,10.879613,13.962003,-14.437647,22.040283,0.000000,0.000000,0.000000,1.045710
-22.795019,13.434917,-0.183718,-0.510291,-1.040774,-0.008725,0.000000,0.000000,0.000000,1.160726
4782833.429989,-6046242.801853,-1260792.858279,9565708.051539,-12092489.914026,-2521584.798463,0.000000,0.000000,0.000000,1.058136
-19.546153,8.360384,0.812181,2.417430,2.266048,1.822204,0.000000,0.000000,0.000000,0.846378
-21.907182,-6.451734,-1.280512,-5.954608,-3.283612,-2.986008,0.000000,0.000000,0.000000,1.182231
-23.620105,8.986520,1.866126,-1.853273,4.002261,3.669893,0.000000,0.000000,0.000000,1.180357
-26.938072,-5.875659,-0.313562,-0.385384,-0.467914,0.147475,0.000000,0.000000,0.000000,1.063029
-23.369391,-5.171760,2.492509,-7.412280,0.194647,10.168419,0.000000,0.000000,0.000000,0.848960
-9.204325,3.398460,-2.808032,6.701820,-11.201189,-4.914471,0.000000,0.000000,0.000000,0.864947
-23.049065,4.760350,1.944919,0.460342,1.643158,3.984964,0.000000,0.000000,0.000000,0.999556
-26.338867,13.104811,16.044320,-4.819521,14.570212,31.915118,0.000000,0.000000,0.000000,1.096175
-24.040047,-10.309340,0.014200,0.533893,1.287593,-0.632839,0.000000,0.000000,0.000000,0.918964
-52.885722,3.469829,20.550833,-43.998903,18.590050,41.453434,0.000000,0.000000,0.000000,0.885209
-14.520363,-117.316318,-149.605578,11.767959,-229.242651,-300.255493,0.000000,0.000000,0.000000,0.897048
-15.075367,-16.094033,-1.174484,0.876238,-7.403961,-2.632336,0.000000,0.000000,0.000000,1.000404
139.358188,2388.690789,758.297773,307.689593,4796.233817,1519.229267,0.000000,0.000000,0.000000,0.982238
-17.046381,-5.292568,0.573017,-0.193157,-0.707089,0.721587,0.000000,0.000000,0.000000,0.949265
-22.828575,7.047566,4.982570,-1.898214,6.195160,11.363434,0.000000,0.000000,0.000000,0.999438
-10.186513,-10.440239,0.389801,-0.077948,0.548788,0.635505,0.000000,0.000000,0.000000,1.144124
-25.187335,-8.510603,-0.095071,0.579135,-0.147094,0.194975,0.000000,0.000000,0.000000,0.899783
-27.167434,1.902371,0.427674,0.089105,-7.293009,0.472314,0.000000,0.000000,0.000000,1.130132
-30.833428,7.249242,0.174972,0.220328,-0.778734,0.497898,0.000000,0.000000,0.000000,0.946264
-34.259915,6.860377,1.171781,-0.358098,3.970985,1.819870,0.000000,0.000000,0.000000,0.876357
-16.069959,11.152926,0.731292,-3.965827,0.500452,3.328371,0.000000,0.000000,0.000000,0.992490
-320.973193,381.511755,-256.403333,-603.052909,755.680591,-515.171938,0.000000,0.000000,0.000000,0.919839
58.918831,13.009822,-159.312810,158.402929,27.045753,-318.018568,0.000000,0.000000,0.000000,0.889647
-95.419857,-92.146369,60.852048,-156.368941,-184.297540,118.016589,0.000000,0.000000,0.000000,1.196938
-23.016751,-9.284836,2.871048,3.055008,-8.536349,5.234503,0.000000,0.000000,0.000000,1.077054
-19.140761,2.932443,1.677452,1.351233,-5.931929,2.725946,0.000000,0.000000,0.000000,1.087227
18.878129,-57.576286,166.119116,82.364821,-112.035132,336.988826,0.000000,0.000000,0.000000,0.873973
-23.924312,7.281249,-1.667619,2.759319,6.837250,-3.241097,0.000000,0.000000,0.000000,0.974196
-90.929388,-49.281132,20.341628,-152.245566,-93.859343,40.227597,0.000000,0.000000,0.000000,0.866828
-19.208583,0.187158,-1.386488,6.075604,-4.196786,-2.168792,0.000000,0.000000,0.000000,1.042817
-10.720362,-9.042417,8.667307,21.317149,-11.084180,20.148832,0.000000,0.000000,0.000000,1.160956
-17.794304,0.964714,-3.923119,-9.947209,7.296765,-10.046423,0.000000,0.000000,0.000000,0.891919
-13.269503,-10.790037,-4.501077,7.656568,-15.384129,-8.105520,0.000000,0.000000,0.000000,0.891456
-13.777224,-6.531129,-0.394559,1.218808,-0.037007,-1.887046,0.000000,0.000000,0.000000,1.187455
-11.068145,-11.087065,1.446615,1.021605,0.011565,2.062055,0.000000,0.000000,0.000000,1.192895
564646.123827,234288.661920,205486.832165,1129348.105679,468571.116251,410974.488659,0.000000,0.000000,0.000000,0.976825
42.104326,-0.310382,-55.302877,118.361419,-2.430225,-110.710799,0.000000,0.000000,0.000000,1.062141
-27.816249,11.638811,-0.115793,-0.534855,7.206989,-0.638093,0.000000,0.000000,0.000000,1.177009
-213.603770,-15.563180,332.922984,-367.839407,-49.419732,666.175139,0.000000,0.000000,0.000000,1.186791
-8.029141,-2.663767,-0.198385,-0.564935,-0.642696,0.573793,0.000000,0.000000,0.000000,1.124175
-820.660970,1581.654848,-182.356951,-1599.034286,3161.132899,-364.240786,0.000000,0.000000,0.000000,1.172772
-7.371918,-1.048554,-0.117663,-0.351810,0.403549,0.845438,0.000000,0.000000,0.000000,0.850789
-41.760377,-29.671073,-9.072219,-32.394653,-48.416521,-18.840226,0.000000,0.000000,0.000000,0.985556
-576.344984,338.280789,-3057.244152,-1109.712493,648.049571,-6114.337994,0.000000,0.000000,0.000000,0.910865
-10.668427,-6.743478,-5.465927,15.892858,-10.965333,-10.528101,0.000000,0.000000,0.000000,0.940245
-12.522755,-5.113117,0.059194,2.890067,1.824512,1.598349,0.000000,0.000000,0.000000,1.104931
-389.123704,3432.590331,-1829.169703,-743.768201,6887.510212,-3673.433757,0.000000,0.000000,0.000000,1.182283
-18.220171,2.148706,4.478792,9.295851,-2.385204,9.137594,0.000000,0.000000,0.000000,1.180009
-30.633188,21.139650,-10.042229,-20.574278,41.486230,-19.376690,0.000000,0.000000,0.000000,1.101541
-3389.921307,-24652.509766,-7907.111814,-6738.908842,-49307.785045,-15814.451313,0.000000,0.000000,0.000000,1.066494
-13.270119,-7.466007,-9.573239,10.212350,-6.133280,-18.620317,0.000000,0.000000,0.000000,0.893703
457.778920,-4518.281085,2540.554752,956.794463,-9077.635418,5100.860760,0.000000,0.000000,0.000000,0.889287
-24.651883,13.487633,-5.381284,7.940719,5.373953,-11.910416,0.000000,0.000000,0.000000,0.801348
-116.083725,65.428047,-36.020880,-187.687285,128.114632,-72.041524,0.000000,0.000000,0.000000,0.897921
-68.833986,10.286817,71.922105,-103.032997,18.680022,142.978775,0.000000,0.000000,0.000000,1.125234
7674150.952986,2470463.841399,8949915.610411,15348346.592134,4940935.669083,17899830.670170,0.000000,0.000000,0.000000,0.952242
-23.231694,-12.462075,-0.585752,0.869768,0.020907,-0.269230,0.000000,0.000000,0.000000,1.137772
-31.152485,-14.662328,-40.781869,-21.986404,-26.992425,-80.921613,0.000000,0.000000,0.000000,1.181822
4.973779,26.656493,-40.592182,58.379455,52.721551,-80.828068,0.000000,0.000000,0.000000,1.053305
-11.725607,-5.196547,4.452877,6.783932,-8.883701,10.812450,0.000000,0.000000,0.000000,0.944790
-3.056303,-2.070632,50.030848,33.541276,-1.537611,99.181406,0.000000,0.000000,0.000000,1.095001
-22.171755,3.656359,3.084545,-3.071066,-5.821075,5.728491,0.000000,0.000000,0.000000,1.041333
456.429758,48.592272,-176.278705,962.785995,95.931133,-355.166146,0.000000,0.000000,0.000000,1.159337
-53.742328,15.011201,15.861358,-72.546327,20.688766,37.474366,0.000000,0.000000,0.000000,1.143483
-17.908449,-16.824754,-4.496094,2.128265,-5.748695,-10.106944,0.000000,0.000000,0.000000,0.954676
-107.740452,-4.296076,-13.127724,-155.215951,-7.184005,-26.836118,0.000000,0.000000,0.000000,1.160653
-17.691725,12.215197,-0.593498,-0.494407,1.960153,-0.386753,0.000000,0.000000,0.000000,0.830318
-31.008766,4.424226,0.846218,-10.656132,4.540680,3.811452,0.000000,0.000000,0.000000,1.005126
-120.244619,-111.964698,-73.462705,-199.207694,-206.048791,-147.007344,0.000000,0.000000,0.000000,1.158877
-28.002856,-36.224434,-38.738065,-11.637411,-93.036947,-77.349611,0.000000,0.000000,0.000000,1.020097
-18.392475,15.852499,-10.090644,12.461829,3.754958,-21.189264,0.000000,0.000000,0.000000,1.037147
-14.172448,3.303247,9.234595,-0.415193,-7.005277,18.063291,0.000000,0.000000,0.000000,0.976821
-38.857856,11.315659,12.246076,-24.633555,45.930963,23.813551,0.000000,0.000000,0.000000,0.913593
-14.205943,-5.127274,-0.414598,-5.093374,1.733027,-1.912574,0.000000,0.000000,0.000000,0.942740
-25.286704,-8.546353,0.781963,1.014006,-1.645532,1.261519,0.000000,0.000000,0.000000,0.958484
-29.082496,-11.724468,0.279394,-6.140930,-8.159029,5.407856,0.000000,0.000000,0.000000,1.170001
-18.703356,8.609368,-3.323436,3.633291,9.984334,-7.489642,0.000000,0.000000,0.000000,0.945104
-1266.129843,-1292.684141,689.418488,-2496.699622,-2585.467004,1377.857436,0.000000,0.000000,0.000000,0.806143
5358.921547,-9125.176148,945.591048,10753.451644,-18233.239656,1890.844358,0.000000,0.000000,0.000000,0.887157
157380.017378,174878.158943,-144515.457220,314799.917381,349759.286265,-289030.439684,0.000000,0.000000,0.000000,1.031721
24.782604,219.071735,113.893487,85.371855,441.204150,229.011843,0.000000,0.000000,0.000000,1.185306
9096.796538,-9237.537935,-2690.921464,18233.518778,-18469.229215,-5381.280973,0.000000,0.000000,0.000000,0.804055
-5.232987,26.125345,49.247905,22.686156,58.054916,98.341493,0.000000,0.000000,0.000000,0.857400
-33.343321,9.048510,3.445047,-4.921420,-0.854367,7.473910,0.000000,0.000000,0.000000,1.172317
700107.110960,469078.844925,-53667.799333,1400235.510028,938136.309303,-107336.575831,0.000000,0.000000,0.000000,0.839125
-30.345285,7.680482,0.599716,0.114878,-0.139053,0.208923,0.000000,0.000000,0.000000,1.044693
-635.105166,-11.587523,3101.800787,-1228.738672,-20.322897,6203.421300,0.000000,0.000000,0.000000,1.198128
-11.333982,-0.644947,-0.615539,-0.353828,2.248044,-1.366155,0.000000,0.000000,0.000000,1.184516
-19.489667,2.418276,2.155215,5.887053,-3.457231,5.897884,0.000000,0.000000,0.000000,0.856857
-34.273048,-3.990725,-0.036960,0.152733,-0.393979,0.533966,0.000000,0.000000,0.000000,0.962641
-11.111716,0.493835,0.773287,13.142861,5.888875,3.809923,0.000000,0.000000,0.000000,1.080431
244.015349,960.328620,3405.426025,534.420766,1894.811875,6810.282571,0.000000,0.000000,0.000000,0.845513
41.344698,15.558539,-42.653016,141.589176,32.047217,-84.850964,0.000000,0.000000,0.000000,0.911640
97798114.586550,-1078758123.756653,-312915185.880016,195596270.760270,-2157516241.038610,-625830372.388307,0.000000,0.000000,0.000000,0.981403
-22.365784,-14.586558,0.019090,-1.269938,-1.438869,-1.141597,0.000000,0.000000,0.000000,1.135734
-152.013031,-156.410564,165.906317,-250.369984,-323.236092,332.277999,0.000000,0.000000,0.000000,1.089831
-21.350542,-7.190525,0.368934,-0.713865,0.850780,1.296661,0.000000,0.000000,0.000000,0.947485
-33.590696,2.184618,0.396907,0.120555,-0.044039,0.542379,0.000000,0.000000,0.000000,1.053785
964.897900,-200.329552,-283.629104,1972.664896,-404.663419,-567.905635,0.000000,0.000000,0.000000,1.181194
-9.620038,16.905621,8.264861,4.696709,23.389450,21.022285,0.000000,0.000000,0.000000,0.832507
-11.071726,-38.465825,-14.871408,-9.724558,-82.469165,-29.301456,0.000000,0.000000,0.000000,1.144125
-8.771419,4.379461,-1.879795,1.767101,1.153428,-7.311021,0.000000,0.000000,0.000000,0.819656
-14.968365,22.688574,-20.708603,-6.153867,43.435797,-41.681991,0.000000,0.000000,0.000000,0.978073
-30.311982,-10.830374,-0.043412,0.055785,-0.005282,0.593850,0.000000,0.000000,0.000000,0.927466
-11.774302,-7.861886,1.160702,0.400008,1.638692,3.309988,0.000000,0.000000,0.000000,1.029083
-18.284179,-11.642823,3.006516,10.349605,-7.717918,5.397799,0.000000,0.000000,0.000000,1.152193
-28.100035,-6.434717,-14.955039,-21.707046,-11.801629,-30.905306,0.000000,0.000000,0.000000,1.048803
-11.294940,7.167619,-2.583835,-5.112326,2.235549,-4.582760,0.000000,0.000000,0.000000,1.076297
79.350990,747.103038,-225.527167,205.666696,1475.081115,-451.211745,0.000000,0.000000,0.000000,1.151527
-31.502288,6.980877,0.647769,-0.210948,-0.581291,0.647151,0.000000,0.000000,0.000000,0.847945
-101.328336,-12.207842,60.681583,-156.088928,-6.531792,123.176624,0.000000,0.000000,0.000000,1.111519
-4.906649,-2.996798,0.507929,1.582242,0.103513,1.197280,0.000000,0.000000,0.000000,1.031342
-11.772701,16.313956,0.818443,5.679675,10.510355,2.580184,0.000000,0.000000,0.000000,0.875287
12563.355658,7993.581726,16009.403898,25173.934987,15989.636538,32019.427691,0.000000,0.000000,0.000000,1.119452
-7.602507,4.762429,-23.956325,16.350374,8.887113,-48.899623,0.000000,0.000000,0.000000,0.832110
-23.596893,73.518348,-23.611032,-6.005864,168.485565,-46.183297,0.000000,0.000000,0.000000,0.968123
-2754.126446,-3235.676240,2664.645407,-5451.709418,-6467.657299,5328.419735,0.000000,0.000000,0.000000,1.047359
-176960.211357,-196221.347703,159928.530367,-353880.326847,-392439.490996,319857.342551,0.000000,0.000000,0.000000,0.925759
-36.456993,-5.625557,0.600602,-7.954186,-1.913870,0.490060,0.000000,0.000000,0.000000,0.987086
-13.653145,2.163967,2.472685,-8.139218,-0.039941,7.486440,0.000000,0.000000,0.000000,1.061423
-9.457431,9.058183,-3.770573,1.585090,13.233666,-6.987601,0.000000,0.000000,0.000000,1.150372
387.221720,-10636.003527,8442.020102,816.016936,-21265.164677,16883.111244,0.000000,0.000000,0.000000,1.190815
-29.657278,12.282784,0.576537,-1.242238,2.026762,0.978361,0.000000,0.000000,0.000000,0.867286
636.157676,-5981.943977,2169.625163,1314.587185,-11968.636542,4339.316613,0.000000,0.000000,0.000000,0.840931
-35.898177,-8.481339,3.770859,-21.308253,-10.100412,14.412727,0.000000,0.000000,0.000000,0.844658
-33.126804,-6.139879,0.323125,0.187553,-0.180623,0.495506,0.000000,0.000000,0.000000,1.021148
-16.267807,-6.312561,-4.356001,21.409986,-6.421578,-11.074443,0.000000,0.000000,0.000000,0.911438
-48.159640,4.689756,-8.731031,-40.711862,7.072650,-17.192618,0.000000,0.000000,0.000000,1.164890
-21.846021,-12.962036,6.360648,5.113350,-7.552079,11.925039,0.000000,0.000000,0.000000,1.065780
-17.902189,3.470706,-9.031734,12.509609,17.170120,-22.599154,0.000000,0.000000,0.000000,0.818145
-470.398412,-494.177697,-573.476511,-896.614184,-998.563900,-1153.443418,0.000000,0.000000,0.000000,1.022969
327.916887,105.667513,1686.445348,744.383695,206.176558,3520.228083,0.000000,0.000000,0.000000,1.021750
-32.148101,-8.671996,2.676527,-24.012485,-12.788936,6.257702,0.000000,0.000000,0.000000,1.128971
-35.094108,-0.311545,0.845815,-0.941564,-2.165267,1.520726,0.000000,0.000000,0.000000,0.828819
238.675102,-187.114136,1137.048071,572.362768,-405.640590,2454.521803,0.000000,0.000000,0.000000,1.187988
2621.869075,3588.898233,5460.919384,5310.347433,7206.199281,10943.889747,0.000000,0.000000,0.000000,0.992612
-36453.861038,-1277.732851,26199.442594,-72861.128129,-2578.939365,52398.809383,0.000000,0.000000,0.000000,0.900015
11666.236190,-12459.475888,-9059.323626,23349.918171,-24920.913721,-18119.394422,0.000000,0.000000,0.000000,1.066297
-7.089033,-5.212807,0.878347,6.298771,-6.838575,4.611407,0.000000,0.000000,0.000000,0.986453
-22.288651,2.914849,-9.558960,15.948357,21.856904,-19.270542,0.000000,0.000000,0.000000,0.865427
14977.276007,23950.996899,-25912.225541,29995.350156,47898.781719,-51824.608136,0.000000,0.000000,0.000000,0.898110
-32.920371,2.708488,0.625869,0.010902,-1.448692,0.931734,0.000000,0.000000,0.000000,0.964653
-18.763335,-10.789100,7.589434,-0.881637,-1.499873,15.089620,0.000000,0.000000,0.000000,0.961394
-467759.070702,-194060.740798,-170209.220450,-935461.978480,-388127.562682,-340417.505618,0.000000,0.000000,0.000000,1.179285
-31.644721,-15.750909,-1.207858,-16.866577,-25.304258,-2.435990,0.000000,0.000000,0.000000,1.141455
-22.798291,4.974255,0.575785,0.208815,1.032550,0.411069,0.000000,0.000000,0.000000,1.005335
-26.611366,4.578882,6.990411,-5.177208,11.043655,14.224318,0.000000,0.000000,0.000000,0.928633
-36.110796,7.971470,-21.484966,-38.146704,19.948088,-42.272362,0.000000,0.000000,0.000000,1.097397
1114.554863,915.345806,-623.828359,2307.588990,1861.209657,-1268.596534,0.000000,0.000000,0.000000,1.029214
825.124790,956.254564,-334.626278,1685.304503,1924.408287,-670.315459,0.000000,0.000000,0.000000,0.894533
-38.189370,9.712740,-12.565440,-28.272695,21.719014,-26.046539,0.000000,0.000000,0.000000,1.089561
-24.880814,-11.809152,1.025632,0.986075,-0.489670,2.177133,0.000000,0.000000,0.000000,1.175445
-18.921392,-14.027932,3.351100,0.109715,-10.062856,6.186538,0.000000,0.000000,0.000000,1.064853
-14583397.911544,5366861.233315,-7352963.730346,-29166738.081442,10733704.470703,-14705927.157039,0.000000,0.000000,0.000000,1.025197
-40.383257,2.587877,5.525024,-13.652059,2.894286,12.143301,0.000000,0.000000,0.000000,1.156436
-46.222932,-2.864898,29.639675,-51.480496,15.193659,59.621101,0.000000,0.000000,0.000000,1.031836
-21.467096,-1.011651,-0.392751,-6.702608,1.192453,-1.852486,0.000000,0.000000,0.000000,0.896157
231.623075,-180.056489,344.130788,497.599163,-361.047194,688.061828,0.000000,0.000000,0.000000,1.181418
-30.633481,-0.970033,1.526514,-6.339744,3.097814,2.230333,0.000000,0.000000,0.000000,1.110292
-30.333387,7.207245,1.327680,0.522992,0.676389,1.937360,0.000000,0.000000,0.000000,0.887501
11.103266,7.939977,51.497682,58.774539,16.156523,102.776705,0.000000,0.000000,0.000000,1.039350
-14.551225,-6.660286,-1.185619,1.406108,-0.070417,-1.247786,0.000000,0.000000,0.000000,1.039584
9571942.926213,81414359.270770,-40564161.119893,19143918.502128,162828725.761647,-81128322.532709,0.000000,0.000000,0.000000,1.198868
-20.132566,2.011361,-6.940934,2.878148,-3.605048,-13.248431,0.000000,0.000000,0.000000,0.871438
-8.375066,-9.181708,-0.082086,0.185012,0.288184,0.487631,0.000000,0.000000,0.000000,1.057511
-22.459144,3.522692,7.665613,-10.989769,11.870573,15.372872,0.000000,0.000000,0.000000,0.847838
-2885348.402417,-1504626.850718,17225252.559605,-5770653.334974,-3009256.408228,34450505.475393,0.000000,0.000000,0.000000,1.066998
-21.797232,10.457125,0.029799,-0.728022,-0.581485,0.380865,0.000000,0.000000,0.000000,0.847053
-28.293158,11.894194,-3.253568,-13.024854,14.921695,-6.180861,0.000000,0.000000,0.000000,0.905289
-19.724795,8.951442,0.484101,-1.138214,1.884861,-0.863604,0.000000,0.000000,0.000000,0.864598
-35.553303,23.479847,10.067812,-28.290789,48.064003,17.607811,0.000000,0.000000,0.000000,1.022130
-1514.534746,-7170.367104,-10752.806441,-3010.539144,-14322.659902,-21505.272220,0.000000,0.000000,0.000000,0.930288
-2065.551021,-1801.005240,723.349037,-4088.119848,-3590.283534,1447.527353,0.000000,0.000000,0.000000,1.042631
11.287979,38.201806,-21.449602,50.715677,61.373459,-44.078708,0.000000,0.000000,0.000000,1.096076
-10.140645,-2.012573,-9.677316,12.855630,0.447596,-19.368129,0.000000,0.000000,0.000000,0.948953
-5.552883,1.782237,2.654987,2.688125,-3.114037,4.827200,0.000000,0.000000,0.000000,1.145340
5063.857402,3704.886755,-269.543389,10294.526354,7482.483159,-546.355607,0.000000,0.000000,0.000000,1.084248
-19.149296,-5.362459,-2.087566,4.409962,-1.198846,-1.856910,0.000000,0.000000,0.000000,1.008535
121778.696965,-84846.791022,-20969.431342,243592.349230,-169692.481217,-41939.728804,0.000000,0.000000,0.000000,0.940286
-112.669258,-555.758139,-328.670075,-164.921210,-1092.972249,-656.683148,0.000000,0.000000,0.000000,1.122959
-24.404708,-7.689781,-0.132633,0.005088,-0.235649,0.636518,0.000000,0.000000,0.000000,1.034345
-11.241587,1.982841,-7.468593,4.580434,0.316698,-16.384943,0.000000,0.000000,0.000000,1.096461
440.169495,100.619492,-658.898073,936.251218,204.522702,-1317.893763,0.000000,0.000000,0.000000,0.922344
-28.671888,9.526806,-1.873412,-4.242309,2.285487,-2.802386,0.000000,0.000000,0.000000,1.182083
-1072.485763,-38331.267603,-10481.608872,-2132.795160,-76665.731680,-20962.686484,0.000000,0.000000,0.000000,1.137618
-12.259470,-9.111254,7.607174,-0.518650,-15.064978,15.745301,0.000000,0.000000,0.000000,0.977799
-23.846749,8.730590,-6.433573,1.757711,6.484615,-15.932612,0.000000,0.000000,0.000000,0.905500
-15.316521,3.506480,-0.273409,-1.553491,-1.848542,-2.317842,0.000000,0.000000,0.000000,0.970647
-17.451375,10.185239,0.791116,-0.105484,-1.128842,1.242222,0.000000,0.000000,0.000000,1.041833
411878.929555,-8132390.105873,-11015005.027438,823791.641278,-16264765.802970,-22030010.002596,0.000000,0.000000,0.000000,0.839044
-5.976369,-12.192665,-20.021109,26.742004,-21.304978,-39.264155,0.000000,0.000000,0.000000,1.134157
7478.356709,172953.414194,-107443.639407,15003.067909,345914.636705,-214886.406612,0.000000,0.000000,0.000000,1.163537
211.247121,641.516900,564.401290,474.601848,1286.199428,1135.647970,0.000000,0.000000,0.000000,0.967401
532.684906,-348.648587,-4106.981772,1125.996614,-693.021756,-8279.357538,0.000000,0.000000,0.000000,1.051263
-28.581199,8.388057,1.430157,0.107699,5.441883,4.907411,0.000000,0.000000,0.000000,0.896020
-23.815684,9.056041,9.105330,-13.406079,8.598180,20.117687,0.000000,0.000000,0.000000,0.804705
-21.760792,12.163575,-1.642846,-0.732928,0.510630,-2.784816,0.000000,0.000000,0.000000,0.942999
-277.231443,-7040.603120,-4525.696804,-515.427012,-14082.453392,-9050.774822,0.000000,0.000000,0.000000,1.010987
-35.334757,0.484700,6.142064,-9.679620,-7.699565,11.354962,0.000000,0.000000,0.000000,0.942820
11027850.915062,-17836489.796368,21425782.546302,22055728.299351,-35672976.591873,42851565.580767,0.000000,0.000000,0.000000,0.962942
-19.703701,-7.736987,0.019608,-1.345465,-5.735733,-5.876581,0.000000,0.000000,0.000000,0.807800
-20.678066,-33.630111,-11.920647,14.721772,-43.016903,-23.262240,0.000000,0.000000,0.000000,0.996413
-0.427313,-17.276224,-3.995158,32.347117,-32.009492,-7.767429,0.000000,0.000000,0.000000,0.931207
-28.161303,-13.928619,-16.152690,-11.234260,-23.999744,-31.754907,0.000000,0.000000,0.000000,0.940354
-26.244017,12.380237,0.429139,-0.906832,0.183521,0.171864,0.000000,0.000000,0.000000,1.135388
16779.609477,12636.722894,-4206.854114,33737.640252,25371.614421,-8448.067754,0.000000,0.000000,0.000000,0.883397
-9.271494,-18.370197,-48.191664,9.720311,-28.569147,-95.755727,0.000000,0.000000,0.000000,1.058488
-9197.667939,-13480.771014,15412.289450,-18343.316978,-26982.463998,30825.066299,0.000000,0.000000,0.000000,0.996876
14516112.596113,826026.223517,-20511042.099243,29032266.510033,1652051.534407,-41022084.119378,0.000000,0.000000,0.000000,1.144424
-1442.061246,-1115.477095,717.259806,-2888.364659,-2266.147455,1456.980214,0.000000,0.000000,0.000000,0.916588
-13424.200665,-8506.015040,-17034.457659,-26800.914746,-17009.390128,-34067.961204,0.000000,0.000000,0.000000,1.052027
-13.998998,-12.710752,-16.042822,33.221684,-13.558669,-31.192936,0.000000,0.000000,0.000000,1.164678
288405.146902,33344.932154,58764.682110,576850.230760,66692.510785,117529.198085,0.000000,0.000000,0.000000,1.061098
-19.357454,8.998178,-2.894580,9.555464,-6.458085,-7.188719,0.000000,0.000000,0.000000,0.951685
-265.733778,721.428249,-564.010102,-495.431388,1449.089720,-1128.227240,0.000000,0.000000,0.000000,0.840609
-114759.463833,81309.603545,20468.339320,-229483.651724,162620.084502,40935.757289,0.000000,0.000000,0.000000,0.988357
-7.112825,0.553831,14.749895,7.707893,-3.687909,31.527935,0.000000,0.000000,0.000000,0.945544
-28.499137,-1.290753,-1.334984,-2.632446,-0.279555,-3.022745,0.000000,0.000000,0.000000,0.951091
-48.462459,-9.973317,14.931699,-64.823536,-40.883371,31.819497,0.000000,0.000000,0.000000,0.839014
-12.348947,-7.023159,-1.298942,-1.166055,1.176207,-2.126406,0.000000,0.000000,0.000000,1.148896
-14.895661,2.842320,2.159721,-0.778923,-5.835624,5.405771,0.000000,0.000000,0.000000,0.878896
-19.343473,-0.269167,-20.196527,-2.549208,13.938761,-39.404425,0.000000,0.000000,0.000000,0.907304
-17.399171,11.018201,3.036969,11.195556,6.659763,5.264472,0.000000,0.000000,0.000000,0.987589
957.257800,7171.399017,-1924.222533,1952.209866,14345.444765,-3849.036921,0.000000,0.000000,0.000000,0.917638
-9.480783,0.764367,0.549295,-0.137666,0.024048,0.278358,0.000000,0.000000,0.000000,1.108671
-29.956314,0.335562,0.595039,0.355473,-0.226820,0.416076,0.000000,0.000000,0.000000,0.961355
-31.569570,-6.675700,-2.346792,-20.055512,-15.096053,-4.680754,0.000000,0.000000,0.000000,1.099488
-297561.348918,-551801.137703,-813586.091565,-595078.479938,-1103594.118746,-1627172.888207,0.000000,0.000000,0.000000,0.911037
785.528249,-283.817588,1535.817239,1626.526402,-586.212523,3095.897673,0.000000,0.000000,0.000000,1.100910
31472.339327,295423.784273,-332812.953250,62985.499105,590849.242415,-665626.229384,0.000000,0.000000,0.000000,1.073747
-12.962961,-24.803929,-20.094566,-0.433166,-49.121627,-41.042848,0.000000,0.000000,0.000000,0.876352
-10.828894,7.407553,0.189039,-0.246059,0.236580,0.464646,0.000000,0.000000,0.000000,1.178540
325.266160,499.482608,282.094533,716.268678,1060.215063,583.785218,0.000000,0.000000,0.000000,1.135274
15933.007532,-16578.281301,-10097.425675,31905.696139,-33150.048363,-20195.342326,0.000000,0.000000,0.000000,0.853435
-26.332069,5.954295,2.299173,0.741232,3.982912,3.531070,0.000000,0.000000,0.000000,1.128172
-886.984085,-6477.239783,1748.750646,-1736.207828,-12951.346678,3496.778270,0.000000,0.000000,0.000000,1.014671
1.647639,-187.207887,178.498529,46.625368,-374.478633,357.856648,0.000000,0.000000,0.000000,0.993887
-24.246223,12.058975,0.421942,-0.922938,-0.340392,0.646276,0.000000,0.000000,0.000000,0.876248
-26.539775,9.894676,2.939468,-10.557179,-0.368437,4.994588,0.000000,0.000000,0.000000,1.118398
-18.080799,-6.755710,-3.401184,-3.158685,-4.810946,-8.191547,0.000000,0.000000,0.000000,1.036875
-20.153997,9.863611,-0.032165,-0.779774,1.034245,1.181624,0.000000,0.000000,0.000000,1.032530
2125.659542,2921.279935,-1932.665381,4307.579199,5845.918873,-3865.924938,0.000000,0.000000,0.000000,1.126932
-198.047805,145.923976,886.761361,-356.988085,280.079090,1773.943273,0.000000,0.000000,0.000000,1.181770
-5.344770,-11.797887,14.540198,16.802025,-18.255748,32.488774,0.000000,0.000000,0.000000,0.926611
-3.852118,-1.442480,14.504932,26.951499,-2.476818,29.737955,0.000000,0.000000,0.000000,1.080725
-23.469436,4.923075,-0.776475,0.467596,3.736807,-2.235105,0.000000,0.000000,0.000000,1.047504
-20.815652,-2.566632,-1.338741,-2.757326,0.532148,-2.833858,0.000000,0.000000,0.000000,1.180399
-15.011976,13.139067,1.113452,-4.330851,3.381363,2.066492,0.000000,0.000000,0.000000,1.059858
1709342294.398329,4975005379.185151,-62477659488.345886,3418684627.962575,9950010760.470671,-124955318975.952988,0.000000,0.000000,0.000000,0.899240
-111870216.157543,-197183564.691249,-70889707.606746,-223740392.046620,-394367105.329336,-141779414.650744,0.000000,0.000000,0.000000,0.800287
-27.614156,4.946613,1.074462,-4.558070,-2.191177,5.597262,0.000000,0.000000,0.000000,1.167949
-6.921263,5.790859,0.579986,-0.330781,0.049280,0.450285,0.000000,0.000000,0.000000,1.038922
-14.755891,4.374754,0.471935,12.524805,-4.855843,2.045147,0.000000,0.000000,0.000000,1.121563
-32.116753,33.801715,59.197617,-20.258154,48.829532,126.628285,0.000000,0.000000,0.000000,0.975422
-18.087785,14.148777,-0.755210,1.706587,-1.137319,-0.884622,0.000000,0.000000,0.000000,1.126032
-23.190373,9.084310,-0.715666,3.732540,0.973259,-2.464467,0.000000,0.000000,0.000000,0.934643
-27.528518,7.685229,0.832530,0.315717,-0.478020,1.636430,0.000000,0.000000,0.000000,0.989983
-18.951729,-16.578302,7.587121,2.945924,-6.342661,14.629509,0.000000,0.000000,0.000000,0.937532
-2.132534,-7.107343,-31.053921,30.323509,-14.283023,-62.551256,0.000000,0.000000,0.000000,1.196614
-7.645218,-3.918006,0.780129,8.593245,-2.169459,3.555174,0.000000,0.000000,0.000000,0.869027
-1.858842,3.534583,-7.021060,29.948048,10.431663,-14.170587,0.000000,0.000000,0.000000,1.141255
-12.741794,-7.032809,0.060082,2.077191,-0.347873,0.293787,0.000000,0.000000,0.000000,0.932021
-35.926946,0.930306,-13.246361,-22.465442,-3.801140,-25.604274,0.000000,0.000000,0.000000,1.045511
-87.351634,-95.474540,-104.580542,-130.015838,-193.921320,-209.303779,0.000000,0.000000,0.000000,1.006000
-16.745450,6.585317,0.413825,0.948636,-0.652795,0.324303,0.000000,0.000000,0.000000,1.044041
-7391.213686,-4823.202281,12442.621673,-14728.881999,-9649.153853,24884.710012,0.000000,0.000000,0.000000,0.821489
-10.865331,-8.672464,1.044652,14.021060,-1.106742,5.482391,0.000000,0.000000,0.000000,0.842214
-345.709450,251.057255,-413.695963,-656.716828,500.913061,-827.154348,0.000000,0.000000,0.000000,1.050042
-17.887684,3.962285,0.202746,2.347480,0.846561,1.131948,0.000000,0.000000,0.000000,0.927245
-30.471780,-40.761267,-17.381516,-14.903972,-80.757195,-35.007145,0.000000,0.000000,0.000000,0.963850
30150.255778,139785.908540,48859.430637,60346.184438,279573.509219,97718.677751,0.000000,0.000000,0.000000,0.939808
-12.787271,8.485584,26.024566,3.268289,15.833073,51.549982,0.000000,0.000000,0.000000,1.123234
-14.638578,-15.658296,1.643903,9.209402,-2.426371,4.737834,0.000000,0.000000,0.000000,1.194903
-390.223725,-714.599532,-306.256203,-764.810492,-1452.896857,-634.111748,0.000000,0.000000,0.000000,1.060793
-376983.297601,812699.438737,2212459.083726,-753903.558257,1625408.883588,4424918.667866,0.000000,0.000000,0.000000,1.196936
-229.313531,-689.184289,-223.865567,-404.389465,-1369.236660,-446.930697,0.000000,0.000000,0.000000,0.857963
-19.812931,4.254534,0.141617,-1.641903,-0.822402,0.915503,0.000000,0.000000,0.000000,0.856542
-18.882782,12.936571,-0.323000,-1.854880,-0.229493,-1.779504,0.000000,0.000000,0.000000,0.889516
-15.839032,-9.456199,2.839932,1.137901,0.525445,5.640007,0.000000,0.000000,0.000000,1.197501
62893.311612,-21841.740733,-32834.697938,125825.078317,-43682.699834,-65668.399102,0.000000,0.000000,0.000000,1.079987
-374.797781,-1973.914888,-271.593572,-713.603173,-3952.743277,-542.729523,0.000000,0.000000,0.000000,0.872782
-28.167965,8.811969,-0.634736,0.015096,6.365756,-3.445448,0.000000,0.000000,0.000000,1.184339
-30.977784,-8.678700,1.650720,-1.384904,-8.486366,4.651823,0.000000,0.000000,0.000000,1.033409
-16.992478,-15.698507,11.818723,5.187812,-27.364287,23.157350,0.000000,0.000000,0.000000,1.034618
-519.440023,651.395489,-1328.645187,-1004.197461,1299.202737,-2678.731575,0.000000,0.000000,0.000000,0.850624
-33.229610,0.166129,-0.082820,0.446927,4.722019,-0.080319,0.000000,0.000000,0.000000,0.817141
-31.336157,-1.657934,-0.030107,0.044968,-0.772632,0.779104,0.000000,0.000000,0.000000,1.168598
-456.564161,584.353413,4166.264661,-868.385828,1187.986737,8400.050071,0.000000,0.000000,0.000000,1.047303
-31.745267,-3.244633,1.921373,0.554564,-0.388932,3.026451,0.000000,0.000000,0.000000,0.975596
-13.471011,-2.481635,5.447637,-8.183694,-7.121779,13.846420,0.000000,0.000000,0.000000,1.010250
307.706237,-90.357586,-153.710074,649.820874,-207.755680,-307.430639,0.000000,0.000000,0.000000,1.160936
-250.233062,-379.914662,-58.109917,-447.245634,-760.361775,-115.542712,0.000000,0.000000,0.000000,0.853880
199.824131,409.206229,-249.871177,453.414073,808.588272,-499.215374,0.000000,0.000000,0.000000,1.127411
-14.777406,0.927323,-0.588891,-2.536611,1.488834,-2.196374,0.000000,0.000000,0.000000,0.866887
-198.072553,-725.645025,235.264616,-349.100534,-1469.844294,470.197219,0.000000,0.000000,0.000000,1.069055
-3102754559.310304,2696558778.540862,4264126162.063742,-6205509070.013257,5393117552.370314,8528252324.930329,0.000000,0.000000,0.000000,1.032493
123.519026,48.735766,-95.905084,293.319483,93.498035,-191.414154,0.000000,0.000000,0.000000,0.970348
-16.419609,-7.123957,0.155992,-0.549632,-1.032777,-0.754579,0.000000,0.000000,0.000000,0.934396
-335.733800,116.925796,153.172411,-636.514831,206.627849,306.064283,0.000000,0.000000,0.000000,1.178252
-41.864265,9.422506,-5.878007,-16.456787,17.950764,-13.604721,0.000000,0.000000,0.000000,0.837976
-52.184511,57.100961,38.558563,-76.260488,114.236125,70.179687,0.000000,0.000000,0.000000,0.964006
-13683.553482,-10393.861007,3558.028795,-27433.004246,-20874.259979,7143.971520,0.000000,0.000000,0.000000,1.066733
-3072.815253,-3889.826130,-5720.592419,-6101.654581,-7780.965290,-11463.556404,0.000000,0.000000,0.000000,0.941113
195.534148,39.179125,-407.976361,450.128976,60.023745,-815.066803,0.000000,0.000000,0.000000,0.968685
-24.713004,-13.746972,-0.407476,6.336135,-9.300606,0.212803,0.000000,0.000000,0.000000,1.003737
-24.829228,0.201375,7.114580,-12.367887,1.447355,14.103062,0.000000,0.000000,0.000000,0.952999
-51.390146,-0.541896,-10.089256,-45.703855,15.997706,-20.637139,0.000000,0.000000,0.000000,0.854990
-1559.759895,-9225.960329,-8976.201220,-3076.573677,-18451.479959,-17951.886819,0.000000,0.000000,0.000000,1.055596
-6.603915,-0.841151,0.490389,-0.445902,0.379910,-0.131148,0.000000,0.000000,0.000000,0.971811
-24.358584,-12.586092,0.897362,-0.659993,0.089983,1.514354,0.000000,0.000000,0.000000,0.874854
-24.482952,8.309982,3.584181,-10.170685,19.255230,6.151986,0.000000,0.000000,0.000000,1.001737
-22.139292,-6.703365,1.132765,-3.420522,-2.026477,1.987585,0.000000,0.000000,0.000000,1.083715
-11.269411,1.596774,-3.820149,1.453240,3.072664,-7.747904,0.000000,0.000000,0.000000,1.103459
-18.235129,9.944154,7.327475,-4.176873,14.772415,13.381756,0.000000,0.000000,0.000000,0.884125
239.498233,167.639474,-571.813761,524.430040,336.852217,-1143.254621,0.000000,0.000000,0.000000,1.153185
-3.991938,-4.361296,3.155002,7.366096,-3.056332,7.541747,0.000000,0.000000,0.000000,1.091282
-18.081987,6.740969,0.190973,-1.093074,-1.267833,0.556438,0.000000,0.000000,0.000000,0.870198
-38.064861,-14.397652,7.206736,-18.994608,-24.485392,14.888580,0.000000,0.000000,0.000000,0.992842
1.561342,-12.337540,-13.186353,48.003423,-18.522945,-25.690081,0.000000,0.000000,0.000000,0.934861
-16.512239,1.205960,-1.044486,2.745619,-0.235289,-2.119109,0.000000,0.000000,0.000000,0.807511
-25.565107,9.428228,-0.553151,-1.153329,2.645330,-1.075300,0.000000,0.000000,0.000000,0.951073
-26.056182,7.481618,-1.471854,0.845959,3.725443,-2.574065,0.000000,0.000000,0.000000,0.931604
-15.762992,12.815739,-4.511822,-2.561805,3.815202,-8.960998,0.000000,0.000000,0.000000,0.950585
-22.710915,-6.452636,0.670848,-0.394477,-0.111120,0.829736,0.000000,0.000000,0.000000,1.157927
15.061788,9.358474,-16.473170,57.925026,19.423292,-33.085812,0.000000,0.000000,0.000000,1.015634
-7.221526,2.252871,-2.844544,4.926857,-2.186502,-5.372559,0.000000,0.000000,0.000000,0.978569
12.431947,18.194931,-16.611569,55.774185,25.308226,-34.725680,0.000000,0.000000,0.000000,1.049067
-32.728432,3.757690,0.039001,1.479060,-0.038025,0.217113,0.000000,0.000000,0.000000,0.930630
-26.985626,0.512624,5.378910,-16.804053,-1.552988,11.255976,0.000000,0.000000,0.000000,1.056607
-26.103157,-5.718537,-0.566597,0.494889,2.081224,-3.852516,0.000000,0.000000,0.000000,0.974102
-18.735533,27.874989,12.836900,1.138564,54.044522,25.179357,0.000000,0.000000,0.000000,1.002826
-25.478529,-2.207848,-6.832126,-8.774035,-0.422454,-13.567242,0.000000,0.000000,0.000000,0.855105
2519.837630,2225.372465,-899.510850,5082.261448,4462.124142,-1798.052428,0.000000,0.000000,0.000000,0.838867
-17.341174,18.037968,13.068581,-5.793274,54.441651,26.285948,0.000000,0.000000,0.000000,0.973391
-23.558778,0.981104,8.764223,0.373209,18.282311,18.019507,0.000000,0.000000,0.000000,1.026758
397279.662077,-856595.922592,-2331932.045824,794622.312639,-1713181.734588,-4663863.306798,0.000000,0.000000,0.000000,1.135614
-150.708516,-73.320200,-48.720261,-240.012269,-150.710459,-96.785936,0.000000,0.000000,0.000000,0.827707
7.160620,23.577883,-21.560653,45.629076,40.371529,-50.729836,0.000000,0.000000,0.000000,0.832518
-58.261977,52.843954,-73.285017,-69.292199,125.294272,-148.126567,0.000000,0.000000,0.000000,1.058104
-19.098412,15.661193,-9.830841,0.709325,29.064435,-18.595723,0.000000,0.000000,0.000000,0.873224
-29.845544,-5.660611,4.371157,-7.060829,8.136747,13.444528,0.000000,0.000000,0.000000,0.857006
-19.385303,4.729665,1.860557,-1.579615,2.445917,2.356799,0.000000,0.000000,0.000000,1.003894
3493128.065017,1821482.421143,-20853253.937510,6986299.556742,3642962.112991,-41706507.261223,0.000000,0.000000,0.000000,0.881364
1047.994616,3356.995651,8648.404431,2149.177562,6766.546444,17401.982252,0.000000,0.000000,0.000000,1.062840
317932.555755,577824.511733,856590.031294,635909.230362,1155657.000056,1713179.090599,0.000000,0.000000,0.000000,0.867158
-27.454783,-4.131732,0.681303,-1.782992,-0.362821,0.399486,0.000000,0.000000,0.000000,1.022530
1273.851210,-195.654730,1174.684945,2590.889726,-368.708295,2348.951839,0.000000,0.000000,0.000000,1.073452
-34.977995,4.941486,8.146358,-25.117931,14.742106,16.426319,0.000000,0.000000,0.000000,0.937182
37299.112403,-32570.825639,-32648.085875,74631.885210,-65122.681940,-65295.694473,0.000000,0.000000,0.000000,1.090042
-308.646350,-115.261577,274.684899,-581.044277,-223.900423,549.043036,0.000000,0.000000,0.000000,0.876130
-24.896205,-10.444985,0.038183,0.604963,-0.243396,0.950086,0.000000,0.000000,0.000000,1.186175
-19.065736,-6.691716,1.833648,1.020794,-2.965800,5.195015,0.000000,0.000000,0.000000,1.198969
-23.351935,10.176573,0.691562,3.545352,2.952420,2.196346,0.000000,0.000000,0.000000,0.953716
-17.973295,5.151298,2.188746,15.251889,6.906874,6.579293,0.000000,0.000000,0.000000,0.945146
-28.757822,3.310935,2.799523,8.787668,5.595211,0.429390,0.000000,0.000000,0.000000,0.995258
-3483.265020,1941.281689,5403.131568,-6924.396940,3880.888125,10806.886836,0.000000,0.000000,0.000000,0.906235
-49.051540,-34.057881,70.189263,-56.933770,-68.776065,139.535265,0.000000,0.000000,0.000000,0.869644
-44.987422,-21.106463,-15.838846,-29.375403,-26.219342,-31.460179,0.000000,0.000000,0.000000,1.153020
-1178.823170,-608.132137,-531.309100,-2321.894473,-1215.132766,-1063.319852,0.000000,0.000000,0.000000,0.961667
-38.458550,-7.055023,-14.889698,-23.315564,-5.948509,-37.143565,0.000000,0.000000,0.000000,0.891950
-5.380844,-2.142015,-1.015927,2.131736,2.571812,-2.972133,0.000000,0.000000,0.000000,1.175423
-18.198687,-6.245235,2.779142,2.185551,-3.063264,7.730542,0.000000,0.000000,0.000000,1.050285
-27.271361,-5.946621,0.697084,-3.987849,0.040346,1.484353,0.000000,0.000000,0.000000,1.187342
-18.673597,14.695681,0.896867,1.550099,-0.269635,2.257545,0.000000,0.000000,0.000000,1.109482
-15.051387,23.886908,18.122320,-3.823839,38.375384,36.158142,0.000000,0.000000,0.000000,1.029596
-13.568587,-13.304831,0.016256,0.004785,-0.299728,0.109532,0.000000,0.000000,0.000000,0.886542
-1541.738773,835.730804,547.832810,-3041.387693,1667.945685,1096.141168,0.000000,0.000000,0.000000,1.003011
155.893433,1187.293048,-29.906639,341.453989,2359.914777,-60.065240,0.000000,0.000000,0.000000,0.905086
-272.101500,202.238948,424.298627,-504.162419,402.773554,850.087907,0.000000,0.000000,0.000000,1.175238
-13.351106,-7.733563,1.271148,-3.682202,-2.300128,3.030047,0.000000,0.000000,0.000000,0.949407
2264.125736,-97.282506,-443.427520,4558.374330,-184.018796,-887.657741,0.000000,0.000000,0.000000,0.877148
-105.704298,20.571097,126.537317,-178.565492,49.374718,252.114524,0.000000,0.000000,0.000000,1.138156
-18.727266,0.528009,0.916949,23.437426,9.115648,0.146239,0.000000,0.000000,0.000000,0.852140
-113647889.529478,1253596573.003011,363614297.669842,-227295737.455648,2507193152.302767,727228594.659778,0.000000,0.000000,0.000000,0.844537
-12.593411,-18.991198,-16.053563,16.629541,-33.080973,-35.513415,0.000000,0.000000,0.000000,0.944213
-15.324327,11.411429,-0.122056,-0.169680,-0.110984,0.401833,0.000000,0.000000,0.000000,1.141452
-9577696.229458,-81463037.375782,40588389.607649,-19155359.785561,-162926067.330284,81176778.822142,0.000000,0.000000,0.000000,1.198152
-19.047157,16.887824,1.950104,-0.101754,14.078782,4.449720,0.000000,0.000000,0.000000,1.083250
-11783.972649,5724.595208,37847.869432,-23526.975775,11446.093859,75695.172339,0.000000,0.000000,0.000000,0.838829
-11.296117,-8.692233,-0.024654,0.498420,0.170271,0.185790,0.000000,0.000000,0.000000,1.049758
-10.512435,-6.614327,-0.298933,-0.015397,0.035201,0.051735,0.000000,0.000000,0.000000,0.972331
-9075471.189938,4952645.034461,21095889.926897,-18150907.384717,9905302.418713,42191779.929660,0.000000,0.000000,0.000000,1.028063
-25.098945,3.612949,-11.501933,5.902017,8.552044,-23.810300,0.000000,0.000000,0.000000,1.000767
-16.458625,1.226812,-3.175017,3.108694,1.547909,-5.759982,0.000000,0.000000,0.000000,1.071612
-32.621498,6.914973,0.432736,-0.360771,0.978246,1.332754,0.000000,0.000000,0.000000,1.190287
-23.174796,-5.142612,-0.116918,2.948300,-7.786364,-2.142805,0.000000,0.000000,0.000000,1.068178
-17.485108,-11.847148,0.186344,-1.508346,-1.305453,-1.128915,0.000000,0.000000,0.000000,1.161866
-17.976195,7.977716,-1.338308,-7.463945,-0.423292,-0.942313,0.000000,0.000000,0.000000,0.802607
-5.392558,1.276538,-0.197952,-0.103093,0.145845,0.725028,0.000000,0.000000,0.000000,1.180255
-10.513883,-1.156571,0.730075,-0.943600,1.196776,2.083162,0.000000,0.000000,0.000000,1.101630
-15.553589,0.638936,5.307672,4.949395,9.759252,10.699807,0.000000,0.000000,0.000000,0.808742
-8.048002,-10.085883,-13.854327,6.620529,-14.234595,-28.311247,0.000000,0.000000,0.000000,0.820701
53.289651,5.125813,24.291163,135.876788,29.433334,49.043400,0.000000,0.000000,0.000000,1.085718
-33002.094970,-288383.403028,354115.120505,-65963.344994,-576764.906859,708229.642790,0.000000,0.000000,0.000000,1.041853
-19.115973,18.436391,-9.841901,-2.901075,28.564826,-20.918659,0.000000,0.000000,0.000000,0.995666
-4.224388,-5.282570,3.348841,11.982496,-1.324173,9.095612,0.000000,0.000000,0.000000,0.824760
-10.477880,1.547610,0.657433,7.783349,-5.152635,-2.068317,0.000000,0.000000,0.000000,1.025234
-13064.250263,13935.288919,10131.916301,-26110.774834,27868.317154,20262.868224,0.000000,0.000000,0.000000,0.953551
-1316.134970,-2187.343154,-321.926062,-2591.175892,-4351.924906,-643.367439,0.000000,0.000000,0.000000,0.888580
1.713967,11.493822,6.096659,38.202103,15.542803,11.982951,0.000000,0.000000,0.000000,1.060313
-56138634.598899,-38413296.792351,17789195.122325,-112277222.935947,-76826593.200318,35578389.506580,0.000000,0.000000,0.000000,1.066283
-773.522846,-434.531526,-2297.875344,-1511.997241,-864.704598,-4604.824695,0.000000,0.000000,0.000000,1.000945
-16.290874,11.763484,0.500873,-1.611685,2.468490,0.006114,0.000000,0.000000,0.000000,1.134218
-24.202977,6.632848,2.001656,4.059922,-3.014325,4.268975,0.000000,0.000000,0.000000,1.075745
-75820.504414,-7794.851765,-15007.299312,-151607.071449,-15600.315861,-30015.076380,0.000000,0.000000,0.000000,0.868933
-31.435397,2.289611,-0.369661,-0.650401,-0.677664,0.093570,0.000000,0.000000,0.000000,0.962804
-44155880.439041,7502539.890920,16847758.847151,-88311719.289585,15005075.215900,33695518.481229,0.000000,0.000000,0.000000,0.922450
-20.322338,-7.602231,0.632815,-4.853448,-1.468654,3.486901,0.000000,0.000000,0.000000,0.988361
-11.782554,-4.571441,-1.101853,3.452073,6.455809,-5.172102,0.000000,0.000000,0.000000,0.878847
-26.790419,2.169434,-2.320263,-7.213947,-2.075487,-4.257857,0.000000,0.000000,0.000000,1.005695
-21.960547,-1.690340,-0.303268,-3.448185,0.811432,-0.211654,0.000000,0.000000,0.000000,0.858551
-24.477757,10.141713,-3.671752,-0.979033,3.821534,-7.239611,0.000000,0.000000,0.000000,1.145449
-8.094213,-0.350519,-0.169904,0.919831,0.342484,0.359804,0.000000,0.000000,0.000000,1.039033
198.788710,-165.369062,-1085.185926,436.569314,-342.416389,-2169.377243,0.000000,0.000000,0.000000,0.967435
-10.631607,7.238030,28.398896,12.921173,13.739467,58.799778,0.000000,0.000000,0.000000,0.960485
-24.683649,-6.261049,5.154835,1.153706,-14.320850,14.547824,0.000000,0.000000,0.000000,1.143574
-29.942742,-4.465287,0.171231,3.213554,-0.687880,0.553371,0.000000,0.000000,0.000000,1.168897
-27.713280,-11.075519,-0.242322,-0.357929,0.027582,0.028435,0.000000,0.000000,0.000000,0.838668
-2465740521.745883,-5766224843.754434,-5342916707.791385,-4931481017.903914,-11532449694.649590,-10685833416.068308,0.000000,0.000000,0.000000,1.128160
98.304071,170.908390,-22.123390,233.602937,339.229838,-43.902334,0.000000,0.000000,0.000000,0.965061
-15.312684,15.981333,-6.740692,25.004114,8.381997,-13.964151,0.000000,0.000000,0.000000,1.188821
-16.778669,-7.339231,-0.602331,3.746938,-2.389561,-0.815655,0.000000,0.000000,0.000000,1.098564
-12.715623,13.006786,0.448484,-0.525927,0.723123,0.426190,0.000000,0.000000,0.000000,1.096919
5.915242,-7.503266,-6.846860,36.351957,-20.070852,-14.009203,0.000000,0.000000,0.000000,1.116244
-69.652151,-54.462147,-57.852863,-109.515338,-89.354726,-114.936058,0.000000,0.000000,0.000000,0.936039
12.616158,16.490026,13.785930,52.064029,15.052980,27.730650,0.000000,0.000000,0.000000,1.016946
-7.098484,0.769373,-0.101787,1.039359,-2.053191,-0.493735,0.000000,0.000000,0.000000,0.862081
-593984.576871,-397942.388850,45532.651375,-1187947.579727,-795905.966693,91064.303670,0.000000,0.000000,0.000000,0.989079
302.101063,-413.139009,965.546433,644.285426,-824.430593,1930.869007,0.000000,0.000000,0.000000,1.194641
-273.585882,-1701.026953,-408.673210,-516.933555,-3386.055929,-816.846061,0.000000,0.000000,0.000000,1.145137
-8.162083,-3.938249,16.096108,32.382083,-6.552020,32.854278,0.000000,0.000000,0.000000,0.863949
-21.304444,5.918022,-0.019414,-2.049001,-1.679640,1.125599,0.000000,0.000000,0.000000,1.021176
-2338.202426,88.829358,453.357524,-4645.730678,188.182639,905.804911,0.000000,0.000000,0.000000,0.860530
-2999.862630,218267.455837,-398056.700337,-5948.159160,436513.033312,-796113.375768,0.000000,0.000000,0.000000,0.853743
-3978.769015,9150.632629,13027.969069,-7895.663530,18288.345100,26055.989622,0.000000,0.000000,0.000000,1.170574
-17.545146,-2.070972,2.777602,-4.525376,-6.945581,6.138434,0.000000,0.000000,0.000000,1.096211
72.374892,607.020915,394.079319,205.129096,1232.087234,788.609772,0.000000,0.000000,0.000000,1.004855
-450054.847726,-2759675.165917,-4896606.080973,-900067.113826,-5519352.544141,-9793212.735561,0.000000,0.000000,0.000000,0.810410
-16.222071,-9.846671,3.700562,-0.509573,-10.005279,8.134004,0.000000,0.000000,0.000000,1.088580
-10.829982,-9.336628,-0.164583,0.304350,-0.031840,0.412953,0.000000,0.000000,0.000000,1.121250
-27.360324,-1.540939,2.856894,0.098569,-0.033136,5.608246,0.000000,0.000000,0.000000,1.036524
-13.414724,-10.186767,0.134089,0.596798,1.234790,0.522030,0.000000,0.000000,0.000000,0.857043
-23.647538,4.466351,-31.961759,-9.471152,6.927238,-63.838257,0.000000,0.000000,0.000000,0.882167
-18.284570,4.878990,-1.297846,-0.063489,0.072579,-1.802885,0.000000,0.000000,0.000000,1.122901
-30.169729,3.616944,23.275411,-19.791155,3.407813,49.421635,0.000000,0.000000,0.000000,1.017835
-7.985112,-0.952609,0.486197,0.484056,0.111617,0.319663,0.000000,0.000000,0.000000,0.997220
-0.065385,6.206439,-6.953848,23.451392,14.471070,-13.430939,0.000000,0.000000,0.000000,0.847091
1428.222048,982.059497,-689.028107,2905.882556,1989.277570,-1379.736299,0.000000,0.000000,0.000000,1.114930
-72944.289630,5209.784033,129058.089352,-145847.949553,10418.320885,258116.554476,0.000000,0.000000,0.000000,1.122911
-28.836236,-9.664745,-7.403492,-9.565407,-22.562271,-14.763356,0.000000,0.000000,0.000000,0.856832
-19.007686,10.823148,49.538340,-9.682766,29.596500,98.981418,0.000000,0.000000,0.000000,1.035512
-8.717453,-0.623379,21.177475,25.424368,3.555729,43.951101,0.000000,0.000000,0.000000,0.819653
-7.569157,-6.320776,3.529811,1.799149,-1.344397,6.727316,0.000000,0.000000,0.000000,1.113768
-17.563807,-3.590580,1.869646,6.487300,4.920329,3.705361,0.000000,0.000000,0.000000,1.090717
-37.794951,-2.124349,-0.819866,-9.480329,-0.832293,-1.611446,0.000000,0.000000,0.000000,0.901490
-52.896760,16.576121,-1.130013,-48.088589,9.110029,-2.529019,0.000000,0.000000,0.000000,0.942367
-29.985701,6.912821,0.369141,-0.608041,0.051205,0.684952,0.000000,0.000000,0.000000,1.195784
-14.820731,-7.441259,-0.001347,0.882474,8.520109,0.819231,0.000000,0.000000,0.000000,1.077158
399517.457764,80316.275111,-455066.791308,799069.747335,160623.119660,-910133.110433,0.000000,0.000000,0.000000,1.091971
-9.898549,-4.161925,6.991260,-1.060915,6.581093,13.456606,0.000000,0.000000,0.000000,1.096610
-4423.713129,-3319.383748,282.995236,-8910.665241,-6736.387864,572.119764,0.000000,0.000000,0.000000,1.192966
-10.997848,-7.191217,12.363946,1.923137,-7.475084,26.639579,0.000000,0.000000,0.000000,1.000032
-8.087519,8.456320,-1.783433,-2.393292,8.957932,-3.725287,0.000000,0.000000,0.000000,0.824119
-32.390721,-2.081861,0.460465,-3.503068,0.880537,0.756015,0.000000,0.000000,0.000000,0.885948
-7.813739,-8.470635,0.859680,17.355689,-15.210209,3.802818,0.000000,0.000000,0.000000,1.177809
-3.980578,0.533535,11.214044,20.646373,4.539316,22.541182,0.000000,0.000000,0.000000,1.032353
-147.197792,19.686969,-89.601617,-252.197478,40.485925,-180.034166,0.000000,0.000000,0.000000,1.026992
-75598.151591,132838.800849,10492.660379,-151454.929549,266231.188458,21028.263681,0.000000,0.000000,0.000000,0.929951
-29.661683,1.554240,24.050005,-26.859849,8.851359,48.397850,0.000000,0.000000,0.000000,0.867581
-32.046435,-5.131989,-1.909217,-6.081806,4.725124,-9.907478,0.000000,0.000000,0.000000,1.128076
-15.237784,-0.455992,3.398777,-0.813340,-4.783191,6.026513,0.000000,0.000000,0.000000,0.870115
-27.423182,3.909781,-4.452185,5.525678,-1.515153,-9.234062,0.000000,0.000000,0.000000,1.103878
-11.477143,3.348598,-6.462742,8.699322,2.553040,-14.165709,0.000000,0.000000,0.000000,1.171799
-7.531405,0.293261,0.330043,-1.382931,0.391170,0.939944,0.000000,0.000000,0.000000,0.946411
-18.969470,-12.597634,-0.164938,0.428004,-0.097227,0.503370,0.000000,0.000000,0.000000,1.035227
-24.240523,-10.895541,0.565612,0.836025,0.136418,1.329952,0.000000,0.000000,0.000000,1.125308
12.796811,-16.267179,-12.461708,52.296198,-48.249018,-26.479208,0.000000,0.000000,0.000000,1.059288
-19.624685,-14.954043,-0.175953,-0.015316,-0.189934,0.466152,0.000000,0.000000,0.000000,0.870182
-33.793653,-13.035672,15.214184,-37.419015,-7.286127,29.736763,0.000000,0.000000,0.000000,1.017779
13262472.154986,-4880748.500187,6686979.747644,26525001.828109,-9761514.914046,13373959.686247,0.000000,0.000000,0.000000,1.127300
-1295361819.597380,-3770131688.989410,47346468041.818542,-2590723600.025213,-7540263375.867826,94692936084.243683,0.000000,0.000000,0.000000,1.186622
-4128.703185,6977.793746,-727.980628,-8221.547521,13972.275508,-1456.255271,0.000000,0.000000,0.000000,1.158315
-183.817230,-309.607619,-87.904259,-325.605326,-620.040552,-175.017017,0.000000,0.000000,0.000000,1.037564
-30.958568,-1.684923,0.826512,-0.613643,2.485531,2.425607,0.000000,0.000000,0.000000,1.186762
-3538.890554,2849.202287,-117.856342,-7038.755420,5698.934154,-234.861718,0.000000,0.000000,0.000000,0.818528
-31.818965,-14.946512,3.973954,-6.068348,-25.131848,10.707541,0.000000,0.000000,0.000000,1.121757
-19.517161,12.128178,-1.377834,-5.060569,-2.091848,-1.707840,0.000000,0.000000,0.000000,1.073467
-27.832179,-4.643781,-0.150614,-0.030663,-6.205914,0.673467,0.000000,0.000000,0.000000,1.014512
-20.636198,-7.242185,1.410204,0.229240,-2.731575,2.313332,0.000000,0.000000,0.000000,0.943921
-12.435180,-9.804237,2.654164,7.813905,-14.107906,8.089517,0.000000,0.000000,0.000000,1.095259
-9171.184927,-1397.199544,-896.037127,-18383.623390,-2806.627279,-1798.900380,0.000000,0.000000,0.000000,1.136821
-636.232685,-843.295262,153.937925,-1242.890836,-1681.476644,308.620111,0.000000,0.000000,0.000000,1.053030
-22.183630,-8.507709,0.985221,-1.165120,-2.545770,1.347262,0.000000,0.000000,0.000000,0.824072
-31.931450,-7.644560,0.143811,0.222631,-0.153832,0.514945,0.000000,0.000000,0.000000,0.835675
77086.204790,-5866.878123,-138613.177209,154212.850287,-11734.989106,-277225.638942,0.000000,0.000000,0.000000,1.056174
-16.074990,7.882977,-11.014533,21.064754,14.500126,-23.442451,0.000000,0.000000,0.000000,1.031222
-23.205344,-3.643418,0.825103,-1.734843,-4.754092,0.612464,0.000000,0.000000,0.000000,0.995006
-6.007870,11.078080,8.345518,15.497543,12.314065,16.148228,0.000000,0.000000,0.000000,0.868310
-24.204258,-6.130523,-0.465360,0.091638,-0.088663,0.027770,0.000000,0.000000,0.000000,0.841950
-19.243431,-10.645608,-2.173230,10.707202,-15.193934,-5.628857,0.000000,0.000000,0.000000,1.164382
-551.681493,215.466421,-1511.657977,-1134.472611,463.780344,-3265.643419,0.000000,0.000000,0.000000,0.904045
-14.641474,9.348108,-2.395546,-1.688391,6.102246,-4.020407,0.000000,0.000000,0.000000,0.855006
-21.452616,13.740222,10.048911,-6.342159,7.989498,21.435188,0.000000,0.000000,0.000000,0.966268
-12.433191,-11.322243,0.204978,0.460387,0.406992,0.322431,0.000000,0.000000,0.000000,1.128423
-28.510711,-11.311323,-0.092204,6.699813,-7.531296,-4.742644,0.000000,0.000000,0.000000,1.066786
-27.454697,-10.665079,14.139601,-0.738428,-22.922621,27.871519,0.000000,0.000000,0.000000,0.982279
-18.566163,13.244760,0.542653,-2.371032,2.810493,1.795063,0.000000,0.000000,0.000000,0.972173
39320760.799164,-576469.739140,-15660927.868454,78641562.961716,-1152944.005994,-31321854.864087,0.000000,0.000000,0.000000,0.907171
-31.199119,-25.495214,-20.880249,-18.783504,-66.313330,-41.703669,0.000000,0.000000,0.000000,1.157134
1.076771,2.020926,-12.736479,25.376631,-1.500823,-27.370287,0.000000,0.000000,0.000000,0.806333
-16.453586,8.957852,0.695031,-0.326837,0.054657,0.936625,0.000000,0.000000,0.000000,1.141493
3853.201442,9625.618218,-3949.941497,7741.933554,19300.323752,-7916.298738,0.000000,0.000000,0.000000,0.876037
-18.367328,5.823099,4.141382,-7.134565,-8.512940,8.061068,0.000000,0.000000,0.000000,0.995454
-304794.073210,-71522.859782,514600.530738,-609553.080606,-143055.106692,1029201.282335,0.000000,0.000000,0.000000,0.856559
-24.114733,8.660260,11.561026,-0.892715,29.645651,25.964882,0.000000,0.000000,0.000000,0.845643
644.599390,633.243863,-4176.961441,1330.580350,1269.336758,-8353.576762,0.000000,0.000000,0.000000,0.863715
-9.098770,8.889738,0.537508,-0.165033,0.108917,0.428026,0.000000,0.000000,0.000000,1.166219
-18.567621,-3.914035,0.310033,0.459372,-0.234697,0.323394,0.000000,0.000000,0.000000,0.816255
-32.898006,5.499935,0.643154,-0.384459,-0.321574,1.061286,0.000000,0.000000,0.000000,0.824722
-20.908387,9.577305,0.071939,-2.194025,3.848791,-0.291927,0.000000,0.000000,0.000000,1.120337
-9.184375,-5.262727,0.371046,0.332046,0.156790,0.439510,0.000000,0.000000,0.000000,1.105116
-8.556923,5.610385,8.322076,15.877822,7.129279,17.481880,0.000000,0.000000,0.000000,1.170362
4148.553983,-9676.438217,-13794.677213,8358.870256,-19365.536637,-27588.932584,0.000000,0.000000,0.000000,1.105545
-629.819617,87.960895,-524.242708,-1226.321699,163.138164,-1056.525682,0.000000,0.000000,0.000000,0.842723
-33.270090,-3.959038,1.729029,-0.972744,2.255806,3.547821,0.000000,0.000000,0.000000,1.182668
-21621.081410,-18168.421487,-14485.129628,-43452.525084,-36561.476173,-29145.100452,0.000000,0.000000,0.000000,0.915218
-14.439300,-2.707537,1.534003,0.983939,1.682179,2.858706,0.000000,0.000000,0.000000,0.824622
-17.602862,14.521430,9.035463,0.091809,32.136409,19.010798,0.000000,0.000000,0.000000,1.086065
-10.740847,-9.663876,0.745562,-0.072952,0.004921,0.210790,0.000000,0.000000,0.000000,1.105222
-14.344183,-22.812505,-6.697625,20.935639,-52.760784,-14.860715,0.000000,0.000000,0.000000,1.095226
-46479.816788,40533.037221,40648.859596,-92925.708175,81084.812551,81297.964634,0.000000,0.000000,0.000000,0.875471
-8669.263050,9642.478399,-1532.777501,-17296.773035,19285.741058,-3064.889182,0.000000,0.000000,0.000000,0.801765
-28.837483,-3.986438,-1.083360,0.561510,-1.087845,-2.023564,0.000000,0.000000,0.000000,1.052456
-9.593308,4.748285,-0.072905,1.479374,16.455611,-2.434719,0.000000,0.000000,0.000000,1.141113
-20.010436,0.068063,-1.619114,-0.416868,3.965927,-3.374455,0.000000,0.000000,0.000000,1.065021
-15.452481,-7.755307,-14.539238,9.651044,-16.289201,-31.528259,0.000000,0.000000,0.000000,0.945873
-5.912036,-1.841528,0.094916,-0.092333,0.188700,0.555701,0.000000,0.000000,0.000000,0.991486
-7.656700,1.444758,0.146704,-2.723585,-0.919422,0.026221,0.000000,0.000000,0.000000,0.958720
-34.874912,6.067586,-9.625875,-20.270751,13.461382,-18.825147,0.000000,0.000000,0.000000,1.155730
-18.403976,8.351983,0.673790,2.987163,2.186310,0.868220,0.000000,0.000000,0.000000,1.181506
265.575851,2027.306431,346.238178,567.292292,4048.943795,692.542243,0.000000,0.000000,0.000000,0.864553
2673902925.900732,-2323849499.792297,-3674754103.646859,5347805900.324543,-4647699004.222689,-7349508206.374980,0.000000,0.000000,0.000000,1.198089
-26.196654,-7.842246,0.662937,-1.939308,-1.476861,0.906868,0.000000,0.000000,0.000000,1.140690
-27.542996,-8.010278,0.385933,0.209674,-0.069702,0.701042,0.000000,0.000000,0.000000,0.919415
-7.382051,-2.063951,2.169048,4.734304,3.006542,4.431826,0.000000,0.000000,0.000000,0.886350
61344.829549,-111098.955862,-8214.986014,122979.707736,-222621.688701,-16461.982721,0.000000,0.000000,0.000000,1.120723
-8920.722128,9025.565656,2625.781928,-17801.181771,18056.636673,5252.026433,0.000000,0.000000,0.000000,0.822960
17.604601,-64.489766,14.907528,60.087877,-120.404482,30.156465,0.000000,0.000000,0.000000,1.093680
-20.691371,9.741094,-1.458104,-4.191847,2.283217,-2.492715,0.000000,0.000000,0.000000,0.899880
-15.581391,0.478126,-10.048181,17.806441,13.444747,-22.281321,0.000000,0.000000,0.000000,0.907983
-36.274983,5.678225,-1.100445,-11.590534,-8.943617,-4.051441,0.000000,0.000000,0.000000,0.871534
299.566198,-699.870796,168.771123,636.842747,-1402.728428,336.634629,0.000000,0.000000,0.000000,0.990089
-18849.784235,6139.591953,-10124.178192,-37658.886829,12281.658187,-20248.367031,0.000000,0.000000,0.000000,0.961192
-13.072060,11.833759,12.353499,-1.294403,5.913066,29.011306,0.000000,0.000000,0.000000,1.034270
-12.962506,-12.897856,0.805283,1.106103,-0.917057,1.310348,0.000000,0.000000,0.000000,0.875531
-7.014730,2.845533,1.294865,16.131857,2.550109,6.114904,0.000000,0.000000,0.000000,0.844017
-32.903511,4.253468,2.585970,-3.360734,-1.856735,5.019813,0.000000,0.000000,0.000000,1.053551
-20.719182,11.037092,0.839817,0.687048,-0.839918,1.475505,0.000000,0.000000,0.000000,1.142860
-25.827470,-3.581729,1.179874,5.026625,-2.066973,2.995072,0.000000,0.000000,0.000000,1.051468
111.161982,757.150840,882.512180,264.558267,1511.763510,1765.042043,0.000000,0.000000,0.000000,1.093388
-1343399.910054,55234.137461,2603044.214799,-2692142.760819,110695.099123,5216522.170686,0.000000,0.000000,0.000000,1.093652
-19.816350,8.480292,3.501941,2.016595,12.246683,7.650824,0.000000,0.000000,0.000000,0.999280
-17.582767,14.580332,5.954416,13.660461,1.181044,11.124392,0.000000,0.000000,0.000000,1.139585
-32.409935,1.552283,-14.957130,-35.252744,-0.329194,-29.409095,0.000000,0.000000,0.000000,0.980556
-27.696748,-6.765258,2.661369,2.638842,4.331765,4.159252,0.000000,0.000000,0.000000,1.084633
-7.538403,-5.382914,-4.153604,5.663725,-10.047189,-13.884880,0.000000,0.000000,0.000000,1.008290
-18.979483,-18.653781,-16.777739,7.063115,-56.716933,-35.714769,0.000000,0.000000,0.000000,0.913202
215.565631,555.472067,-742.259182,485.407465,1124.099658,-1491.361740,0.000000,0.000000,0.000000,1.090817
-14.573814,-6.840332,0.493232,0.933287,0.792130,0.855533,0.000000,0.000000,0.000000,0.966068
18.075888,7.727791,151.443984,77.260322,21.455109,303.694976,0.000000,0.000000,0.000000,0.824455
15.398726,3.821676,26.931816,-0.873829,15.174400,76.506948,0.000000,0.000000,0.000000,0.996795
-23.114310,-6.306476,-0.412626,-7.873402,-5.416598,-2.754983,0.000000,0.000000,0.000000,1.192100
-14.739591,-0.097083,-0.056965,0.065534,0.684143,0.787058,0.000000,0.000000,0.000000,1.024388
-562.782139,562.670174,-1143.172144,-1085.353868,1126.991627,-2286.037708,0.000000,0.000000,0.000000,1.084571
-24.820084,12.737084,0.714908,-0.127215,-1.354432,0.556832,0.000000,0.000000,0.000000,0.924416
23.900955,50.449672,22.741917,90.396560,104.228901,44.866400,0.000000,0.000000,0.000000,0.928617
-14.911979,-10.685387,5.157637,16.706508,-5.401760,9.197072,0.000000,0.000000,0.000000,0.808000
-22.754940,8.193515,0.401862,1.748133,8.060127,1.098607,0.000000,0.000000,0.000000,0.956997
183.777157,-1901.686216,-854.103011,408.926516,-3801.710828,-1707.368190,0.000000,0.000000,0.000000,0.876427
-24.060967,-11.011661,2.208371,5.080911,0.576672,3.286567,0.000000,0.000000,0.000000,1.094605
-15.857307,14.003416,0.404833,-0.302258,0.042798,0.498420,0.000000,0.000000,0.000000,0.829318
61942.452258,6381.174153,12267.458023,123918.432238,12751.693821,24534.357186,0.000000,0.000000,0.000000,1.063083
1184.772958,1918.379880,325.188368,2410.357603,3859.047358,650.796409,0.000000,0.000000,0.000000,0.959562
-4.592082,16.650450,0.293007,17.789940,7.345949,1.515025,0.000000,0.000000,0.000000,0.846626
17454.880770,8001.736575,141.098923,34951.725038,16002.266661,281.199395,0.000000,0.000000,0.000000,0.884445
1363726.256012,-56621.168100,-2642583.989723,2732959.636770,-113463.824109,-5295758.529762,0.000000,0.000000,0.000000,1.077336
-10.358390,-1.206334,-0.585017,0.598086,4.912702,1.362519,0.000000,0.000000,0.000000,1.143288
-224.589541,449.928272,-436.707805,-418.880653,898.771429,-872.526610,0.000000,0.000000,0.000000,1.163000
-190372.514608,-22931.855866,49487.453462,-380709.595678,-45873.054557,98975.032257,0.000000,0.000000,0.000000,1.036448
-24.883526,10.022265,0.289663,-0.894120,0.750327,-0.357482,0.000000,0.000000,0.000000,1.093057
-22.473151,15.116162,0.708246,-0.098160,1.093094,1.121714,0.000000,0.000000,0.000000,0.957869
88098532.581558,155283398.212163,55826134.531553,176197105.329955,310566820.298359,111652269.561457,0.000000,0.000000,0.000000,1.016228
985.988061,429.598920,1988.888796,2011.511306,861.437265,3977.702843,0.000000,0.000000,0.000000,1.159158
-20.843477,-9.676597,4.812443,-8.297356,-23.606286,7.769633,0.000000,0.000000,0.000000,0.914799
35287.861415,-30140.590335,12410.329801,70899.549165,-60525.369843,24921.951222,0.000000,0.000000,0.000000,0.946914
-23.087715,9.597237,0.295441,0.172642,-0.766136,-0.322421,0.000000,0.000000,0.000000,1.151416
-30.700717,-5.174640,1.373747,-0.144768,-3.377749,1.764676,0.000000,0.000000,0.000000,1.075848
-119388.191325,20289.808163,-44759.743358,-238736.955854,40582.324369,-89519.223761,0.000000,0.000000,0.000000,1.096484
-2218.345307,2281.323274,121.669489,-4384.143053,4567.656811,244.445264,0.000000,0.000000,0.000000,0.876089
-11.548324,-9.456906,0.385712,0.422411,-0.226796,0.910800,0.000000,0.000000,0.000000,0.852677
-22.437724,3.074505,-0.357669,-8.511484,5.661922,-0.688982,0.000000,0.000000,0.000000,1.074863
-23.190936,5.576106,-8.012115,-0.894921,-5.576741,-15.854968,0.000000,0.000000,0.000000,0.932659
-18.142711,-7.196730,1.032348,-2.785939,-4.866638,3.654881,0.000000,0.000000,0.000000,0.968753
-11.904571,-0.785303,1.438848,4.789952,2.274121,2.265192,0.000000,0.000000,0.000000,0.955005
148308.756378,534811.118282,-302527.970691,296655.174548,1069622.331195,-605056.635055,0.000000,0.000000,0.000000,1.158609
-12659.871745,-6988.731950,-13041.704028,-25278.839173,-13975.401859,-26083.497429,0.000000,0.000000,0.000000,0.918582
-30.880754,0.108357,0.888984,-0.041314,0.083562,1.050261,0.000000,0.000000,0.000000,1.040780
-8.840226,-2.438351,3.143077,8.229292,7.387977,0.957643,0.000000,0.000000,0.000000,0.927107
9360.865896,1442.837739,852.925670,18828.846561,2896.184308,1713.028835,0.000000,0.000000,0.000000,1.128084
-8.173808,42.326618,-6.392271,27.179731,62.771388,-13.922437,0.000000,0.000000,0.000000,0.946045
-5.415871,7.305022,-6.350962,31.281608,4.808199,-12.881043,0.000000,0.000000,0.000000,1.127063
-17.365660,-7.127237,2.032244,9.160985,-4.756321,6.487051,0.000000,0.000000,0.000000,0.884658
1367.088554,-774.035218,-508.065799,2775.792662,-1551.326160,-1015.485031,0.000000,0.000000,0.000000,1.087730
-30085.625523,-137813.154210,-47407.906279,-60125.498685,-275624.251018,-94815.870203,0.000000,0.000000,0.000000,0.954176
110.444617,-2052.443115,-774.475657,261.814944,-4103.964676,-1548.933017,0.000000,0.000000,0.000000,1.047518
-6946906.362305,-2233365.488793,-8098084.849501,-13893767.864385,-4466722.935341,-16196170.046744,0.000000,0.000000,0.000000,1.052604
-8.238444,36.909627,7.624698,7.658629,57.690230,14.585404,0.000000,0.000000,0.000000,0.834774
-187.427708,1840.320890,796.629943,-333.883782,3681.056012,1593.057752,0.000000,0.000000,0.000000,1.193051
-21.189982,-3.987356,-20.303322,5.375350,-19.274648,-40.051277,0.000000,0.000000,0.000000,0.850615
-18.611036,3.896632,-1.435048,-2.324135,0.146498,-1.961641,0.000000,0.000000,0.000000,0.985159
-16.256736,6.134493,-0.150112,-0.596358,0.487787,0.681934,0.000000,0.000000,0.000000,0.970887
-1353.558260,425.687478,521.667219,-2678.651596,866.727523,1043.956790,0.000000,0.000000,0.000000,0.913613
-10.360933,5.773912,-6.624718,1.995558,9.672371,-14.610018,0.000000,0.000000,0.000000,0.851217
0.472572,-8.985363,12.700603,31.312397,-19.576762,26.557885,0.000000,0.000000,0.000000,1.013071
3936.854683,-3705.732915,-5712.252187,7915.601889,-7412.872655,-11423.533514,0.000000,0.000000,0.000000,1.028262
-15.314791,8.169829,0.564983,-0.429621,0.276696,0.463940,0.000000,0.000000,0.000000,1.104882
-20.334337,-11.271246,-0.819672,-2.780186,-5.941600,-0.556646,0.000000,0.000000,0.000000,1.173870
-432.605415,-263.124316,-380.721962,-835.796407,-526.065995,-762.209627,0.000000,0.000000,0.000000,0.886806
58.415037,65.245018,24.424655,180.339860,138.377555,51.082770,0.000000,0.000000,0.000000,1.093609
-4.368840,7.961938,7.319254,14.868032,13.834924,15.907401,0.000000,0.000000,0.000000,0.962762
-28.538242,-2.584416,-2.258009,-5.204086,-4.237414,-4.390450,0.000000,0.000000,0.000000,0.894744
-546.820259,-110.817792,-1534.442067,-1081.615151,-245.733008,-3203.399923,0.000000,0.000000,0.000000,1.125705
-27.060967,-1.458826,-0.273344,-2.106587,-1.348816,-1.173294,0.000000,0.000000,0.000000,0.809324
-22.007033,5.370480,-0.740353,-2.467352,1.506711,-2.714389,0.000000,0.000000,0.000000,1.127365
-16.684423,-11.934804,-0.140056,0.356229,0.167229,0.648777,0.000000,0.000000,0.000000,1.136320
-14.327377,12.639737,-1.449437,-2.602211,6.445757,-2.275327,0.000000,0.000000,0.000000,0.819373
-74.512398,40.886754,86.608867,-109.552776,79.790418,173.129079,0.000000,0.000000,0.000000,1.126828
-388739.521827,7674856.476791,10395312.767264,-777445.253273,15349727.200223,20790625.367203,0.000000,0.000000,0.000000,0.889062
-23.344167,-4.721020,0.482035,4.853656,-8.149944,2.767801,0.000000,0.000000,0.000000,1.027043
-9.184946,-16.700731,-24.546976,18.414555,-35.505328,-48.161343,0.000000,0.000000,0.000000,1.160073
1143.577308,-381.997946,-450.967125,2315.101198,-748.475664,-901.110006,0.000000,0.000000,0.000000,1.057339
-20.437677,6.731227,1.523685,5.352986,11.408484,7.889864,0.000000,0.000000,0.000000,0.803405
-14.987878,2.625162,3.772986,8.541770,-3.283789,6.757484,0.000000,0.000000,0.000000,0.851926
-20.646371,9.666355,-2.789075,-12.162686,12.518294,-4.728884,0.000000,0.000000,0.000000,1.016284
-27.350556,10.486507,2.023047,-7.755307,3.850289,5.045047,0.000000,0.000000,0.000000,0.811855
-705.544874,6211.622251,-2248.633981,-1368.764531,12418.011098,-4497.026059,0.000000,0.000000,0.000000,0.810598
-2.014161,-9.701025,50.166230,55.863084,-18.305543,100.451083,0.000000,0.000000,0.000000,0.961358
-15.863823,-14.436556,1.263923,-0.936888,-1.336405,3.468002,0.000000,0.000000,0.000000,0.986693
-35.300484,-0.226646,5.574312,-25.475703,9.015854,11.692897,0.000000,0.000000,0.000000,0.825082
-2723.537420,482.898946,1543.383498,-5416.256212,978.718064,3097.821290,0.000000,0.000000,0.000000,0.868226
-27.991873,5.357925,0.748958,3.160755,5.713051,1.642643,0.000000,0.000000,0.000000,1.153287
-19.489840,4.238966,-1.249617,0.121971,1.575446,-1.830807,0.000000,0.000000,0.000000,0.870447
-7.115278,8.063031,2.351964,2.623651,3.726990,4.525206,0.000000,0.000000,0.000000,0.987682
-28.802538,-4.680251,-9.080495,-3.679392,-5.174431,-20.128532,0.000000,0.000000,0.000000,0.878281
-22.559221,11.511968,0.313990,0.014553,-0.215644,0.485958,0.000000,0.000000,0.000000,1.176964
-32.759482,12.342259,-111.892199,-19.739622,27.891235,-223.042228,0.000000,0.000000,0.000000,0.985321
-17.400902,-9.020881,-8.255661,1.761549,1.944602,-15.700135,0.000000,0.000000,0.000000,0.864344
-26.057657,50.167911,-9.921243,-8.124937,89.100959,-20.951207,0.000000,0.000000,0.000000,0.892454
-15.683557,-10.058955,1.946176,0.913679,0.455318,4.311804,0.000000,0.000000,0.000000,1.115895
-16207.584344,-7407.976643,-127.561065,-32372.776977,-14816.963795,-256.117183,0.000000,0.000000,0.000000,0.955103
-29.475682,5.142990,3.224295,-5.678051,8.628675,6.914042,0.000000,0.000000,0.000000,0.913098
-6.820455,-6.336244,0.650933,0.253004,0.650917,0.340212,0.000000,0.000000,0.000000,0.890366
-6.321322,-6.945760,-2.529342,11.047672,-28.198146,-5.803143,0.000000,0.000000,0.000000,0.980274
-23.055498,-16.565399,-11.824245,-14.421208,-27.742469,-23.869133,0.000000,0.000000,0.000000,1.109128
-12.633922,3.878705,-0.204495,-0.043010,0.305945,0.408535,0.000000,0.000000,0.000000,1.108792
-22.723237,-1.018551,1.919626,-7.703548,11.247405,3.762510,0.000000,0.000000,0.000000,1.171583
-29.457548,6.210544,-1.708699,3.522426,3.577650,-2.544130,0.000000,0.000000,0.000000,1.020912
-20.471551,1.555580,0.806018,-2.858502,-3.026991,1.475013,0.000000,0.000000,0.000000,1.076698
-23.015075,-16.119716,21.897095,-21.579807,-33.767414,42.895619,0.000000,0.000000,0.000000,1.124017
-2757.677546,-7367.110390,3321.718580,-5506.148940,-14752.811830,6655.990468,0.000000,0.000000,0.000000,1.142295
-19.716531,-6.737774,-0.098273,1.991550,-0.664359,2.070373,0.000000,0.000000,0.000000,0.864710
449.538156,-507.367179,154.443598,934.469773,-1007.853646,308.856834,0.000000,0.000000,0.000000,1.100182
-20.513121,-14.013007,-0.005310,0.419809,-0.027526,0.555107,0.000000,0.000000,0.000000,0.897377
-10.031805,-3.560934,-0.538594,5.281604,5.962419,-1.980874,0.000000,0.000000,0.000000,1.039522
-0.915090,1.678308,12.190386,41.075356,1.950921,24.714942,0.000000,0.000000,0.000000,1.185663
-35.089795,-0.179766,-0.560498,-0.335961,-0.876305,-0.557504,0.000000,0.000000,0.000000,0.833635
-58815.871633,20400.625994,30675.872230,-117592.937587,40801.911975,61352.558317,0.000000,0.000000,0.000000,1.155855
405.269956,52.721513,2122.015753,850.204708,111.739939,4252.128466,0.000000,0.000000,0.000000,1.125171
30.483746,1.810853,-0.234474,-0.004056,0.132096,-0.474364,0.000000,0.000000,0.000000,0.805200
20.417857,10.617994,-1.045503,-0.083336,-2.187824,-1.173131,0.000000,0.000000,0.000000,1.010085
29.913989,-7.124372,0.049718,1.931220,1.776822,-0.282563,0.000000,0.000000,0.000000,1.094638
7.538777,8.248165,1.555192,-8.914245,3.389294,2.847912,0.000000,0.000000,0.000000,1.078279
167725.478665,42740.369439,621411.286299,335411.975298,85481.885629,1242822.864410,0.000000,0.000000,0.000000,1.152899
15.117907,-12.929080,0.128485,-0.673726,-4.909206,2.204581,0.000000,0.000000,0.000000,1.085728
6.974351,-3.259130,0.322890,-4.141127,-0.940156,0.124133,0.000000,0.000000,0.000000,0.848772
33.416178,-1.771261,7.210190,18.154179,-3.603055,16.277239,0.000000,0.000000,0.000000,0.980531
5.765704,-0.242514,0.742291,-11.162545,-7.533933,0.839415,0.000000,0.000000,0.000000,1.000139
-527.366159,130.150867,-1474.299923,-1098.753348,260.646164,-2947.976503,0.000000,0.000000,0.000000,1.010837
1059.789353,1466.384098,-1246.373905,2085.257909,2925.678285,-2493.207789,0.000000,0.000000,0.000000,0.954164
23.166998,12.417599,10.617678,-7.256353,23.741104,20.649624,0.000000,0.000000,0.000000,1.044827
-21.073665,5.525048,21.236022,-60.521384,19.233768,44.787040,0.000000,0.000000,0.000000,0.940580
-13642.866311,-22890.127313,592.666606,-27323.871740,-45778.818561,1185.867011,0.000000,0.000000,0.000000,0.898207
10.711429,-4.128062,-0.496927,-1.058706,-1.873150,0.082642,0.000000,0.000000,0.000000,0.966543
-4.760251,-5.522619,14.797354,-46.761098,2.541149,29.765747,0.000000,0.000000,0.000000,1.179068
17.372722,13.412755,0.007157,-0.445016,-0.197211,-0.540086,0.000000,0.000000,0.000000,1.143497
32.666320,2.883929,-0.332638,0.333445,0.442362,-0.248616,0.000000,0.000000,0.000000,1.020994
1.672540,-2.355752,-15.227512,-29.428712,11.688270,-31.581087,0.000000,0.000000,0.000000,1.156391
18.513841,-6.683872,-8.022069,20.517717,-21.935975,-15.256499,0.000000,0.000000,0.000000,0.965299
27.417043,-9.116130,-0.834259,0.452818,0.298375,-0.783951,0.000000,0.000000,0.000000,1.030297
27.353862,-11.266993,3.439059,5.923457,-8.920301,9.667392,0.000000,0.000000,0.000000,1.162622
25.219088,-5.658795,5.351745,-5.277775,-7.156815,11.591565,0.000000,0.000000,0.000000,0.963892
26.659335,14.739721,1.671939,-5.006028,13.787145,3.693580,0.000000,0.000000,0.000000,0.803676
26.853227,-0.666330,-12.390518,15.409856,-9.048341,-25.317918,0.000000,0.000000,0.000000,0.978531
21.957865,10.046732,-0.007155,-0.520880,-0.248149,-0.017773,0.000000,0.000000,0.000000,1.185931
6.487337,-0.761776,-0.275273,-0.061577,-0.660146,-0.294960,0.000000,0.000000,0.000000,0.975066
27.353743,8.226622,-1.873513,-5.970296,1.840152,-5.084502,0.000000,0.000000,0.000000,1.173821
22.368009,-0.644473,4.775374,12.885667,11.569779,10.531887,0.000000,0.000000,0.000000,0.806426
20.741828,9.495563,-0.038642,-0.570187,0.259090,-0.485361,0.000000,0.000000,0.000000,0.906176
32.354173,23.087790,27.007025,26.474767,38.473462,61.678524,0.000000,0.000000,0.000000,1.158930
19.888367,9.208179,0.343096,0.461013,0.546824,0.172769,0.000000,0.000000,0.000000,1.161871
21.491625,-1.199235,-6.805754,11.592204,15.202519,-16.726865,0.000000,0.000000,0.000000,0.996467
-46.223240,-106.894501,71.516448,-152.576987,-222.781168,144.925391,0.000000,0.000000,0.000000,1.113007
-76075936.919323,122365312.277111,114172361.761282,-152151909.102263,244730600.945354,228344722.961580,0.000000,0.000000,0.000000,1.103689
15.603367,-2.574870,-6.450240,-14.337455,19.884250,-11.393553,0.000000,0.000000,0.000000,1.034387
20.062547,11.294120,-49.601595,-10.290088,27.825063,-104.206356,0.000000,0.000000,0.000000,0.951720
29.839685,-7.752966,19.929564,30.628368,-4.798061,38.945685,0.000000,0.000000,0.000000,0.850262
33.018057,6.871872,0.426564,4.631607,0.623257,1.894783,0.000000,0.000000,0.000000,1.178905
18.591667,4.600781,1.571495,6.528069,-2.082353,3.380559,0.000000,0.000000,0.000000,1.132187
23.716154,9.152532,-15.183869,8.507076,18.639771,-29.433151,0.000000,0.000000,0.000000,0.821755
8.827602,-4.541995,18.150870,-24.542094,-3.050591,37.435360,0.000000,0.000000,0.000000,0.979187
18.072354,9.303609,-0.598615,-0.108514,0.372424,0.118420,0.000000,0.000000,0.000000,0.852776
18.231544,4.212563,0.774917,-1.482668,-1.688299,0.950169,0.000000,0.000000,0.000000,1.154541
20.805909,-2.593091,5.364811,4.981464,-3.021858,10.802424,0.000000,0.000000,0.000000,1.067602
27.412824,13.900473,-2.478601,7.930663,12.577471,-7.026186,0.000000,0.000000,0.000000,1.154992
31.293223,13.266327,-5.886094,1.075431,22.284597,-16.142513,0.000000,0.000000,0.000000,1.042995
-1020.127829,-341.601493,-237.128204,-2072.057885,-711.417370,-474.551779,0.000000,0.000000,0.000000,1.020038
0.009259,-0.859661,23.585139,-37.395860,7.984113,53.611308,0.000000,0.000000,0.000000,1.137709
25.999641,-3.075161,0.052552,0.155587,0.270703,-0.653968,0.000000,0.000000,0.000000,1.042319
9.185687,5.961695,0.891441,-1.352602,0.035564,1.216198,0.000000,0.000000,0.000000,1.125389
-613.144801,-418.439482,-35.821719,-1236.825992,-842.131570,-70.879343,0.000000,0.000000,0.000000,0.894271
19.199711,10.090431,-0.144898,-4.216157,-0.548766,2.094215,0.000000,0.000000,0.000000,1.128531
56.542584,622.930888,-294.584681,65.310259,1270.064832,-588.589270,0.000000,0.000000,0.000000,0.968596
25.967057,-5.487106,-0.070531,-0.137903,1.642943,-1.112672,0.000000,0.000000,0.000000,0.924299
22361.571590,9760.968929,9454.670513,44677.781900,19540.681748,18910.159231,0.000000,0.000000,0.000000,1.078567
-26.312591,59.915422,180.580323,-69.472255,105.023512,361.190384,0.000000,0.000000,0.000000,0.911689
9.109766,-4.363843,8.107470,-8.482306,0.986682,16.599134,0.000000,0.000000,0.000000,1.111671
526.790329,437.986080,-256.983935,1017.651542,878.361732,-515.919858,0.000000,0.000000,0.000000,1.044103
12.948888,58.459893,-14.019595,-23.424525,108.068580,-27.793463,0.000000,0.000000,0.000000,0.835333
33.652101,-0.941048,-0.398756,-0.217057,0.034492,-0.290431,0.000000,0.000000,0.000000,0.826927
30.743636,-10.633952,1.063308,3.045786,-4.403320,1.304779,0.000000,0.000000,0.000000,0.975929
7.708339,0.674246,9.608507,-14.355095,10.121986,20.100662,0.000000,0.000000,0.000000,0.855713
28.390612,3.433847,-1.195626,0.018684,2.791525,-1.918160,0.000000,0.000000,0.000000,0.998780
24.208530,13.765394,-0.527685,-0.281771,0.015773,-0.488332,0.000000,0.000000,0.000000,0.849696
13.408870,7.338243,2.944579,-7.235620,19.597882,6.718059,0.000000,0.000000,0.000000,1.170608
18.655589,8.058054,3.821146,14.809349,16.491321,12.810608,0.000000,0.000000,0.000000,0.841411
35.274473,-6.482273,-4.940809,1.498373,-11.337008,-10.178904,0.000000,0.000000,0.000000,0.817673
-2297.362183,3295.327017,-6528.990002,-4627.993559,6578.936285,-13057.064381,0.000000,0.000000,0.000000,0.877842
10.925846,12.325295,-26.543017,-11.022144,19.311526,-52.573149,0.000000,0.000000,0.000000,1.130582
181.868052,0.543708,135.712451,336.756237,-22.923022,270.866650,0.000000,0.000000,0.000000,0.804761
26.900303,-9.767583,-0.106403,0.959773,0.271221,-0.535635,0.000000,0.000000,0.000000,0.971646
17.775407,-4.663085,-1.975101,0.495001,3.395904,-1.580732,0.000000,0.000000,0.000000,1.175206
124.889882,-131.408406,-56.498694,204.073332,-280.893268,-112.672740,0.000000,0.000000,0.000000,0.895610
29.143292,-3.823857,3.521701,16.111208,-6.315673,4.843446,0.000000,0.000000,0.000000,1.124766
-11.047405,-5.474992,-7.514707,-49.264207,-12.286030,-15.414939,0.000000,0.000000,0.000000,0.917030
1.252738,132.776649,-123.828819,-31.977936,269.541100,-246.766631,0.000000,0.000000,0.000000,1.110419
18.440149,-57.102924,-1.567560,6.436288,-89.439502,-3.602211,0.000000,0.000000,0.000000,1.182938
22.754211,4.758483,6.735373,-2.766944,3.751639,12.849273,0.000000,0.000000,0.000000,0.870615
14024.449164,-7998.446981,887.032973,28111.632154,-16070.750084,1779.180043,0.000000,0.000000,0.000000,1.124942
-6948.109783,-4632.937287,-4998.227429,-13936.908070,-9265.116960,-9996.848499,0.000000,0.000000,0.000000,1.097224
19.879419,14.092741,-0.563889,-0.295368,0.041291,-0.404639,0.000000,0.000000,0.000000,0.936291
23.427550,-25.259083,-7.700068,6.072086,-39.880291,-16.771903,0.000000,0.000000,0.000000,0.816094
16.753230,-3.109127,-3.772471,5.823036,-0.189732,-7.434332,0.000000,0.000000,0.000000,1.110992
23.192147,-4.075595,5.917335,2.414866,3.782924,11.904256,0.000000,0.000000,0.000000,0.993451
17.307598,-17.992999,-4.831422,-4.663762,-16.832660,-13.277217,0.000000,0.000000,0.000000,1.003036
-136.046009,192.006627,-40.666221,-292.975270,386.687333,-80.365842,0.000000,0.000000,0.000000,1.101751
997.950892,924.552796,57.861565,1952.255565,1847.501854,116.651842,0.000000,0.000000,0.000000,0.997930
22.696488,-2.631672,1.949804,3.745084,-1.951525,3.026047,0.000000,0.000000,0.000000,0.882918
40.010815,-7.093940,-14.835504,38.483141,-13.209568,-33.306861,0.000000,0.000000,0.000000,1.040275
29.757296,11.757416,-0.225468,0.186262,14.088101,-0.724529,0.000000,0.000000,0.000000,0.822449
18.514788,10.105407,0.238644,2.297950,0.907371,-0.185863,0.000000,0.000000,0.000000,1.015110
38.365927,692.476164,1351.381139,37.502009,1379.456119,2702.928568,0.000000,0.000000,0.000000,0.835719
26.924207,-6.049144,-0.282337,0.157624,0.396748,-0.405710,0.000000,0.000000,0.000000,0.874795
-1739.708275,2032.821202,-303.428220,-3518.547180,4068.257750,-606.004925,0.000000,0.000000,0.000000,0.843767
18.826336,9.210247,0.401777,0.609455,3.906100,-0.252754,0.000000,0.000000,0.000000,1.158408
32.365963,12.528837,-3.277927,5.953192,8.286145,-9.538881,0.000000,0.000000,0.000000,0.820242
3284.918126,-3935.036678,-137.856551,6516.580273,-7852.088424,-274.898079,0.000000,0.000000,0.000000,1.047587
16.233080,8.321827,0.342931,5.284515,3.996175,0.327625,0.000000,0.000000,0.000000,1.193608
18.917570,-8.481677,-2.458545,-7.885233,-5.119746,-4.334968,0.000000,0.000000,0.000000,0.839774
-55.816563,-10567.312283,-11240.873834,-136.266242,-21127.091346,-22481.520471,0.000000,0.000000,0.000000,0.802157
20.189981,-12.175058,-1.457704,7.510474,3.401289,-2.000630,0.000000,0.000000,0.000000,0.810005
-310.482803,-138.436970,-24.151979,-653.803923,-286.098841,-49.484603,0.000000,0.000000,0.000000,1.156415
-1141.327842,1519.065603,4744.382621,-2351.368853,3035.352308,9488.219532,0.000000,0.000000,0.000000,1.178320
-4007991.848002,-5828540.172367,2039331.059952,-8016025.081377,-11657080.035464,4078662.863093,0.000000,0.000000,0.000000,0.849203
24.473466,-6.938930,0.120106,0.035592,0.242973,-0.458478,0.000000,0.000000,0.000000,0.811737
381.556964,2420.092570,743.831256,730.241410,4847.428809,1490.092721,0.000000,0.000000,0.000000,1.007577
19.239350,6.158420,-13.078640,-7.412966,5.165482,-25.430633,0.000000,0.000000,0.000000,0.907589
18.286664,-10.159023,-19.670626,2.120007,-3.421581,-39.225308,0.000000,0.000000,0.000000,1.118950
3.539187,1.039138,-4.244369,-11.873003,2.693906,-9.414703,0.000000,0.000000,0.000000,1.058072
19.799736,-11.958101,-0.018227,-2.298330,-1.850444,-0.057055,0.000000,0.000000,0.000000,0.979610
28.238717,3.665973,-17.827496,1.996279,-0.329560,-35.209229,0.000000,0.000000,0.000000,1.015808
17.315842,11.104369,0.456151,0.148612,0.113208,0.426722,0.000000,0.000000,0.000000,1.172563
2.967051,4.691132,13.140888,-24.030770,-10.847544,25.964663,0.000000,0.000000,0.000000,0.963067
12.510441,0.334276,-14.122361,-14.164141,-1.582150,-29.920947,0.000000,0.000000,0.000000,0.931933
1056.579708,-136.862582,3420.912008,2183.440543,-285.203408,7186.360697,0.000000,0.000000,0.000000,0.810177
16.516042,-4.872144,-0.934340,-4.266414,-0.370933,-0.535202,0.000000,0.000000,0.000000,1.048074
19.208307,-10.086623,0.146852,4.079701,3.144871,0.154539,0.000000,0.000000,0.000000,1.088974
-2579.564154,-2744.330966,-5916.182146,-5196.497807,-5492.520140,-11831.516069,0.000000,0.000000,0.000000,1.149844
22.613952,5.006676,0.103820,0.342005,-0.134941,-0.256181,0.000000,0.000000,0.000000,1.190474
18.697774,-7.354757,6.451056,-4.327927,-11.186324,12.388293,0.000000,0.000000,0.000000,0.941091
26.389791,-0.447306,0.588524,0.867452,1.487596,0.483112,0.000000,0.000000,0.000000,1.111548
-629298685.309519,-592540589.685589,394347569.914413,-1258597426.379951,-1185081188.971249,788695140.485360,0.000000,0.000000,0.000000,0.909709
293741.886903,-251227.873177,15019.278523,587438.447843,-502453.970163,30039.057681,0.000000,0.000000,0.000000,0.810550
24.809432,1.998911,0.724957,8.540897,-4.135318,0.837738,0.000000,0.000000,0.000000,1.023740
23.405810,7.402565,0.067535,3.110723,-1.344762,1.763182,0.000000,0.000000,0.000000,0.920904
26.809754,-24.894992,21.172313,17.407373,-47.027588,45.755226,0.000000,0.000000,0.000000,1.139613
11.855942,7.835002,-0.494776,-0.844581,-0.024334,-0.653933,0.000000,0.000000,0.000000,0.804975
-2156751.296265,422029.158031,1766680.726761,-4313541.624764,844056.135225,3533361.350820,0.000000,0.000000,0.000000,0.889098
17.363973,-1.354250,1.575132,10.652400,10.533903,2.084695,0.000000,0.000000,0.000000,1.009288
17.359076,-4.889384,1.981974,7.339629,-9.221078,4.416362,0.000000,0.000000,0.000000,1.077554
2397.024191,1427.950839,-1490.348295,4754.318444,2857.036878,-2979.758521,0.000000,0.000000,0.000000,0.998451
-441.857943,248.957349,-56.148960,-902.580843,487.867420,-112.263266,0.000000,0.000000,0.000000,0.870427
1145.615169,157.898885,-218.770487,2292.798888,303.361497,-443.057378,0.000000,0.000000,0.000000,0.879874
11.061656,6.358452,-0.860987,2.744618,0.044588,-4.045277,0.000000,0.000000,0.000000,1.180466
-63.744533,63.241759,155.067828,-146.329980,111.399473,308.635424,0.000000,0.000000,0.000000,1.041296
10.429985,6.250422,-0.495116,-0.478211,0.378584,3.276375,0.000000,0.000000,0.000000,0.901040
-41789.066440,23554.051602,2733.474150,-83953.981719,47297.971579,5487.594946,0.000000,0.000000,0.000000,0.921799
19.460555,13.631041,-5.088154,-5.433123,17.905069,-10.479101,0.000000,0.000000,0.000000,0.931945
25.560438,13.540681,-0.445388,-0.946535,6.566416,-1.815972,0.000000,0.000000,0.000000,1.171765
24.952339,-4.919841,-0.400201,5.761098,-3.750814,-0.720170,0.000000,0.000000,0.000000,0.932916
38.233649,4.007421,7.964090,30.916931,7.017525,18.223862,0.000000,0.000000,0.000000,0.856158
6930.653828,-4255.394367,-2671.911367,13822.531069,-8511.557920,-5342.898096,0.000000,0.000000,0.000000,0.805981
20.007905,12.730321,-0.410823,-0.976889,1.175122,-0.671718,0.000000,0.000000,0.000000,1.002399
-2.549810,-527.369888,238.037017,-52.846550,-1029.979708,476.395513,0.000000,0.000000,0.000000,1.194210
-1985.712436,-4120.277646,-6678.981997,-4020.504862,-8264.220718,-13357.802110,0.000000,0.000000,0.000000,0.848603
62.695121,-33.153262,-194.545969,107.984894,-82.733133,-389.326901,0.000000,0.000000,0.000000,0.879236
46.188092,23.165515,-15.132949,64.646363,44.249400,-30.319171,0.000000,0.000000,0.000000,0.914770
-32.280981,8.792491,6.736795,-94.889125,9.608781,13.555059,0.000000,0.000000,0.000000,0.803288
32.204051,1.012826,-0.701149,-0.853822,0.001342,-0.480449,0.000000,0.000000,0.000000,1.033023
7.976410,3.102820,-0.694989,-0.137789,-0.271206,-0.510229,0.000000,0.000000,0.000000,0.957055
33.054050,-2.271511,-0.105138,0.365247,0.221236,-0.663462,0.000000,0.000000,0.000000,0.870589
15.594271,-7.876849,-20.042582,0.813718,-10.967753,-40.262521,0.000000,0.000000,0.000000,0.856782
25.971824,-14.527548,-0.285445,-1.255595,-3.790605,-0.945153,0.000000,0.000000,0.000000,1.008505
8.062037,11.495118,-4.323161,-5.026080,0.697800,-8.714597,0.000000,0.000000,0.000000,1.051318
3696.871105,4142.014260,243.071259,7370.157269,8267.235499,486.086126,0.000000,0.000000,0.000000,0.829319
39.098697,15.504835,-0.829779,12.142952,17.891247,-0.887576,0.000000,0.000000,0.000000,1.105101
-24386.159066,-2215.963788,-53477.264832,-48791.996143,-4435.842115,-106954.529703,0.000000,0.000000,0.000000,0.803975
13.718822,-51.179909,-45.886420,-4.775317,-103.275556,-94.350116,0.000000,0.000000,0.000000,1.156677
10632.795842,-12402.771229,-11297.919585,21222.375050,-24803.457619,-22596.447230,0.000000,0.000000,0.000000,1.087580
231.115278,2565.323001,-3620.058345,425.086720,5137.148280,-7240.406766,0.000000,0.000000,0.000000,0.835413
15.541615,-361.070227,300.696481,-8.131475,-735.183548,600.630660,0.000000,0.000000,0.000000,1.076250
64.102217,-16.197910,-39.278880,77.069777,-27.402033,-78.751207,0.000000,0.000000,0.000000,0.854089
28.410196,0.451042,-2.430814,1.092616,-2.583453,-4.535560,0.000000,0.000000,0.000000,0.978424
-920.054303,177.320860,-3355.448049,-1968.985770,374.823910,-7049.143791,0.000000,0.000000,0.000000,0.814313
88.126657,5.691924,-56.506106,120.856622,25.305244,-114.028455,0.000000,0.000000,0.000000,1.156732
7131.211495,-69.166307,-15290.687301,14227.009417,-149.160550,-30581.088793,0.000000,0.000000,0.000000,0.967532
-45.103380,-12.174525,15.641251,-118.728938,-50.103861,31.114599,0.000000,0.000000,0.000000,0.841535
19.429556,4.756052,1.904541,-0.293842,-3.989635,4.733111,0.000000,0.000000,0.000000,0.832770
17.469851,2.217547,1.780173,-4.967772,-6.204942,4.005663,0.000000,0.000000,0.000000,1.098945
22.064977,1.487071,8.984124,-3.482416,9.180113,18.517249,0.000000,0.000000,0.000000,1.004478
348.949483,-547.977116,274.013512,661.692591,-1102.361441,552.125792,0.000000,0.000000,0.000000,0.917441
351.737352,-152.768437,184.362970,649.317506,-307.610002,367.847013,0.000000,0.000000,0.000000,0.876738
31.412047,-9.085122,0.140462,0.008649,0.739645,-0.839555,0.000000,0.000000,0.000000,0.966446
-15799.926816,33417.842864,36170.796726,-31633.993347,66830.681622,72341.125292,0.000000,0.000000,0.000000,1.117363
2922.467778,3071.426726,6610.349951,5807.380577,6138.799187,13221.125855,0.000000,0.000000,0.000000,1.028863
-69.153700,-1487.040713,2954.960537,-177.286978,-2972.701855,5909.717280,0.000000,0.000000,0.000000,0.836461
16.313834,4.211633,-2.675075,-2.446732,-2.478252,-4.484856,0.000000,0.000000,0.000000,1.152251
81.534563,-8.736763,29.942773,136.782816,-20.775094,60.426788,0.000000,0.000000,0.000000,1.002167
7.180467,-10.328780,2.075866,-4.510572,-6.463666,4.135137,0.000000,0.000000,0.000000,0.838406
28.355762,2.989953,-0.049216,2.324777,-0.411764,0.691911,0.000000,0.000000,0.000000,0.945995
18.831820,12.513344,-0.449029,-0.619017,0.064642,-0.218896,0.000000,0.000000,0.000000,1.045414
12.492069,6.441031,-0.828569,0.282939,-1.861683,-0.893631,0.000000,0.000000,0.000000,1.155078
19.455657,-8.887455,2.940988,-1.390971,8.758852,5.784873,0.000000,0.000000,0.000000,1.198135
4875.072134,3843.656278,-5645.493506,9712.051228,7694.448279,-11290.476683,0.000000,0.000000,0.000000,0.929944
6.737047,-1.646483,-0.254068,0.810849,-0.259874,-0.596687,0.000000,0.000000,0.000000,1.033498
-4142.239891,-5395.313171,14898.735346,-8317.035392,-10793.130593,29796.634031,0.000000,0.000000,0.000000,1.152693
9.018104,-7.454820,-1.271556,0.189600,-3.532071,0.648628,0.000000,0.000000,0.000000,0.809414
13.658987,8.351435,-9.720763,13.102448,25.050698,-20.502772,0.000000,0.000000,0.000000,1.195861
33.819682,1.552210,-0.377662,0.997768,0.159840,-0.077132,0.000000,0.000000,0.000000,0.824312
-6986.217288,3719.427064,2487.798106,-14010.795637,7437.837455,4976.365658,0.000000,0.000000,0.000000,0.831466
10.875129,2.120353,-3.124415,3.490502,4.920877,-6.272604,0.000000,0.000000,0.000000,0.886855
9.911698,3.431071,-14.420953,-33.201222,6.319641,-28.915115,0.000000,0.000000,0.000000,1.011782
1.793941,-7.783722,-8.189388,-30.681666,-15.398659,-17.536311,0.000000,0.000000,0.000000,0.978179
34.350217,-17.976106,-27.718925,30.437606,-22.610987,-55.204110,0.000000,0.000000,0.000000,1.061153
9.993900,3.172194,0.037655,0.191331,-1.631729,-0.107862,0.000000,0.000000,0.000000,1.008906
28.967818,0.337505,-7.043746,-6.378977,-10.066308,-15.324460,0.000000,0.000000,0.000000,0.980591
13.812397,-16.789750,25.072798,-9.132045,-34.903456,49.187297,0.000000,0.000000,0.000000,1.007109
22.621276,-3.755473,-3.868358,1.998734,1.406474,-8.516127,0.000000,0.000000,0.000000,0.874747
33.178498,2.352016,-19.909008,22.882402,-13.436880,-52.004892,0.000000,0.000000,0.000000,1.009182
7.454843,5.251634,-3.596907,-17.928402,13.069240,3.995375,0.000000,0.000000,0.000000,0.871542
33.113989,5.355978,-0.712888,0.060732,0.089357,-0.530588,0.000000,0.000000,0.000000,1.014160
-4180.846285,5052.738565,180.799043,-8414.632267,10123.051484,362.417715,0.000000,0.000000,0.000000,0.812252
864.649767,2168.654153,-417.034478,1706.807511,4321.860908,-835.428387,0.000000,0.000000,0.000000,0.986785
25.660896,-7.447262,-10.435036,-14.040898,-6.087846,-20.627283,0.000000,0.000000,0.000000,0.967353
36356.132022,-20554.670715,-2271.996133,72963.707573,-41273.546770,-4563.526125,0.000000,0.000000,0.000000,1.058365
19.625903,-10.670320,-9.352549,-1.787176,-8.696865,-20.266247,0.000000,0.000000,0.000000,0.897868
29.036100,-2.561267,2.317048,2.784169,1.789443,4.726807,0.000000,0.000000,0.000000,1.134777
13.307309,8.685059,-0.453959,0.186697,-0.023775,-0.077427,0.000000,0.000000,0.000000,0.836290
34498.100688,34955.883037,6438.845292,68944.134856,69925.569455,12877.050977,0.000000,0.000000,0.000000,0.864157
126.911632,-42.279211,10.331489,186.827087,-76.796145,19.866807,0.000000,0.000000,0.000000,1.043791
13684.728603,15353.421373,-36500.689965,27322.666791,30700.836708,-73001.587159,0.000000,0.000000,0.000000,0.971444
18.389514,8.649347,-1.139222,-1.559136,-0.204176,-1.688342,0.000000,0.000000,0.000000,0.803007
19.031191,-2.664072,-3.239274,-4.029587,-6.581416,-5.672551,0.000000,0.000000,0.000000,0.926664
15.486501,0.785303,7.045710,-1.523062,2.735583,14.312810,0.000000,0.000000,0.000000,1.144067
38.924730,7.089745,-8.661754,18.584902,4.457700,-18.370586,0.000000,0.000000,0.000000,0.976764
17.535095,4.869519,-3.841624,8.305679,-0.683350,-9.915319,0.000000,0.000000,0.000000,0.889098
29.531591,-0.769605,-0.686354,2.300326,1.397874,-0.444219,0.000000,0.000000,0.000000,0.891783
-30.203732,-210.298908,290.610952,-120.676881,-436.326028,583.960821,0.000000,0.000000,0.000000,0.995825
16.536095,18.986696,-3.612916,-1.955766,8.885166,-7.946655,0.000000,0.000000,0.000000,0.819459
48.893221,440.842946,-441.931522,58.152907,886.792080,-888.210811,0.000000,0.000000,0.000000,1.121507
92382191.379130,-148593226.277619,-138644214.739912,184764347.405836,-297186476.021267,-277288429.907527,0.000000,0.000000,0.000000,0.908878
13.646070,-11.258649,-0.296226,0.363780,0.174629,-1.548497,0.000000,0.000000,0.000000,1.164952
13210.104755,-17844.971313,7138.594018,26380.814006,-35686.025725,14277.429869,0.000000,0.000000,0.000000,1.103829
19.934250,3.350229,-5.322580,3.190108,3.711817,-9.968441,0.000000,0.000000,0.000000,1.019504
31.701835,-6.649376,-6.582087,15.278242,4.314403,-19.272932,0.000000,0.000000,0.000000,0.944565
-254404.151651,104487.159476,-246217.419988,-508846.330015,208975.336889,-492435.534704,0.000000,0.000000,0.000000,0.910022
25.310017,3.748817,-0.005672,-2.295641,10.559414,-0.804019,0.000000,0.000000,0.000000,0.803507
31.258731,0.797019,-0.042242,-0.027235,0.476927,-0.615896,0.000000,0.000000,0.000000,0.923965
13.267884,8.506538,5.049928,-3.649749,-1.249689,9.988281,0.000000,0.000000,0.000000,0.939871
9.907549,-6.824105,2.436813,-8.927039,0.450005,7.627931,0.000000,0.000000,0.000000,0.966995
30.639877,1.244269,1.455546,-2.077241,-5.451751,2.501942,0.000000,0.000000,0.000000,1.096231
31.468353,8.549551,2.279994,-0.080662,4.962503,5.818461,0.000000,0.000000,0.000000,0.840062
-110788.092924,-97756.201390,69849.842327,-221598.490339,-195532.814954,139700.255373,0.000000,0.000000,0.000000,1.170553
7.531314,0.946791,1.546647,1.395638,-3.478411,2.757580,0.000000,0.000000,0.000000,0.811813
13.437731,18.171293,-19.109885,-10.877553,45.998929,-38.137380,0.000000,0.000000,0.000000,1.145674
-12.827270,-10.384160,11.019435,-55.894157,3.057823,21.467022,0.000000,0.000000,0.000000,0.907146
29.942571,-14.799948,-78.422429,21.361258,-58.202454,-156.070846,0.000000,0.000000,0.000000,0.846820
31.436475,-1.183501,-3.206646,5.513551,5.365341,-5.668872,0.000000,0.000000,0.000000,1.185405
32.575607,-97.072318,-78.606846,33.910665,-197.218369,-156.566235,0.000000,0.000000,0.000000,0.955268
11.806476,-0.537189,-0.469914,0.072073,-0.281927,-0.317730,0.000000,0.000000,0.000000,1.138260
25.187981,7.337478,1.692955,5.059345,-3.396898,2.625145,0.000000,0.000000,0.000000,0.927767
-84.985525,-1.028946,60.841147,-228.530131,11.523681,123.089646,0.000000,0.000000,0.000000,1.155436
18.856830,-18.505098,-4.956265,14.412782,-12.810421,-9.512131,0.000000,0.000000,0.000000,1.161849
18.270846,-4.824931,1.853058,6.729750,-10.390570,3.955508,0.000000,0.000000,0.000000,1.006901
3778366.425371,5477246.877292,-1916463.109873,7556691.308901,10954493.836315,-3832925.396944,0.000000,0.000000,0.000000,0.902154
274.724408,650.028904,-4468.683648,512.264643,1299.377167,-8936.952045,0.000000,0.000000,0.000000,0.984989
13.676017,1.013983,2.346066,4.711532,5.505334,5.245700,0.000000,0.000000,0.000000,0.941679
16.325622,6.193518,9.835212,-5.494058,15.830006,19.952384,0.000000,0.000000,0.000000,0.968550
10.616459,5.219735,-1.567004,0.685202,-0.837725,-2.786409,0.000000,0.000000,0.000000,0.991250
-101.300522,-19.611698,60.885294,-236.006229,-52.521705,123.623551,0.000000,0.000000,0.000000,1.098281
12.342408,-3.144536,-1.834383,0.651428,2.288817,-3.450221,0.000000,0.000000,0.000000,1.031808
-192084.448744,316197.235974,-1009444.041061,-384206.568787,632395.821995,-2018888.604444,0.000000,0.000000,0.000000,1.049797
80.911287,-77.276188,-180.082615,142.880214,-167.414753,-360.253795,0.000000,0.000000,0.000000,0.855235
27.363528,5.773577,15.375581,23.348004,-8.533093,30.787759,0.000000,0.000000,0.000000,1.094591
31.231284,757.034309,188.326263,23.960822,1512.772737,378.129140,0.000000,0.000000,0.000000,0.857193
-4.567968,4.620370,0.824159,-25.786259,16.380143,2.341526,0.000000,0.000000,0.000000,1.120642
30.505821,16.350625,16.155863,1.790534,43.869315,33.585319,0.000000,0.000000,0.000000,0.868762
22.435083,-1.323752,-0.145228,-9.539919,8.277258,2.298623,0.000000,0.000000,0.000000,1.041343
6.211830,5.614898,-1.932488,-4.689249,-2.897574,-4.114390,0.000000,0.000000,0.000000,1.187912
32.252748,-9.977170,-1.427565,5.085068,1.158545,-2.624580,0.000000,0.000000,0.000000,1.141518
15.989839,-6.285618,1.896362,-2.529554,10.796264,3.729279,0.000000,0.000000,0.000000,0.817906
-400.278337,-1303.457134,-606.142406,-842.807172,-2608.953095,-1212.756695,0.000000,0.000000,0.000000,0.967201
22.530244,17.835924,-5.898441,14.040539,14.282510,-11.203995,0.000000,0.000000,0.000000,1.039648
20.084400,12.778788,9.653293,-0.571150,21.948661,19.174847,0.000000,0.000000,0.000000,1.006053
10.606946,9.232577,1.400388,0.253482,0.914207,4.915601,0.000000,0.000000,0.000000,0.831222
383.912117,-457.400900,-111.212356,755.183520,-930.857871,-222.816275,0.000000,0.000000,0.000000,1.120992
13.729917,14.927852,11.825030,-3.938825,45.781931,25.002454,0.000000,0.000000,0.000000,0.928904
23.401914,2.970044,-5.924105,6.680403,1.980880,-11.426580,0.000000,0.000000,0.000000,1.028103
41.796585,-0.851471,11.087173,17.662784,6.924934,21.821331,0.000000,0.000000,0.000000,0.836554
18.976288,-11.387130,-1.011716,6.073197,-6.292336,-2.358480,0.000000,0.000000,0.000000,1.102035
26.529721,5.027921,-0.794928,10.931248,17.056514,1.310693,0.000000,0.000000,0.000000,0.811120
13.961468,-8.724270,1.726919,1.052514,-2.872770,3.581653,0.000000,0.000000,0.000000,1.158241
12.220337,-14.390796,1.072765,-2.287938,-2.995005,1.887390,0.000000,0.000000,0.000000,0.890457
10.111373,8.205990,38.206093,-14.888666,36.443100,81.990632,0.000000,0.000000,0.000000,1.188700
22.575515,-5.730870,1.760872,1.421809,-1.345283,3.400470,0.000000,0.000000,0.000000,1.041086
32.948923,-7.144081,-0.186757,-0.144770,0.453482,-0.686215,0.000000,0.000000,0.000000,0.808992
14.949567,-8.561074,-0.070303,0.345768,-0.776443,-0.516016,0.000000,0.000000,0.000000,1.094174
-187.077214,-91.995184,82.110874,-391.363616,-172.597699,163.426215,0.000000,0.000000,0.000000,1.073638
39.563225,2.178984,-7.764208,24.123660,-9.577581,-20.835190,0.000000,0.000000,0.000000,0.827773
1814.602880,-823.279840,-3391.529304,3588.656553,-1645.340851,-6782.256922,0.000000,0.000000,0.000000,0.889053
21.367740,-10.186454,1.181075,-1.721958,-1.227432,2.467542,0.000000,0.000000,0.000000,1.185254
77.648043,34.254141,5.954756,126.220470,41.753531,11.517800,0.000000,0.000000,0.000000,0.847754
14.471607,-11.396678,-0.278416,0.699657,0.171223,-0.030222,0.000000,0.000000,0.000000,1.102478
-81447.040675,113798.964879,-203300.811606,-162939.604518,227596.105827,-406601.370034,0.000000,0.000000,0.000000,1.151411
13.384739,-4.836010,3.406063,-14.788852,2.203005,8.682431,0.000000,0.000000,0.000000,1.066719
8.757870,42.657807,75.745376,-20.930369,56.458420,151.541670,0.000000,0.000000,0.000000,0.871816
6.325338,-5.220856,8.367127,-16.531898,-1.852840,17.391686,0.000000,0.000000,0.000000,1.064302
43.274277,15.645784,11.218875,35.425869,27.548046,27.514540,0.000000,0.000000,0.000000,1.083585
28336.744333,7247.724750,9890.678136,57559.246961,14724.915737,20102.333963,0.000000,0.000000,0.000000,1.004985
-405.513294,194.076154,-214.293410,-854.880303,409.868882,-429.939706,0.000000,0.000000,0.000000,0.805786
25.453517,-11.357661,11.029399,2.840779,3.068015,21.389510,0.000000,0.000000,0.000000,1.095958
39.939142,10259.550416,10987.015191,55.243725,20526.302980,21973.905132,0.000000,0.000000,0.000000,0.819543
16.433931,-4.836955,-1.579829,6.141424,-1.902930,-6.329704,0.000000,0.000000,0.000000,1.063840
20.265364,-5.885492,-1.543242,-1.398902,-3.366412,-2.596523,0.000000,0.000000,0.000000,0.925326
13.924138,10.265576,1.625202,1.297822,5.743263,7.469358,0.000000,0.000000,0.000000,1.185133
24.930532,-6.235721,-0.466050,1.220595,-0.818970,-0.595852,0.000000,0.000000,0.000000,0.855007
408590.301208,49875.199423,450560.863961,817143.216984,99749.765053,901121.366487,0.000000,0.000000,0.000000,1.081940
20.032702,-14.405163,5.923271,-1.688638,-16.572425,12.967776,0.000000,0.000000,0.000000,1.120414
22.729467,-6.729263,-3.131283,-1.929155,-0.674827,-7.683167,0.000000,0.000000,0.000000,1.024909
27.200030,13.787784,-7.696855,7.473144,28.708248,-15.773718,0.000000,0.000000,0.000000,1.084246
61.192792,-42.155301,100.008441,79.993795,-63.108671,199.478931,0.000000,0.000000,0.000000,1.074895
23.469203,-0.461920,-4.026742,-5.893095,7.938059,-7.613276,0.000000,0.000000,0.000000,1.150690
10.238632,-28.920780,-33.651121,-28.923257,-63.660863,-67.097920,0.000000,0.000000,0.000000,0.974919
-1614.953007,-4493.086952,2767.741259,-3246.441629,-8995.157711,5535.114652,0.000000,0.000000,0.000000,1.053586
16.183054,-11.560794,0.662527,-6.143847,-5.881838,1.156585,0.000000,0.000000,0.000000,0.885200
-156845.627863,-344008.958313,166733.228258,-313716.057906,-688006.210067,333465.893110,0.000000,0.000000,0.000000,0.922503
3680.511011,-4293.750169,-3992.189645,7320.750890,-8591.213602,-7984.095687,0.000000,0.000000,0.000000,1.071649
25.477622,-37.565451,18.862056,12.929800,-64.182805,36.992151,0.000000,0.000000,0.000000,0.885610
9336.955216,22310.389289,-180.446097,18635.537096,44621.821541,-360.348217,0.000000,0.000000,0.000000,0.953759
-939.737736,-1338.780522,1143.355081,-1913.528698,-2684.275579,2285.930397,0.000000,0.000000,0.000000,1.040246
7.841370,-1.989746,-0.180226,0.506737,0.529548,-0.079293,0.000000,0.000000,0.000000,1.144493
-1024876311014.022949,103881148975.356644,15325699137.241693,-2049752622068.274658,207762297951.801575,30651398274.797935,0.000000,0.000000,0.000000,0.977780
8.546047,5.382522,-3.085548,-3.690166,-0.271007,-8.192099,0.000000,0.000000,0.000000,0.851596
-404.653639,-144.446317,85.385660,-843.362104,-295.939012,173.758891,0.000000,0.000000,0.000000,0.800099
-107.842033,5.085255,92.547072,-254.161431,30.425693,185.486341,0.000000,0.000000,0.000000,1.119573
-8.241895,-30.470770,21.695341,-38.203796,-66.178376,45.363478,0.000000,0.000000,0.000000,1.096420
881.394807,117.282992,701.829455,1717.833819,232.053703,1409.637773,0.000000,0.000000,0.000000,1.083795
170.280020,-76.365901,-197.749754,289.385240,-167.136370,-394.843393,0.000000,0.000000,0.000000,0.946685
17.885970,12.100078,-0.593468,-0.044970,0.070684,-0.383623,0.000000,0.000000,0.000000,0.880569
18.969310,5.653812,0.765889,-0.535333,0.654832,1.723584,0.000000,0.000000,0.000000,0.996733
30.463097,-8.466175,3.003072,12.071869,-1.188118,10.642671,0.000000,0.000000,0.000000,1.003403
30950824.838026,-1837159.742227,-31051254.444064,61901612.826923,-3674303.303668,-62102508.231152,0.000000,0.000000,0.000000,1.189955
17.859228,4.255910,5.549647,5.769102,-3.630574,10.428197,0.000000,0.000000,0.000000,1.031382
12.477278,8.780093,-4.041078,-4.160598,21.979545,-9.536083,0.000000,0.000000,0.000000,0.970448
27.642059,8.045162,-2.687082,-3.502326,2.431294,-5.093520,0.000000,0.000000,0.000000,0.966858
14084.017249,-18845.846458,14476.912476,28130.462044,-37683.813247,28954.543620,0.000000,0.000000,0.000000,0.916667
6.348212,4.724567,4.630104,-1.282218,1.404313,9.279353,0.000000,0.000000,0.000000,0.885629
28.294274,-4.171541,-0.187284,1.640089,-1.446826,-0.628266,0.000000,0.000000,0.000000,0.955112
6.518628,10.000766,3.192029,-2.097213,4.227040,5.754698,0.000000,0.000000,0.000000,1.005957
25.824643,-3.481248,-2.286637,1.386416,1.045798,-5.065366,0.000000,0.000000,0.000000,0.885273
-12312.781692,-13858.020296,32959.911601,-24672.211000,-27721.886176,65919.234436,0.000000,0.000000,0.000000,1.075807
80.760310,-11.498428,-56.504580,135.023716,-35.829545,-115.602499,0.000000,0.000000,0.000000,1.005960
354.477055,-35.775411,58.998603,665.098421,-69.485729,117.477698,0.000000,0.000000,0.000000,1.156750
-222746.593874,93675.998154,85473.430121,-445546.440145,187361.330130,170946.653658,0.000000,0.000000,0.000000,1.095993
32.310230,-32.294366,10.903268,27.194642,-62.857119,22.138444,0.000000,0.000000,0.000000,0.913352
-10.027908,68.914897,-24.367050,-68.776803,113.497084,-48.438307,0.000000,0.000000,0.000000,0.804534
66.548853,-34.861890,-22.134828,69.926692,-65.831538,-44.256827,0.000000,0.000000,0.000000,1.025495
1.508528,167.800801,-111.943749,-56.162546,332.618893,-226.285592,0.000000,0.000000,0.000000,1.015924
7618.901617,3039.282029,2774.324012,15198.504661,6079.975075,5549.400671,0.000000,0.000000,0.000000,0.933560
-159477863.111516,1037142215.178190,1286263899.171809,-318955777.251302,2074284432.415464,2572527798.348345,0.000000,0.000000,0.000000,1.134775
20.300611,3.975772,-0.798128,-6.962356,10.159221,-0.681374,0.000000,0.000000,0.000000,0.951143
79750.621726,-111365.899360,198965.110580,159455.597423,-222733.451038,397930.167744,0.000000,0.000000,0.000000,1.176513
22.556864,-11.120284,-22.017005,1.339280,-17.554299,-43.207231,0.000000,0.000000,0.000000,0.993908
19.175555,-3.571493,-0.661356,-2.743119,-3.843268,-1.899286,0.000000,0.000000,0.000000,0.999758
11.024142,-2.703096,-1.111574,2.302827,-0.677902,-3.072329,0.000000,0.000000,0.000000,0.883884
-3705.513146,-4159.624285,-245.487867,-7434.261970,-8335.649955,-491.009084,0.000000,0.000000,0.000000,0.822428
20.816348,9.066157,0.740421,-4.641393,-0.834003,0.280399,0.000000,0.000000,0.000000,1.046457
-38863.736760,7259.809392,686.563810,-77769.171480,14530.187690,1372.477812,0.000000,0.000000,0.000000,1.179048
19.033350,-21.865139,10.381661,-1.006234,-27.070069,24.774673,0.000000,0.000000,0.000000,0.964761
1348.578414,-675.918061,-323.130230,2650.817760,-1346.691983,-645.935455,0.000000,0.000000,0.000000,1.132106
884.188407,1189.564781,4101.950019,1780.791478,2426.554581,8389.159146,0.000000,0.000000,0.000000,0.902754
-424.637757,1244.761704,138.435397,-900.970475,2487.073213,276.100095,0.000000,0.000000,0.000000,0.897586
25.723945,10.691612,5.730951,1.805204,14.204271,11.993486,0.000000,0.000000,0.000000,1.012607
22578.127494,18395.408172,-4507.656390,45114.439948,36791.661358,-9014.630930,0.000000,0.000000,0.000000,0.892705
26.842066,13.090231,0.129781,-0.318622,0.072879,-0.445043,0.000000,0.000000,0.000000,1.048317
11.256609,-2.070410,0.614613,1.588244,0.556515,0.825971,0.000000,0.000000,0.000000,1.118778
19.809751,6.646138,-1.715690,-0.540068,5.383640,-4.728068,0.000000,0.000000,0.000000,1.016125
-428.559620,-1875.512315,-2129.664076,-899.335750,-3751.197157,-4259.645086,0.000000,0.000000,0.000000,1.104287
14.165261,-11.308984,-1.666242,0.490704,2.417366,-3.173566,0.000000,0.000000,0.000000,1.111704
-204076.537526,174572.922135,-10437.583546,-408198.120680,349147.380681,-20874.652123,0.000000,0.000000,0.000000,1.166465
1055605.710347,11558.014048,-466192.560267,2111160.824860,23115.909238,-932384.255575,0.000000,0.000000,0.000000,0.907668
17.014102,-7.865977,1.003851,-2.039048,3.210229,0.696732,0.000000,0.000000,0.000000,1.121709
-1110.809561,-1064.031374,-73.554200,-2264.817643,-2129.268662,-146.140270,0.000000,0.000000,0.000000,0.865140
528.829718,-174.003586,267.632038,1020.773686,-329.065877,537.490759,0.000000,0.000000,0.000000,0.857302
28.290571,0.119633,-1.135824,4.353379,-0.795300,-3.182536,0.000000,0.000000,0.000000,1.029970
-169.894085,-2201.529564,2485.735295,-376.905505,-4396.240179,4970.749887,0.000000,0.000000,0.000000,1.134529
19491.156966,106807.043563,-59099.129263,38945.359955,213612.057069,-118197.873746,0.000000,0.000000,0.000000,1.051662
5069.050252,50.339416,3861.924868,10081.532112,100.140220,7724.536579,0.000000,0.000000,0.000000,1.081546
160280510.975499,-1042361794.345451,-1292737220.769462,320560970.905640,-2084723586.520700,-2585474441.396380,0.000000,0.000000,0.000000,1.129093
27.890827,-9.391171,0.645497,1.902812,4.118131,1.022381,0.000000,0.000000,0.000000,1.117173
25.027873,-6.807593,2.784843,-6.660829,-5.386188,5.641854,0.000000,0.000000,0.000000,1.004589
270317.834785,-113670.002278,-103699.625567,540582.093384,-227330.534572,-207399.333491,0.000000,0.000000,0.000000,0.903321
18.046819,23.533532,28.947806,3.212410,55.664634,57.704848,0.000000,0.000000,0.000000,0.803210
13.414633,14.449573,-2.902949,-2.016915,2.134770,-5.660610,0.000000,0.000000,0.000000,0.868585
378.985176,-3596.646352,1084.799299,719.879676,-7185.645367,2169.947296,0.000000,0.000000,0.000000,1.002621
11.993758,-7.135804,-0.420876,1.210877,-0.449493,-0.654731,0.000000,0.000000,0.000000,1.079506
27.068132,5.941231,3.491827,-6.948333,-3.712371,6.899145,0.000000,0.000000,0.000000,1.150887
19.115771,4.369227,-0.912758,0.000499,-0.074819,-1.288315,0.000000,0.000000,0.000000,0.992110
28.128398,9.245604,9.830996,19.190620,23.941048,19.952513,0.000000,0.000000,0.000000,0.965016
1098.561944,-813.584958,385.647035,2163.777800,-1628.481646,773.053398,0.000000,0.000000,0.000000,0.886461
-646.858917,-1806.353600,-605.090238,-1330.633132,-3621.880801,-1212.995995,0.000000,0.000000,0.000000,1.117090
21.408148,11.118323,2.192146,-0.989381,4.333911,3.783156,0.000000,0.000000,0.000000,0.873952
20.562151,6.468275,0.694591,-1.873624,0.587883,0.690719,0.000000,0.000000,0.000000,0.876709
8.226954,0.603369,-4.980536,-18.202773,2.601714,-11.229298,0.000000,0.000000,0.000000,0.944259
9.110812,7.136965,-0.305611,0.280291,-0.983265,-0.347868,0.000000,0.000000,0.000000,1.197541
33.795710,-12.164949,18.048646,41.856871,-17.894179,35.899436,0.000000,0.000000,0.000000,0.969329
20.711611,4.284307,-3.713972,-14.954700,4.703633,-8.386162,0.000000,0.000000,0.000000,0.931600
5.234466,-0.703726,5.075279,-3.531584,10.066262,9.678705,0.000000,0.000000,0.000000,0.886262
31.970653,-25.943037,9.559914,27.106979,-24.318891,19.397092,0.000000,0.000000,0.000000,0.909000
70.873271,-2.504143,77.446747,102.390034,-5.964964,154.501964,0.000000,0.000000,0.000000,0.942965
25.683110,10.359803,0.785652,-1.174493,3.140679,1.019888,0.000000,0.000000,0.000000,0.819906
65.449578,-36.838268,-132.956896,91.644200,-53.432182,-265.317516,0.000000,0.000000,0.000000,1.195090
29.193352,12.372016,6.400129,9.878503,28.756434,12.875834,0.000000,0.000000,0.000000,0.979567
9.157420,-1.589488,11.469395,-29.595813,0.569289,22.747638,0.000000,0.000000,0.000000,0.919312
9.622977,-14.681070,-3.766014,-4.834191,-11.052314,-9.577589,0.000000,0.000000,0.000000,0.932492
14.275271,-9.141805,-0.128177,0.698791,-0.088209,-0.721014,0.000000,0.000000,0.000000,1.017042
-84686.155621,-150022.800333,57007.315766,-169424.027039,-300047.175447,114013.792334,0.000000,0.000000,0.000000,0.967793
25.612009,3.580480,-1.172680,2.028028,1.684146,-3.448772,0.000000,0.000000,0.000000,1.037726
-299666.788456,-857943.204596,205290.835046,-599392.224926,-1715889.415887,410580.717804,0.000000,0.000000,0.000000,0.897974
-79.456743,20.645689,-41.185680,-225.251029,47.787926,-84.396722,0.000000,0.000000,0.000000,0.863685
13.055152,-9.608235,-0.420630,0.122903,-0.555786,-0.314445,0.000000,0.000000,0.000000,0.879242
24.850500,-10.108982,-0.629355,0.329099,0.086249,-0.472073,0.000000,0.000000,0.000000,0.879825
17.165838,-0.132645,-2.805518,0.379593,0.262647,-7.412497,0.000000,0.000000,0.000000,1.196461
4938.058242,-1573.065272,-440.842626,9833.143593,-3150.662594,-881.987001,0.000000,0.000000,0.000000,0.833566
-39588.022193,-6344.897710,-2441.336535,-80015.120771,-12815.192478,-4931.020851,0.000000,0.000000,0.000000,1.189773
12.931053,-16.513662,-6.083218,-4.195726,-25.452387,-10.268407,0.000000,0.000000,0.000000,1.121791
24.109271,0.027653,-7.475658,-5.689778,2.098454,-15.600850,0.000000,0.000000,0.000000,0.882932
14.587461,11.289042,-15.913171,-5.866726,21.706309,-34.590056,0.000000,0.000000,0.000000,0.858811
17.663539,7.997376,2.078319,-6.902653,5.955564,4.422295,0.000000,0.000000,0.000000,1.145748
-15648780417.593748,-156043129081.922577,87251569664.797607,-31297560874.158531,-312086258160.444824,174503139330.404480,0.000000,0.000000,0.000000,1.176957
-3.071964,73.557943,17.085935,-30.588351,153.600662,33.959192,0.000000,0.000000,0.000000,0.823481
22.462348,-8.043736,-0.778880,-0.147636,6.451192,-1.946649,0.000000,0.000000,0.000000,1.062576
25.153246,12.706908,-0.627029,3.497517,5.191452,-1.966339,0.000000,0.000000,0.000000,1.120249
21.500046,11.487247,-0.026094,0.516012,1.536192,0.262011,0.000000,0.000000,0.000000,1.025032
-1068820.187948,-653215.431254,216343.799996,-2137690.123912,-1306423.866979,432687.126863,0.000000,0.000000,0.000000,1.195124
21.856128,-8.849109,-15.510525,-4.877741,-13.488046,-30.348147,0.000000,0.000000,0.000000,0.999323
22.621063,-3.066389,7.362170,10.001287,20.149158,15.068986,0.000000,0.000000,0.000000,0.806351
-36549.731647,-37103.871763,-6831.838902,-73151.226299,-74193.632303,-13664.260719,0.000000,0.000000,0.000000,0.814451
-26.241082,-99.618150,53.204676,-110.377557,-185.275418,106.739994,0.000000,0.000000,0.000000,1.090365
9.178648,3.320346,-9.850602,-5.108412,-1.852007,-21.166718,0.000000,0.000000,0.000000,0.846291
18.924756,7.040349,7.135610,-8.912189,6.414889,14.218344,0.000000,0.000000,0.000000,1.171386
-18222.303573,13088.027209,-779.479662,-36640.497889,26271.298556,-1567.209729,0.000000,0.000000,0.000000,0.801445
232.996753,-18.927216,245.941793,433.843315,-31.755307,493.661335,0.000000,0.000000,0.000000,1.004728
12.904481,0.250112,-0.791324,-7.658774,-0.923068,-1.784304,0.000000,0.000000,0.000000,0.957529
-12.511999,-677.746861,-1348.789622,-64.244641,-1360.724746,-2696.891974,0.000000,0.000000,0.000000,0.839667
13516.374557,245124.179930,398677.747681,26993.591666,490246.929459,797355.641630,0.000000,0.000000,0.000000,0.886175
21.132433,-2.339803,-3.118640,8.351335,4.158304,-6.484978,0.000000,0.000000,0.000000,1.127776
137654.293246,121462.984956,-86774.093097,275286.021190,242905.327603,-173547.451052,0.000000,0.000000,0.000000,0.942264
10.514430,-0.868120,0.119981,1.363341,-0.134883,0.261718,0.000000,0.000000,0.000000,0.908114
2511.338710,-3542.716754,7040.103400,4989.254690,-7096.932966,14080.689223,0.000000,0.000000,0.000000,0.813906
8.791296,4.373731,-5.329123,-2.157014,2.246359,-20.683569,0.000000,0.000000,0.000000,0.824164
11.106119,-7.355796,0.032787,0.317365,-1.992125,1.081552,0.000000,0.000000,0.000000,0.872297
22.946974,5.958848,-0.160803,2.311584,-0.497816,-0.456594,0.000000,0.000000,0.000000,0.836343
-197.845758,1406.104171,-2026.978163,-429.118197,2813.208353,-4053.137483,0.000000,0.000000,0.000000,0.947381
25.110650,9.090545,-0.835698,1.814727,0.791473,-2.088587,0.000000,0.000000,0.000000,0.923338
-14.118948,117.453940,123.669659,-43.197093,221.525548,246.342589,0.000000,0.000000,0.000000,0.916584
32.328830,-34.533146,12.148958,38.884364,-63.000345,27.926896,0.000000,0.000000,0.000000,0.956938
17.442162,-7.911142,-0.362451,2.400317,-1.888494,-0.534074,0.000000,0.000000,0.000000,1.156898
17.139173,9.185142,-5.291425,3.700229,0.108081,-9.821113,0.000000,0.000000,0.000000,1.004058
3.981662,-1.882143,9.196594,-24.560303,-8.545922,17.489056,0.000000,0.000000,0.000000,1.084822
14360.429185,6924.228664,-35928.776722,28689.418303,13854.031226,-71858.149205,0.000000,0.000000,0.000000,1.070284
23.474471,5.003734,0.002297,-0.024042,0.214030,-0.301324,0.000000,0.000000,0.000000,1.096838
26.086909,0.373365,-21.366085,25.411126,11.290342,-43.751080,0.000000,0.000000,0.000000,0.873530
13.005825,-9.095826,-2.941160,2.040716,-10.750584,-5.822598,0.000000,0.000000,0.000000,0.922016
23.646827,11.841913,-0.552234,1.043430,0.620163,-1.312486,0.000000,0.000000,0.000000,0.944205
15527.069504,33778.397692,35874.338268,31156.228006,67833.094365,72037.339669,0.000000,0.000000,0.000000,0.969357
439050.342562,1904019.273341,2825630.453373,878065.363980,3808036.847974,5651260.210081,0.000000,0.000000,0.000000,0.992513
16.852622,-13.888014,-25.080735,4.589693,-30.768218,-50.006788,0.000000,0.000000,0.000000,0.848419
-605838.877772,-52740.368606,165279.943494,-1211719.527247,-105451.046577,330559.438809,0.000000,0.000000,0.000000,0.860345
10.612858,14.596327,-9.675489,-6.065826,3.355141,-19.392850,0.000000,0.000000,0.000000,1.084198
25.451836,-13.784238,6.544538,34.225328,-7.065262,15.796883,0.000000,0.000000,0.000000,0.808275
28.209933,6.307669,-0.252111,-1.463377,-0.306678,-0.322562,0.000000,0.000000,0.000000,0.931321
28.221730,-10.811220,-0.424151,-0.508528,0.075755,-0.595062,0.000000,0.000000,0.000000,0.847679
0.262103,-8.196772,-11.479421,-15.668725,-8.902393,-23.105422,0.000000,0.000000,0.000000,1.069603
11.880437,1.061356,1.729380,-6.071991,8.043401,0.663581,0.000000,0.000000,0.000000,0.861356
9.141446,5.153893,0.107480,-1.120444,1.233276,0.571511,0.000000,0.000000,0.000000,1.156015
15.797733,-13.933759,-4.646069,4.659402,-27.100948,-9.702078,0.000000,0.000000,0.000000,1.164483
223.376784,237.967583,-432.227835,414.294109,485.046266,-867.557418,0.000000,0.000000,0.000000,0.985132
10.264873,8.391790,-1.792961,-2.390533,-1.980836,-3.798005,0.000000,0.000000,0.000000,0.920192
28.852752,-5.795827,4.348210,-0.226668,-7.893465,5.890705,0.000000,0.000000,0.000000,1.039670
10.344909,-2.976780,-2.681369,-2.924665,-0.328383,-5.036414,0.000000,0.000000,0.000000,1.191544
-0.987214,-6.563916,-9.369677,-37.249069,12.412736,-18.448726,0.000000,0.000000,0.000000,0.931642
-486.536197,-11222.346333,-5605.045918,-1012.351270,-22442.845068,-11209.121935,0.000000,0.000000,0.000000,0.883217
14.450014,0.488789,1.577583,0.662764,-10.432375,2.336142,0.000000,0.000000,0.000000,0.842383
398.937494,209.964863,33.537789,791.441325,423.210001,67.994519,0.000000,0.000000,0.000000,0.842656
18.638037,-1.218196,7.551558,7.208536,4.017421,18.517957,0.000000,0.000000,0.000000,0.978410
16.201523,-16.985952,9.277044,-7.197005,-27.918749,18.757610,0.000000,0.000000,0.000000,0.890721
13.079583,8.018892,1.255506,4.285294,15.366416,1.598456,0.000000,0.000000,0.000000,0.967262
48.100034,15.717412,12.690498,62.021684,20.783098,32.242965,0.000000,0.000000,0.000000,0.871048
16.529824,-12.723887,-7.686659,-5.422132,-20.623613,-14.903504,0.000000,0.000000,0.000000,1.182573
117.551773,153.644264,-22.636913,191.767776,307.968618,-45.995890,0.000000,0.000000,0.000000,1.100934
329.411875,-42.774708,144.330652,624.569216,-100.317124,287.777355,0.000000,0.000000,0.000000,1.140723
31.321156,-4.569998,1.440063,0.301173,2.293375,2.091055,0.000000,0.000000,0.000000,1.060528
-16460.957422,-101379.449196,52962.317987,-32958.810095,-202760.587122,105924.825625,0.000000,0.000000,0.000000,1.107152
-1999844.358757,-1175919.886681,339484.239390,-3999727.604459,-2351836.060913,678968.818731,0.000000,0.000000,0.000000,0.876661
7.730334,-5.015771,0.340006,0.284165,0.421592,0.258737,0.000000,0.000000,0.000000,1.030936
17.927479,3.796981,-0.823473,-0.881909,-0.506616,-0.475944,0.000000,0.000000,0.000000,1.121565
5.941096,22.745085,-11.830641,-28.203975,51.357157,-22.915122,0.000000,0.000000,0.000000,1.000221
866685727464.415649,-87846999529.899521,-12960160982.084217,1733371454888.489014,-175693999058.700531,-25920321963.852570,0.000000,0.000000,0.000000,1.156248
-165.904176,-169.070846,115.301233,-377.155736,-337.769118,230.108447,0.000000,0.000000,0.000000,1.134824
293999.393687,841554.746203,-201368.108549,587940.029965,1683106.172542,-402737.094450,0.000000,0.000000,0.000000,0.915465
19.152944,-20.430822,-15.296527,1.935939,-13.764018,-30.074372,0.000000,0.000000,0.000000,0.857303
14.578474,-12.791814,-0.800848,-2.311602,-1.449979,-3.892784,0.000000,0.000000,0.000000,1.154023
4.304377,-11.947487,-37.317252,-12.138113,-15.279150,-73.697472,0.000000,0.000000,0.000000,1.172900
28.221398,7.163806,-0.558469,-0.211642,0.565989,-0.662554,0.000000,0.000000,0.000000,0.910688
16.501860,12.455057,-0.032000,0.540349,-1.560366,-0.755771,0.000000,0.000000,0.000000,0.964605
30.520714,-3.514402,-4.808315,1.142640,-0.879874,-8.888104,0.000000,0.000000,0.000000,0.992010
14.527143,-2.799028,3.855546,7.033090,-13.729594,7.576872,0.000000,0.000000,0.000000,0.811978
70.952552,80.246281,-12.926507,109.749422,144.838142,-25.676922,0.000000,0.000000,0.000000,0.988590
14.127256,-10.182434,-0.470747,0.054285,-0.041320,-0.249633,0.000000,0.000000,0.000000,1.141112
-823.420434,-301.960431,411.753176,-1684.817952,-604.737704,822.811426,0.000000,0.000000,0.000000,0.830858
10.092307,-9.892563,4.607325,-10.651493,-6.999119,9.388239,0.000000,0.000000,0.000000,0.882321
31.472619,-8.170724,-0.144937,0.227578,-0.031000,-0.721682,0.000000,0.000000,0.000000,1.003544
411.021835,1158.620449,548.621230,779.626178,2314.701733,1096.534022,0.000000,0.000000,0.000000,1.090557
-13725.939541,-6639.368480,34419.326273,-27483.159785,-13273.086100,68837.657624,0.000000,0.000000,0.000000,1.117236
31.205589,-4.326784,-0.318689,-0.865029,0.292111,0.195147,0.000000,0.000000,0.000000,0.921839
15.354613,-8.658025,-1.700732,0.400568,0.690533,-2.473044,0.000000,0.000000,0.000000,1.064942
5.072461,-10.197956,-0.832094,-9.948986,-7.794446,-2.489512,0.000000,0.000000,0.000000,1.190728
46860.354516,-8749.714488,-823.023553,93678.585625,-17488.780582,-1646.689407,0.000000,0.000000,0.000000,0.978843
24.113254,-7.943540,-4.825084,2.575513,0.374892,-9.215452,0.000000,0.000000,0.000000,0.826292
-1262.617474,649.480655,323.335827,-2571.042476,1303.843549,646.914638,0.000000,0.000000,0.000000,1.161362
-21405.297101,-7242.143994,6428.254729,-42843.656867,-14482.832398,12856.749111,0.000000,0.000000,0.000000,1.090252
4.342842,9.778071,-18.536433,-11.836098,17.178851,-36.749409,0.000000,0.000000,0.000000,1.169779
17128834538.117046,170801668013.108032,-95503821513.825577,34257669037.252628,341603336029.518066,-191007643026.785034,0.000000,0.000000,0.000000,1.075259
33.409429,-6.334196,-0.176325,0.027956,0.482914,-0.362989,0.000000,0.000000,0.000000,0.824259
33.325634,10.648559,-7.666779,17.470476,13.001663,-17.945307,0.000000,0.000000,0.000000,0.962516
1978.092568,637.860158,-4180.937830,3916.839171,1274.398056,-8360.950514,0.000000,0.000000,0.000000,1.199109
6.890718,-6.719782,-5.130850,-0.693558,-0.627162,-10.114540,0.000000,0.000000,0.000000,0.923813
-105.902238,213.935860,-124.568273,-234.206613,415.624207,-250.807897,0.000000,0.000000,0.000000,1.146033
8.120738,-4.945496,-3.654806,-2.808148,0.601374,-8.019925,0.000000,0.000000,0.000000,0.909728
599.647040,-135.821926,1456.602222,1155.073238,-271.252267,2913.292091,0.000000,0.000000,0.000000,0.994752
35.287280,-9.283127,1.081607,22.268088,-9.895101,1.306999,0.000000,0.000000,0.000000,1.092672
24.532834,-12.007040,0.124507,0.616830,-0.009153,-0.599905,0.000000,0.000000,0.000000,0.917199
19.432712,9.720961,-2.081393,-5.441896,-2.342101,-5.198170,0.000000,0.000000,0.000000,0.970720
17.311120,-9.711135,1.128994,-4.032008,-7.125795,4.195768,0.000000,0.000000,0.000000,1.009326
325.873698,66.351382,-97.893733,634.388192,143.591305,-196.372290,0.000000,0.000000,0.000000,0.820667
15.163203,8.952503,-4.729452,-3.802973,18.667101,-9.125785,0.000000,0.000000,0.000000,1.157497
17.157681,7.134152,-0.097652,-2.784515,0.505090,-0.980873,0.000000,0.000000,0.000000,1.095574
2.205835,-9.827801,23.689729,-32.644759,-18.323921,48.690247,0.000000,0.000000,0.000000,0.984745
-313.531532,60.983523,-156.496939,-660.708352,107.119379,-313.625066,0.000000,0.000000,0.000000,1.051727
-13.694395,1.434409,3.723323,-48.906878,2.032547,8.564328,0.000000,0.000000,0.000000,1.135512
18314.161863,-38652.862318,-41842.261898,36594.053978,-77310.454033,-83684.694596,0.000000,0.000000,0.000000,0.965913
24.036072,0.179326,6.164229,-4.950234,-12.410673,16.188870,0.000000,0.000000,0.000000,0.878008
82.357236,221.399783,-102.053918,130.276079,430.321751,-203.965231,0.000000,0.000000,0.000000,0.923908
2.300092,5.638170,-24.113406,-13.139147,11.172358,-52.439788,0.000000,0.000000,0.000000,0.969764
-4.495590,14.471078,-60.359803,-45.961061,32.370104,-122.353177,0.000000,0.000000,0.000000,0.944591
23.270821,-17.929397,-3.461055,-1.098850,-24.289921,-8.131929,0.000000,0.000000,0.000000,0.809814
18.172551,-8.717909,6.151603,-2.312881,-0.375856,18.421617,0.000000,0.000000,0.000000,1.155113
17.515970,-14.603302,5.074237,-11.743807,-6.316815,10.738328,0.000000,0.000000,0.000000,1.029983
20.236822,-6.677529,5.073230,2.842630,1.570681,10.182799,0.000000,0.000000,0.000000,0.835258
-8.470579,195.873952,39.675534,-34.280505,382.911729,80.633611,0.000000,0.000000,0.000000,1.066468
21.230134,-0.002920,5.236994,12.199347,10.900453,9.710625,0.000000,0.000000,0.000000,1.169296
38656.987011,33828.601470,13730.871137,77272.351992,67652.847336,27461.291268,0.000000,0.000000,0.000000,1.119005
13.515897,6.569216,-0.811443,-1.190041,-2.584894,-1.287823,0.000000,0.000000,0.000000,1.038952
22.495088,-14.014239,-0.105678,0.576022,-0.127351,-1.232789,0.000000,0.000000,0.000000,1.176150
-517.423567,15496.634940,4917.762215,-1065.324788,30972.418774,9835.710111,0.000000,0.000000,0.000000,0.902790
76.594764,-113.339977,79.028090,109.747084,-228.597346,158.685585,0.000000,0.000000,0.000000,1.051618
-1978.929859,10217.484927,4541.978568,-3993.094120,20432.828954,9083.064577,0.000000,0.000000,0.000000,0.905255
32.848938,-0.328179,0.102819,0.414815,0.389323,-0.697205,0.000000,0.000000,0.000000,0.893379
9.777511,-4.182392,-0.447713,0.315934,-0.298393,-0.540457,0.000000,0.000000,0.000000,1.000914
9267.318063,-1897.261170,-4658.828039,18492.142902,-3797.635463,-9317.406543,0.000000,0.000000,0.000000,0.982572
17.624260,5.552825,-1.885179,-1.910766,1.507765,-3.651448,0.000000,0.000000,0.000000,1.056024
17.451968,1.845896,-0.729002,-0.211910,-0.601221,-0.570625,0.000000,0.000000,0.000000,0.809312
1593367.315824,-409060.810909,-1549904.686219,3186695.381446,-818123.746717,-3099809.263209,0.000000,0.000000,0.000000,1.158956
16.358282,3.870883,1.936268,0.295332,7.923614,3.668432,0.000000,0.000000,0.000000,1.156830
29.020799,-5.254445,-0.313035,1.540696,0.932901,0.382096,0.000000,0.000000,0.000000,0.873434
21.932455,-15.781941,0.293891,-1.388992,-5.658164,0.208007,0.000000,0.000000,0.000000,1.153578
8.665881,-22.880523,0.625261,-8.330989,-29.208407,0.529004,0.000000,0.000000,0.000000,0.970115
22.912008,-8.220279,0.123545,0.688920,1.539462,0.513260,0.000000,0.000000,0.000000,0.894150
14.788613,8.995944,0.190859,2.699106,0.664729,-0.159319,0.000000,0.000000,0.000000,1.177652
12.574332,8.048185,17.310863,-10.833845,17.645982,34.776997,0.000000,0.000000,0.000000,1.171372
33.615162,0.596274,0.072746,-0.152149,0.438035,-0.682682,0.000000,0.000000,0.000000,1.036042
12.629130,3.785757,-1.127365,-1.898955,-3.497705,-1.699835,0.000000,0.000000,0.000000,0.920117
7.253701,1.136434,-0.704283,-0.222446,-0.036183,-0.639939,0.000000,0.000000,0.000000,1.041553
87.290118,-7.358908,15.709078,134.575492,-11.317049,35.634587,0.000000,0.000000,0.000000,0.852513
21.719958,-4.056941,-2.146061,2.683312,-3.297816,-3.626055,0.000000,0.000000,0.000000,1.121206
20.929021,-10.986162,-3.851249,-4.879460,1.456742,-8.752399,0.000000,0.000000,0.000000,1.015589
21.972964,-9.515639,10.709541,4.078633,-5.478208,22.717157,0.000000,0.000000,0.000000,0.852184
-35366369.967272,2099240.014534,35481166.264126,-70732776.614017,4198496.199784,70962333.015020,0.000000,0.000000,0.000000,1.041386
32.608259,-4.320327,-1.693913,2.879475,3.735617,-3.622612,0.000000,0.000000,0.000000,0.842234
1419088.156910,1125826.813722,384783.244537,2838130.815317,2251634.850561,769566.544220,0.000000,0.000000,0.000000,0.891092
35.866693,10.626092,-2.664000,9.333969,5.415988,-5.521354,0.000000,0.000000,0.000000,1.156470
32.046745,-7.559360,-0.492119,0.247717,0.117333,-0.094945,0.000000,0.000000,0.000000,0.940498
-10.588072,7.427845,-29.940938,-57.281792,14.280020,-59.383134,0.000000,0.000000,0.000000,1.099871
33.833823,-1.812025,-0.479831,0.299865,0.221895,-0.373363,0.000000,0.000000,0.000000,0.935047
-182385.684153,-213794.230554,76068.040278,-364814.659373,-427606.705218,152136.718683,0.000000,0.000000,0.000000,1.082900
26.898773,12.308107,2.474386,6.022387,2.895156,13.328500,0.000000,0.000000,0.000000,1.048884
32.322120,7.033349,-1.686558,3.099477,0.867727,-5.111242,0.000000,0.000000,0.000000,1.160611
3.618604,-28.649764,-21.066123,-24.868151,-49.032202,-46.941144,0.000000,0.000000,0.000000,0.880410
21.954334,-17.073618,3.862131,3.657576,-5.183528,8.127344,0.000000,0.000000,0.000000,1.082227
33.386336,-3.060403,-1.290308,-0.748606,-0.342700,-1.505950,0.000000,0.000000,0.000000,0.888692
-1078.296334,123.786039,2418.327849,-2197.599750,246.392863,4836.203127,0.000000,0.000000,0.000000,0.839384
18.851644,9.627956,-0.693673,-0.749376,-0.711007,-0.469518,0.000000,0.000000,0.000000,1.170744
26.882238,1.662221,-0.636571,-0.621781,0.635164,-0.977491,0.000000,0.000000,0.000000,1.082462
3442.565898,-2046.092182,4905.770040,6844.110840,-4091.380304,9810.756294,0.000000,0.000000,0.000000,1.158045
-514.006879,-191.183440,-195.804771,-1072.029196,-388.207478,-394.550400,0.000000,0.000000,0.000000,0.914463
24.539170,-4.079757,-3.186059,0.961295,-3.093446,-5.519419,0.000000,0.000000,0.000000,0.975595
1.288742,103.314819,-220.641849,-58.217796,220.669463,-442.557932,0.000000,0.000000,0.000000,1.006657
2833.001394,-1193.240457,388.852718,5626.487316,-2383.466064,778.490870,0.000000,0.000000,0.000000,0.863205
25.186714,1.734393,-0.506156,-0.281575,1.640118,-0.063428,0.000000,0.000000,0.000000,1.032604
18.316539,-1.625754,-0.527957,-0.367510,-7.225895,-1.670179,0.000000,0.000000,0.000000,1.136900
-759.112979,1484.568895,963.493874,-1560.228608,2968.099292,1926.067791,0.000000,0.000000,0.000000,1.181825
74.155851,-613.273073,867.527654,106.144383,-1226.626330,1734.123918,0.000000,0.000000,0.000000,1.109992
15.022666,-9.498830,0.879870,-0.241824,-0.507781,1.274831,0.000000,0.000000,0.000000,1.163210
27.244438,-11.263548,0.027735,0.446742,-0.076766,-0.708249,0.000000,0.000000,0.000000,0.924382
47.096961,-10.811232,17.707977,63.815464,-3.229218,40.844137,0.000000,0.000000,0.000000,0.973842
28.664806,-8.039137,5.938424,15.937073,-11.033269,12.951993,0.000000,0.000000,0.000000,1.174824
-3037.392376,844.982112,581.386407,-6114.455941,1690.952379,1163.092331,0.000000,0.000000,0.000000,0.819035
2020.343760,5579.616318,-3431.022418,4024.000592,11149.829573,-6862.154691,0.000000,0.000000,0.000000,0.849943
0.308179,6.120916,6.023990,-38.223852,13.078628,12.807815,0.000000,0.000000,0.000000,0.976608
31.837136,25.278184,5.691911,13.911939,53.831846,12.093157,0.000000,0.000000,0.000000,1.013698
11.023554,-3.325308,-0.445171,-16.473052,7.375897,-1.288785,0.000000,0.000000,0.000000,1.067462
24.095362,-2.718787,-1.725123,0.108388,4.680178,-4.243346,0.000000,0.000000,0.000000,1.114062
13.910981,9.608180,-0.678448,-1.373650,0.647777,-1.390753,0.000000,0.000000,0.000000,1.066148
30.333774,-6.581272,5.915256,4.978754,-10.587462,13.297284,0.000000,0.000000,0.000000,0.817497
-1205.561330,12.649316,-938.080135,-2472.386638,22.000881,-1882.982902,0.000000,0.000000,0.000000,0.983076
10.017368,-4.319274,32.626317,-16.594377,-15.145658,59.030114,0.000000,0.000000,0.000000,1.197002
33.822765,9.277016,1.989913,9.037180,-1.314452,5.509498,0.000000,0.000000,0.000000,0.942361
31.626474,-3.407257,-0.602723,0.074409,0.286499,-0.515147,0.000000,0.000000,0.000000,1.104817
20.623656,7.329599,2.593586,-1.250395,8.814713,6.341377,0.000000,0.000000,0.000000,1.156099
14.860477,2.879134,-0.567883,-0.263839,-0.293102,-0.485202,0.000000,0.000000,0.000000,0.836249
43.994715,-1.087592,12.453268,37.425853,-17.281138,31.322685,0.000000,0.000000,0.000000,0.906427
19.015142,-0.712580,1.636173,6.384354,-0.479981,3.822706,0.000000,0.000000,0.000000,0.936325
35.529075,-0.537132,3.746135,19.286688,2.602618,9.012162,0.000000,0.000000,0.000000,0.962051
12.289514,-6.099129,-3.311805,-14.394321,-7.715690,-6.194150,0.000000,0.000000,0.000000,1.075549
28.468736,9.175599,-1.144604,2.575333,0.805009,-2.145879,0.000000,0.000000,0.000000,1.034069
-24086.473829,-5901.965994,-8334.165253,-48991.592257,-12001.991270,-16939.885179,0.000000,0.000000,0.000000,1.176354
28.158353,-5.674955,-5.520293,27.714981,-2.537354,-11.465282,0.000000,0.000000,0.000000,1.024877
24.765727,5.289553,-2.107697,-3.012843,4.295183,-5.788379,0.000000,0.000000,0.000000,0.982953
23.958721,-3.529993,-3.226923,2.961910,4.408601,-5.674062,0.000000,0.000000,0.000000,1.150424
12.198019,-9.903904,-0.877266,0.557324,-1.360373,-1.110232,0.000000,0.000000,0.000000,1.126163
-5547.663628,121.887336,5076.169360,-11133.044899,250.925044,10152.500119,0.000000,0.000000,0.000000,0.844411
1973.464260,3850.415745,-1547.269484,3938.330988,7804.758892,-3125.385427,0.000000,0.000000,0.000000,1.036014
23.026849,-26.975944,8.533437,0.142174,-48.315827,19.032763,0.000000,0.000000,0.000000,1.043285
26.151600,52.689537,-122.291675,8.427753,107.167927,-244.462900,0.000000,0.000000,0.000000,0.988348
212.493825,287.319909,170.505729,380.133620,571.842087,340.591555,0.000000,0.000000,0.000000,1.014765
33.854614,2.876648,0.620484,2.898231,-1.977866,1.209316,0.000000,0.000000,0.000000,1.127865
773.452420,-148.322768,-360.260762,1496.231144,-312.010700,-725.124642,0.000000,0.000000,0.000000,0.837587
13.407507,17.429480,0.226189,-10.633453,32.106599,0.431112,0.000000,0.000000,0.000000,1.198040
-17073.334366,-37800.116068,-39831.654347,-34306.302070,-75898.577134,-79982.426706,0.000000,0.000000,0.000000,0.872062
8.551931,-1.301675,-6.030300,-14.946308,7.946662,-13.720646,0.000000,0.000000,0.000000,0.835567
28.129534,17.744750,7.046393,0.500464,9.973407,13.408667,0.000000,0.000000,0.000000,1.050494
6.310577,1.120087,-0.886213,0.273231,-2.892980,-1.056553,0.000000,0.000000,0.000000,0.896114
18.678343,-16.223017,3.812686,1.655543,-6.416939,6.923519,0.000000,0.000000,0.000000,1.006687
16.292772,-9.299486,-4.784457,0.405932,-13.416318,-10.878447,0.000000,0.000000,0.000000,1.052623
5.326622,-2.784418,7.040649,-24.399028,-7.467431,16.623849,0.000000,0.000000,0.000000,0.972416
20.447533,-2.212747,1.950668,0.022675,-8.182995,4.906848,0.000000,0.000000,0.000000,0.927088
6.998731,-6.676842,-2.859532,-9.320191,1.383474,-8.251795,0.000000,0.000000,0.000000,1.063849
-74103.967725,30456.379748,31156.023393,-148266.222299,60915.941532,62311.997487,0.000000,0.000000,0.000000,0.814390
28.579801,-2.848833,-1.447484,0.773526,-0.137101,-2.625240,0.000000,0.000000,0.000000,1.084872
8.668032,-2.323199,-0.190545,-1.597543,-2.027702,-0.434614,0.000000,0.000000,0.000000,1.102768
28.885931,10.105356,-0.541408,0.425428,-0.176040,-1.400917,0.000000,0.000000,0.000000,0.823580
32.840271,1.506737,2.590977,2.136869,-8.053681,7.036290,0.000000,0.000000,0.000000,1.162363
288.691949,966.612025,-140.980784,534.676350,1934.681568,-282.844418,0.000000,0.000000,0.000000,0.821384
11.187516,-7.506255,-4.275890,-6.096009,-5.145533,-11.584137,0.000000,0.000000,0.000000,0.876243
-191.731088,-319.182610,-191.859799,-427.994593,-640.681447,-383.853191,0.000000,0.000000,0.000000,0.903588
21.386591,-13.088822,0.489140,2.623178,0.060669,1.037031,0.000000,0.000000,0.000000,0.992565
20.326945,3.156839,7.371818,-1.412171,0.915576,14.147699,0.000000,0.000000,0.000000,1.050501
-3022.231832,-2745.964231,-1848.309686,-6085.681977,-5517.687981,-3697.262737,0.000000,0.000000,0.000000,1.126806
17.114771,-16.612233,12.367564,-13.905066,-37.175501,24.780082,0.000000,0.000000,0.000000,0.896502
202792.208841,237692.862741,-84566.675386,405540.895445,475367.210400,-169132.616235,0.000000,0.000000,0.000000,0.974140
-5990.136674,449.153190,-4654.399036,-12131.871784,905.644167,-9383.659562,0.000000,0.000000,0.000000,0.913226
16542984.402947,-12441313.250380,-37395910.073919,33085919.152999,-24882629.847586,-74791820.454133,0.000000,0.000000,0.000000,0.945531
27.676964,-7.683875,-0.707361,0.506750,-0.528443,-1.128637,0.000000,0.000000,0.000000,1.186926
-5635.362570,-52.950213,-4349.695237,-11326.890577,-106.435106,-8698.394412,0.000000,0.000000,0.000000,0.962127
33.255977,-8.702956,-1.679318,17.362436,4.538230,-3.960648,0.000000,0.000000,0.000000,1.140163
14.912075,-2.692968,2.096412,1.101732,-8.683982,2.414427,0.000000,0.000000,0.000000,1.033141
25.258768,-6.889275,-0.270146,1.139563,0.079258,-0.662807,0.000000,0.000000,0.000000,1.136733
-399.436225,233.676841,205.341706,-834.326602,456.480595,415.217086,0.000000,0.000000,0.000000,1.114637
26.341255,-0.096734,-1.359621,4.742947,5.611629,-3.607748,0.000000,0.000000,0.000000,1.038443
32.603060,-5.290309,-0.335166,0.485536,0.267648,-0.227742,0.000000,0.000000,0.000000,1.193953
28.564881,-7.640288,-1.692759,-0.579622,0.452087,-2.485022,0.000000,0.000000,0.000000,1.192625
5.701466,10.486857,-3.406969,-3.626620,5.181809,-6.314783,0.000000,0.000000,0.000000,1.026543
25.538900,6.365505,-18.358088,12.774945,15.955634,-37.438829,0.000000,0.000000,0.000000,0.977905
4.383948,-5.533754,4.263152,-13.950965,12.589298,8.513330,0.000000,0.000000,0.000000,1.157193
22.866524,9.465690,0.899062,-6.432874,2.635734,1.041871,0.000000,0.000000,0.000000,0.958091
32.334945,7.471855,9.965477,3.075639,8.124230,19.877611,0.000000,0.000000,0.000000,1.187200
17.645471,5.857898,-0.919209,4.413550,10.141142,-1.721470,0.000000,0.000000,0.000000,0.955924
28.206500,-8.559112,-0.616272,1.601150,-1.050416,-1.411585,0.000000,0.000000,0.000000,1.177776
26.110436,10.953275,0.008646,-0.618951,0.285726,-0.112711,0.000000,0.000000,0.000000,0.943368
18.901306,6.224416,-3.087825,4.513237,-7.334229,-7.378968,0.000000,0.000000,0.000000,0.827079
553.101101,-16048.237765,-5126.192840,1075.709167,-32116.872454,-10252.055860,0.000000,0.000000,0.000000,0.870387
34.019091,3.684237,-0.642920,1.585106,0.797131,-2.361680,0.000000,0.000000,0.000000,0.918610
16.193450,-14.508631,-0.638113,0.509151,-0.817807,-0.828106,0.000000,0.000000,0.000000,0.903879
19.943696,2.958033,8.854258,-2.395767,-3.338695,17.198235,0.000000,0.000000,0.000000,0.895362
-632.536045,337.262059,-449.919285,-1304.893734,677.591923,-901.111692,0.000000,0.000000,0.000000,0.889664
5.541913,-0.916847,0.114560,-0.213106,0.144954,-0.361193,0.000000,0.000000,0.000000,0.968999
12.942398,-10.532698,-0.166293,0.805430,0.315508,-0.917481,0.000000,0.000000,0.000000,1.013257
1670.006819,-2221.037968,-6688.684811,3271.182516,-4444.702569,-13377.439328,0.000000,0.000000,0.000000,0.821278
80.437761,-152.238791,98.621427,99.633611,-309.149401,196.367065,0.000000,0.000000,0.000000,0.988740
-5.986884,-32.674284,-84.321048,-28.728734,-53.955689,-168.229462,0.000000,0.000000,0.000000,0.961047
10.221043,9.623515,-1.218281,0.776703,2.285421,-2.519696,0.000000,0.000000,0.000000,1.172275
1631858.256641,978363.674416,-273821.218354,3263677.357316,1956730.902922,-547642.051213,0.000000,0.000000,0.000000,1.068235
28.880214,-9.568084,0.158089,2.143049,-0.124273,0.901391,0.000000,0.000000,0.000000,1.141943
26.837672,-6.163165,0.992007,8.754958,-1.139394,1.243113,0.000000,0.000000,0.000000,1.138489
44.280618,32.232281,45.335005,61.852062,77.009401,90.361509,0.000000,0.000000,0.000000,0.949375
21.431116,0.752915,-8.146640,-16.984416,12.232733,-16.548431,0.000000,0.000000,0.000000,0.845823
21.665452,-12.306822,-0.125216,1.836246,0.335699,-0.959813,0.000000,0.000000,0.000000,0.914110
11.007329,-2.002216,3.746586,-2.101008,-1.933321,7.550073,0.000000,0.000000,0.000000,1.062392
16.114067,-11.438217,-0.937763,-8.911071,-8.857025,-2.136441,0.000000,0.000000,0.000000,1.046150
14.408969,4.925501,-0.710403,2.127531,-1.863735,-1.010913,0.000000,0.000000,0.000000,1.146327
23.834640,-0.760078,20.574857,70.709263,-24.258096,21.307079,0.000000,0.000000,0.000000,0.944161
8.339009,-10.548088,-1.916507,0.516173,-6.096428,-5.200655,0.000000,0.000000,0.000000,0.928885
13.563534,2.762364,-14.287931,-10.273910,-5.325632,-29.269634,0.000000,0.000000,0.000000,1.154002
33.825594,-5.470985,0.103676,-0.203356,-0.059772,-0.694768,0.000000,0.000000,0.000000,0.901690
18.572864,-0.969502,4.054316,6.702697,-3.678076,7.496752,0.000000,0.000000,0.000000,1.061761
28.559286,7.029054,0.206917,-0.674226,-0.290355,-0.241914,0.000000,0.000000,0.000000,0.981113
144182.660540,316171.087852,-153246.381807,288340.381031,632353.579903,-306493.180471,0.000000,0.000000,0.000000,1.003691
25.796650,4.402926,20.575614,-2.839069,1.126577,40.781163,0.000000,0.000000,0.000000,0.854357
21.573709,-13.726399,-1.477981,1.872562,-1.075377,-2.773932,0.000000,0.000000,0.000000,1.171669
30.956235,22.617425,30.875661,0.484385,51.313404,62.326672,0.000000,0.000000,0.000000,0.809294
46.139345,-149.864129,254.780171,53.707179,-300.555042,511.208540,0.000000,0.000000,0.000000,1.177510
28.137429,1.916771,-0.410710,2.557908,4.484993,-0.282794,0.000000,0.000000,0.000000,0.938571
73504.114239,102525.441688,233511.404496,146969.091511,205048.557448,467022.376097,0.000000,0.000000,0.000000,0.965873
-494.242064,1383.452230,7177.501138,-1025.343581,2765.117565,14354.687982,0.000000,0.000000,0.000000,0.806254
13.283401,8.313753,1.751063,5.333353,-5.255855,3.103569,0.000000,0.000000,0.000000,1.197061
-15328690523.168585,-9350748689.751373,4929229166.591249,-30842435708.055649,-18814383685.885807,9917966132.451275,0.000000,0.000000,0.000000,0.972570
24.806159,-2.626612,-3.035905,2.588743,-1.008581,-5.955849,0.000000,0.000000,0.000000,1.066617
-1112.344442,-2845.719002,569.465518,-2254.654099,-5727.671891,1142.276834,0.000000,0.000000,0.000000,0.827217
1150.334782,403.946543,259.252938,2268.321822,779.490075,518.086734,0.000000,0.000000,0.000000,0.931572
81127.537782,141826.105159,-54429.911550,162203.178876,283650.315203,-108860.540568,0.000000,0.000000,0.000000,1.015864
24.451929,10.242976,0.558618,0.070638,2.378229,0.676905,0.000000,0.000000,0.000000,0.865683
-0.463747,98.050322,75.488303,-32.100441,192.494123,151.221717,0.000000,0.000000,0.000000,0.964410
10.460992,-16.545659,-24.589445,-11.479911,-24.848223,-49.062958,0.000000,0.000000,0.000000,0.921414
34.989616,-5.977239,6.169126,24.974943,-11.468912,12.296260,0.000000,0.000000,0.000000,1.165302
10.152630,-15.855770,9.762630,-14.176146,-14.991024,18.729518,0.000000,0.000000,0.000000,1.147375
26.534745,4.606995,-0.036354,-0.355247,0.141084,-0.563985,0.000000,0.000000,0.000000,0.905243
18.568315,7.428673,-6.306076,-10.009273,7.596310,-13.315167,0.000000,0.000000,0.000000,0.887778
28.414695,10.309414,-0.001667,4.199770,5.522428,2.013552,0.000000,0.000000,0.000000,0.882672
12.835499,2.110839,1.862256,-0.867871,1.885387,2.952419,0.000000,0.000000,0.000000,0.929124
-26584.568036,-41276.093286,10410.232387,-53738.972900,-83378.122446,21030.876158,0.000000,0.000000,0.000000,0.872177
28439.374144,44329.372389,-11340.393778,57420.274380,89561.850695,-22909.690319,0.000000,0.000000,0.000000,0.809480
85.646271,12.530385,-67.827196,110.962658,17.965008,-136.108494,0.000000,0.000000,0.000000,0.852665
34.533330,-2.106186,0.577205,0.613345,1.239858,0.747154,0.000000,0.000000,0.000000,0.818536
26.734486,-9.806137,1.889706,-4.107596,1.284693,2.746408,0.000000,0.000000,0.000000,1.140288
42.623789,6.930931,-12.121947,38.909176,6.275338,-25.799282,0.000000,0.000000,0.000000,0.833555
9.114425,5.383266,2.319271,2.164111,-3.194577,4.098684,0.000000,0.000000,0.000000,1.027351
66190.135523,-27890.788037,-28667.372122,132321.623458,-55778.245817,-57334.641922,0.000000,0.000000,0.000000,0.895092
-1155136.687635,-916298.064404,-313112.823479,-2310318.627558,-1832614.710363,-626225.525053,0.000000,0.000000,0.000000,1.094618
14.009833,-10.613568,-14.928196,-1.017080,-10.249447,-30.013308,0.000000,0.000000,0.000000,0.964641
9.535912,34.205210,-9.455260,-28.886916,70.575593,-19.896484,0.000000,0.000000,0.000000,1.088460
2.479593,-7.116557,0.035969,-16.206235,-4.920757,1.140316,0.000000,0.000000,0.000000,0.872413
24.131836,-23.200539,17.233595,9.760000,-43.191971,33.543076,0.000000,0.000000,0.000000,0.891384
33.995179,-3.561726,-0.593991,-0.222357,0.870683,-0.726873,0.000000,0.000000,0.000000,0.814934
-40.004650,0.153382,63.334372,-139.679229,-6.825513,125.826084,0.000000,0.000000,0.000000,0.800565
13.606170,5.504325,1.656842,-14.999528,12.450182,2.288535,0.000000,0.000000,0.000000,0.851082
30.222481,0.147880,-5.511757,5.756664,4.229603,-12.250915,0.000000,0.000000,0.000000,0.802055
45413.740894,6823.888061,2763.882577,91705.182134,13788.350095,5584.546979,0.000000,0.000000,0.000000,1.030139
22.428078,-5.295613,-1.285442,2.372295,-4.219818,-1.224543,0.000000,0.000000,0.000000,1.053327
14.175417,-8.339630,-0.399849,-0.054159,-0.309534,-0.262216,0.000000,0.000000,0.000000,0.829351
31.761150,-2.590204,-10.776291,8.385023,4.628818,-19.726325,0.000000,0.000000,0.000000,1.191348
-443.696869,2213.156724,79.213375,-917.862316,4417.351003,157.705632,0.000000,0.000000,0.000000,0.964997
2107.052028,4170.459419,6829.069035,4164.896485,8316.997072,13657.880426,0.000000,0.000000,0.000000,0.832471
13.920628,-5.706350,-0.546002,-2.343047,-11.152887,-1.779731,0.000000,0.000000,0.000000,0.859998
11.153434,8.445836,0.101311,0.093123,-0.584802,-0.768577,0.000000,0.000000,0.000000,1.189759
29.567567,10.314262,-1.909474,4.837537,2.188027,-3.153895,0.000000,0.000000,0.000000,0.837812
16411.414937,1492.775037,35952.956710,32802.972530,2981.619233,71905.520279,0.000000,0.000000,0.000000,1.195844
21.174494,-7.519565,-9.210900,6.375326,0.369227,-19.105585,0.000000,0.000000,0.000000,0.907600
3121.667863,6324.964589,-179.891301,6202.362832,12650.273309,-360.253568,0.000000,0.000000,0.000000,1.175978
30.857771,13.667047,14.926901,1.478550,18.077558,31.310135,0.000000,0.000000,0.000000,0.918034
21.359273,-13.901611,-0.101325,0.434630,0.253105,-1.051669,0.000000,0.000000,0.000000,1.162965
-52190.853244,-45705.638799,-18552.108613,-104423.020192,-91415.363279,-37104.558675,0.000000,0.000000,0.000000,0.828171
244.624989,-2191.701705,335.724892,457.230842,-4393.484142,674.047450,0.000000,0.000000,0.000000,1.074301
20.336792,0.673799,-6.881115,0.323635,-13.535965,-16.431842,0.000000,0.000000,0.000000,0.828123
18.836067,-8.375656,5.038298,4.661389,-7.476131,9.301851,0.000000,0.000000,0.000000,0.945933
10.197685,-9.575431,7.812837,-10.776616,-9.268196,15.407394,0.000000,0.000000,0.000000,0.871053
15.535828,-6.609305,-0.650777,-2.533521,-0.309651,-0.950952,0.000000,0.000000,0.000000,1.006606
26.105250,10.660051,-0.759367,-1.460157,1.238504,-0.970529,0.000000,0.000000,0.000000,0.891709
3.786072,-2.695661,3.112280,-10.383115,-6.159667,8.121351,0.000000,0.000000,0.000000,0.802266
-2237.251965,-1457.289701,-2844.771880,-4511.130386,-2916.310157,-5688.823761,0.000000,0.000000,0.000000,0.808057
34.983688,-4.548232,19.654234,37.077126,-14.127681,39.018412,0.000000,0.000000,0.000000,0.997179
116.863171,16.499711,-32.498776,214.215375,17.509146,-64.978826,0.000000,0.000000,0.000000,0.826401
8309.456984,1740.219093,-2593.272489,16571.709246,3488.043422,-5186.911324,0.000000,0.000000,0.000000,1.092000
28.845568,-5.565316,0.689081,-0.876440,-0.696847,0.218269,0.000000,0.000000,0.000000,1.064843
-63.624918,264.111933,-947.141198,-181.032487,542.370342,-1893.949159,0.000000,0.000000,0.000000,0.822479
23.892103,21.657277,6.695246,-5.054804,34.365375,13.924681,0.000000,0.000000,0.000000,1.009438
25.740830,11.056916,0.789990,2.392960,0.322066,0.859597,0.000000,0.000000,0.000000,0.979089
20.847594,-4.513420,1.749841,-5.885725,-2.248634,5.584726,0.000000,0.000000,0.000000,1.066492
27.295153,3.143065,-1.038136,-4.909430,-2.602694,-2.382204,0.000000,0.000000,0.000000,0.981742
-16146472.552837,12143153.200335,36499693.509726,-32292994.663449,24286302.982308,72999386.498138,0.000000,0.000000,0.000000,0.968748
34.843614,-5.670543,-7.385496,14.058444,-11.288017,-14.495712,0.000000,0.000000,0.000000,0.983512
21743.926478,6048.601487,-4697.039395,43454.375497,12098.518545,-9393.714822,0.000000,0.000000,0.000000,1.084388
-22912.777509,-18982.941910,4629.441878,-45867.024450,-37964.752654,9259.495837,0.000000,0.000000,0.000000,0.873257
30.124708,3.511842,8.978812,3.917369,6.555775,17.746204,0.000000,0.000000,0.000000,0.816476
21.210705,11.609322,0.815652,-2.983539,0.749615,1.059730,0.000000,0.000000,0.000000,1.047589
3.672609,-54.674530,11.749283,-36.848660,-104.437478,23.008034,0.000000,0.000000,0.000000,1.027319
22.621038,-10.837642,-0.802248,2.062235,0.136081,-1.353063,0.000000,0.000000,0.000000,1.173960
26.047987,-4.920237,1.668383,5.258315,0.899923,4.166436,0.000000,0.000000,0.000000,1.044913
24.573111,9.819961,-0.235171,-1.063469,0.293425,0.919006,0.000000,0.000000,0.000000,0.914418
33.844551,3.733413,3.567989,-1.248653,8.408669,6.211530,0.000000,0.000000,0.000000,1.174704
1225.722914,163.481957,296.753408,2392.233048,330.215731,593.468174,0.000000,0.000000,0.000000,0.964197
14.934309,13.355466,11.902937,-12.978610,1.852891,23.173792,0.000000,0.000000,0.000000,0.803833
25.231708,10.629715,-7.471002,1.441876,6.302953,-18.047833,0.000000,0.000000,0.000000,0.974165
24.792913,-1.935161,6.443785,10.639470,-11.351564,15.156126,0.000000,0.000000,0.000000,1.077810
44656.885967,-40118.845222,-55360.531489,89255.462108,-80230.398331,-110721.180399,0.000000,0.000000,0.000000,1.142695
20.915017,6.264542,-0.529253,-0.455423,3.214958,-3.564653,0.000000,0.000000,0.000000,0.969278
-1635.230023,1538.577129,-1011.753966,-3309.215458,3075.615619,-2022.789825,0.000000,0.000000,0.000000,1.019335
14.209364,10.959446,-0.238904,3.523908,7.830386,-2.629930,0.000000,0.000000,0.000000,1.190436
17.168508,13.888397,-1.689294,-13.625544,2.403461,-3.868346,0.000000,0.000000,0.000000,1.094258
21.169793,-10.320552,-6.984420,-2.657263,5.449671,-13.511514,0.000000,0.000000,0.000000,0.907879
18.040062,4.199409,12.000555,5.127686,12.911799,23.605300,0.000000,0.000000,0.000000,0.928088
6.362518,-8.229240,-3.894506,-16.251327,-6.988159,-7.712785,0.000000,0.000000,0.000000,0.958425
-12109.076441,-214779.434092,-340095.980373,-24257.299976,-429560.109653,-680191.507481,0.000000,0.000000,0.000000,1.021077
16.663520,10.646805,-0.747417,-0.715490,0.194956,-2.207144,0.000000,0.000000,0.000000,0.887687
26.095928,5.231045,-1.367779,-2.369104,-5.453906,-2.751260,0.000000,0.000000,0.000000,0.970445
22.420913,6.291716,0.371071,-0.152218,-1.958885,-0.866217,0.000000,0.000000,0.000000,0.988023
107.532101,-256.698822,132.470962,170.849389,-521.161295,266.037654,0.000000,0.000000,0.000000,1.172336
23.409158,9.651228,-0.694450,0.357995,0.538506,-0.495860,0.000000,0.000000,0.000000,1.017928
13.148299,-7.158824,2.439910,0.853930,1.372123,5.520946,0.000000,0.000000,0.000000,0.873146
-6476.690747,10297.172413,-3647.975899,-12994.667849,20594.030489,-7294.989254,0.000000,0.000000,0.000000,0.818163
17.427801,4.299237,-1.150517,-5.256455,-3.909546,-2.395423,0.000000,0.000000,0.000000,1.022176
21.969275,6.370812,1.264697,-1.276658,1.973148,4.280999,0.000000,0.000000,0.000000,0.982968
29.173403,-11.339899,-0.765404,-0.218672,-1.537041,-1.709350,0.000000,0.000000,0.000000,1.031078
22.131087,-7.813392,8.312810,-4.210063,-19.392984,18.740833,0.000000,0.000000,0.000000,1.164925
11.998826,3.387574,-3.977057,-3.049140,12.023865,-7.438708,0.000000,0.000000,0.000000,0.831382
173.715550,-69.081507,148.960702,288.265195,-126.024387,300.637966,0.000000,0.000000,0.000000,1.087354
12.289910,3.273491,-0.647518,-0.385352,-1.220004,-1.274945,0.000000,0.000000,0.000000,0.989456
47520.565203,556765.612443,-540966.800748,94985.401456,1113506.051570,-1081933.358020,0.000000,0.000000,0.000000,1.103315
-8978.286211,1849.880371,4532.190982,-17998.634424,3696.559101,9064.414284,0.000000,0.000000,0.000000,1.009699
14.174971,-17.076889,-8.045849,-10.117851,-13.174618,-15.214909,0.000000,0.000000,0.000000,0.923912
13.227060,6.057956,-2.612671,-3.747778,8.217988,-8.536297,0.000000,0.000000,0.000000,1.013365
-406.895520,-699.087752,219.484528,-856.780633,-1404.555625,440.627264,0.000000,0.000000,0.000000,1.125743
30.727996,-8.699183,-0.629586,0.456674,0.665865,0.109333,0.000000,0.000000,0.000000,1.192228
39.243045,-48.268350,-25.880587,45.248040,-90.180409,-58.220407,0.000000,0.000000,0.000000,0.911578
-8205.512857,-1742.750469,2570.391963,-16457.768542,-3477.798125,5140.273277,0.000000,0.000000,0.000000,1.099672
14.359567,28.707205,8.736522,-10.762521,58.676477,17.804282,0.000000,0.000000,0.000000,0.818657
-24.068609,-38.261624,-14.465090,-87.557279,-75.464849,-30.608066,0.000000,0.000000,0.000000,0.883056
12.389666,-8.443087,0.330249,0.558584,0.687982,0.192197,0.000000,0.000000,0.000000,1.151102
19.400716,6.855017,-0.601380,-1.400625,0.319115,-0.693955,0.000000,0.000000,0.000000,1.003370
52.210310,320.881791,191.877338,67.243684,647.985513,382.780926,0.000000,0.000000,0.000000,1.075824
12.079005,-0.146079,0.282231,-0.187254,-1.108902,0.210995,0.000000,0.000000,0.000000,0.806125
-8299.004232,92.472390,17875.214168,-16633.222701,174.114755,35750.285689,0.000000,0.000000,0.000000,0.827612
23.504532,-4.522025,-1.713634,19.722395,-1.258515,-7.049137,0.000000,0.000000,0.000000,1.144365
18.703926,-9.869475,-1.022135,-0.280960,-0.504168,-1.113869,0.000000,0.000000,0.000000,1.032040
-489.760054,-827.287113,-3494.256124,-1028.810567,-1697.739050,-7144.493572,0.000000,0.000000,0.000000,1.072494
632303.682306,55009.767019,-172487.195623,1264565.253888,110049.195170,-344974.746939,0.000000,0.000000,0.000000,0.824393
20.560953,4.800543,-0.580172,-0.269285,0.343466,-0.275928,0.000000,0.000000,0.000000,1.118345
100.605751,100.242438,-79.479063,139.786955,195.172748,-159.514180,0.000000,0.000000,0.000000,0.880674
21.445315,4.904905,0.038571,-1.995840,2.326274,0.546305,0.000000,0.000000,0.000000,0.942182
4461.056109,5769.079934,-15924.713457,8889.438108,11535.501843,-31849.839025,0.000000,0.000000,0.000000,1.078415
-408723.863936,-1788751.008837,-2645512.456778,-817483.010637,-3577503.548430,-5291025.361820,0.000000,0.000000,0.000000,1.061641
5835.341686,-355.152871,3906.125418,11709.397607,-715.915689,7875.178955,0.000000,0.000000,0.000000,1.072066
30.247118,-0.520900,0.093776,1.228709,-3.124140,1.735072,0.000000,0.000000,0.000000,0.831722
22.295662,-14.361811,-1.919684,3.126107,0.764474,-3.182451,0.000000,0.000000,0.000000,1.021611
21.970155,-13.523053,-0.493102,0.465323,-0.031727,-0.051793,0.000000,0.000000,0.000000,1.028821
-11150.667528,12635.983181,11569.073826,-22344.299635,25273.766290,23137.278759,0.000000,0.000000,0.000000,1.066508
833.602023,-36.223884,-1670.823313,1625.965844,-73.601214,-3341.592074,0.000000,0.000000,0.000000,1.195953
9.450473,-10.483853,1.111291,3.737190,-4.607299,4.831150,0.000000,0.000000,0.000000,0.841150
11.422651,-0.630132,-2.921317,0.954474,-8.288217,-5.149525,0.000000,0.000000,0.000000,0.850637
24.157850,7.381766,-1.372509,2.892482,-0.167300,-4.134175,0.000000,0.000000,0.000000,0.936637
7.487961,-7.930875,1.707289,-1.566637,-0.928675,3.521852,0.000000,0.000000,0.000000,0.906809
17.510122,-4.643199,3.488249,-1.565785,-3.797639,6.740122,0.000000,0.000000,0.000000,0.865894
28.390218,6.710837,-5.957531,16.256796,24.247137,-12.816282,0.000000,0.000000,0.000000,0.987967
5.321527,2.652512,-0.610503,-2.677362,-0.411815,-0.839043,0.000000,0.000000,0.000000,1.043584
75.478382,319.482387,113.470874,102.646117,616.348218,227.052471,0.000000,0.000000,0.000000,1.044146
-26148.924324,-11456.470986,-11081.336698,-52342.824294,-22894.029412,-22161.691955,0.000000,0.000000,0.000000,0.920562
23.256034,-7.394689,2.287589,7.337450,-3.381771,4.481762,0.000000,0.000000,0.000000,1.040714
10.691571,-6.890348,-1.928286,-0.862208,-1.601231,-3.363686,0.000000,0.000000,0.000000,0.811833
-4251.608863,1369.984322,379.969220,-8545.689652,2735.276035,759.591708,0.000000,0.000000,0.000000,0.957313
1.263382,3.619950,38.815249,-41.409966,7.544484,77.057195,0.000000,0.000000,0.000000,1.095972
-4068.556267,4797.832258,4457.626764,-8177.116363,9591.637620,8915.245652,0.000000,0.000000,0.000000,0.959278
33.669816,2.439532,-0.253037,-0.417325,0.917597,-0.370086,0.000000,0.000000,0.000000,0.998823
30.561084,-0.628222,-0.629944,0.393189,0.093618,-1.295874,0.000000,0.000000,0.000000,1.141906
22.978066,-6.630467,-6.358009,15.490146,1.716049,-19.108583,0.000000,0.000000,0.000000,0.806500
11.259362,11.430624,-0.271040,-0.147994,-0.140082,-0.611103,0.000000,0.000000,0.000000,0.986759
12.308304,-10.888673,-0.636191,0.217790,-0.046652,-0.394523,0.000000,0.000000,0.000000,1.102423
112.111641,-262.077940,890.984291,170.385083,-509.843084,1781.720814,0.000000,0.000000,0.000000,0.873852
20.907526,-13.346015,-0.667963,4.330074,-1.702570,-0.464551,0.000000,0.000000,0.000000,0.812619
-57.380231,-240.007723,116.202529,-149.004996,-491.906647,232.299779,0.000000,0.000000,0.000000,0.807618
-11.867866,-297.398738,-276.873144,-62.533716,-604.084172,-555.564980,0.000000,0.000000,0.000000,0.820576
13.994833,10.438131,-0.907902,-0.657533,0.219852,-2.688338,0.000000,0.000000,0.000000,1.027701
22.883679,7.131330,-1.312102,1.973745,-1.029326,-3.056730,0.000000,0.000000,0.000000,0.934740
166049.891932,-287016.291696,898055.201976,332062.054381,-574031.134587,1796109.570356,0.000000,0.000000,0.000000,1.178723
23.044460,-9.126953,-6.404060,7.910743,-7.874308,-15.634134,0.000000,0.000000,0.000000,0.967271
3491.587921,3160.244514,2108.742740,6941.605604,6294.410411,4216.628327,0.000000,0.000000,0.000000,0.987766
-64111.396576,-751883.057183,730560.555494,-128278.501380,-1503791.044743,1461121.118415,0.000000,0.000000,0.000000,0.816974
505230923.998655,475719737.835698,-316600960.215709,1010461792.110585,951439465.952861,-633201919.696050,0.000000,0.000000,0.000000,1.133103
21.474068,0.777345,1.233553,-9.982571,1.166921,2.716944,0.000000,0.000000,0.000000,1.091993
-24.171084,-316.554399,-117.780832,-96.603201,-655.111625,-235.257373,0.000000,0.000000,0.000000,0.988177
23.661142,-4.237134,0.893632,-4.403923,-0.186019,2.198271,0.000000,0.000000,0.000000,0.817647
26.215742,11.053399,-10.864168,8.669868,-2.855148,-21.182277,0.000000,0.000000,0.000000,0.806913
-587.573794,390.372962,16.395915,-1226.198566,761.940766,32.325069,0.000000,0.000000,0.000000,0.914951
221274.859990,-82679.606190,209850.353494,442511.436573,-165358.098221,419699.768587,0.000000,0.000000,0.000000,1.073302
-17.167331,19.236856,-95.391690,-76.465047,59.492396,-190.703577,0.000000,0.000000,0.000000,1.114679
-4.427657,56.580845,87.465247,-25.550932,124.167475,174.726796,0.000000,0.000000,0.000000,0.813495
5.792577,-12.194135,-5.271395,-18.817469,-36.491147,-10.047012,0.000000,0.000000,0.000000,0.993904
13.769095,-17.209227,-9.222640,-12.071526,-5.952711,-17.506863,0.000000,0.000000,0.000000,0.811627
25.483287,-12.364441,-0.201361,0.101724,0.211372,-0.377288,0.000000,0.000000,0.000000,0.971544
33.582453,7.791572,-1.390957,6.812771,3.915323,-3.750583,0.000000,0.000000,0.000000,0.828819
26.685391,-0.881694,-1.332734,-1.463033,5.128996,-2.451588,0.000000,0.000000,0.000000,0.843591
-948623.210610,-10386.561749,418965.243329,-1897296.711767,-20773.239013,837931.216789,0.000000,0.000000,0.000000,1.009980
-114.681468,-28.526581,40.856976,-273.594403,-30.675785,81.214735,0.000000,0.000000,0.000000,1.165896
17.657394,-7.932403,2.505295,-3.082911,-4.490368,5.342013,0.000000,0.000000,0.000000,1.173099
13.929647,-8.007653,-2.562235,-4.417504,-5.944096,-6.117455,0.000000,0.000000,0.000000,0.980241
14204695725.111923,8665093338.791023,-4567787659.819289,28580876662.608616,17434795445.916245,-9190719634.935432,0.000000,0.000000,0.000000,1.049528
-44398.111895,39931.883847,55111.715837,-88854.310308,79870.859078,110223.037240,0.000000,0.000000,0.000000,1.147849
-3.842217,31.816517,21.956232,-70.353991,67.050819,43.607630,0.000000,0.000000,0.000000,1.017479
-245394.064288,-53500.209283,-882415.074177,-490827.021460,-106999.249761,-1764829.525669,0.000000,0.000000,0.000000,0.811464
17.252322,-3.571566,-4.891408,5.170759,-7.405511,-10.192875,0.000000,0.000000,0.000000,0.816721
22.908371,360.695435,-289.281701,6.596950,707.859421,-578.926355,0.000000,0.000000,0.000000,1.117804
-13973.568718,18402.377485,-14348.172939,-27984.475763,36812.326501,-28695.387138,0.000000,0.000000,0.000000,0.933819
-468002.596003,-57764.985931,-511116.215189,-936042.345184,-115530.577299,-1022232.535728,0.000000,0.000000,0.000000,0.945291
24.611188,-7.022935,-5.201272,27.613476,-2.947404,-8.993047,0.000000,0.000000,0.000000,0.802871
43.187895,-38.595675,30.358715,37.422637,-83.769278,62.058962,0.000000,0.000000,0.000000,0.804158
-1577.449701,-3463.773984,1342.959883,-3235.008434,-6970.937014,2713.285045,0.000000,0.000000,0.000000,1.159105
78.901204,40.832931,-103.229351,88.703325,78.801802,-205.908479,0.000000,0.000000,0.000000,0.947227
15.164507,-10.359629,-3.170924,-14.450193,-11.645220,-17.071395,0.000000,0.000000,0.000000,1.178009
10.378139,5.142951,-0.391001,-1.663724,0.655128,-0.368645,0.000000,0.000000,0.000000,0.804628
-28.249431,-40.307931,74.460473,-94.997630,-85.961488,148.330054,0.000000,0.000000,0.000000,1.123032
-104.632633,-51.219096,-78.465114,-253.968042,-120.736777,-156.511521,0.000000,0.000000,0.000000,1.188309
1215352.449427,742729.734174,-245993.127107,2430654.878809,1485466.297631,-491986.672282,0.000000,0.000000,0.000000,1.051077
8.642975,-3.412710,3.866423,-12.052284,-8.094144,7.855657,0.000000,0.000000,0.000000,0.835316
24.689277,8.582113,-0.099842,-3.172044,-0.180131,-1.763550,0.000000,0.000000,0.000000,1.077266
-94.519929,72.683691,163.046572,-239.832787,130.752022,326.239861,0.000000,0.000000,0.000000,1.150362
46.299140,2.682225,-12.876657,49.695803,5.964689,-26.683933,0.000000,0.000000,0.000000,1.104765
13.137506,9.828194,18.577060,12.639249,6.580963,37.303533,0.000000,0.000000,0.000000,0.862295
27.220283,-32.055613,-14.002124,21.601150,-54.744251,-27.942963,0.000000,0.000000,0.000000,1.006393
19.426707,3.308514,-3.338765,-0.000053,4.032249,-5.798867,0.000000,0.000000,0.000000,1.078170
-10.745690,-38.255475,-36.347504,-47.841813,-63.533076,-72.508095,0.000000,0.000000,0.000000,1.188275
