x,y,z,vx,vy,vz,fx,fy,fz,mass
-29.632686,-1.424704,0.010509,27.023530,-16.426674,-1.082410,0.000000,0.000000,0.000000,1.108544
25.140094,18.581157,-39.649597,433.427488,201.941243,-396.239614,0.000000,0.000000,0.000000,1.126065
-18.518212,-0.424977,-2.229585,8.176166,-24.028823,-16.145921,0.000000,0.000000,0.000000,0.994733
2197.406313,3281.010064,-3737.036472,22233.217164,32704.107387,-37366.347244,0.000000,0.000000,0.000000,0.822397
-751.825112,-743.453828,-902.608505,-7310.567351,-7437.432766,-9023.992339,0.000000,0.000000,0.000000,0.898558
-21.641991,-13.732077,1.313136,-5.627934,-2.773243,9.780769,0.000000,0.000000,0.000000,0.846977
-25.572131,4.337296,0.087004,-0.167686,-0.351116,0.474320,0.000000,0.000000,0.000000,1.116249
992.067557,668.777836,-1721.027534,10187.235290,6673.267308,-17210.970126,0.000000,0.000000,0.000000,1.187704
-10.916343,2.620110,0.044984,8.170184,6.651085,-0.014435,0.000000,0.000000,0.000000,0.950589
594.309854,-45493.729375,82992.059074,6200.917156,-455045.813734,829919.125212,0.000000,0.000000,0.000000,0.818971
-9.664077,-0.390480,0.686389,-1.687464,-0.671728,2.721929,0.000000,0.000000,0.000000,1.167247
-13.789810,-0.763811,0.341817,0.347113,2.465138,7.288147,0.000000,0.000000,0.000000,0.972061
-19.416882,-9.070609,-1.618585,-3.340266,-0.918098,-13.964396,0.000000,0.000000,0.000000,1.081818
119.399449,1408.369034,958.932435,1389.009925,14075.379929,9591.042849,0.000000,0.000000,0.000000,0.989544
-13.829452,2.171459,-1.333929,6.700793,-3.412298,-9.694566,0.000000,0.000000,0.000000,1.158531
-19.449472,-5.951385,-0.446447,0.005233,-1.074912,0.086723,0.000000,0.000000,0.000000,1.162612
-17.828776,-9.284087,-0.217179,0.041304,-1.070104,0.901063,0.000000,0.000000,0.000000,0.916922
-27.096150,-12.693486,-0.611230,-0.584741,-13.794555,-8.049530,0.000000,0.000000,0.000000,0.931872
-71.822701,-3.398701,-23.370607,-519.996952,-40.808559,-229.449507,0.000000,0.000000,0.000000,1.092022
-9.577956,-1.287489,0.535749,-0.029231,0.414749,0.407449,0.000000,0.000000,0.000000,1.076214
-10.407263,-4.325371,-0.362042,-3.664475,-11.846931,-9.570401,0.000000,0.000000,0.000000,0.867463
-12.183385,11.961425,0.311784,2.150361,1.000918,1.006869,0.000000,0.000000,0.000000,0.990617
-13.085948,-4.620891,0.464576,15.291748,-13.759070,7.783684,0.000000,0.000000,0.000000,0.852733
-2989790.490770,-164582.429265,4220732.712215,-29897697.588248,-1645828.815546,42207326.486542,0.000000,0.000000,0.000000,1.112751
-20.398690,3.440954,-0.499000,-0.525748,-1.736834,-2.184743,0.000000,0.000000,0.000000,0.971706
-6745.177181,-148372.524741,63516.899685,-67263.339027,-1483723.199617,635164.823304,0.000000,0.000000,0.000000,0.863572
-9.120442,-3.980748,-0.404456,0.853535,0.776635,0.165712,0.000000,0.000000,0.000000,0.901633
-8.789336,-5.357192,-0.920422,-1.806961,1.844998,-6.003455,0.000000,0.000000,0.000000,1.076310
-28.086381,10.950352,-0.020688,9.156856,-1.013763,4.355780,0.000000,0.000000,0.000000,1.079740
-30.807758,0.060323,-0.560384,0.092905,2.812642,-2.143889,0.000000,0.000000,0.000000,1.131573
-248.799434,-706.546942,-1896.525665,-2356.955330,-7221.448270,-19545.535509,0.000000,0.000000,0.000000,0.949219
6.482056,-15.504849,-10.956971,204.703595,-128.444548,-106.990511,0.000000,0.000000,0.000000,1.028994
-52.410197,10.269588,67.629469,-265.256322,131.345876,675.035811,0.000000,0.000000,0.000000,0.888145
-22.768609,-1.309286,3.083842,25.593198,38.264529,26.678243,0.000000,0.000000,0.000000,1.109194
-13.859121,0.219009,-15.617854,33.724586,-10.326414,-153.487963,0.000000,0.000000,0.000000,0.870110
-29.085459,4.273145,0.116144,-0.175329,-0.294647,0.489430,0.000000,0.000000,0.000000,1.027614
-22.920221,-4.758889,0.670163,7.672242,1.134776,3.944104,0.000000,0.000000,0.000000,0.878708
-11.501061,-11.691690,-0.104836,0.213176,-0.218970,0.003792,0.000000,0.000000,0.000000,0.932374
-20.193129,10.608019,-1.882869,5.220864,5.049266,-16.148348,0.000000,0.000000,0.000000,0.950720
-11.537863,4.144102,-2.784941,33.987041,35.278839,-33.910839,0.000000,0.000000,0.000000,0.987029
-28.648979,-12.266564,0.084965,-0.164948,-0.504031,0.679194,0.000000,0.000000,0.000000,0.961445
-16.901993,-7.420153,8.832005,21.238706,-77.512760,89.606438,0.000000,0.000000,0.000000,0.803227
5278.847375,-5677.803692,-1162.218020,52993.622731,-56780.957567,-11621.422265,0.000000,0.000000,0.000000,0.945113
-24.722861,-4.189144,-1.171739,-3.191226,6.733549,-10.255771,0.000000,0.000000,0.000000,0.965340
-18.949004,7.937246,0.865928,-4.966751,-1.214491,6.000724,0.000000,0.000000,0.000000,1.008691
271.011266,1794.308819,1757.707171,2924.559006,17943.585495,17577.989223,0.000000,0.000000,0.000000,1.081289
-16.622797,10.001538,-1.935174,-28.560226,147.451570,-11.779644,0.000000,0.000000,0.000000,1.057274
-16.421649,-1.413740,3.891162,1.519915,-3.069314,35.129413,0.000000,0.000000,0.000000,1.011438
-19.615307,-8.118995,0.126767,-0.037738,-0.586648,0.322397,0.000000,0.000000,0.000000,0.948328
-12.487463,8.023856,0.500765,-1.556010,62.787541,19.323325,0.000000,0.000000,0.000000,0.807111
-4.998159,12.830455,3.412834,11.629481,97.072599,35.071647,0.000000,0.000000,0.000000,0.979161
-19.655846,-9.004388,1.883500,-13.479415,-0.478511,17.495717,0.000000,0.000000,0.000000,0.944154
-31.062278,5.644695,-0.645941,2.735881,0.927137,-2.802534,0.000000,0.000000,0.000000,1.147512
-17.695685,-8.964910,4.076797,3.441727,-15.953555,41.835673,0.000000,0.000000,0.000000,0.814239
-12.560197,9.046664,-15.045499,59.087506,61.903412,-146.474730,0.000000,0.000000,0.000000,1.163616
-31.743372,-6.722251,-0.013730,0.211767,-0.325626,0.521957,0.000000,0.000000,0.000000,0.831347
-18.179429,10.384821,-0.202654,1.570378,-1.028081,-2.241125,0.000000,0.000000,0.000000,1.001711
-20.266914,-12.862648,-0.910771,0.534984,3.573755,-6.561744,0.000000,0.000000,0.000000,0.914952
-7.020894,-0.517326,-0.334564,-0.062718,0.308471,0.632904,0.000000,0.000000,0.000000,0.946323
912.828472,-690.812878,-156.051046,9434.586554,-6907.030372,-1569.956244,0.000000,0.000000,0.000000,0.867750
-30.560322,4.932517,-0.126647,1.624964,-0.464290,-0.660812,0.000000,0.000000,0.000000,1.115972
-31.125506,9.612287,-0.257560,-0.634970,-0.371437,-0.909531,0.000000,0.000000,0.000000,0.837142
24.272729,-24.662224,58.875408,400.478247,-241.847508,596.003197,0.000000,0.000000,0.000000,1.199553
-31.733089,-0.791013,0.861601,6.342010,9.894719,5.474748,0.000000,0.000000,0.000000,1.074319
-18.725451,-0.187186,-0.269670,-0.259453,-6.306641,0.315719,0.000000,0.000000,0.000000,1.126542
-59.343129,-10.940110,-66.315303,-486.126219,-54.130078,-658.524834,0.000000,0.000000,0.000000,1.012272
-26.912818,7.342203,-0.334231,-0.197263,-0.174328,0.233389,0.000000,0.000000,0.000000,1.144267
-34.010412,4.534144,0.350187,0.401761,1.364958,5.053560,0.000000,0.000000,0.000000,1.073443
-11.500001,-2.928705,-0.609567,5.946179,0.836611,-6.833772,0.000000,0.000000,0.000000,0.995503
-21.890267,-6.293065,-0.325400,1.387388,-0.100604,-0.197429,0.000000,0.000000,0.000000,1.112735
-31.270366,-3.342577,0.044843,1.515231,-2.153455,-0.707755,0.000000,0.000000,0.000000,0.843669
-20.165890,1.203922,-0.060967,-8.141696,13.497501,-0.499358,0.000000,0.000000,0.000000,1.195338
-1992.969769,-45422.153785,28213.999751,-19697.855668,-454180.892336,282143.362138,0.000000,0.000000,0.000000,0.886178
231.207937,1134.884245,1717.434811,2404.450743,11437.880157,17174.048707,0.000000,0.000000,0.000000,1.164964
-12.517505,10.593901,-0.281175,1.553601,-4.018246,-1.419354,0.000000,0.000000,0.000000,1.142623
-17.920819,-5.593788,0.544604,3.002828,-3.699178,2.532356,0.000000,0.000000,0.000000,0.942950
-22.463936,-5.653322,-1.257592,-7.773868,-27.170114,-14.729446,0.000000,0.000000,0.000000,0.804799
-16.530105,11.059778,-0.218357,-0.434795,0.280121,0.583712,0.000000,0.000000,0.000000,0.954997
-28.105699,0.431693,0.071817,-0.043090,-0.716272,0.589085,0.000000,0.000000,0.000000,1.103109
1703.728878,1152.894541,289.566668,17286.134149,11466.071359,2897.282583,0.000000,0.000000,0.000000,1.142902
-4.674372,-13.008569,-57.352749,210.922373,-100.850192,-571.790350,0.000000,0.000000,0.000000,1.041734
-35.482515,-0.689089,2.273705,-9.601965,-32.786704,18.501358,0.000000,0.000000,0.000000,0.938065
-22.637852,7.092455,-2.433974,41.407180,4.848664,-25.005437,0.000000,0.000000,0.000000,0.988095
-24.637600,-0.379421,-0.525373,-1.998877,-0.945848,-1.446183,0.000000,0.000000,0.000000,0.905486
-24.561285,3.323236,0.285288,-0.507142,-1.604375,-1.102832,0.000000,0.000000,0.000000,0.878215
-24.670273,1.175422,0.675440,0.926729,-5.148773,6.968677,0.000000,0.000000,0.000000,1.181118
-8.980966,0.033617,-0.245561,1.818632,1.746907,-2.225666,0.000000,0.000000,0.000000,0.959298
-19.273054,11.737352,-0.014601,-0.422277,0.596545,0.652573,0.000000,0.000000,0.000000,1.194278
-12.906504,-8.185518,-0.658871,1.277213,0.656380,-2.555013,0.000000,0.000000,0.000000,0.892655
-168.044083,-30.406073,73.814145,-1471.370192,-322.348102,746.768281,0.000000,0.000000,0.000000,0.983172
-28.596977,-3.539212,1.841945,-23.121262,-14.833643,41.379272,0.000000,0.000000,0.000000,1.050169
-56.011905,63.702425,-56.149642,-353.630319,629.651858,-559.534935,0.000000,0.000000,0.000000,0.871078
-21.063375,2.139497,-12.291783,-9.502542,-2.821837,-126.350370,0.000000,0.000000,0.000000,0.837749
1960736.202722,-1070027.452087,-4557771.240819,19607536.507375,-10700212.501426,-45577710.876738,0.000000,0.000000,0.000000,0.951689
-16.381195,-9.406207,-0.846815,-2.298488,3.149113,-4.265626,0.000000,0.000000,0.000000,0.950231
-19.201478,-3.120304,5.034003,-17.817713,-17.067689,51.553594,0.000000,0.000000,0.000000,0.871993
-29.001461,13.222617,1.608244,-36.774346,-6.281862,11.883883,0.000000,0.000000,0.000000,0.852751
-19.067224,1.589810,-11.208050,-6.347285,16.934783,-108.426561,0.000000,0.000000,0.000000,1.147153
-12.389151,-8.499338,0.083097,0.616140,2.337106,-1.458676,0.000000,0.000000,0.000000,0.993805
-33.787276,-5.561160,-0.361369,0.210551,-0.278023,0.609441,0.000000,0.000000,0.000000,1.106077
-24.380380,10.826795,-0.178101,-0.390552,-0.218537,0.604592,0.000000,0.000000,0.000000,0.946183
-19.414432,-3.942966,4.513498,-1.716075,-41.907685,42.048185,0.000000,0.000000,0.000000,1.179822
-1778342.727893,2876269.488874,-3455072.692888,-17783294.467852,28762709.141064,-34550723.584740,0.000000,0.000000,0.000000,1.194290
-18.243147,-12.587651,-0.150188,0.287587,-0.013935,0.466543,0.000000,0.000000,0.000000,1.180160
-18.635109,-5.833794,-0.192987,2.581296,-3.858044,-0.465021,0.000000,0.000000,0.000000,0.975946
-28.367035,3.532765,0.280714,-0.234881,-0.265658,0.482053,0.000000,0.000000,0.000000,0.824101
-22.070445,3.018687,0.122012,4.082185,2.932654,0.074577,0.000000,0.000000,0.000000,1.160362
6378.868495,238.338222,-4604.127448,64019.877019,2265.950982,-46040.375087,0.000000,0.000000,0.000000,1.024294
-23.763383,7.788319,5.363512,-20.740972,16.568605,54.253389,0.000000,0.000000,0.000000,0.874086
468.634890,694.469805,-50.883986,4888.410694,6937.900697,-509.557133,0.000000,0.000000,0.000000,1.076029
-18.525630,-2.169137,16.787450,28.244309,45.875607,168.040638,0.000000,0.000000,0.000000,0.973946
-14.285120,9.734651,-0.981460,1.123220,6.593695,-6.516766,0.000000,0.000000,0.000000,1.064150
-41.866147,-138.373811,63.296420,-175.448018,-1404.176555,635.973100,0.000000,0.000000,0.000000,0.923941
-29.663227,-2.185349,-0.200966,-3.410740,1.063916,-0.842712,0.000000,0.000000,0.000000,1.122373
-16.654856,12.028183,-0.165949,-0.395999,-0.018871,0.482970,0.000000,0.000000,0.000000,1.071131
-28.298455,-5.394022,10.002108,-38.663900,-55.480226,99.106287,0.000000,0.000000,0.000000,1.071878
-17.205602,-3.985210,-0.157976,1.646975,1.330604,-0.766312,0.000000,0.000000,0.000000,1.150206
-16.365867,-10.724378,0.510744,0.318392,0.161329,0.450368,0.000000,0.000000,0.000000,0.941464
-5.912331,-43.178108,-17.902276,210.802290,-368.933019,-175.996294,0.000000,0.000000,0.000000,0.941387
8.860965,117.058138,39.414004,358.960657,1213.408819,397.216430,0.000000,0.000000,0.000000,0.967605
9.284594,11.013139,-43.465998,289.044835,100.082078,-430.130834,0.000000,0.000000,0.000000,1.026309
-23.856258,2.583535,1.381161,26.841234,-51.577789,12.307007,0.000000,0.000000,0.000000,0.882430
-25.124967,10.162018,0.152225,-0.166269,-0.150259,0.513087,0.000000,0.000000,0.000000,0.993582
-10.071196,-2.872196,0.115379,3.950309,7.161498,-1.395059,0.000000,0.000000,0.000000,1.078578
-24.275386,-10.112547,2.236141,39.153430,-14.353731,18.416101,0.000000,0.000000,0.000000,1.011073
646592817.519619,1512081108.148816,1401076723.658161,6465928302.903232,15120811045.240349,14010767233.650768,0.000000,0.000000,0.000000,0.860433
-19.124541,10.895546,-0.198399,-0.087178,-0.951269,0.371600,0.000000,0.000000,0.000000,0.817714
289.369367,10622.564457,2903.920259,2954.517282,106207.569793,29041.286753,0.000000,0.000000,0.000000,0.821193
-8.140638,5.361181,0.135827,3.500481,-2.181131,2.526155,0.000000,0.000000,0.000000,1.096169
-6.145658,-5.672299,0.161197,0.068332,0.255833,0.516358,0.000000,0.000000,0.000000,0.984807
-26.223368,-12.060874,-0.535416,-1.929782,-0.924764,-1.247255,0.000000,0.000000,0.000000,1.022588
-5.424777,0.484072,0.527141,-0.018894,0.336902,0.458653,0.000000,0.000000,0.000000,1.196130
1053.671879,706.612633,728.893290,10738.944754,7073.811127,7285.554886,0.000000,0.000000,0.000000,0.879180
-64.033169,-131.684858,-519.320231,-408.176031,-1445.347849,-5193.435062,0.000000,0.000000,0.000000,1.108554
-25.611109,11.528309,0.213968,-0.051920,0.664467,0.668941,0.000000,0.000000,0.000000,1.056726
-25.475355,5.268206,2.924839,14.865460,-13.200968,30.885350,0.000000,0.000000,0.000000,0.886343
-20.752221,11.716220,-4.058480,-47.032100,32.431794,-46.076853,0.000000,0.000000,0.000000,1.186292
-17.941991,-6.880962,-1.772475,-21.329276,-3.706804,-15.596698,0.000000,0.000000,0.000000,1.016252
-14.580134,4.188347,-4.587924,41.257956,21.462272,-44.657060,0.000000,0.000000,0.000000,1.054678
-2498.495822,2572.149035,1569.462857,-24785.086351,25752.537867,15691.245377,0.000000,0.000000,0.000000,1.098557
-25698.957991,3778.432477,13714.784966,-256799.572968,37784.783320,137143.380148,0.000000,0.000000,0.000000,1.112295
-21.596228,-3.267850,-2.504846,6.830847,-13.497443,-25.835467,0.000000,0.000000,0.000000,1.155625
-21.231955,6.960821,-1.074441,50.546131,48.542802,-34.537884,0.000000,0.000000,0.000000,0.995605
-8.690833,7.695584,-0.263705,-0.191740,0.267014,0.523082,0.000000,0.000000,0.000000,0.925170
-14.522066,6.991079,-0.641164,-1.585192,7.785669,-5.407351,0.000000,0.000000,0.000000,0.822204
-22.785408,-8.900244,-0.347847,0.605546,-4.342766,-0.605004,0.000000,0.000000,0.000000,1.073643
-14.976620,6.419673,-0.511490,-11.065394,6.884798,-2.727707,0.000000,0.000000,0.000000,0.872427
-21.232578,-4.449362,-2.937704,-15.678780,-44.945520,-28.576835,0.000000,0.000000,0.000000,1.061290
-13.621295,-11.525774,0.080161,-0.005189,1.520861,0.127820,0.000000,0.000000,0.000000,1.176053
-21.110430,-3.760382,-0.338142,-0.465800,4.871282,0.102795,0.000000,0.000000,0.000000,1.129608
3475.434212,2977.628757,2336.430136,36087.194641,30668.730050,24086.010039,0.000000,0.000000,0.000000,1.112493
-24.134261,-8.804426,0.705482,-3.641004,-4.305792,2.302147,0.000000,0.000000,0.000000,1.071082
-26.261803,-10.141069,0.529422,-0.885403,-1.276815,0.719507,0.000000,0.000000,0.000000,1.075690
-11.020924,-2.447685,0.747918,1.679745,-1.306412,3.812971,0.000000,0.000000,0.000000,1.097371
-11.995299,2.942143,0.102534,-0.453689,1.149761,0.552126,0.000000,0.000000,0.000000,1.191502
-69365.121964,-12160.410098,-14083.779365,-693449.738244,-121590.656378,-140838.262545,0.000000,0.000000,0.000000,0.803348
-33.726786,5.403115,-1.566293,6.238874,23.038637,-20.325954,0.000000,0.000000,0.000000,1.108765
-25.549862,-9.498765,0.384662,1.594742,0.914533,0.104548,0.000000,0.000000,0.000000,0.960094
-14.049284,3.705142,0.891246,-6.470076,-5.763417,5.472780,0.000000,0.000000,0.000000,1.083925
-121.839248,-181.940852,70.191794,-1083.436032,-1887.995659,713.328604,0.000000,0.000000,0.000000,1.098847
-16.727989,2.842834,-0.431729,-0.148304,0.267262,0.539172,0.000000,0.000000,0.000000,1.059239
-19.970258,-1.635218,2.149516,-31.835599,-46.997846,26.413666,0.000000,0.000000,0.000000,0.969303
7.249327,-244.694295,-390.963663,290.510182,-2334.228054,-3909.830687,0.000000,0.000000,0.000000,1.140464
-11.002995,-10.875437,-0.199730,0.129646,0.172350,0.270912,0.000000,0.000000,0.000000,1.136952
-28.549205,-7.829017,-0.333714,-4.644111,6.239232,-1.516029,0.000000,0.000000,0.000000,1.129021
-32.145393,5.893094,-0.348151,-2.965361,0.847100,0.605104,0.000000,0.000000,0.000000,1.174275
-15.005890,0.751499,2.682100,-27.763367,12.814769,28.943102,0.000000,0.000000,0.000000,0.892747
80.464577,-45.324412,562.102604,1019.047809,-595.520640,5619.102493,0.000000,0.000000,0.000000,0.991313
1.809766,14.208038,16.730824,222.375696,229.290601,165.343351,0.000000,0.000000,0.000000,1.040638
-12.887278,1.165401,-0.260925,-0.229262,-0.016216,0.489718,0.000000,0.000000,0.000000,1.107347
-289.765739,210.818427,203.140548,-2677.797512,2219.337789,2029.831627,0.000000,0.000000,0.000000,1.160856
-18.146396,-13.618713,-0.444128,0.254747,0.037632,0.544689,0.000000,0.000000,0.000000,1.006083
-13.317397,-6.049988,0.290178,0.116219,0.309605,0.404158,0.000000,0.000000,0.000000,0.950264
-10.794214,1.547326,1.991342,32.725248,-4.352562,26.534889,0.000000,0.000000,0.000000,1.002828
-24.736438,11.426751,0.389709,-0.297345,-0.117353,0.456503,0.000000,0.000000,0.000000,1.126099
-11.948700,-10.752850,-0.284123,-0.745460,0.837705,-1.103232,0.000000,0.000000,0.000000,1.083911
20846.417643,-16133.195682,412.378218,208730.931997,-161403.540310,4120.016688,0.000000,0.000000,0.000000,0.960880
-312.890867,59.659276,78.008353,-2911.389399,576.232656,776.850350,0.000000,0.000000,0.000000,0.808571
-33.517236,-1.606916,1.265299,-2.041596,-7.013652,13.945199,0.000000,0.000000,0.000000,1.187454
-10.279362,4.003557,0.921578,-4.033320,4.061455,6.920306,0.000000,0.000000,0.000000,0.916252
-8.169292,8.346015,-6.457957,44.679245,27.394042,-65.082864,0.000000,0.000000,0.000000,0.840400
1461.880743,-1339.747709,430.792736,14825.946780,-13391.742870,4310.968295,0.000000,0.000000,0.000000,0.907398
-10.549007,-0.925180,-0.117343,0.197325,0.276016,0.658895,0.000000,0.000000,0.000000,0.809587
-29.772057,-11.366563,-0.433127,0.273080,-0.141163,0.554346,0.000000,0.000000,0.000000,0.847782
47.939345,-5.167505,-58.180179,646.639142,-83.869728,-594.429107,0.000000,0.000000,0.000000,1.180275
-2003.532931,-1306.180438,-331.678370,-19784.482753,-13123.351019,-3314.832442,0.000000,0.000000,0.000000,0.998614
-29.196287,-1.833487,-0.818507,-51.637317,-0.423061,-5.965554,0.000000,0.000000,0.000000,0.928766
30653.553514,-5200.825020,11314.728353,306730.843061,-51994.401236,113147.924683,0.000000,0.000000,0.000000,0.866197
-23036.850095,17799.887593,-453.675525,-230100.170562,177926.074696,-4540.489661,0.000000,0.000000,0.000000,0.871651
-26.879438,11.307624,-0.196041,0.011375,-1.183964,0.419511,0.000000,0.000000,0.000000,1.123621
-7605.498136,6499.728991,-2771.221319,-77400.256335,66311.728027,-28268.998683,0.000000,0.000000,0.000000,0.863915
-24.698468,3.734168,6.510707,-22.971558,10.805655,74.435977,0.000000,0.000000,0.000000,0.955058
-25.469470,1.321176,4.321273,-8.483721,-10.887543,40.389491,0.000000,0.000000,0.000000,0.834440
-7.203266,-4.442449,0.440687,0.024586,0.277754,0.495157,0.000000,0.000000,0.000000,1.015190
-13.402038,-8.583746,0.428359,-2.328483,-2.822173,2.612721,0.000000,0.000000,0.000000,1.190213
-20.373380,9.568851,0.643854,0.941029,-0.659866,1.689531,0.000000,0.000000,0.000000,1.010340
-25.907802,-3.484765,0.230892,1.594694,0.768500,0.429001,0.000000,0.000000,0.000000,0.812301
-24.666349,-4.839632,-7.138934,-66.435795,-43.246050,-77.171615,0.000000,0.000000,0.000000,1.025505
-26.796383,-0.296103,0.446511,0.140567,1.662203,2.834290,0.000000,0.000000,0.000000,0.837771
-382.053129,-641.770650,347.088617,-3617.235620,-6422.420205,3469.119193,0.000000,0.000000,0.000000,1.046956
4120.379671,-493.433598,907.727886,41375.726840,-4981.218819,9079.143851,0.000000,0.000000,0.000000,1.066873
-9.606164,-4.329596,-0.078277,14.745142,-4.516067,2.903917,0.000000,0.000000,0.000000,0.984859
-17.254018,0.028400,-3.487549,-31.177369,-41.094865,-32.714876,0.000000,0.000000,0.000000,0.822774
-621.176835,-1132.504815,368.802497,-6008.000736,-11310.228923,3687.153560,0.000000,0.000000,0.000000,1.142448
-8.095728,-8.430103,-1.088086,9.178808,-7.515532,-10.730965,0.000000,0.000000,0.000000,1.156151
-26.497915,3.313589,-0.366060,-0.178409,-0.381011,0.506643,0.000000,0.000000,0.000000,1.138209
-11.933937,5.493700,0.329888,-0.507709,0.181482,0.867508,0.000000,0.000000,0.000000,0.920994
-28.994133,-1.590062,0.037893,0.144762,0.091924,0.636418,0.000000,0.000000,0.000000,1.097459
-19.895037,2.346047,0.381961,-2.259492,0.719165,-0.812983,0.000000,0.000000,0.000000,0.962119
-19.486005,17.285224,4.121631,12.755213,67.593596,37.081477,0.000000,0.000000,0.000000,0.825075
70.625560,-103.369193,37.721622,861.317872,-1053.917266,369.059139,0.000000,0.000000,0.000000,1.081014
-14.152974,3.462890,1.498155,1.730597,12.669184,12.907559,0.000000,0.000000,0.000000,1.043635
-32.796612,-3.982915,-0.529165,-7.432491,-8.262676,-7.283878,0.000000,0.000000,0.000000,0.836206
-22.957085,6.199067,2.972676,-98.958298,12.181873,30.868480,0.000000,0.000000,0.000000,0.887222
-30.538775,3.011167,0.087092,0.675425,0.232709,1.107556,0.000000,0.000000,0.000000,0.829103
89452.350170,548703.122170,973607.535069,894736.292101,5487019.438198,9736071.201573,0.000000,0.000000,0.000000,0.815176
14177384.887053,9701012.419443,-4492531.235549,141774079.248271,97010125.478945,-44925315.750658,0.000000,0.000000,0.000000,0.844437
199.654953,225.361692,-118.675006,2172.483850,2251.190411,-1190.624162,0.000000,0.000000,0.000000,0.928135
-22.865389,-7.403168,-0.409254,0.197555,5.537419,-3.080630,0.000000,0.000000,0.000000,1.174177
-26.600945,10.627006,2.063319,13.964404,-14.436116,22.042346,0.000000,0.000000,0.000000,1.045710
-22.589759,13.857360,-0.174119,-0.525257,-1.124547,-0.065839,0.000000,0.000000,0.000000,1.160726
956550.209373,-1209246.836242,-252158.938894,9565708.051539,-12092489.914026,-2521584.798463,0.000000,0.000000,0.000000,1.058136
-20.275067,6.640942,0.488837,1.643340,4.262491,0.870345,0.000000,0.000000,0.000000,0.846378
-19.513036,-5.261600,-0.280187,0.434055,-2.793124,2.239345,0.000000,0.000000,0.000000,1.182231
-22.880820,7.391841,0.386596,-1.835145,3.973218,3.720971,0.000000,0.000000,0.000000,1.180357
-26.979804,-5.695613,-0.367293,0.038784,-0.202107,0.280130,0.000000,0.000000,0.000000,1.063029
-21.951206,-5.025205,0.261544,-0.028328,-0.733510,1.402075,0.000000,0.000000,0.000000,0.848960
-11.858502,7.895522,-0.831901,6.537734,-11.277300,-4.967821,0.000000,0.000000,0.000000,0.864947
-23.374312,3.926682,0.590765,1.167082,2.427209,2.159706,0.000000,0.000000,0.000000,0.999556
-24.411146,7.276555,3.278073,-4.818618,14.579554,31.919782,0.000000,0.000000,0.000000,1.096175
-24.060479,-10.322074,-0.141286,0.192185,-0.154255,0.542643,0.000000,0.000000,0.000000,0.918964
-35.286157,-3.966189,3.969454,-43.998995,18.589979,41.453598,0.000000,0.000000,0.000000,0.885209
-19.227546,-25.619257,-29.503381,11.767959,-229.242651,-300.255493,0.000000,0.000000,0.000000,0.897048
-15.319361,-13.017334,-0.378845,-0.332407,-8.750077,0.277257,0.000000,0.000000,0.000000,1.000404
16.282351,470.197262,150.606066,307.689593,4796.233817,1519.229267,0.000000,0.000000,0.000000,0.982238
-16.993373,-5.031297,0.290737,-0.049029,-0.691266,0.540591,0.000000,0.000000,0.000000,0.949265
-21.982326,4.756681,0.617859,-5.323294,-1.188103,4.156574,0.000000,0.000000,0.000000,0.999438
-10.263065,-10.623378,0.133123,0.354525,0.340453,0.604554,0.000000,0.000000,0.000000,1.144124
-25.369456,-8.436977,-0.319759,0.361505,-0.166661,0.597251,0.000000,0.000000,0.000000,0.899783
-27.198003,4.836757,0.229498,0.055323,-7.354361,0.478070,0.000000,0.000000,0.000000,1.130132
-30.893367,7.426837,-0.190493,-0.134271,-0.363523,0.716495,0.000000,0.000000,0.000000,0.946264
-34.099083,5.262524,0.439866,-0.418734,3.588899,1.801991,0.000000,0.000000,0.000000,0.876357
-14.072466,9.978862,-0.325397,-5.059280,2.943725,2.439451,0.000000,0.000000,0.000000,0.992490
-79.752029,79.239519,-50.334557,-603.052909,755.680591,-515.171938,0.000000,0.000000,0.000000,0.919839
-4.442340,2.191521,-32.105383,158.402929,27.045753,-318.018568,0.000000,0.000000,0.000000,0.889647
-32.872281,-18.427354,13.645413,-156.368941,-184.297539,118.016589,0.000000,0.000000,0.000000,1.196938
-24.238015,-5.870121,0.771246,3.047689,-8.529314,5.280971,0.000000,0.000000,0.000000,1.077054
-19.654905,5.360297,0.548828,1.180936,-6.067510,2.920550,0.000000,0.000000,0.000000,1.087227
-14.067799,-12.762234,31.323586,82.364821,-112.035132,336.988826,0.000000,0.000000,0.000000,0.873973
-24.694101,4.373189,-0.463991,-3.358356,10.885440,-1.485321,0.000000,0.000000,0.000000,0.974196
-30.031162,-11.737395,4.250589,-152.245577,-93.859353,40.227615,0.000000,0.000000,0.000000,0.866828
-21.423202,1.995865,-0.525071,5.896889,-4.244808,-1.525790,0.000000,0.000000,0.000000,1.042817
-19.255536,-4.627667,0.662213,21.344499,-11.005035,20.051324,0.000000,0.000000,0.000000,1.160956
-13.624800,-1.868322,-0.375702,-11.836005,6.550539,-5.402616,0.000000,0.000000,0.000000,0.891919
-16.332196,-4.635929,-1.254988,7.681326,-15.390293,-8.168991,0.000000,0.000000,0.000000,0.891456
-14.197630,-6.528976,0.180555,1.687602,-0.414417,-0.804860,0.000000,0.000000,0.000000,1.187455
-11.471681,-11.079268,0.557233,0.994248,-0.041137,2.507756,0.000000,0.000000,0.000000,1.192895
112906.881555,46860.215420,41097.036702,1129348.105679,468571.116251,410974.488659,0.000000,0.000000,0.000000,0.976825
-5.240242,0.661708,-11.018558,118.361418,-2.430229,-110.710801,0.000000,0.000000,0.000000,1.062141
-27.555869,8.757518,0.131220,-0.722698,7.214891,-0.564411,0.000000,0.000000,0.000000,1.177009
-66.468007,4.204713,66.452928,-367.839407,-49.419732,666.175139,0.000000,0.000000,0.000000,1.186791
-7.836330,-2.378024,-0.422349,-0.440422,-0.786760,0.532668,0.000000,0.000000,0.000000,1.124175
-181.047255,317.201689,-36.660636,-1599.034286,3161.132899,-364.240786,0.000000,0.000000,0.000000,1.172772
-7.446940,-1.521740,-0.411496,0.680310,1.876134,0.600414,0.000000,0.000000,0.000000,0.850789
-28.802503,-10.304451,-1.535990,-32.394647,-48.415573,-18.847994,0.000000,0.000000,0.000000,0.985556
-132.459986,79.060961,-611.508954,-1109.712493,648.049571,-6114.337994,0.000000,0.000000,0.000000,0.910865
-17.025306,-2.357258,-1.253688,15.886461,-10.967968,-10.545911,0.000000,0.000000,0.000000,0.940245
-12.881380,-5.451588,-0.360791,0.181681,0.262242,0.578709,0.000000,0.000000,0.000000,1.104931
-91.616423,677.586246,-359.796200,-743.768201,6887.510212,-3673.433757,0.000000,0.000000,0.000000,1.182283
-21.258383,3.434847,0.826131,2.770607,-5.647037,9.140669,0.000000,0.000000,0.000000,1.180009
-22.402903,4.545308,-2.290782,-20.582399,41.482545,-19.390743,0.000000,0.000000,0.000000,1.101541
-694.357770,-4929.395748,-1581.331289,-6738.908842,-49307.785045,-15814.451313,0.000000,0.000000,0.000000,1.066494
-17.353766,-4.962142,-2.108520,10.683840,-24.142668,-24.264144,0.000000,0.000000,0.000000,0.893703
75.061135,-887.226918,500.210448,956.794463,-9077.635418,5100.860760,0.000000,0.000000,0.000000,0.889287
-27.827018,11.336782,-0.613964,7.878210,5.365580,-11.932356,0.000000,0.000000,0.000000,0.801348
-41.008811,14.182195,-7.204270,-187.687286,128.114632,-72.041524,0.000000,0.000000,0.000000,0.897921
-27.620787,2.814808,14.730595,-103.032997,18.680022,142.978775,0.000000,0.000000,0.000000,1.125234
1534812.316133,494089.573766,1789983.342342,15348346.592134,4940935.669083,17899830.670170,0.000000,0.000000,0.000000,0.952242
-23.591166,-12.468770,-0.464193,0.963824,0.016041,-0.387748,0.000000,0.000000,0.000000,1.137772
-22.358216,-3.865453,-8.412040,-21.982147,-26.992622,-80.937692,0.000000,0.000000,0.000000,1.181822
-18.378003,5.567872,-8.260955,58.379455,52.721565,-80.828088,0.000000,0.000000,0.000000,1.053305
-14.507231,-1.686446,0.112872,8.885532,-7.638321,11.315433,0.000000,0.000000,0.000000,0.944790
-16.472758,-1.455397,10.358221,33.535709,-1.546975,99.185242,0.000000,0.000000,0.000000,1.095001
-20.963989,5.983567,0.790232,-2.954226,-5.804097,5.764462,0.000000,0.000000,0.000000,1.041333
71.315360,10.219819,-34.212247,962.785995,95.931133,-355.166146,0.000000,0.000000,0.000000,1.159337
-24.725255,6.733519,0.872992,-70.689494,24.701828,35.235590,0.000000,0.000000,0.000000,1.143483
-18.791863,-14.516742,-0.470330,8.781311,-7.510729,-6.451037,0.000000,0.000000,0.000000,0.954676
-45.654072,-1.422474,-2.393277,-155.215952,-7.184005,-26.836118,0.000000,0.000000,0.000000,1.160653
-17.511458,11.451401,-0.381317,-0.483398,1.816526,-0.836752,0.000000,0.000000,0.000000,0.830318
-27.790138,0.513658,-0.674042,-6.408997,13.091072,3.977616,0.000000,0.000000,0.000000,1.005126
-40.561541,-29.545182,-14.659767,-199.207694,-206.048791,-147.007344,0.000000,0.000000,0.000000,1.158877
-23.347553,0.990455,-7.799590,-11.642315,-93.036712,-77.331081,0.000000,0.000000,0.000000,1.020097
-23.367925,14.350851,-1.653218,13.405603,4.249120,-20.889612,0.000000,0.000000,0.000000,1.037147
-14.005168,6.104409,2.000645,-0.429645,-6.984076,18.138288,0.000000,0.000000,0.000000,0.976821
-29.592991,-7.102756,2.553197,-14.372778,46.840205,26.601861,0.000000,0.000000,0.000000,0.913593
-14.234022,-5.607554,0.071559,0.372259,0.169125,0.546982,0.000000,0.000000,0.000000,0.942740
-25.587172,-8.155235,0.522302,0.347391,-0.175411,0.409613,0.000000,0.000000,0.000000,0.958484
-28.877844,-11.456995,-0.225004,-0.307255,-0.111574,0.181410,0.000000,0.000000,0.000000,1.170001
-20.165009,4.625275,-0.311569,3.600393,9.990068,-7.610657,0.000000,0.000000,0.000000,0.945104
-267.449994,-258.497339,138.275513,-2496.699622,-2585.467004,1377.857436,0.000000,0.000000,0.000000,0.806143
1057.540890,-1831.880285,189.253305,10753.451644,-18233.239656,1890.844358,0.000000,0.000000,0.000000,0.887157
31460.050426,34974.444437,-28903.281346,314799.917381,349759.286265,-289030.439684,0.000000,0.000000,0.000000,1.031721
-9.366138,42.590075,22.288749,85.371855,441.204150,229.011843,0.000000,0.000000,0.000000,1.185306
1803.389027,-1849.846249,-538.409075,18233.518778,-18469.229215,-5381.280973,0.000000,0.000000,0.000000,0.804055
-14.307448,2.903378,9.911307,22.686078,58.055004,98.341486,0.000000,0.000000,0.000000,0.857400
-31.217430,9.509510,0.519426,-13.485198,-7.313463,4.135433,0.000000,0.000000,0.000000,1.172317
140012.906949,93824.321204,-10733.169001,1400235.510028,938136.309303,-107336.575831,0.000000,0.000000,0.000000,0.839125
-30.229269,7.923144,0.501822,-0.257389,-0.405868,0.421689,0.000000,0.000000,0.000000,1.044693
-143.609698,-3.458365,620.432267,-1228.738672,-20.322897,6203.421300,0.000000,0.000000,0.000000,1.198128
-11.199612,-1.578809,-0.056760,-0.035452,2.610899,-1.360457,0.000000,0.000000,0.000000,1.184516
-20.874494,3.785613,0.157072,-4.468458,-4.927250,2.002870,0.000000,0.000000,0.000000,0.856857
-34.328764,-3.844725,-0.245744,0.103142,-0.314915,0.507788,0.000000,0.000000,0.000000,0.962641
-16.502545,-1.930733,-0.348809,14.615280,6.477111,-0.173254,0.000000,0.000000,0.000000,1.080431
30.247042,202.403870,681.312996,534.420766,1894.811875,6810.282571,0.000000,0.000000,0.000000,0.845513
-15.290974,2.739645,-8.712526,141.589187,32.047326,-84.852462,0.000000,0.000000,0.000000,0.911640
19559606.282442,-215751627.341219,-62583036.924694,195596270.760270,-2157516241.038610,-625830372.388307,0.000000,0.000000,0.000000,0.981403
-21.851818,-14.008622,0.475043,-1.316416,-1.456670,-1.158296,0.000000,0.000000,0.000000,1.135734
-51.865037,-27.116127,32.995117,-250.369984,-323.236092,332.277999,0.000000,0.000000,0.000000,1.089831
-21.012804,-7.449522,-0.080394,-1.050650,0.351209,1.019710,0.000000,0.000000,0.000000,0.947485
-33.598970,2.246229,0.187804,-0.075933,-0.284084,0.507937,0.000000,0.000000,0.000000,1.053785
175.831942,-38.464184,-56.466850,1972.664896,-404.663419,-567.905635,0.000000,0.000000,0.000000,1.181194
-11.498809,7.549429,-0.144549,4.732196,23.388861,21.044264,0.000000,0.000000,0.000000,0.832507
-7.182149,-5.480154,-3.149513,-9.723563,-82.460679,-29.307374,0.000000,0.000000,0.000000,1.144125
-8.808751,4.726856,-0.248968,-1.852250,-3.187780,-0.510219,0.000000,0.000000,0.000000,0.819656
-12.506821,5.314218,-4.035805,-6.153694,43.437119,-41.682070,0.000000,0.000000,0.000000,0.978073
-30.450102,-10.701203,-0.238849,0.301424,-0.296854,0.492244,0.000000,0.000000,0.000000,0.927466
-11.706967,-7.766097,0.159300,-4.291168,-3.955249,-0.811609,0.000000,0.000000,0.000000,1.029083
-22.421714,-8.555089,0.846674,10.317216,-7.736147,5.401807,0.000000,0.000000,0.000000,1.152193
-19.415372,-1.713561,-2.593284,-21.729406,-11.800020,-30.895844,0.000000,0.000000,0.000000,1.048803
-9.247785,6.259662,-0.764044,-5.105351,2.318956,-4.521793,0.000000,0.000000,0.000000,1.076297
-2.915688,157.070592,-45.042469,205.666696,1475.081115,-451.211745,0.000000,0.000000,0.000000,1.151527
-31.518044,7.154603,0.484500,-0.020488,-0.329477,0.382861,0.000000,0.000000,0.000000,0.847945
-38.892765,-9.595126,11.410933,-156.088929,-6.531790,123.176625,0.000000,0.000000,0.000000,1.111519
-5.385146,-3.057722,0.099922,0.024321,0.340887,0.490829,0.000000,0.000000,0.000000,1.031342
-14.036170,12.094247,-0.209976,5.626115,10.597335,2.572765,0.000000,0.000000,0.000000,0.875287
2493.781663,1597.727110,3201.632822,25173.934987,15989.636538,32019.427691,0.000000,0.000000,0.000000,1.119452
-14.142655,1.207587,-4.396468,16.350370,8.887055,-48.899855,0.000000,0.000000,0.000000,0.832110
-21.194587,6.124129,-5.137674,-6.004857,168.485305,-46.184395,0.000000,0.000000,0.000000,0.968123
-573.442679,-648.613321,533.277513,-5451.709418,-6467.657299,5328.419735,0.000000,0.000000,0.000000,1.047359
-35408.080619,-39245.551304,31985.593346,-353880.326847,-392439.490996,319857.342551,0.000000,0.000000,0.000000,0.925759
-33.444551,-4.899809,0.391475,-0.026592,-0.386132,0.432980,0.000000,0.000000,0.000000,0.987086
-12.634578,0.680736,0.321254,1.685758,6.781120,3.555500,0.000000,0.000000,0.000000,1.061423
-10.106934,3.767107,-0.957908,1.659930,13.220591,-7.097944,0.000000,0.000000,0.000000,1.150372
60.814945,-2129.937656,1688.775605,816.016936,-21265.164677,16883.111244,0.000000,0.000000,0.000000,1.190815
-29.158082,11.470643,0.184631,-1.267423,2.039097,0.983303,0.000000,0.000000,0.000000,0.867286
110.322802,-1194.489360,433.898518,1314.587185,-11968.636542,4339.316613,0.000000,0.000000,0.000000,0.840931
-31.834671,-4.424517,-0.002581,7.260302,-9.110460,2.690974,0.000000,0.000000,0.000000,0.844658
-33.146409,-6.107860,0.158330,0.089970,-0.181738,0.454986,0.000000,0.000000,0.000000,1.021148
-25.064909,-3.752647,-0.580115,22.281873,-7.269142,-10.414642,0.000000,0.000000,0.000000,0.911438
-31.874891,1.860743,-1.853889,-40.712117,7.071988,-17.194667,0.000000,0.000000,0.000000,1.164890
-23.891110,-9.940686,1.588521,5.056049,-7.631428,12.179077,0.000000,0.000000,0.000000,1.065780
-22.945927,-3.372494,-0.028924,19.420567,13.151987,-14.181758,0.000000,0.000000,0.000000,0.818145
-111.752738,-94.752137,-112.099143,-896.614184,-998.563900,-1153.443418,0.000000,0.000000,0.000000,1.022969
30.163409,23.196890,278.354115,744.383695,206.176558,3520.228083,0.000000,0.000000,0.000000,1.021750
-22.414765,-3.430922,0.300423,-29.258570,-10.733734,-1.333146,0.000000,0.000000,0.000000,1.128971
-34.694857,0.586811,0.272937,-1.307145,-2.751650,0.444058,0.000000,0.000000,0.000000,0.828819
9.729995,-24.857900,155.239350,572.362768,-405.640590,2454.521803,0.000000,0.000000,0.000000,1.187988
497.730102,706.418521,1083.363485,5310.347433,7206.199281,10943.889747,0.000000,0.000000,0.000000,0.992612
-7309.409787,-246.157105,5239.918841,-72861.128129,-2578.939365,52398.809383,0.000000,0.000000,0.000000,0.900015
2326.268922,-2491.110399,-1811.565857,23349.918171,-24920.913721,-18119.394422,0.000000,0.000000,0.000000,1.066297
-8.723625,-3.558045,0.253706,0.011186,0.031013,0.828590,0.000000,0.000000,0.000000,0.986453
-28.668864,-5.827451,-1.844944,15.957312,21.846146,-19.324831,0.000000,0.000000,0.000000,0.865427
2979.135945,4791.484212,-5182.382286,29995.350156,47898.781719,-51824.608136,0.000000,0.000000,0.000000,0.898110
-32.921447,3.167452,0.287005,-0.180507,-0.298315,0.454299,0.000000,0.000000,0.000000,0.964653
-18.410855,-10.187803,1.549485,-0.858697,-1.506391,15.146873,0.000000,0.000000,0.000000,0.961394
-93574.279310,-38809.715725,-34042.218203,-935461.978480,-388127.562682,-340417.505618,0.000000,0.000000,0.000000,1.179285
-24.812326,-5.635053,-0.689878,-17.217860,-25.300636,-0.531108,0.000000,0.000000,0.000000,1.141455
-22.911435,4.848310,0.130094,-0.821936,-0.922850,1.210731,0.000000,0.000000,0.000000,1.005335
-24.539753,0.161262,1.297244,-5.179954,11.033300,14.293772,0.000000,0.000000,0.000000,0.928633
-20.851523,-0.007199,-4.575660,-38.154033,19.939782,-42.277333,0.000000,0.000000,0.000000,1.097397
191.519267,170.861943,-116.389746,2307.588990,1861.209657,-1268.596534,0.000000,0.000000,0.000000,1.029214
151.002989,186.491250,-66.500094,1685.304503,1924.408287,-670.315459,0.000000,0.000000,0.000000,0.894533
-26.965593,1.185935,-2.207918,-21.571756,8.935355,-21.463149,0.000000,0.000000,0.000000,1.089561
-25.386370,-11.747765,0.160802,2.182268,0.635732,2.106578,0.000000,0.000000,0.000000,1.175445
-18.964011,-10.001327,0.876387,0.083787,-10.073831,6.158138,0.000000,0.000000,0.000000,1.064853
-2916702.678967,1073379.445034,-1470592.867530,-29166738.081442,10733704.470703,-14705927.157039,0.000000,0.000000,0.000000,1.025197
-34.922140,1.429871,0.667385,-13.661936,2.910520,12.157844,0.000000,0.000000,0.000000,1.156436
-25.630733,-8.942362,5.791233,-51.480507,15.193647,59.621155,0.000000,0.000000,0.000000,1.031836
-18.794896,-1.518509,0.312179,-6.673604,1.219147,-1.601978,0.000000,0.000000,0.000000,0.896157
32.583410,-35.637611,68.906057,497.599163,-361.047194,688.061828,0.000000,0.000000,0.000000,1.181418
-28.113774,-2.226185,0.615354,-6.290971,3.366393,2.095028,0.000000,0.000000,0.000000,1.110292
-30.592756,6.796029,0.575199,0.851464,0.938743,2.045756,0.000000,0.000000,0.000000,0.887501
-12.406550,1.477366,10.387003,58.774572,16.156637,102.776551,0.000000,0.000000,0.000000,1.039350
-15.076545,-6.633660,-0.620857,1.219134,-0.047223,-1.619919,0.000000,0.000000,0.000000,1.039584
1914375.525361,16282868.966111,-8112832.106809,19143918.502128,162828725.761647,-81128322.532709,0.000000,0.000000,0.000000,1.198868
-21.283081,3.452916,-1.642071,2.880193,-3.607189,-13.248335,0.000000,0.000000,0.000000,0.871438
-8.451256,-9.293694,-0.274231,0.192955,0.273432,0.490100,0.000000,0.000000,0.000000,1.057511
-18.151377,-1.222502,1.520201,-7.839051,11.872020,15.249329,0.000000,0.000000,0.000000,0.847838
-577087.068427,-300924.287427,3445050.369448,-5770653.334974,-3009256.408228,34450505.475393,0.000000,0.000000,0.000000,1.066998
-21.490136,10.719042,-0.095291,-0.804548,-0.771542,0.246678,0.000000,0.000000,0.000000,0.847053
-22.936512,6.439185,-0.635389,-14.727540,9.124304,-7.778786,0.000000,0.000000,0.000000,0.905289
-19.458120,9.017628,0.251440,-0.412410,-0.186345,0.804605,0.000000,0.000000,0.000000,0.864598
-23.923419,4.443022,2.881630,-44.095719,38.934821,24.672347,0.000000,0.000000,0.000000,1.022130
-310.319089,-1441.303143,-2150.697553,-3010.539144,-14322.659902,-21505.272220,0.000000,0.000000,0.000000,0.930288
-430.303082,-364.891826,144.338096,-4088.119848,-3590.283534,1447.527353,0.000000,0.000000,0.000000,1.042631
-8.998292,13.652422,-3.818118,50.715685,61.373470,-44.078717,0.000000,0.000000,0.000000,1.096076
-15.282994,-2.191670,-1.929742,12.857842,0.448254,-19.373795,0.000000,0.000000,0.000000,0.948953
-6.629186,3.025702,0.722376,2.453572,-3.488891,4.596411,0.000000,0.000000,0.000000,1.145340
946.046861,711.893492,-51.001146,10294.526354,7482.483159,-546.355607,0.000000,0.000000,0.000000,1.084248
-20.691747,-4.887521,-0.675096,2.899941,-1.189927,-4.630186,0.000000,0.000000,0.000000,1.008535
24341.757273,-16969.798536,-4193.539821,243592.349230,-169692.481217,-41939.728804,0.000000,0.000000,0.000000,0.940286
-46.700774,-118.569239,-65.996816,-164.921210,-1092.972249,-656.683148,0.000000,0.000000,0.000000,1.122959
-24.454380,-7.625074,-0.372177,0.258133,-0.140456,0.543227,0.000000,0.000000,0.000000,1.034345
-12.646347,1.880156,-1.046138,-0.279784,0.132865,-14.939125,0.000000,0.000000,0.000000,1.096461
65.669008,18.810412,-131.740568,936.251218,204.522702,-1317.893763,0.000000,0.000000,0.000000,0.922344
-26.973322,8.611154,-0.742174,-4.229534,2.292799,-2.908221,0.000000,0.000000,0.000000,1.182083
-219.367698,-7664.974931,-2096.534279,-2132.795160,-76665.731680,-20962.686484,0.000000,0.000000,0.000000,1.137618
-12.059348,-3.058699,1.239182,-0.371954,-15.171016,15.966668,0.000000,0.000000,0.000000,0.977799
-24.271319,6.523992,-0.438384,-6.885553,-10.019303,-8.576191,0.000000,0.000000,0.000000,0.905500
-14.907987,3.955485,0.225268,-0.146621,0.226872,0.584714,0.000000,0.000000,0.000000,0.970647
-17.394309,10.658965,0.252356,-0.152770,-1.282580,1.552481,0.000000,0.000000,0.000000,1.041833
82362.273043,-1626483.784685,-2203001.026400,823791.641278,-16264765.802970,-22030010.002596,0.000000,0.000000,0.000000,0.839044
-16.673303,-3.670593,-4.315891,26.744161,-21.309217,-39.254625,0.000000,0.000000,0.000000,1.134157
1477.129545,34587.559512,-21489.076762,15003.067909,345914.636705,-214886.406612,0.000000,0.000000,0.000000,1.163537
21.406382,127.037129,110.142102,474.601848,1286.199428,1135.647970,0.000000,0.000000,0.000000,0.967401
82.286260,-71.439885,-795.238757,1125.996614,-693.021756,-8279.357538,0.000000,0.000000,0.000000,1.051263
-29.443613,5.740203,0.153305,4.459606,7.820925,1.373874,0.000000,0.000000,0.000000,0.896020
-18.453569,5.615987,1.056891,-13.395297,8.615708,20.147569,0.000000,0.000000,0.000000,0.804705
-21.448791,11.957116,-0.525061,-0.790051,0.576749,-2.867039,0.000000,0.000000,0.000000,0.942999
-71.060638,-1407.621763,-905.386876,-515.427012,-14082.453392,-9050.774822,0.000000,0.000000,0.000000,1.010987
-31.460865,3.557381,1.595137,-9.684723,-7.682806,11.375227,0.000000,0.000000,0.000000,0.942820
2205559.595322,-3567299.159619,4285156.313995,22055728.299351,-35672976.591873,42851565.580767,0.000000,0.000000,0.000000,0.962942
-17.317763,-3.010658,0.283495,-4.521901,-15.143098,-1.082929,0.000000,0.000000,0.000000,0.807800
-26.566776,-16.423351,-2.615757,14.721780,-43.016946,-23.262228,0.000000,0.000000,0.000000,0.996413
-13.364460,-4.469893,-0.888071,32.322453,-32.050397,-7.738472,0.000000,0.000000,0.000000,0.931207
-23.658027,-4.340971,-3.456434,-11.269925,-23.959045,-31.736031,0.000000,0.000000,0.000000,0.940354
-26.146218,12.494234,0.245041,-0.262703,-0.207342,0.491897,0.000000,0.000000,0.000000,1.135388
3284.553377,2488.077125,-827.627013,33737.640252,25371.614421,-8448.067754,0.000000,0.000000,0.000000,0.883397
-13.159618,-6.942538,-9.889373,9.720312,-28.569150,-95.755735,0.000000,0.000000,0.000000,1.058488
-1860.341148,-2687.785415,3082.262930,-18343.316978,-26982.463998,30825.066299,0.000000,0.000000,0.000000,0.996876
2903205.992099,165205.609754,-4102208.451492,29032266.510033,1652051.534407,-41022084.119378,0.000000,0.000000,0.000000,1.144424
-286.715382,-209.018113,134.467720,-2888.364659,-2266.147455,1456.980214,0.000000,0.000000,0.000000,0.916588
-2703.834767,-1702.258988,-3407.273177,-26800.914746,-17009.390128,-34067.961204,0.000000,0.000000,0.000000,1.052027
-27.290329,-7.286016,-3.565041,33.230266,-13.562393,-31.199087,0.000000,0.000000,0.000000,1.164678
57665.054597,6667.927840,11753.002876,576850.230760,66692.510785,117529.198085,0.000000,0.000000,0.000000,1.061098
-15.527451,12.171491,-0.516359,-16.372316,-6.336510,-0.354669,0.000000,0.000000,0.000000,0.951685
-67.561223,141.792360,-112.719206,-495.431388,1449.089720,-1128.227240,0.000000,0.000000,0.000000,0.840609
-22966.003143,16261.569744,4094.036404,-229483.651724,162620.084502,40935.757289,0.000000,0.000000,0.000000,0.988357
-10.187462,2.165274,2.205549,6.939280,-10.046157,28.328937,0.000000,0.000000,0.000000,0.945544
-27.423227,-1.172480,-0.157662,-2.931083,-0.735412,-2.572832,0.000000,0.000000,0.000000,0.951091
-22.529599,6.379612,2.215922,-64.827179,-40.884037,31.719949,0.000000,0.000000,0.000000,0.839014
-11.914985,-7.512535,-0.427461,-0.634533,0.756713,-1.230313,0.000000,0.000000,0.000000,1.148896
-14.354977,5.504987,0.488787,-2.345988,-8.102699,2.084214,0.000000,0.000000,0.000000,0.878896
-18.323966,-5.844699,-4.434664,-2.549017,13.938347,-39.406445,0.000000,0.000000,0.000000,0.907304
-21.879916,8.348216,0.931228,11.192799,6.695748,5.247180,0.000000,0.000000,0.000000,0.987589
176.373853,1433.221110,-384.607765,1952.209866,14345.444765,-3849.036921,0.000000,0.000000,0.000000,0.917638
-9.427453,0.741564,0.424570,-0.124745,0.168924,0.386730,0.000000,0.000000,0.000000,1.108671
-30.100515,0.428770,0.433836,0.031211,-0.379030,0.455932,0.000000,0.000000,0.000000,0.961355
-23.555944,-0.625683,-0.451877,-19.990434,-15.154996,-4.824710,0.000000,0.000000,0.000000,1.099488
-59529.956943,-110363.490204,-162716.936283,-595078.479938,-1103594.118746,-1627172.888207,0.000000,0.000000,0.000000,0.911037
134.917688,-49.332579,297.458169,1626.526402,-586.212523,3095.897673,0.000000,0.000000,0.000000,1.100910
6278.139685,59084.087307,-66562.461496,62985.499105,590849.242415,-665626.229384,0.000000,0.000000,0.000000,1.073747
-12.789702,-5.155259,-3.677407,-0.433127,-49.121911,-41.043382,0.000000,0.000000,0.000000,0.876352
-10.729183,7.312510,0.000702,-0.265714,0.243982,0.484893,0.000000,0.000000,0.000000,1.178540
38.758689,75.396582,48.580445,716.268678,1060.215063,583.785218,0.000000,0.000000,0.000000,1.135274
3170.729077,-3318.261956,-2019.288744,31905.696139,-33150.048363,-20195.342326,0.000000,0.000000,0.000000,0.853435
-26.576943,5.362535,0.824621,0.391498,-3.975455,4.011063,0.000000,0.000000,0.000000,1.128172
-192.500954,-1296.701111,350.039338,-1736.207828,-12951.346678,3496.778270,0.000000,0.000000,0.000000,1.014671
-17.002509,-37.416434,35.355870,46.625368,-374.478633,357.856648,0.000000,0.000000,0.000000,0.993887
-23.985741,12.171173,0.192246,-0.411080,-0.165561,0.518337,0.000000,0.000000,0.000000,0.876248
-22.327017,10.048773,0.910047,-10.501134,-0.371443,5.173479,0.000000,0.000000,0.000000,1.118398
-16.666956,-4.528388,-0.361470,-5.456730,-9.518243,-4.339512,0.000000,0.000000,0.000000,1.036875
-19.792107,9.544894,-0.315906,-0.745631,0.521011,0.039618,0.000000,0.000000,0.000000,1.032530
402.627863,582.912385,-386.295406,4307.579199,5845.918873,-3865.924938,0.000000,0.000000,0.000000,1.126932
-55.252571,33.892340,177.184052,-356.988085,280.079090,1773.943273,0.000000,0.000000,0.000000,1.181770
-11.248540,-4.627450,1.944396,-3.295437,-15.195136,22.774496,0.000000,0.000000,0.000000,0.926611
-14.632540,-0.450980,2.609129,26.951440,-2.482575,29.742723,0.000000,0.000000,0.000000,1.080725
-23.642418,3.406715,0.149248,0.619922,4.134373,-2.064661,0.000000,0.000000,0.000000,1.047504
-19.748329,-2.763585,-0.170433,-2.597451,0.464432,-2.963558,0.000000,0.000000,0.000000,1.180399
-13.277425,11.788855,0.279904,-4.430846,3.371921,2.078154,0.000000,0.000000,0.000000,1.059858
341868443.213293,995001074.996864,-12495531897.965021,3418684627.962574,9950010760.470671,-124955318975.952988,0.000000,0.000000,0.000000,0.899240
-22374059.338895,-39436722.559515,-14177941.746449,-223740392.046620,-394367105.329336,-141779414.650744,0.000000,0.000000,0.000000,0.800287
-25.356708,5.160587,-0.423080,-0.309643,-0.392116,0.570390,0.000000,0.000000,0.000000,1.167949
-6.812551,5.727786,0.405922,-0.145196,0.261926,0.487771,0.000000,0.000000,0.000000,1.038922
-19.765929,6.312122,-0.362291,12.537587,-4.817305,2.083316,0.000000,0.000000,0.000000,1.121563
-24.016449,14.691353,9.785656,-20.084696,38.546822,96.843845,0.000000,0.000000,0.000000,0.975422
-18.693942,14.543231,-0.449479,-0.246602,-0.016870,0.471932,0.000000,0.000000,0.000000,1.126032
-24.380954,8.864506,0.058065,0.789368,-0.558851,0.001715,0.000000,0.000000,0.000000,0.934643
-27.512785,7.960672,0.259591,-0.564349,-0.915878,1.199137,0.000000,0.000000,0.000000,0.989983
-20.130217,-14.041091,1.735140,2.949715,-6.344397,14.633463,0.000000,0.000000,0.000000,0.937532
-14.261941,-1.394135,-6.033414,30.323622,-14.282994,-62.551386,0.000000,0.000000,0.000000,1.196614
-11.227530,-2.770703,0.143540,9.091748,-2.807428,1.823456,0.000000,0.000000,0.000000,0.869027
-13.838223,-0.637241,-1.350823,29.948923,10.419733,-14.202490,0.000000,0.000000,0.000000,1.141255
-13.513963,-6.873985,-0.040517,0.401884,0.216433,0.509670,0.000000,0.000000,0.000000,0.932021
-26.941203,2.451350,-3.002015,-22.459141,-3.794874,-25.647963,0.000000,0.000000,0.000000,1.045511
-35.345298,-17.906013,-20.859031,-130.015838,-193.921320,-209.303779,0.000000,0.000000,0.000000,1.006000
-17.092192,6.803748,0.262306,0.153297,-0.045182,0.125379,0.000000,0.000000,0.000000,1.044041
-1499.660887,-963.540740,2488.737669,-14728.881999,-9649.153853,24884.710012,0.000000,0.000000,0.000000,0.821489
-16.838372,-8.803523,-0.555807,16.567171,-4.354856,-1.408489,0.000000,0.000000,0.000000,0.842214
-83.022719,50.692031,-82.834223,-656.716828,500.913061,-827.154348,0.000000,0.000000,0.000000,1.050042
-18.830507,3.653201,-0.288141,1.204275,0.542815,0.938939,0.000000,0.000000,0.000000,0.927245
-24.510188,-8.458388,-3.378647,-14.903937,-80.757315,-35.007487,0.000000,0.000000,0.000000,0.963850
6011.782002,27956.504853,9771.959537,60346.184438,279573.509219,97718.677751,0.000000,0.000000,0.000000,0.939808
-14.098337,2.142355,5.412217,3.316542,15.905637,51.506022,0.000000,0.000000,0.000000,1.123234
-18.296962,-14.669130,-0.242508,3.925764,-1.167197,1.820424,0.000000,0.000000,0.000000,1.194903
-84.299528,-133.440790,-52.611503,-764.810492,-1452.896857,-634.111748,0.000000,0.000000,0.000000,1.060793
-75421.874299,162535.885302,442491.616580,-753903.558257,1625408.883588,4424918.667866,0.000000,0.000000,0.000000,1.196936
-67.557745,-141.489625,-45.093288,-404.389465,-1369.236660,-446.930697,0.000000,0.000000,0.000000,0.857963
-19.126869,4.548784,-0.246491,-1.822799,-0.587777,0.968785,0.000000,0.000000,0.000000,0.856542
-18.641040,12.957215,-0.379338,-0.272230,0.007197,0.536773,0.000000,0.000000,0.000000,0.889516
-16.301884,-9.603360,0.586665,1.377210,-0.185966,5.207785,0.000000,0.000000,0.000000,1.197501
12563.280285,-4368.660799,-6567.338297,125825.078317,-43682.699834,-65668.399102,0.000000,0.000000,0.000000,1.079987
-89.356512,-392.817577,-54.501763,-713.603173,-3952.743277,-542.729523,0.000000,0.000000,0.000000,0.872782
-27.650983,6.531425,0.107222,-2.685888,4.988842,-0.124456,0.000000,0.000000,0.000000,1.184339
-30.743570,-6.429320,0.362611,0.593966,-1.617566,1.294879,0.000000,0.000000,0.000000,1.033409
-19.067631,-4.752810,2.555497,5.188075,-27.364512,23.161702,0.000000,0.000000,0.000000,1.034618
-117.761039,131.714394,-257.152557,-1004.197461,1299.202737,-2678.731575,0.000000,0.000000,0.000000,0.850624
-33.405058,-1.721819,-0.048939,-1.434397,4.461221,-0.482650,0.000000,0.000000,0.000000,0.817141
-31.365515,-1.400902,-0.294188,0.047877,-0.451896,0.557320,0.000000,0.000000,0.000000,1.168598
-109.209830,109.158719,806.244633,-868.385828,1187.986737,8400.050071,0.000000,0.000000,0.000000,1.047303
-31.959290,-3.083940,0.688672,0.422210,-0.432092,3.221403,0.000000,0.000000,0.000000,0.975596
-10.237953,0.473627,-0.056694,-1.454767,-24.690561,8.269358,0.000000,0.000000,0.000000,1.010250
47.777887,-7.255314,-30.737819,649.820874,-207.755680,-307.430639,0.000000,0.000000,0.000000,1.160936
-71.334808,-75.769952,-11.892832,-447.245634,-760.361775,-115.542712,0.000000,0.000000,0.000000,0.853880
18.458502,85.770920,-50.185027,453.414073,808.588272,-499.215374,0.000000,0.000000,0.000000,1.127411
-13.774106,0.257136,0.303175,-2.476754,1.858887,-2.220898,0.000000,0.000000,0.000000,0.866887
-58.432339,-137.707307,47.185728,-349.100534,-1469.844294,470.197219,0.000000,0.000000,0.000000,1.069055
-620550931.305027,539311757.592713,852825232.091632,-6205509070.013257,5393117552.370313,8528252324.930329,0.000000,0.000000,0.000000,1.032493
6.191233,11.336552,-19.339422,293.319483,93.498036,-191.414153,0.000000,0.000000,0.000000,0.970348
-16.272483,-6.762699,0.357191,0.208539,0.083792,0.955602,0.000000,0.000000,0.000000,0.934396
-81.127868,34.274656,30.746698,-636.514831,206.627849,306.064283,0.000000,0.000000,0.000000,1.178252
-35.281448,2.242103,-0.436124,-16.460267,17.953697,-13.607606,0.000000,0.000000,0.000000,0.837976
-21.677324,10.980069,9.232658,-76.436001,124.640608,100.316847,0.000000,0.000000,0.000000,0.964006
-2710.351783,-2044.157015,700.440187,-27433.004246,-20874.259979,7143.971520,0.000000,0.000000,0.000000,1.066733
-632.153421,-777.440014,-1135.169857,-6101.654581,-7780.965290,-11463.556404,0.000000,0.000000,0.000000,0.941113
15.482558,15.169627,-81.949639,450.128976,60.023745,-815.066803,0.000000,0.000000,0.000000,0.968685
-27.198084,-9.964336,-0.444465,6.091424,-9.588424,-0.095825,0.000000,0.000000,0.000000,1.003737
-19.882289,-0.377765,1.475825,-12.365116,1.471744,14.075435,0.000000,0.000000,0.000000,0.952999
-33.108579,-6.940961,-1.834361,-45.704517,15.996889,-20.638920,0.000000,0.000000,0.000000,0.854990
-329.130425,-1845.368345,-1795.446493,-3076.573677,-18451.479959,-17951.886819,0.000000,0.000000,0.000000,1.055596
-6.513517,-0.988241,0.442531,-0.038780,0.339879,0.384836,0.000000,0.000000,0.000000,0.971811
-24.132145,-12.554518,0.275740,-0.553300,-0.207392,1.658342,0.000000,0.000000,0.000000,0.874854
-21.529514,1.243222,1.024923,3.672933,4.513513,7.833189,0.000000,0.000000,0.000000,1.001737
-21.081054,-5.656294,0.224748,-0.690023,-3.821678,2.640597,0.000000,0.000000,0.000000,1.083715
-11.855245,0.367597,-0.723882,1.483173,3.068734,-7.736388,0.000000,0.000000,0.000000,1.103459
-15.704231,3.590425,1.457121,-9.951657,17.773099,16.963188,0.000000,0.000000,0.000000,0.884125
29.726217,32.898587,-114.511913,524.430040,336.852217,-1143.254621,0.000000,0.000000,0.000000,1.153185
-7.075715,-3.233027,0.246430,11.251419,-1.006286,4.436819,0.000000,0.000000,0.000000,1.091282
-17.651866,7.276067,-0.045008,-0.286250,-1.911708,0.991009,0.000000,0.000000,0.000000,0.870198
-30.466991,-4.603281,1.250839,-18.993936,-24.496964,14.909235,0.000000,0.000000,0.000000,0.992842
-17.640197,-4.925657,-2.910180,48.019429,-18.540460,-25.676043,0.000000,0.000000,0.000000,0.934861
-17.609203,1.299802,-0.210490,2.753696,-0.180093,-1.979087,0.000000,0.000000,0.000000,0.807511
-25.078727,8.404690,-0.098385,-1.197696,2.518470,-1.178053,0.000000,0.000000,0.000000,0.951073
-26.425469,6.106621,-0.402465,1.030149,2.845276,-2.821484,0.000000,0.000000,0.000000,0.931604
-14.734897,11.285462,-0.921807,-2.554288,3.839182,-9.047666,0.000000,0.000000,0.000000,0.950585
-22.581060,-6.357955,0.244085,-0.455323,-0.267973,1.224347,0.000000,0.000000,0.000000,1.157927
-8.108168,1.589655,-3.239149,57.925682,19.421349,-33.088661,0.000000,0.000000,0.000000,1.015634
-9.195197,3.126879,-0.691154,4.980596,-2.173773,-5.422808,0.000000,0.000000,0.000000,0.978569
-9.877885,8.071665,-2.721271,55.777644,25.308309,-34.727410,0.000000,0.000000,0.000000,1.049067
-33.362326,3.856888,-0.087613,1.902927,-1.042042,0.702189,0.000000,0.000000,0.000000,0.930630
-19.949108,0.171833,0.954879,-22.703601,15.972616,9.841155,0.000000,0.000000,0.000000,1.056607
-24.855428,-6.676301,0.101755,-7.087802,0.539636,0.713291,0.000000,0.000000,0.000000,0.974102
-19.191035,6.257170,2.764807,1.139393,54.044515,25.184729,0.000000,0.000000,0.000000,1.002826
-21.996470,-2.036680,-1.381432,-8.758356,-0.433249,-13.619159,0.000000,0.000000,0.000000,0.855105
486.933050,440.522809,-180.289879,5082.261448,4462.124142,-1798.052428,0.000000,0.000000,0.000000,0.838867
-15.024255,-3.739816,2.554642,-5.793662,54.443020,26.285237,0.000000,0.000000,0.000000,0.973391
-23.708966,-6.330398,1.551710,0.384292,18.275749,18.062542,0.000000,0.000000,0.000000,1.026758
79430.737022,-171323.228757,-466386.723105,794622.312639,-1713181.734588,-4663863.306798,0.000000,0.000000,0.000000,1.135614
-54.703608,-13.036016,-10.005887,-240.012269,-150.710459,-96.785936,0.000000,0.000000,0.000000,0.827707
-11.090834,7.429216,-1.268709,45.632239,40.370498,-50.738061,0.000000,0.000000,0.000000,0.832518
-30.545097,2.726245,-14.034390,-69.292199,125.294272,-148.126568,0.000000,0.000000,0.000000,1.058104
-19.446104,4.002459,-2.359702,0.864224,29.134118,-18.685672,0.000000,0.000000,0.000000,0.873224
-28.584760,-7.513693,0.228737,-0.253226,2.077841,3.738284,0.000000,0.000000,0.000000,0.857006
-24.361251,1.861578,-0.156373,15.122510,7.666182,5.513903,0.000000,0.000000,0.000000,1.003894
698608.242320,364297.575946,-4170651.033021,6986299.556742,3642962.112991,-41706507.261223,0.000000,0.000000,0.000000,0.881364
188.323591,650.377073,1687.611530,2149.177562,6766.546444,17401.982252,0.000000,0.000000,0.000000,1.062840
63568.863610,115561.711711,171318.395055,635909.230362,1155657.000056,1713179.090599,0.000000,0.000000,0.000000,0.867158
-26.761138,-3.951396,0.439073,-1.742008,-0.556560,0.723443,0.000000,0.000000,0.000000,1.022530
237.495319,-48.171412,235.104209,2590.889726,-368.708295,2348.951839,0.000000,0.000000,0.000000,1.073452
-24.930616,-0.955250,1.575151,-25.125850,14.732137,16.442219,0.000000,0.000000,0.000000,0.937182
7446.358319,-6521.752863,-6529.808086,74631.885210,-65122.681940,-65295.694473,0.000000,0.000000,0.000000,1.090042
-76.228639,-25.701408,55.067685,-581.044277,-223.900423,549.043036,0.000000,0.000000,0.000000,0.876130
-25.103703,-10.363815,-0.276290,0.370469,-0.164679,0.597607,0.000000,0.000000,0.000000,1.186175
-21.251481,-4.918313,-0.244237,8.451799,-5.333308,4.500790,0.000000,0.000000,0.000000,1.198969
-24.060461,9.928487,0.385526,-0.541993,-0.133717,0.439446,0.000000,0.000000,0.000000,0.953716
-18.325353,4.515452,0.654538,-1.421278,0.403173,3.685338,0.000000,0.000000,0.000000,0.945146
-25.179993,3.671111,0.631782,-10.990692,5.164021,5.744162,0.000000,0.000000,0.000000,0.995258
-713.506244,388.926439,1080.376833,-6924.396940,3880.888125,10806.886836,0.000000,0.000000,0.000000,0.906235
-26.278033,-6.547455,14.375157,-56.933769,-68.776067,139.535270,0.000000,0.000000,0.000000,0.869644
-33.237259,-10.618726,-3.254773,-29.375440,-26.219362,-31.460213,0.000000,0.000000,0.000000,1.153020
-250.065381,-122.079030,-105.981159,-2321.894473,-1215.132766,-1063.319852,0.000000,0.000000,0.000000,0.961667
-29.066354,-4.395725,-0.155428,-31.192668,-37.178240,-24.304581,0.000000,0.000000,0.000000,0.891950
-6.279174,-3.061691,0.030167,0.059711,0.350696,0.496831,0.000000,0.000000,0.000000,1.175423
-19.007578,-5.232460,0.018334,-5.742082,-2.056119,1.368484,0.000000,0.000000,0.000000,1.050285
-26.617355,-5.845868,0.395511,0.235056,-0.279796,0.779724,0.000000,0.000000,0.000000,1.187342
-19.343037,14.861660,-0.146640,3.409119,-1.379486,1.667016,0.000000,0.000000,0.000000,1.109482
-13.521852,8.536752,3.659049,-3.824122,38.374748,36.158199,0.000000,0.000000,0.000000,1.029596
-13.601515,-13.253795,-0.075470,0.298409,0.248046,0.540937,0.000000,0.000000,0.000000,0.886542
-325.183696,168.552530,109.376343,-3041.387693,1667.945685,1096.141168,0.000000,0.000000,0.000000,1.003011
19.311838,243.327138,-5.880543,341.453989,2359.914777,-60.065240,0.000000,0.000000,0.000000,0.905086
-70.436533,41.129526,84.263464,-504.162419,402.773554,850.087907,0.000000,0.000000,0.000000,1.175238
-12.585805,-7.476256,0.304538,2.776887,3.669938,0.704681,0.000000,0.000000,0.000000,0.949407
440.776004,-23.674987,-88.364423,4558.374330,-184.018796,-887.657741,0.000000,0.000000,0.000000,0.877148
-34.278101,0.821210,25.691507,-178.565492,49.374718,252.114525,0.000000,0.000000,0.000000,1.138156
-26.496358,-1.418374,0.184657,0.973285,-1.233276,1.472708,0.000000,0.000000,0.000000,0.852140
-22729594.547218,250719312.081914,72722859.805927,-227295737.455648,2507193152.302767,727228594.659778,0.000000,0.000000,0.000000,0.844537
-19.265003,-5.824515,-1.881900,17.016456,-31.975991,-34.835438,0.000000,0.000000,0.000000,0.944213
-15.314106,11.476184,-0.259957,-0.004265,-0.023546,0.295508,0.000000,0.000000,0.000000,1.141452
-1915552.315233,-16292610.443668,8117678.078792,-19155359.785561,-162926067.330284,81176778.822142,0.000000,0.000000,0.000000,1.198152
-18.910797,11.192794,0.586293,-4.068451,15.761941,-3.749612,0.000000,0.000000,0.000000,1.083250
-2373.182339,1146.157664,7569.800496,-23526.975775,11446.093859,75695.172339,0.000000,0.000000,0.000000,0.838829
-11.531403,-8.607474,-0.114345,0.204501,0.246146,0.545189,0.000000,0.000000,0.000000,1.049758
-10.552169,-6.692180,-0.432618,0.209428,0.274464,0.511184,0.000000,0.000000,0.000000,0.972331
-1815108.236051,990524.066976,4219177.955033,-18150907.384717,9905302.418713,42191779.929660,0.000000,0.000000,0.000000,1.028063
-27.462656,0.108144,-1.979268,6.234315,11.998658,-23.786695,0.000000,0.000000,0.000000,1.000767
-17.707012,0.598596,-0.865741,3.117402,1.531414,-5.861704,0.000000,0.000000,0.000000,1.071612
-32.465790,6.581283,-0.049233,-0.120404,-0.334242,0.544664,0.000000,0.000000,0.000000,1.190287
-24.029203,-2.649339,0.104166,2.070206,-6.116944,-0.452516,0.000000,0.000000,0.000000,1.068178
-17.269708,-11.570349,0.381222,0.398174,0.068183,0.432844,0.000000,0.000000,0.000000,1.161866
-17.163193,8.058531,-0.530836,9.768780,0.397082,-4.359150,0.000000,0.000000,0.000000,0.802607
-5.361595,1.187934,-0.447543,-0.050458,0.285975,0.536366,0.000000,0.000000,0.000000,1.180255
-10.105850,-1.987541,0.094372,-0.008343,0.384639,0.554879,0.000000,0.000000,0.000000,1.101630
-17.533881,-3.263937,1.022688,4.980016,9.771268,10.698541,0.000000,0.000000,0.000000,0.808742
-10.696408,-4.395094,-2.529615,6.622643,-14.216235,-28.314431,0.000000,0.000000,0.000000,0.820701
-1.064853,-6.634020,4.688862,135.916497,29.293060,48.886773,0.000000,0.000000,0.000000,1.085718
-6616.756972,-57677.440284,70823.263389,-65963.344994,-576764.906859,708229.642790,0.000000,0.000000,0.000000,1.041853
-17.914676,7.037641,-1.453247,-3.004481,28.468889,-21.000251,0.000000,0.000000,0.000000,0.995666
-7.970805,-4.968029,0.536389,0.395268,0.755308,0.493393,0.000000,0.000000,0.000000,0.824760
-11.267503,5.158031,0.617030,-2.578283,-12.044539,1.719313,0.000000,0.000000,0.000000,1.025234
-2619.940330,2787.962057,2026.769012,-26110.774834,27868.317154,20262.868224,0.000000,0.000000,0.000000,0.953551
-279.664614,-446.573191,-64.579087,-2591.175892,-4351.924906,-643.367439,0.000000,0.000000,0.000000,0.888580
-13.567334,5.277380,1.305056,38.206618,15.518984,11.957689,0.000000,0.000000,0.000000,1.060313
-11227745.424521,-7682659.512223,3557839.319693,-112277222.935947,-76826593.200318,35578389.506580,0.000000,0.000000,0.000000,1.066283
-168.723949,-88.649687,-455.945466,-1511.997241,-864.704598,-4604.824695,0.000000,0.000000,0.000000,1.000945
-15.967262,11.662376,0.248205,-0.747670,0.179171,0.742405,0.000000,0.000000,0.000000,1.134218
-25.821224,7.844629,0.291252,3.972397,-3.087947,4.316941,0.000000,0.000000,0.000000,1.075745
-15177.675834,-1554.725421,-3001.268760,-151607.071449,-15600.315861,-30015.076380,0.000000,0.000000,0.000000,0.868933
-31.159694,2.571741,-0.392128,-0.772740,-0.768569,-0.017932,0.000000,0.000000,0.000000,0.962804
-8831192.723207,1500509.804560,3369551.454659,-88311719.289585,15005075.215900,33695518.481229,0.000000,0.000000,0.000000,0.922450
-20.072526,-7.299894,0.261099,-0.033544,-0.761330,0.744735,0.000000,0.000000,0.000000,0.988361
-10.769036,-7.010966,0.310212,-10.167345,2.601386,-0.890380,0.000000,0.000000,0.000000,0.878847
-23.904392,3.003852,-0.605900,-7.221141,-2.118580,-4.406065,0.000000,0.000000,0.000000,1.005695
-21.826957,-1.254971,-0.174657,0.107141,-1.332420,-0.357042,0.000000,0.000000,0.000000,0.858551
-24.090514,8.609659,-0.769865,-0.933203,3.842420,-7.332131,0.000000,0.000000,0.000000,1.145449
-8.338027,-0.450644,-0.310152,0.124533,0.393616,0.410302,0.000000,0.000000,0.000000,1.039033
24.160984,-28.402506,-217.435028,436.569314,-342.416389,-2169.377243,0.000000,0.000000,0.000000,0.967435
-15.795693,1.753929,4.870024,12.864794,13.654813,58.851776,0.000000,0.000000,0.000000,0.960485
-24.492293,-1.954408,0.477072,-4.125790,-2.970404,5.457149,0.000000,0.000000,0.000000,1.143574
-31.074695,-4.397171,-0.012489,0.146889,-0.199520,0.558437,0.000000,0.000000,0.000000,1.168897
-27.606920,-11.089972,-0.246769,-0.278009,0.007311,0.030768,0.000000,0.000000,0.000000,0.838668
-493148114.584347,-1153244965.894555,-1068583341.364129,-4931481017.903914,-11532449694.649590,-10685833416.068308,0.000000,0.000000,0.000000,1.128160
4.862896,35.216455,-4.562456,233.602937,339.229838,-43.902334,0.000000,0.000000,0.000000,0.965061
-25.314259,12.628645,-1.155584,25.002455,8.381767,-13.966192,0.000000,0.000000,0.000000,1.188821
-18.138185,-6.486932,-0.241969,1.105609,0.191023,-0.740425,0.000000,0.000000,0.000000,1.098564
-12.497627,12.707489,0.278943,-0.442600,0.673830,0.448798,0.000000,0.000000,0.000000,1.096919
-8.640571,0.341735,-1.098448,36.446462,-19.157368,-14.764929,0.000000,0.000000,0.000000,1.116244
-25.846016,-18.720256,-11.878440,-109.515338,-89.354727,-114.936058,0.000000,0.000000,0.000000,0.936039
-8.209441,10.468819,2.693656,52.064058,15.053053,27.730726,0.000000,0.000000,0.000000,1.016946
-6.999097,0.943945,-0.385656,-0.436166,0.189933,0.837214,0.000000,0.000000,0.000000,0.862081
-118805.544980,-79580.002172,9106.929907,-1187947.579727,-795905.966693,91064.303670,0.000000,0.000000,0.000000,0.989079
44.386893,-83.366772,193.198830,644.285426,-824.430593,1930.869007,0.000000,0.000000,0.000000,1.194641
-66.812460,-346.604581,-81.934786,-516.933555,-3386.055929,-816.846061,0.000000,0.000000,0.000000,1.145137
-21.115476,-1.314620,2.960435,32.380192,-6.565345,32.821647,0.000000,0.000000,0.000000,0.863949
-20.503985,6.546160,-0.459780,-1.995623,-1.523983,1.028605,0.000000,0.000000,0.000000,1.021176
-479.910155,13.556303,91.035560,-4645.730678,188.182639,905.804911,0.000000,0.000000,0.000000,0.860530
-620.598966,43662.242513,-79611.350030,-5948.159160,436513.033312,-796113.375768,0.000000,0.000000,0.000000,0.853743
-820.503604,1835.294589,2605.573220,-7895.663530,18288.345100,26055.989622,0.000000,0.000000,0.000000,1.170574
-15.732936,0.707331,0.322690,-4.551274,-6.952896,6.134136,0.000000,0.000000,0.000000,1.096211
-9.676747,114.186022,78.635411,205.129096,1232.087234,788.609772,0.000000,0.000000,0.000000,1.004855
-90028.002195,-551934.148260,-979320.986748,-900067.113826,-5519352.544141,-9793212.735561,0.000000,0.000000,0.000000,0.810410
-16.009741,-5.783495,0.576090,-0.981602,-11.048589,6.588111,0.000000,0.000000,0.000000,1.088580
-10.886079,-9.459836,-0.275732,0.181704,0.324934,0.211139,0.000000,0.000000,0.000000,1.121250
-27.396167,-1.525106,0.611245,0.056385,-0.061909,5.607367,0.000000,0.000000,0.000000,1.036524
-13.557214,-10.249928,-0.077237,0.308033,0.150879,0.509620,0.000000,0.000000,0.000000,0.857043
-19.859080,1.695454,-6.426449,-9.471068,6.927312,-63.838477,0.000000,0.000000,0.000000,0.882167
-18.279228,4.769855,-0.562632,0.045070,0.480297,-1.931646,0.000000,0.000000,0.000000,1.122901
-22.253242,2.253525,3.506689,-19.790684,3.408811,49.423139,0.000000,0.000000,0.000000,1.017835
-8.113208,-1.013359,0.301385,0.119898,0.239195,0.540575,0.000000,0.000000,0.000000,0.997220
-9.445750,0.418014,-1.581482,23.433478,14.476290,-13.446507,0.000000,0.000000,0.000000,0.847091
265.869026,186.348469,-137.133587,2905.882556,1989.277570,-1379.736299,0.000000,0.000000,0.000000,1.114930
-14605.109809,1042.455679,25811.467562,-145847.949553,10418.320885,258116.554476,0.000000,0.000000,0.000000,1.122911
-25.010004,-0.638535,-1.498537,-9.569487,-22.571444,-14.781164,0.000000,0.000000,0.000000,0.856832
-15.134639,-1.015654,9.945849,-9.676899,29.606349,98.977156,0.000000,0.000000,0.000000,1.035512
-19.074205,-2.047046,4.152602,27.472561,4.371069,43.978359,0.000000,0.000000,0.000000,0.819653
-8.286954,-5.778343,0.832398,1.782062,-1.419134,6.801240,0.000000,0.000000,0.000000,1.113768
-19.671096,-6.211633,0.324439,-2.979805,16.055992,4.759469,0.000000,0.000000,0.000000,1.090717
-34.007382,-1.791228,-0.178806,-7.781259,-0.598718,-1.230249,0.000000,0.000000,0.000000,0.901490
-33.661322,12.932108,-0.118405,-48.088632,9.110067,-2.529025,0.000000,0.000000,0.000000,0.942367
-29.822336,6.959831,0.137638,-0.312896,-0.239623,0.530207,0.000000,0.000000,0.000000,1.195784
-15.162421,-10.824965,-0.320895,0.876335,8.393546,0.737499,0.000000,0.000000,0.000000,1.077158
79889.558830,16067.027247,-91013.547135,799069.747335,160623.119660,-910133.110433,0.000000,0.000000,0.000000,1.091971
-9.474563,-6.793938,1.607860,-1.059265,6.575487,13.464565,0.000000,0.000000,0.000000,1.096610
-859.447032,-624.828602,54.147331,-8910.665241,-6736.387864,572.119764,0.000000,0.000000,0.000000,1.192966
-11.760432,-3.875280,2.088022,1.776716,-13.392559,19.956307,0.000000,0.000000,0.000000,1.000032
-7.135412,4.872919,-0.276828,-2.340925,8.930973,-3.915834,0.000000,0.000000,0.000000,0.824119
-31.413676,-2.388549,0.173441,-0.176322,0.650818,0.558113,0.000000,0.000000,0.000000,0.885948
-15.682899,-3.325712,-0.142519,22.832004,-9.299101,2.554672,0.000000,0.000000,0.000000,1.177809
-12.523303,-1.058343,2.238904,38.241084,-8.823940,19.920589,0.000000,0.000000,0.000000,1.032353
-46.318801,3.492599,-17.587951,-252.197478,40.485925,-180.034166,0.000000,0.000000,0.000000,1.026992
-15016.179772,26346.325466,2081.354907,-151454.929549,266231.188458,21028.263681,0.000000,0.000000,0.000000,0.929951
-18.920235,-1.983700,4.707335,-26.852378,8.094128,42.709075,0.000000,0.000000,0.000000,0.867581
-26.135077,-4.305306,-0.208873,-25.859606,-18.571842,4.165512,0.000000,0.000000,0.000000,1.128076
-14.904965,1.455828,0.985854,-0.832946,-4.762970,6.053156,0.000000,0.000000,0.000000,0.870115
-29.633503,4.516066,-0.755762,5.525021,-1.518777,-9.289785,0.000000,0.000000,0.000000,1.103878
-14.946613,2.313707,-0.799039,8.605753,2.639321,-14.150277,0.000000,0.000000,0.000000,1.171799
-7.467191,0.199462,0.228403,0.024331,0.254502,0.365117,0.000000,0.000000,0.000000,0.946411
-19.154529,-12.572121,-0.373486,0.378051,-0.025929,0.517357,0.000000,0.000000,0.000000,1.035227
-24.654622,-11.186524,0.360246,0.254986,-0.098667,0.418479,0.000000,0.000000,0.000000,1.125308
-8.126096,3.025492,-1.873779,52.328585,-48.214150,-26.460880,0.000000,0.000000,0.000000,1.059288
-19.636215,-14.852896,-0.360189,0.014147,-0.323582,0.477644,0.000000,0.000000,0.000000,0.870182
-18.826023,-10.121188,3.318882,-37.419588,-7.287247,29.741847,0.000000,0.000000,0.000000,1.017779
2652471.423743,-976142.534568,1337395.873145,26525001.828109,-9761514.914046,13373959.686247,0.000000,0.000000,0.000000,1.127300
-259072379.587303,-754026338.642273,9469293608.121038,-2590723600.025213,-7540263375.867826,94692936084.243683,0.000000,0.000000,0.000000,1.186622
-840.084177,1388.883543,-145.478520,-8221.547521,13972.275508,-1456.255271,0.000000,0.000000,0.000000,1.158315
-53.575100,-61.591399,-17.897452,-325.605326,-620.040552,-175.017017,0.000000,0.000000,0.000000,1.037564
-30.628064,-2.678029,0.084534,0.532143,2.720695,-0.946273,0.000000,0.000000,0.000000,1.186762
-723.388386,569.628626,-23.911654,-7038.755420,5698.934154,-234.861718,0.000000,0.000000,0.000000,0.818528
-29.442547,-5.114621,-0.212651,0.172521,-0.314985,0.503143,0.000000,0.000000,0.000000,1.121757
-17.473513,12.956991,-0.678457,-5.155398,-1.973248,-1.800101,0.000000,0.000000,0.000000,1.073467
-27.890048,-4.164918,-0.398045,0.152618,-0.293043,0.561630,0.000000,0.000000,0.000000,1.014512
-20.258475,-6.485090,0.478790,-2.510888,-0.065550,1.682806,0.000000,0.000000,0.000000,0.943921
-16.123260,-4.220655,-0.127054,12.276862,-13.577439,4.463060,0.000000,0.000000,0.000000,1.095259
-1817.735571,-274.548632,-176.476975,-18383.623390,-2806.627279,-1798.900380,0.000000,0.000000,0.000000,1.136821
-139.076350,-170.704605,30.489880,-1242.890836,-1681.476644,308.620111,0.000000,0.000000,0.000000,1.053030
-21.690214,-7.451548,0.424863,-1.268786,-2.749339,1.450485,0.000000,0.000000,0.000000,0.824072
-32.031259,-7.616661,-0.058263,0.215339,-0.162553,0.487952,0.000000,0.000000,0.000000,0.835675
15401.064675,-1172.882481,-27722.921632,154212.850287,-11734.989106,-277225.638942,0.000000,0.000000,0.000000,1.056174
-24.500622,2.082778,-1.636970,21.061084,14.498768,-23.454270,0.000000,0.000000,0.000000,1.031222
-22.529739,-1.771522,0.560883,-1.686119,-4.670966,0.710649,0.000000,0.000000,0.000000,0.995006
-12.206359,6.150264,1.883318,15.500092,12.352080,16.196269,0.000000,0.000000,0.000000,0.868310
-24.218628,-6.104115,-0.470434,-0.049137,0.023035,-0.074519,0.000000,0.000000,0.000000,0.841950
-23.965865,-4.694438,-0.203294,14.198435,-14.269492,-3.396820,0.000000,0.000000,0.000000,1.164382
-97.892449,29.954283,-205.400610,-1134.472611,463.780344,-3265.643419,0.000000,0.000000,0.000000,0.904045
-13.798986,6.898272,-0.827587,-8.547473,7.333639,-2.550960,0.000000,0.000000,0.000000,0.855006
-18.915637,10.544438,1.474730,-6.342956,7.985691,21.447132,0.000000,0.000000,0.000000,0.966268
-12.590331,-11.444843,0.035536,0.324700,0.206246,0.499461,0.000000,0.000000,0.000000,1.128423
-28.719979,-6.581014,0.247920,0.227996,-0.388637,0.477195,0.000000,0.000000,0.000000,1.066786
-27.159339,-1.496006,2.990946,-0.738392,-22.922704,27.872969,0.000000,0.000000,0.000000,0.982279
-17.741388,12.611954,0.395115,-0.313768,0.053951,0.392495,0.000000,0.000000,0.000000,0.972173
7864135.614478,-115292.136742,-3132185.922819,78641562.961716,-1152944.005994,-31321854.864087,0.000000,0.000000,0.000000,0.907171
-23.685662,1.030101,-4.198673,-18.784094,-66.313174,-41.704770,0.000000,0.000000,0.000000,1.157134
-9.074022,2.620956,-1.787669,25.367347,-1.498883,-27.384673,0.000000,0.000000,0.000000,0.806333
-16.313645,8.930249,0.318547,-0.400936,0.096769,0.910862,0.000000,0.000000,0.000000,1.141493
756.428020,1905.488717,-783.422002,7741.933554,19300.323752,-7916.298738,0.000000,0.000000,0.000000,0.876037
-15.514856,9.228225,0.911339,-7.105137,-8.500222,8.155651,0.000000,0.000000,0.000000,0.995454
-60972.840967,-14300.817105,102920.017804,-609553.080606,-143055.106692,1029201.282335,0.000000,0.000000,0.000000,0.856559
-23.756779,-3.197496,1.173943,-0.892604,29.640282,25.989892,0.000000,0.000000,0.000000,0.845643
112.367250,125.509160,-835.530736,1330.580350,1269.336758,-8353.576762,0.000000,0.000000,0.000000,0.863715
-9.026339,8.822383,0.353934,-0.194635,0.223940,0.486979,0.000000,0.000000,0.000000,1.166219
-18.744811,-3.842237,0.206748,0.398956,-0.049157,0.178169,0.000000,0.000000,0.000000,0.816255
-32.790472,5.629691,0.277991,-0.016538,-0.203644,0.395886,0.000000,0.000000,0.000000,0.824722
-20.027265,8.046309,0.228148,-1.915449,2.958040,-0.315809,0.000000,0.000000,0.000000,1.120337
-9.301445,-5.329923,0.191651,0.313122,0.332636,0.444164,0.000000,0.000000,0.000000,1.105116
-14.908928,2.762483,1.327723,15.872393,7.045284,17.517686,0.000000,0.000000,0.000000,1.170362
805.005881,-1930.223563,-2759.104180,8358.870256,-19365.536637,-27588.932584,0.000000,0.000000,0.000000,1.105545
-139.290937,22.705630,-101.632435,-1226.321699,163.138164,-1056.525682,0.000000,0.000000,0.000000,0.842723
-32.726731,-4.832151,0.301861,-7.672303,1.059914,3.802145,0.000000,0.000000,0.000000,1.182668
-4240.071376,-3543.831018,-2827.089447,-43452.525084,-36561.476173,-29145.100452,0.000000,0.000000,0.000000,0.915218
-14.811355,-3.332926,0.470581,0.283587,0.297651,0.398714,0.000000,0.000000,0.000000,0.824622
-18.341033,2.052942,1.892774,4.794163,29.594959,15.975960,0.000000,0.000000,0.000000,1.086065
-10.766935,-9.674694,0.537298,0.207652,0.106861,0.726923,0.000000,0.000000,0.000000,1.105222
-22.707672,-1.706439,-0.737127,20.654033,-52.759809,-14.808476,0.000000,0.000000,0.000000,1.095226
-9309.533518,8099.112200,8129.673743,-92925.708175,81084.812551,81297.964634,0.000000,0.000000,0.000000,0.875471
-1750.553836,1928.181976,-306.821829,-17296.773035,19285.741058,-3064.889182,0.000000,0.000000,0.000000,0.801765
-29.021715,-3.548027,-0.251005,0.371204,-1.105936,-2.118167,0.000000,0.000000,0.000000,1.052456
-12.999854,-2.367489,0.066313,12.451780,18.579557,0.817907,0.000000,0.000000,0.000000,1.141113
-20.104559,-1.705908,-0.328408,0.233290,4.539958,-3.317596,0.000000,0.000000,0.000000,1.065021
-19.310612,-1.238572,-1.925442,9.599741,-16.332277,-31.569162,0.000000,0.000000,0.000000,0.945873
-5.886604,-1.919023,-0.135746,0.001213,0.266953,0.532240,0.000000,0.000000,0.000000,0.991486
-6.944545,2.481510,0.414962,-1.269346,-2.518431,-0.549070,0.000000,0.000000,0.000000,0.958720
-26.683171,0.603541,-2.039092,-26.881726,22.524439,-23.135941,0.000000,0.000000,0.000000,1.155730
-19.669236,7.477201,0.333606,2.839913,2.884548,0.659701,0.000000,0.000000,0.000000,1.181506
38.658934,407.728914,69.221281,567.292292,4048.943795,692.542243,0.000000,0.000000,0.000000,0.864553
534780565.770922,-464769898.103235,-734950821.096851,5347805900.324543,-4647699004.222689,-7349508206.374980,0.000000,0.000000,0.000000,1.198089
-25.643295,-7.131556,0.276160,0.364381,-0.308441,0.487635,0.000000,0.000000,0.000000,1.140690
-27.631511,-7.978568,0.112412,0.325202,-0.118522,0.665404,0.000000,0.000000,0.000000,0.919415
-9.381525,-3.162983,0.440037,7.919535,-0.025342,2.711684,0.000000,0.000000,0.000000,0.886350
12152.946455,-22050.280381,-1630.192926,122979.707736,-222621.688701,-16461.982721,0.000000,0.000000,0.000000,1.120723
-1800.249420,1802.910987,524.971354,-17801.181771,18056.636673,5252.026433,0.000000,0.000000,0.000000,0.822960
-6.430550,-16.327973,2.844942,60.087878,-120.404485,30.156465,0.000000,0.000000,0.000000,1.093680
-18.948607,8.698990,-0.579721,-4.503031,3.021784,-1.830047,0.000000,0.000000,0.000000,0.899880
-22.704861,-4.900429,-1.140459,17.826017,13.454331,-22.184815,0.000000,0.000000,0.000000,0.907983
-31.843271,9.089947,0.434687,-0.140583,-0.226398,0.443481,0.000000,0.000000,0.000000,0.871534
44.829099,-138.779425,34.117272,636.842747,-1402.728428,336.634629,0.000000,0.000000,0.000000,0.990089
-3786.229503,1226.928678,-2024.831379,-37658.886829,12281.658187,-20248.367031,0.000000,0.000000,0.000000,0.961192
-12.592787,9.523410,1.050427,0.316967,3.347090,16.379950,0.000000,0.000000,0.000000,1.034270
-13.369911,-12.435844,0.323279,0.799761,-1.685150,0.927453,0.000000,0.000000,0.000000,0.875531
-9.651741,2.549936,-0.030022,1.328265,-0.398483,1.805856,0.000000,0.000000,0.000000,0.844017
-31.579777,5.007159,0.565958,-3.279682,-1.914102,5.099279,0.000000,0.000000,0.000000,1.053551
-21.014015,11.349280,0.225330,0.807387,-0.740074,1.618969,0.000000,0.000000,0.000000,1.142860
-27.819754,-2.787002,-0.053115,4.976711,-1.933325,3.063390,0.000000,0.000000,0.000000,1.051468
5.338675,152.445436,176.495363,264.558267,1511.763510,1765.042043,0.000000,0.000000,0.000000,1.093388
-266542.805727,10956.097811,516435.346525,-2692142.760819,110695.099123,5216522.170686,0.000000,0.000000,0.000000,1.093652
-18.420457,2.373442,0.974967,-5.221875,16.306670,5.524015,0.000000,0.000000,0.000000,0.999280
-23.046927,14.107796,1.504271,13.659605,1.180824,11.133269,0.000000,0.000000,0.000000,1.139585
-18.309075,1.683791,-3.193326,-35.248651,-0.325984,-29.411168,0.000000,0.000000,0.000000,0.980556
-27.508366,-9.850209,0.834458,-3.188801,10.665393,4.922832,0.000000,0.000000,0.000000,1.084633
-10.083723,-0.097457,-0.144233,0.241211,-0.350256,0.442046,0.000000,0.000000,0.000000,1.008290
-21.802200,4.029837,-2.490117,7.050387,-56.699147,-35.737927,0.000000,0.000000,0.000000,0.913202
21.402645,105.832204,-145.714486,485.407465,1124.099658,-1491.361740,0.000000,0.000000,0.000000,1.090817
-14.892547,-7.130168,0.098697,0.688858,0.571218,1.113850,0.000000,0.000000,0.000000,0.966068
-12.828240,-0.854252,29.965994,77.260322,21.455109,303.694976,0.000000,0.000000,0.000000,0.824455
-6.372533,5.617466,3.578014,76.275166,-12.254308,51.235873,0.000000,0.000000,0.000000,0.996795
-18.869390,-4.155526,-0.537922,-13.024799,-6.295478,2.895334,0.000000,0.000000,0.000000,1.192100
-14.742926,-0.306867,-0.381424,-0.078364,0.432308,0.783909,0.000000,0.000000,0.000000,1.024388
-128.640592,111.873524,-228.757061,-1085.353868,1126.991627,-2286.037708,0.000000,0.000000,0.000000,1.084571
-24.756463,13.183240,0.464220,-0.196847,-0.959341,0.672216,0.000000,0.000000,0.000000,0.924416
-12.257670,8.758128,4.795347,90.397109,104.227806,44.867236,0.000000,0.000000,0.000000,0.928617
-21.661016,-8.555498,1.219266,17.009730,-5.266882,10.280948,0.000000,0.000000,0.000000,0.808000
-23.514848,5.002269,-0.057257,6.697002,5.869710,2.727446,0.000000,0.000000,0.000000,0.956997
20.206551,-381.001885,-171.155735,408.926516,-3801.710828,-1707.368190,0.000000,0.000000,0.000000,0.876427
-26.093506,-11.242826,0.833742,5.014230,0.579011,3.645660,0.000000,0.000000,0.000000,1.094605
-15.734052,13.978364,0.207575,-0.305177,0.078463,0.494562,0.000000,0.000000,0.000000,0.829318
12375.079362,1280.496624,2453.715149,123918.432238,12751.693821,24534.357186,0.000000,0.000000,0.000000,1.063083
220.629917,374.760936,64.869804,2410.357603,3859.047358,650.796409,0.000000,0.000000,0.000000,0.959562
-11.708218,13.711932,-0.312944,17.794799,7.351339,1.512216,0.000000,0.000000,0.000000,0.846626
3474.190755,1600.829911,28.619165,34951.725038,16002.266661,281.199395,0.000000,0.000000,0.000000,0.884445
270542.401304,-11235.638456,-524280.577818,2732959.636770,-113463.824109,-5295758.529762,0.000000,0.000000,0.000000,1.077336
-9.682146,-2.891106,-0.703564,-10.566621,1.834375,-3.460756,0.000000,0.000000,0.000000,1.143288
-57.037280,90.419701,-87.697161,-418.880653,898.771429,-872.526610,0.000000,0.000000,0.000000,1.163000
-38088.676337,-4582.634043,9897.440559,-380709.595678,-45873.054557,98975.032257,0.000000,0.000000,0.000000,1.036448
-24.566414,7.162231,0.656051,-3.610100,10.552480,0.344311,0.000000,0.000000,0.000000,1.093057
-22.436367,14.664997,0.252687,-0.072537,1.227487,1.184419,0.000000,0.000000,0.000000,0.957869
17619690.449576,31056670.092819,11165226.706971,176197105.329955,310566820.298359,111652269.561457,0.000000,0.000000,0.000000,1.016228
181.383539,85.024014,397.807659,2011.511306,861.437265,3977.702843,0.000000,0.000000,0.000000,1.159158
-17.442019,-0.237908,1.697775,-11.226639,-23.598871,7.912144,0.000000,0.000000,0.000000,0.914799
6928.041749,-5930.442397,2441.549312,70899.549165,-60525.369843,24921.951222,0.000000,0.000000,0.000000,0.946914
-22.786610,9.362650,0.043191,-0.760292,0.682842,0.680523,0.000000,0.000000,0.000000,1.151416
-30.641363,-3.804933,0.636604,-0.085137,-3.491640,1.931667,0.000000,0.000000,0.000000,1.075848
-23893.408983,4056.878415,-8952.053854,-238736.955854,40582.324369,-89519.223761,0.000000,0.000000,0.000000,1.096484
-464.688086,454.260550,23.891383,-4384.143053,4567.656811,244.445264,0.000000,0.000000,0.000000,0.876089
-11.680707,-9.478362,0.101177,0.255416,0.266797,0.562958,0.000000,0.000000,0.000000,0.852677
-19.002060,0.886159,-0.000271,-8.691967,5.177094,-1.255304,0.000000,0.000000,0.000000,1.074863
-22.834100,7.806702,-1.669767,-0.884712,-5.563092,-15.848742,0.000000,0.000000,0.000000,0.932659
-17.251190,-5.552313,-0.340115,0.401807,0.402235,0.462123,0.000000,0.000000,0.000000,0.968753
-13.756058,-1.625914,0.529526,2.722119,0.881728,1.913202,0.000000,0.000000,0.000000,0.955005
29646.686559,106962.185804,-60505.316669,296655.174548,1069622.331195,-605056.635055,0.000000,0.000000,0.000000,1.158609
-2548.336076,-1398.571206,-2608.305056,-25278.839173,-13975.401859,-26083.497429,0.000000,0.000000,0.000000,0.918582
-30.861099,0.062637,0.461194,0.282495,0.268998,1.103796,0.000000,0.000000,0.000000,1.040780
-12.944924,-5.615423,1.940398,28.303813,10.738288,17.931062,0.000000,0.000000,0.000000,0.927107
1829.327271,284.364015,167.714136,18828.846561,2896.184308,1713.028835,0.000000,0.000000,0.000000,1.128084
-19.045727,17.218046,-0.823310,27.180101,62.771774,-13.922267,0.000000,0.000000,0.000000,0.946045
-17.928434,5.381860,-1.196766,31.286845,4.812295,-12.906066,0.000000,0.000000,0.000000,1.127063
-18.598988,-6.482576,0.595082,-0.471168,0.230737,1.910850,0.000000,0.000000,0.000000,0.884658
256.771489,-153.504754,-101.871786,2775.792662,-1551.326160,-1015.485031,0.000000,0.000000,0.000000,1.087730
-6035.426049,-27563.453803,-9481.558198,-60125.498685,-275624.251018,-94815.870203,0.000000,0.000000,0.000000,0.954176
5.718640,-410.857245,-154.902450,261.814944,-4103.964676,-1548.933017,0.000000,0.000000,0.000000,1.047518
-1389399.216551,-446676.314657,-1619616.830804,-13893767.864385,-4466722.935341,-16196170.046744,0.000000,0.000000,0.000000,1.052604
-11.301899,13.833526,1.790528,7.658853,57.690638,14.585982,0.000000,0.000000,0.000000,0.834774
-53.874196,367.898485,159.406842,-333.883782,3681.056012,1593.057752,0.000000,0.000000,0.000000,1.193051
-23.340694,3.721809,-4.283129,5.383614,-19.263949,-40.047109,0.000000,0.000000,0.000000,0.850615
-17.736392,3.920948,-0.592857,-1.981404,-0.221300,-2.268484,0.000000,0.000000,0.000000,0.985159
-16.056804,5.959868,-0.390279,-0.468579,0.334965,0.578264,0.000000,0.000000,0.000000,0.970887
-282.097622,78.996469,104.084503,-2678.651596,866.727523,1043.956790,0.000000,0.000000,0.000000,0.913613
-11.159289,1.904753,-0.778634,1.990951,9.659712,-14.652591,0.000000,0.000000,0.000000,0.851217
-11.762948,-1.380897,2.036544,13.385553,-5.964864,29.228972,0.000000,0.000000,0.000000,1.013071
770.613927,-740.583853,-1142.838781,7915.601889,-7412.872655,-11423.533514,0.000000,0.000000,0.000000,1.028262
-15.160250,8.068061,0.376843,-0.337636,0.228758,0.485534,0.000000,0.000000,0.000000,1.104882
-19.220513,-8.891009,-0.597302,-2.785473,-5.977524,-0.564736,0.000000,0.000000,0.000000,1.173870
-98.286852,-52.697918,-75.838111,-835.796407,-526.065995,-762.209627,0.000000,0.000000,0.000000,0.886806
-13.720912,9.894006,3.991506,180.339708,138.378704,51.083399,0.000000,0.000000,0.000000,1.093609
-10.316526,2.428385,0.955404,14.877629,13.827569,15.934409,0.000000,0.000000,0.000000,0.962762
-26.456524,-0.874060,-0.466045,-5.188731,-4.216220,-4.608232,0.000000,0.000000,0.000000,0.894744
-114.174198,-12.524589,-253.082098,-1081.615151,-245.733008,-3203.399923,0.000000,0.000000,0.000000,1.125705
-26.124876,-0.180630,-0.066172,-3.854499,-12.818641,2.839468,0.000000,0.000000,0.000000,0.809324
-21.384484,5.333856,-0.360354,-0.837529,-0.948486,0.376478,0.000000,0.000000,0.000000,1.127365
-16.782638,-12.009035,-0.413753,0.295194,0.127323,0.572757,0.000000,0.000000,0.000000,1.136320
-13.298325,10.053692,-0.545551,-2.557240,6.496598,-2.225035,0.000000,0.000000,0.000000,0.819373
-30.691288,8.970586,17.357236,-109.552776,79.790419,173.129079,0.000000,0.000000,0.000000,1.126828
-77761.420518,1534965.596702,2079062.620382,-777445.253273,15349727.200223,20790625.367203,0.000000,0.000000,0.000000,0.889062
-25.594998,-0.820582,-0.000540,5.659422,-9.789345,1.361062,0.000000,0.000000,0.000000,1.027043
-16.550645,-2.498699,-5.281936,18.412866,-35.500481,-48.172286,0.000000,0.000000,0.000000,1.160073
217.536829,-82.607681,-90.523122,2315.101198,-748.475664,-901.110006,0.000000,0.000000,0.000000,1.057339
-22.404958,4.085124,0.219023,4.414320,10.881663,6.067422,0.000000,0.000000,0.000000,0.803405
-18.406016,3.927156,1.054622,8.622039,-2.837025,6.584962,0.000000,0.000000,0.000000,0.851926
-22.671524,3.990435,-0.684725,6.843512,14.378733,-5.453760,0.000000,0.000000,0.000000,1.016284
-25.109039,9.351376,0.534363,-1.869713,0.959778,1.487033,0.000000,0.000000,0.000000,0.811855
-158.039062,1244.417812,-449.823558,-1368.764531,12418.011098,-4497.026059,0.000000,0.000000,0.000000,0.810598
-24.359393,-2.378804,9.985798,55.863072,-18.305567,100.451070,0.000000,0.000000,0.000000,0.961358
-15.598992,-14.043135,0.144146,0.302879,0.112379,0.492546,0.000000,0.000000,0.000000,0.986693
-25.112576,-3.824240,0.897353,-25.450043,8.986849,11.776402,0.000000,0.000000,0.000000,0.825082
-557.034935,91.411720,304.254982,-5416.256212,978.718064,3097.821290,0.000000,0.000000,0.000000,0.868226
-28.501861,4.957302,0.294782,-0.229984,-0.361090,0.478423,0.000000,0.000000,0.000000,1.153287
-19.507289,3.610857,-0.470838,1.305413,1.558557,-1.695544,0.000000,0.000000,0.000000,0.870447
-8.165527,6.570753,0.538655,2.627050,3.746611,4.557515,0.000000,0.000000,0.000000,0.987682
-27.326654,-2.612424,-1.030547,-3.709540,-5.155360,-20.129645,0.000000,0.000000,0.000000,0.878281
-22.556373,11.581633,0.113429,-0.046022,-0.144982,0.522592,0.000000,0.000000,0.000000,1.176964
-24.863634,1.185765,-22.675308,-19.739622,27.891235,-223.042228,0.000000,0.000000,0.000000,0.985321
-18.105344,-9.797956,-1.975576,1.769899,1.935396,-15.705324,0.000000,0.000000,0.000000,0.864344
-22.806533,14.528328,-1.540503,-9.216591,88.552932,-21.181080,0.000000,0.000000,0.000000,0.892454
-15.917025,-10.197236,0.112255,-2.095266,-1.977868,6.380522,0.000000,0.000000,0.000000,1.115895
-3258.473553,-1481.191125,-25.114192,-32372.776977,-14816.963795,-256.117183,0.000000,0.000000,0.000000,0.955103
-28.336893,2.226453,0.647045,-1.462311,6.607563,6.278732,0.000000,0.000000,0.000000,0.913098
-6.909829,-6.528196,0.474760,0.166602,0.338671,0.482414,0.000000,0.000000,0.000000,0.890366
-10.982291,4.286031,-0.517530,12.631750,-27.935960,-3.474166,0.000000,0.000000,0.000000,0.980274
-17.274158,-5.451577,-2.264572,-15.086146,-14.224274,-19.769712,0.000000,0.000000,0.000000,1.109128
-12.649584,3.790849,-0.405555,-0.032375,0.298765,0.438082,0.000000,0.000000,0.000000,1.108792
-20.263935,-4.792167,0.457459,2.059637,-0.349965,3.018436,0.000000,0.000000,0.000000,1.171583
-24.407521,4.991746,-0.442226,-8.428714,17.539094,-5.836435,0.000000,0.000000,0.000000,1.020912
-18.230530,2.907075,0.344939,-14.024186,-4.524696,0.559779,0.000000,0.000000,0.000000,1.076698
-14.383154,-2.612809,4.738816,-21.579526,-33.767376,42.896233,0.000000,0.000000,0.000000,1.124017
-555.217970,-1465.985658,659.322393,-5506.148940,-14752.811830,6655.990468,0.000000,0.000000,0.000000,1.142295
-20.792753,-6.379230,-0.162368,0.491940,0.157710,0.256311,0.000000,0.000000,0.000000,0.864710
75.750247,-104.225721,30.900864,934.469773,-1007.853646,308.856834,0.000000,0.000000,0.000000,1.100182
-20.664529,-14.022094,-0.229636,0.348885,0.062551,0.558907,0.000000,0.000000,0.000000,0.897377
-11.099217,-4.872055,-0.279044,0.201641,0.408670,0.520713,0.000000,0.000000,0.000000,1.039522
-17.358344,0.849086,2.194400,41.541497,3.373370,28.110046,0.000000,0.000000,0.000000,1.185663
-34.970856,0.137128,-0.372785,0.005413,-0.304856,0.498634,0.000000,0.000000,0.000000,0.833635
-11778.696598,4079.861204,6134.848903,-117592.937587,40801.911975,61352.558317,0.000000,0.000000,0.000000,1.155855
65.188072,8.025538,421.164367,850.204708,111.739939,4252.128466,0.000000,0.000000,0.000000,1.125171
30.510683,1.728620,-0.024346,-0.103866,0.281764,-0.558781,0.000000,0.000000,0.000000,0.805200
20.448853,11.432339,-0.545197,-0.176505,-1.854859,-1.387664,0.000000,0.000000,0.000000,1.010085
29.139326,-7.835970,0.158549,1.973704,1.792484,-0.218261,0.000000,0.000000,0.000000,1.094638
11.091898,6.891642,0.409160,-6.468542,2.342315,1.862108,0.000000,0.000000,0.000000,1.078279
33560.688545,8547.615188,124282.140535,335411.975298,85481.885629,1242822.864410,0.000000,0.000000,0.000000,1.152899
16.353075,-10.599769,0.282959,-3.143904,-6.005920,-0.943364,0.000000,0.000000,0.000000,1.085728
8.633847,-2.835446,0.250134,-4.108910,-1.218472,0.265775,0.000000,0.000000,0.000000,0.848772
26.223979,-0.334500,0.747513,2.603687,-3.467608,6.079404,0.000000,0.000000,0.000000,0.980531
10.247101,2.711565,0.334023,-11.229966,-7.325153,1.129038,0.000000,0.000000,0.000000,1.000139
-87.864820,25.892401,-295.109322,-1098.753348,260.646164,-2947.976503,0.000000,0.000000,0.000000,1.010837
225.686190,296.112784,-249.090789,2085.257909,2925.678285,-2493.207789,0.000000,0.000000,0.000000,0.954164
26.069480,2.921071,2.357554,-7.255705,23.741497,20.653955,0.000000,0.000000,0.000000,1.044827
3.134884,-2.168468,3.321189,-60.521368,19.233806,44.787161,0.000000,0.000000,0.000000,0.940580
-2713.317615,-4578.599888,118.319801,-27323.871740,-45778.818561,1185.867011,0.000000,0.000000,0.000000,0.898207
11.072753,-3.389338,-0.521001,-0.116218,-0.771546,-0.419690,0.000000,0.000000,0.000000,0.966543
13.944202,-6.539080,2.890964,-46.762163,2.540129,29.768375,0.000000,0.000000,0.000000,1.179068
17.535087,13.462687,0.215041,-0.353721,-0.062061,-0.506104,0.000000,0.000000,0.000000,1.143497
32.616964,2.705296,-0.198810,-0.043975,0.387435,-0.446695,0.000000,0.000000,0.000000,1.020994
13.444128,-7.031054,-2.595014,-29.437508,11.686066,-31.581988,0.000000,0.000000,0.000000,1.156391
10.307990,2.090692,-1.914532,20.507950,-21.934440,-15.291361,0.000000,0.000000,0.000000,0.965299
27.273273,-9.217363,-0.438480,0.413927,0.155719,-1.148815,0.000000,0.000000,0.000000,1.030297
23.656782,-7.769288,-0.079194,28.374300,-21.554855,-1.199479,0.000000,0.000000,0.000000,1.162622
27.333837,-2.795973,0.712336,-5.312514,-7.178042,11.636889,0.000000,0.000000,0.000000,0.963892
28.648889,9.219796,0.164730,-4.216389,13.928460,3.767687,0.000000,0.000000,0.000000,0.803676
20.688867,2.952719,-2.263494,15.417599,-9.036468,-25.321170,0.000000,0.000000,0.000000,0.978531
22.132588,10.134101,0.025689,-0.342619,-0.011648,-0.418281,0.000000,0.000000,0.000000,1.185931
6.457425,-0.570464,-0.108579,0.138706,-0.270524,-0.539633,0.000000,0.000000,0.000000,0.975066
29.482499,7.574000,0.080178,-3.391087,0.947646,-3.691674,0.000000,0.000000,0.000000,1.173821
17.252900,-5.285370,0.458557,16.271075,9.915635,7.298115,0.000000,0.000000,0.000000,0.806426
20.926446,9.410102,0.170368,-0.455580,0.107318,-0.552344,0.000000,0.000000,0.000000,0.906176
21.764263,7.698393,2.335618,26.474665,38.473669,61.679527,0.000000,0.000000,0.000000,1.158930
19.710456,9.024618,0.232980,0.457183,0.408109,0.399914,0.000000,0.000000,0.000000,1.161871
18.188693,-7.555014,-1.094955,-1.712650,17.989476,-7.061239,0.000000,0.000000,0.000000,0.996467
14.807555,-17.782034,13.546292,-152.576987,-222.781168,144.925391,0.000000,0.000000,0.000000,1.113007
-15215173.278418,24473071.898969,22834472.576651,-152151909.102263,244730600.945354,228344722.961580,0.000000,0.000000,0.000000,1.103689
20.785190,-10.733039,-1.407065,-8.829665,21.874618,-15.235914,0.000000,0.000000,0.000000,1.034387
24.178581,0.164095,-7.919051,-10.290085,27.825063,-104.206378,0.000000,0.000000,0.000000,0.951720
17.589788,-5.835609,4.351618,30.621156,-4.784341,38.923296,0.000000,0.000000,0.000000,0.850262
31.222003,5.939294,-0.024903,3.868813,6.667195,1.343238,0.000000,0.000000,0.000000,1.178905
15.989217,5.510987,0.325876,6.480860,-2.309110,3.071467,0.000000,0.000000,0.000000,1.132187
20.312141,1.698235,-3.405438,8.507946,18.628247,-29.480440,0.000000,0.000000,0.000000,0.821755
18.644447,-3.321765,3.176694,-24.542045,-3.049777,37.436007,0.000000,0.000000,0.000000,0.979187
18.132859,9.261594,-0.535439,-0.292121,-0.028216,-0.387692,0.000000,0.000000,0.000000,0.852776
18.704341,4.907415,0.210028,0.570120,-0.229528,1.794455,0.000000,0.000000,0.000000,1.154541
18.694585,-1.331144,1.234010,5.447298,-3.220687,10.054540,0.000000,0.000000,0.000000,1.067602
25.138790,8.635159,-0.937558,-2.818143,3.770495,-5.117424,0.000000,0.000000,0.000000,1.154992
30.478372,5.132681,0.360287,-4.116268,2.300851,3.296599,0.000000,0.000000,0.000000,1.042995
-191.304674,-57.034545,-47.307492,-2072.057885,-711.417370,-474.551779,0.000000,0.000000,0.000000,1.020038
14.967677,-4.053354,2.140719,-37.395919,7.984198,53.612718,0.000000,0.000000,0.000000,1.137709
25.931417,-3.189087,0.305334,0.202957,0.329629,-0.575832,0.000000,0.000000,0.000000,1.042319
9.713927,5.918902,0.385990,-1.287226,0.150687,1.347208,0.000000,0.000000,0.000000,1.125389
-118.414404,-81.586854,-7.469981,-1236.825992,-842.131570,-70.879343,0.000000,0.000000,0.000000,0.894271
20.441859,10.367059,-0.403582,-1.689848,-0.785541,-0.793756,0.000000,0.000000,0.000000,1.128531
30.418481,114.904956,-59.148973,65.310259,1270.064832,-588.589270,0.000000,0.000000,0.000000,0.968596
26.044928,-6.187045,0.373624,-0.212961,1.784927,-1.099301,0.000000,0.000000,0.000000,0.924299
4490.458830,1944.696230,1890.606821,44677.781900,19540.681748,18910.159231,0.000000,0.000000,0.000000,1.078567
1.476311,17.906017,36.104169,-69.472254,105.023510,361.190387,0.000000,0.000000,0.000000,0.911689
13.481057,-4.637548,1.396787,-16.590353,-0.008096,17.199706,0.000000,0.000000,0.000000,1.111671
119.729712,86.641387,-50.615991,1017.651542,878.361732,-515.919858,0.000000,0.000000,0.000000,1.044103
22.318698,15.232460,-2.902209,-23.424521,108.068641,-27.793504,0.000000,0.000000,0.000000,0.835333
33.693210,-0.973114,-0.247695,0.003225,0.217016,-0.456307,0.000000,0.000000,0.000000,0.826927
29.529330,-8.864852,0.528993,3.025954,-4.448368,1.389312,0.000000,0.000000,0.000000,0.975929
13.449617,-3.374666,1.566636,-14.351657,10.135885,20.121068,0.000000,0.000000,0.000000,0.855713
28.926521,2.071623,-0.573064,-1.721276,3.639253,-1.454607,0.000000,0.000000,0.000000,0.998780
24.333389,13.745122,-0.331132,-0.318544,0.068174,-0.493753,0.000000,0.000000,0.000000,0.849696
15.973091,-0.437300,0.313252,2.575932,0.168128,2.446080,0.000000,0.000000,0.000000,1.170608
13.215953,0.292636,-0.205625,12.333137,26.713142,-0.681066,0.000000,0.000000,0.000000,0.841411
34.672281,-1.947528,-0.866607,1.558367,-11.326201,-10.233971,0.000000,0.000000,0.000000,0.817673
-446.164760,663.752503,-1306.164250,-4627.993559,6578.936285,-13057.064381,0.000000,0.000000,0.000000,0.877842
15.334707,4.600683,-5.513748,-11.022180,19.311567,-52.573301,0.000000,0.000000,0.000000,1.130582
47.165557,9.712916,27.365792,336.756237,-22.923022,270.866650,0.000000,0.000000,0.000000,0.804761
26.618758,-9.859372,0.106341,0.423505,0.174526,-0.547934,0.000000,0.000000,0.000000,0.971646
16.441963,-5.786087,-0.497048,11.891976,0.756623,-9.980307,0.000000,0.000000,0.000000,1.175206
43.260549,-19.051099,-11.429598,204.073332,-280.893268,-112.672740,0.000000,0.000000,0.000000,0.895610
23.290063,-1.774655,1.112359,7.662127,-0.963037,14.799695,0.000000,0.000000,0.000000,1.124766
8.676595,-0.339109,-1.526156,-49.370246,-13.376568,-14.552312,0.000000,0.000000,0.000000,0.917030
14.043912,24.960209,-25.122166,-31.977936,269.541100,-246.766631,0.000000,0.000000,0.000000,1.110419
15.865634,-21.327123,-0.126676,6.436287,-89.439506,-3.602211,0.000000,0.000000,0.000000,1.182938
23.860765,3.257213,1.597145,-2.764605,3.753213,12.842155,0.000000,0.000000,0.000000,0.870615
2779.796302,-1570.146947,175.360956,28111.632154,-16070.750084,1779.180043,0.000000,0.000000,0.000000,1.124942
-1373.346555,-926.890503,-999.488030,-13936.908070,-9265.116960,-9996.848499,0.000000,0.000000,0.000000,1.097224
19.994279,14.085727,-0.384339,-0.292603,-0.018601,-0.495705,0.000000,0.000000,0.000000,0.936291
20.980310,-9.313008,-0.952701,5.680379,-39.948611,-17.813366,0.000000,0.000000,0.000000,0.816094
14.445043,-3.028941,-0.827241,5.754515,-0.195277,-7.357566,0.000000,0.000000,0.000000,1.110992
22.225384,-5.586554,1.160486,2.412513,3.757626,11.940050,0.000000,0.000000,0.000000,0.993451
19.304496,-11.387432,0.183270,0.230400,-6.386900,2.216102,0.000000,0.000000,0.000000,1.003036
-18.855901,37.331694,-8.519885,-292.975270,386.687333,-80.365842,0.000000,0.000000,0.000000,1.101751
217.048667,185.552055,11.200828,1952.255565,1847.501854,116.651842,0.000000,0.000000,0.000000,0.997930
21.196664,-1.852819,0.737237,3.767305,-1.937978,3.051137,0.000000,0.000000,0.000000,0.882918
25.012968,-1.077823,-2.535484,35.505477,-18.843745,-25.505255,0.000000,0.000000,0.000000,1.040275
29.474526,6.089540,0.390478,5.737142,6.721604,0.316748,0.000000,0.000000,0.000000,0.822449
17.617929,9.677009,0.233087,2.199907,1.125687,0.227173,0.000000,0.000000,0.000000,1.015110
23.365124,140.693717,270.209712,37.502009,1379.456119,2702.928568,0.000000,0.000000,0.000000,0.835719
26.790027,-6.185104,-0.080721,0.402020,0.298700,-0.585017,0.000000,0.000000,0.000000,0.874795
-332.289403,405.518102,-61.026250,-3518.547180,4068.257750,-606.004925,0.000000,0.000000,0.000000,0.843767
18.605237,7.703997,0.440370,0.538625,3.729459,0.006872,0.000000,0.000000,0.000000,1.158408
29.260577,9.337886,0.060741,15.916239,6.415249,-2.491558,0.000000,0.000000,0.000000,0.820242
678.286017,-794.201309,-27.897319,6516.580273,-7852.088424,-274.898079,0.000000,0.000000,0.000000,1.047587
14.106747,6.729567,0.204975,5.410411,3.946960,0.409494,0.000000,0.000000,0.000000,1.193608
22.075574,-6.432874,-0.721221,-7.913383,-5.143833,-4.378775,0.000000,0.000000,0.000000,0.839774
-1.310066,-2116.475745,-2248.265646,-136.266242,-21127.091346,-22481.520471,0.000000,0.000000,0.000000,0.802157
16.752009,-13.290751,-0.363069,11.101225,1.462082,-4.263807,0.000000,0.000000,0.000000,0.810005
-48.961233,-23.997433,-4.358137,-653.803923,-286.098841,-49.484603,0.000000,0.000000,0.000000,1.156415
-200.780301,304.924679,949.094809,-2351.368853,3035.352308,9488.219532,0.000000,0.000000,0.000000,1.178320
-801581.815451,-1165708.158181,407865.914714,-8016025.081377,-11657080.035464,4078662.863093,0.000000,0.000000,0.000000,0.849203
24.192665,-6.971906,0.419162,0.942201,-0.095354,-0.770387,0.000000,0.000000,0.000000,0.811737
89.460400,481.121047,147.794167,730.241410,4847.428809,1490.092721,0.000000,0.000000,0.000000,1.007577
22.205885,4.090060,-2.910523,-7.418748,5.185525,-25.402927,0.000000,0.000000,0.000000,0.907589
17.438635,-8.790357,-3.980497,2.120075,-3.421710,-39.225702,0.000000,0.000000,0.000000,1.118950
8.299657,-0.028327,-0.488084,-15.303738,0.463408,-5.797483,0.000000,0.000000,0.000000,1.058072
20.731881,-11.240107,-0.003789,-2.378064,-1.692645,-0.057087,0.000000,0.000000,0.000000,0.979610
27.440755,3.798196,-3.743448,1.993936,-0.331562,-35.211793,0.000000,0.000000,0.000000,1.015808
17.339208,11.150743,0.336782,-0.783348,-0.993450,-0.318497,0.000000,0.000000,0.000000,1.172563
12.579344,9.030147,2.755088,-24.030544,-10.847448,25.964686,0.000000,0.000000,0.000000,0.963067
18.176410,0.968359,-2.154125,-14.162870,-1.595067,-29.922656,0.000000,0.000000,0.000000,0.931933
183.203491,-22.781219,546.367729,2183.440543,-285.203408,7186.360697,0.000000,0.000000,0.000000,0.810177
18.765845,-4.806870,0.536906,-6.893078,-0.645254,-1.895756,0.000000,0.000000,0.000000,1.048074
17.562754,-11.356766,0.077503,4.109931,3.172948,0.071624,0.000000,0.000000,0.000000,1.088974
-500.965031,-547.322910,-1183.575718,-5196.497807,-5492.520140,-11831.516069,0.000000,0.000000,0.000000,1.149844
22.544095,5.055698,0.138753,-1.310592,0.618319,0.639714,0.000000,0.000000,0.000000,1.190474
20.430589,-2.885186,1.488682,-4.332920,-11.176662,12.418230,0.000000,0.000000,0.000000,0.941091
26.043435,-1.042111,0.383324,0.756338,1.779632,0.602439,0.000000,0.000000,0.000000,1.111548
-125859714.757536,-118508114.097094,78869513.720274,-1258597426.379951,-1185081188.971249,788695140.485360,0.000000,0.000000,0.000000,0.909709
58766.507766,-50246.285112,3003.655451,587438.447843,-502453.970163,30039.057681,0.000000,0.000000,0.000000,0.810550
21.611992,3.605965,0.349446,-4.378474,-1.487091,2.570399,0.000000,0.000000,0.000000,1.023740
22.507495,8.370671,-0.023365,1.493294,-3.475711,-1.268107,0.000000,0.000000,0.000000,0.920904
20.137967,-6.623545,2.956846,13.911581,-40.483027,44.782301,0.000000,0.000000,0.000000,1.139613
12.173033,7.856723,-0.207947,-0.495392,-0.857198,-1.064934,0.000000,0.000000,0.000000,0.804975
-431334.646359,84406.703941,353336.186433,-4313541.624764,844056.135225,3533361.350820,0.000000,0.000000,0.000000,0.889098
12.189894,-5.199915,0.710899,14.594548,8.953008,2.212169,0.000000,0.000000,0.000000,1.009288
15.355207,-1.584081,0.257398,0.403585,-5.888137,3.282766,0.000000,0.000000,0.000000,1.077554
495.296813,285.136087,-298.444887,4754.318444,2857.036878,-2979.758521,0.000000,0.000000,0.000000,0.998451
-80.825606,53.810381,-11.243654,-902.580843,487.867420,-112.263266,0.000000,0.000000,0.000000,0.870427
228.495614,36.554286,-41.547535,2292.798888,303.361497,-443.057378,0.000000,0.000000,0.000000,0.879874
11.604681,6.669554,0.195917,-3.902858,0.100117,-1.554578,0.000000,0.000000,0.000000,1.180466
-5.212541,18.681971,31.613659,-146.329988,111.399447,308.635406,0.000000,0.000000,0.000000,1.041296
8.581964,6.517093,-0.335322,-1.734859,-0.734124,-2.645635,0.000000,0.000000,0.000000,0.901040
-8207.473753,4634.862971,538.436171,-83953.981719,47297.971579,5487.594946,0.000000,0.000000,0.000000,0.921799
21.599828,6.440767,-0.943435,-3.768359,19.589677,-8.037740,0.000000,0.000000,0.000000,0.931945
25.788934,12.288578,-0.011606,-0.286986,0.126309,-0.491489,0.000000,0.000000,0.000000,1.171765
23.838482,-3.378549,-0.354880,-7.687116,-4.443545,2.654597,0.000000,0.000000,0.000000,0.932916
25.866030,1.199287,0.676790,30.942793,7.040652,18.208519,0.000000,0.000000,0.000000,0.856158
1401.641400,-850.771199,-534.752129,13822.531069,-8511.557920,-5342.898096,0.000000,0.000000,0.000000,0.805981
20.363276,12.268562,-0.157712,-0.843429,1.186871,-0.557158,0.000000,0.000000,0.000000,1.002399
18.588810,-115.378005,47.478812,-52.846550,-1029.979708,476.395513,0.000000,0.000000,0.000000,1.194210
-377.510491,-814.589359,-1335.861153,-4020.504862,-8264.220718,-13357.802110,0.000000,0.000000,0.000000,0.848603
19.501163,-0.060009,-38.815208,107.984894,-82.733133,-389.326901,0.000000,0.000000,0.000000,0.879236
20.329542,5.465741,-3.005222,64.646194,44.249648,-30.321925,0.000000,0.000000,0.000000,0.914770
5.676231,4.913448,1.258025,-94.895963,9.754749,13.787035,0.000000,0.000000,0.000000,0.803288
32.545402,1.009309,-0.477795,-0.939741,-0.012168,-0.634479,0.000000,0.000000,0.000000,1.033023
8.031589,3.209744,-0.489899,-0.128057,-0.269579,-0.510867,0.000000,0.000000,0.000000,0.957055
33.002915,-2.328742,0.105574,-0.067955,0.139730,-0.420883,0.000000,0.000000,0.000000,0.870589
15.269252,-3.489814,-3.937827,0.787741,-10.960088,-40.259567,0.000000,0.000000,0.000000,0.856782
26.469421,-13.003956,0.092478,-1.205359,-3.853968,-0.942104,0.000000,0.000000,0.000000,1.008505
10.072623,11.215654,-0.836932,-5.031433,0.700493,-8.720007,0.000000,0.000000,0.000000,1.051318
748.808198,835.120060,48.636809,7370.157269,8267.235499,486.086126,0.000000,0.000000,0.000000,0.829319
34.241415,8.348284,-0.474759,12.144825,17.891912,-0.887489,0.000000,0.000000,0.000000,1.105101
-4869.360609,-441.626942,-10695.452951,-48791.996143,-4435.842115,-106954.529703,0.000000,0.000000,0.000000,0.803975
15.628949,-9.869686,-8.146373,-4.775319,-103.275561,-94.350129,0.000000,0.000000,0.000000,1.156677
2143.845822,-2481.388181,-2259.340694,21222.375050,-24803.457619,-22596.447230,0.000000,0.000000,0.000000,1.087580
61.080590,510.463689,-723.895638,425.086720,5137.148280,-7240.406766,0.000000,0.000000,0.000000,0.835413
18.794205,-66.996808,60.444216,-8.131475,-735.183548,600.630660,0.000000,0.000000,0.000000,1.076250
33.274306,-5.237096,-7.778397,77.069780,-27.402035,-78.751214,0.000000,0.000000,0.000000,0.854089
27.953657,1.477695,-0.576335,1.255457,-2.554758,-4.793243,0.000000,0.000000,0.000000,0.978424
-132.459995,27.391296,-535.790532,-1968.985770,374.823910,-7049.143791,0.000000,0.000000,0.000000,0.814313
39.784008,-4.430173,-10.894724,120.856623,25.305244,-114.028456,0.000000,0.000000,0.000000,1.156732
1440.407728,-9.502087,-3058.251784,14227.009417,-149.160550,-30581.088793,0.000000,0.000000,0.000000,0.967532
2.388311,7.866631,3.195336,-118.729730,-50.100224,31.114575,0.000000,0.000000,0.000000,0.841535
20.009953,5.141133,0.359701,-2.228068,0.559246,-0.155135,0.000000,0.000000,0.000000,0.832770
19.515238,4.461494,0.265784,-1.553592,-3.604370,1.078339,0.000000,0.000000,0.000000,1.098945
23.441627,-2.221303,1.682942,-3.001293,11.308586,13.213873,0.000000,0.000000,0.000000,1.004478
84.272447,-107.032540,53.163196,661.692591,-1102.361441,552.125792,0.000000,0.000000,0.000000,0.917441
92.010349,-29.724436,37.224164,649.317506,-307.610002,367.847013,0.000000,0.000000,0.000000,0.876738
31.375800,-9.294320,0.412630,0.171040,0.332518,-0.550963,0.000000,0.000000,0.000000,0.966446
-3146.329477,6685.570215,7234.346609,-31633.993347,66830.681622,72341.125292,0.000000,0.000000,0.000000,1.117363
599.515548,615.907051,1321.899609,5807.380577,6138.799187,13221.125855,0.000000,0.000000,0.000000,1.028863
1.761091,-297.959971,591.073625,-177.286978,-2972.701855,5909.717280,0.000000,0.000000,0.000000,0.836461
17.434896,4.803229,-0.474489,-1.363670,-0.601759,-0.631211,0.000000,0.000000,0.000000,1.152251
26.821436,-0.426725,5.772057,136.782819,-20.775109,60.426859,0.000000,0.000000,0.000000,1.002167
8.977431,-7.750306,0.420050,-4.243429,-5.182531,3.438545,0.000000,0.000000,0.000000,0.838406
27.483819,2.900024,-0.135541,2.120833,0.599997,-0.045722,0.000000,0.000000,0.000000,0.945995
19.059770,12.476105,-0.369732,-0.527383,0.130147,-0.190751,0.000000,0.000000,0.000000,1.045414
12.392701,7.197046,-0.458001,0.054870,-1.324670,-0.817213,0.000000,0.000000,0.000000,1.155078
20.017572,-12.392729,0.620512,-1.551798,8.821127,5.957898,0.000000,0.000000,0.000000,1.198135
990.251642,765.876966,-1129.302833,9712.051228,7694.448279,-11290.476683,0.000000,0.000000,0.000000,0.929944
6.416589,-1.479595,-0.001623,0.831844,-0.641034,-0.686889,0.000000,0.000000,0.000000,1.033498
-815.425734,-1078.060934,2980.081734,-8317.035392,-10793.130593,29796.634031,0.000000,0.000000,0.000000,1.152693
10.466675,-5.910167,-0.581533,0.235664,-5.536968,-2.256823,0.000000,0.000000,0.000000,0.809414
8.412891,-1.665859,-1.519214,13.134713,25.019931,-20.512101,0.000000,0.000000,0.000000,1.195861
33.386558,1.321385,-0.329189,1.183578,0.781485,-0.213103,0.000000,0.000000,0.000000,0.824312
-1381.899033,744.292082,497.251843,-14010.795637,7437.837455,4976.365658,0.000000,0.000000,0.000000,0.831466
9.501663,0.145283,-0.616659,3.387594,4.960576,-6.276725,0.000000,0.000000,0.000000,0.886855
23.197757,0.912521,-2.853757,-33.217897,6.282667,-28.906155,0.000000,0.000000,0.000000,1.011782
14.067237,-1.622888,-1.170218,-30.695230,-15.397309,-17.569970,0.000000,0.000000,0.000000,0.978179
22.175174,-8.931711,-5.637279,30.437630,-22.611008,-55.204181,0.000000,0.000000,0.000000,1.061153
9.914776,3.840431,0.076843,0.215619,-1.785085,-0.053444,0.000000,0.000000,0.000000,1.008906
31.520226,4.363360,-0.911765,-6.392680,-10.092384,-15.350442,0.000000,0.000000,0.000000,0.980591
17.465220,-2.828367,5.397856,-9.132163,-34.903326,49.188056,0.000000,0.000000,0.000000,1.007109
21.859621,-4.338980,-0.439874,1.954285,1.915078,-8.467059,0.000000,0.000000,0.000000,0.874747
24.385227,7.516294,0.117309,-0.706887,-0.118546,-1.202936,0.000000,0.000000,0.000000,1.009182
7.501648,4.150293,-1.236176,3.190111,0.848263,-7.745295,0.000000,0.000000,0.000000,0.871542
33.085789,5.321950,-0.499739,0.109089,0.091773,-0.531396,0.000000,0.000000,0.000000,1.014160
-814.993378,1003.517972,35.831958,-8414.632267,10123.051484,362.417715,0.000000,0.000000,0.000000,0.812252
181.926762,439.909790,-82.863124,1706.807511,4321.860908,-835.428387,0.000000,0.000000,0.000000,0.986785
31.277052,-5.011562,-2.184087,-14.038019,-6.093688,-20.629338,0.000000,0.000000,0.000000,0.967353
7170.648993,-4045.252007,-446.585683,72963.707573,-41273.546770,-4563.526125,0.000000,0.000000,0.000000,1.058365
20.949595,-6.963405,-1.780467,-7.226056,-10.768837,-15.494098,0.000000,0.000000,0.000000,0.897868
27.935991,-3.258741,0.453863,1.214539,-0.148396,2.374656,0.000000,0.000000,0.000000,1.134777
13.304829,8.747140,-0.375533,-0.208391,-0.248939,-0.406526,0.000000,0.000000,0.000000,0.836290
6920.446746,6985.655255,1288.024902,68944.134856,69925.569455,12877.050977,0.000000,0.000000,0.000000,0.864157
52.180797,-11.560753,2.384766,186.827087,-76.796145,19.866807,0.000000,0.000000,0.000000,1.043791
2755.661887,3073.086689,-7300.055101,27322.666791,30700.836708,-73001.587159,0.000000,0.000000,0.000000,0.971444
19.081821,8.744189,-0.448610,-1.723151,-0.453675,-1.862983,0.000000,0.000000,0.000000,0.803007
20.654678,-0.044311,-0.965675,-4.071559,-6.536373,-5.700054,0.000000,0.000000,0.000000,0.926664
16.095782,-0.316665,1.324014,-1.497506,2.980709,14.176778,0.000000,0.000000,0.000000,1.144067
31.490333,5.306147,-1.313048,18.594120,4.472988,-18.403074,0.000000,0.000000,0.000000,0.976764
14.108540,5.642051,-0.481157,1.194231,-0.921403,-4.231241,0.000000,0.000000,0.000000,0.889098
28.670774,-1.302226,-0.484549,1.862618,1.257166,-0.664829,0.000000,0.000000,0.000000,0.891783
18.067020,-35.768497,57.026624,-120.676881,-436.326028,583.960821,0.000000,0.000000,0.000000,0.995825
17.318435,15.432461,-0.434250,-1.956139,8.887547,-7.946974,0.000000,0.000000,0.000000,0.819459
25.632058,86.126114,-86.647198,58.152907,886.792080,-888.210811,0.000000,0.000000,0.000000,1.121507
18476452.416796,-29718635.869114,-27728842.776900,184764347.405836,-297186476.021267,-277288429.907527,0.000000,0.000000,0.000000,0.908878
13.391993,-11.241609,0.265143,0.308343,-0.156377,-0.561764,0.000000,0.000000,0.000000,1.164952
2657.779152,-3570.561023,1427.622071,26380.814006,-35686.025725,14277.429869,0.000000,0.000000,0.000000,1.103829
18.659711,1.868160,-1.339807,3.435568,3.636503,-9.763969,0.000000,0.000000,0.000000,1.019504
26.951706,-8.025354,-0.532062,-0.046078,0.384617,-0.609657,0.000000,0.000000,0.000000,0.944565
-50865.619644,20897.024720,-49243.206107,-508846.330015,208975.336889,-492435.534704,0.000000,0.000000,0.000000,0.910022
25.727567,-0.382168,0.486111,25.315186,8.420882,5.969327,0.000000,0.000000,0.000000,0.803507
31.271924,0.626668,0.181781,-0.024372,0.378756,-0.513578,0.000000,0.000000,0.000000,0.923965
14.727318,9.006175,1.052058,-3.637233,-1.244259,10.032225,0.000000,0.000000,0.000000,0.939871
13.595382,-7.279124,-0.259173,-11.114390,1.636542,2.373883,0.000000,0.000000,0.000000,0.966995
31.475324,3.421483,0.436423,-2.148638,-5.450753,2.593458,0.000000,0.000000,0.000000,1.096231
31.410925,7.182953,0.426320,0.913190,-2.031475,0.500314,0.000000,0.000000,0.000000,0.840062
-22148.696788,-19543.075408,13969.740178,-221598.490339,-195532.814954,139700.255373,0.000000,0.000000,0.000000,1.170553
6.942861,2.393141,0.483569,1.544024,-3.720278,2.669254,0.000000,0.000000,0.000000,0.811813
17.788733,-0.228291,-3.854635,-10.877702,45.998472,-38.141416,0.000000,0.000000,0.000000,1.145674
9.530391,-11.607196,2.432652,-55.894436,3.057173,21.467388,0.000000,0.000000,0.000000,0.907146
21.398068,8.481034,-15.994091,21.361258,-58.202454,-156.070847,0.000000,0.000000,0.000000,0.846820
29.215986,-3.328685,-0.929618,5.790164,5.303522,-5.871716,0.000000,0.000000,0.000000,1.185405
19.011341,-18.184971,-15.980352,33.910666,-197.218369,-156.566236,0.000000,0.000000,0.000000,0.955268
11.778449,-0.415190,-0.327388,0.036552,-0.372297,-0.429531,0.000000,0.000000,0.000000,1.138260
23.168584,8.716488,0.617217,5.037291,-3.493185,2.850392,0.000000,0.000000,0.000000,0.927767
6.426527,-5.638418,11.605287,-228.530131,11.523678,123.089656,0.000000,0.000000,0.000000,1.155436
13.086318,-13.364606,-1.143610,14.423326,-12.866353,-9.542648,0.000000,0.000000,0.000000,1.161849
15.440312,-0.787343,0.272032,19.635761,3.649522,5.087474,0.000000,0.000000,0.000000,1.006901
755689.901810,1095449.342767,-383292.951095,7556691.308901,10954493.836315,-3832925.396944,0.000000,0.000000,0.000000,0.902154
69.818551,130.278038,-893.902830,512.264643,1299.377167,-8936.952045,0.000000,0.000000,0.000000,0.984989
13.805327,-0.091344,0.468740,-2.385177,1.484597,4.658481,0.000000,0.000000,0.000000,0.941679
18.523115,-0.139193,1.854488,-5.492984,15.836431,19.956484,0.000000,0.000000,0.000000,0.968550
10.262909,5.643065,-0.496147,1.120703,-1.165441,-2.513908,0.000000,0.000000,0.000000,0.991250
-6.898031,1.396986,11.435862,-236.006164,-52.521806,123.623951,0.000000,0.000000,0.000000,1.098281
12.049573,-4.054842,-0.444518,1.227940,2.144099,-3.493084,0.000000,0.000000,0.000000,1.031808
-38401.821229,63238.907176,-201888.599283,-384206.568787,632395.821995,-2018888.604444,0.000000,0.000000,0.000000,1.049797
23.759202,-10.310287,-35.981096,142.880214,-167.414753,-360.253795,0.000000,0.000000,0.000000,0.855235
18.024329,9.186799,3.060399,23.347964,-8.532848,30.788705,0.000000,0.000000,0.000000,1.094591
21.646955,151.925214,37.074607,23.960822,1512.772737,378.129140,0.000000,0.000000,0.000000,0.857193
5.747330,-1.931595,-0.112321,-25.807447,16.376150,2.339072,0.000000,0.000000,0.000000,1.120642
29.795247,-1.196468,2.706998,1.772368,43.864506,33.637521,0.000000,0.000000,0.000000,0.868762
24.811036,-3.788439,-0.471475,1.721317,1.904473,-2.228330,0.000000,0.000000,0.000000,1.041343
8.047483,6.792847,-0.282973,0.443988,-5.302093,-4.524422,0.000000,0.000000,0.000000,1.187912
30.207091,-10.401965,-0.373306,5.162571,1.005630,-2.662119,0.000000,0.000000,0.000000,1.141518
17.046352,-10.607418,0.386969,-3.574387,10.667192,3.671434,0.000000,0.000000,0.000000,0.817906
-63.155468,-259.875895,-121.039728,-842.807172,-2608.953095,-1212.756695,0.000000,0.000000,0.000000,0.967201
16.913719,12.122222,-1.417766,14.039165,14.290999,-11.202652,0.000000,0.000000,0.000000,1.039648
20.241529,4.023799,1.993044,3.809184,20.792117,18.593444,0.000000,0.000000,0.000000,1.006053
10.572060,9.047959,-0.110976,-0.104262,-0.306195,-0.467816,0.000000,0.000000,0.000000,0.831222
81.838709,-85.057752,-22.085846,755.183520,-930.857871,-222.816275,0.000000,0.000000,0.000000,1.120992
15.308505,-3.385263,1.823983,-3.956999,45.779789,25.011233,0.000000,0.000000,0.000000,0.928904
20.728566,2.178235,-1.352711,6.692435,1.973157,-11.421865,0.000000,0.000000,0.000000,1.028103
34.732411,-3.620364,2.359163,17.657795,6.913235,21.831315,0.000000,0.000000,0.000000,0.836554
18.116953,-10.227804,-0.228455,-0.591329,-0.513859,-1.583193,0.000000,0.000000,0.000000,1.102035
26.484418,3.210000,-0.401136,-2.446895,1.268889,-1.455342,0.000000,0.000000,0.000000,0.811120
13.589260,-7.592484,0.282578,-0.020119,-1.591724,1.940852,0.000000,0.000000,0.000000,1.158241
13.135993,-13.191252,0.316934,-2.294014,-3.016264,1.902035,0.000000,0.000000,0.000000,0.890457
11.667069,-2.793777,7.075167,12.313223,14.383294,71.720589,0.000000,0.000000,0.000000,1.188700
22.004262,-5.195943,0.399680,1.432035,-1.339537,3.411804,0.000000,0.000000,0.000000,1.041086
32.955329,-7.301285,0.060676,0.101480,0.317738,-0.541168,0.000000,0.000000,0.000000,0.808992
14.848241,-8.347545,0.180659,0.290539,-0.255768,-0.637845,0.000000,0.000000,0.000000,1.094174
-30.531768,-22.956105,16.740388,-391.363616,-172.597700,163.426215,0.000000,0.000000,0.000000,1.073638
31.365333,5.467292,-0.487484,-1.941943,0.591868,-1.329738,0.000000,0.000000,0.000000,0.827773
379.140259,-165.143499,-678.626535,3588.656553,-1645.340851,-6782.256922,0.000000,0.000000,0.000000,0.889053
22.063198,-9.696146,0.182403,-1.787676,-1.210522,2.556148,0.000000,0.000000,0.000000,1.185254
27.159855,17.552728,1.347636,126.220477,41.753553,11.517802,0.000000,0.000000,0.000000,0.847754
14.324241,-11.426820,-0.233629,0.215109,-0.225747,-0.458057,0.000000,0.000000,0.000000,1.102478
-16271.198868,22760.522549,-40660.263592,-162939.604518,227596.105827,-406601.370034,0.000000,0.000000,0.000000,1.151411
18.090624,-5.571278,0.512222,-0.032391,1.161469,0.837826,0.000000,0.000000,0.000000,1.066719
17.130017,20.074440,15.128708,-20.930365,56.458416,151.541669,0.000000,0.000000,0.000000,0.871816
11.916410,-4.605644,1.483540,-8.070062,-0.816525,16.800501,0.000000,0.000000,0.000000,1.064302
29.124345,5.804090,0.709504,38.671844,-1.154877,8.010627,0.000000,0.000000,0.000000,1.083585
5313.045548,1357.758455,1849.744551,57559.246961,14724.915737,20102.333963,0.000000,0.000000,0.000000,1.004985
-63.561173,30.128601,-42.317528,-854.880303,409.868882,-429.939706,0.000000,0.000000,0.000000,0.805786
24.315945,-12.585405,2.472924,2.855651,3.072883,21.397686,0.000000,0.000000,0.000000,1.095958
17.841652,2049.029224,2197.453138,55.243725,20526.302980,21973.905132,0.000000,0.000000,0.000000,0.819543
13.569904,-4.000159,-0.135065,5.539775,-0.886384,-9.870120,0.000000,0.000000,0.000000,1.063840
20.841357,-4.532016,-0.505134,-1.429603,-3.488748,-2.615715,0.000000,0.000000,0.000000,0.925326
12.908187,6.242007,0.107658,3.662381,12.351519,1.764061,0.000000,0.000000,0.000000,1.185133
24.362193,-5.774916,-0.199685,1.328070,-0.749248,-0.807085,0.000000,0.000000,0.000000,0.855007
81733.014415,9975.293402,90112.317366,817143.216984,99749.765053,901121.366487,0.000000,0.000000,0.000000,1.081940
20.705720,-7.767908,0.731745,-1.686679,-16.633208,12.986615,0.000000,0.000000,0.000000,1.120414
23.505187,-6.456483,-0.054518,-2.027022,-0.673209,-7.716295,0.000000,0.000000,0.000000,1.024909
24.204736,2.305419,-1.383986,7.495867,28.703196,-15.790107,0.000000,0.000000,0.000000,1.084246
29.195274,-16.911832,20.216869,79.993795,-63.108671,199.478931,0.000000,0.000000,0.000000,1.074895
25.836732,-3.643002,-0.977134,-5.947530,7.952006,-7.674832,0.000000,0.000000,0.000000,1.150690
21.807936,-3.456434,-6.811947,-28.923323,-63.660853,-67.098272,0.000000,0.000000,0.000000,0.974919
-316.376356,-895.023868,553.695398,-3246.441629,-8995.157711,5535.114652,0.000000,0.000000,0.000000,1.053586
18.701448,-9.248482,0.106125,-8.972834,-3.000372,5.251859,0.000000,0.000000,0.000000,0.885200
-31359.204701,-68806.474286,33346.871014,-313716.057906,-688006.210067,333465.893110,0.000000,0.000000,0.000000,0.922503
752.210655,-857.264728,-798.551370,7320.750890,-8591.213602,-7984.095687,0.000000,0.000000,0.000000,1.071649
20.305703,-11.892324,4.065184,12.929831,-64.182866,36.992490,0.000000,0.000000,0.000000,0.885610
1882.740378,4461.660672,-36.306810,18635.537096,44621.821541,-360.348217,0.000000,0.000000,0.000000,0.953759
-174.326257,-265.070291,228.982923,-1913.528698,-2684.275579,2285.930397,0.000000,0.000000,0.000000,1.040246
7.647498,-2.220304,-0.132992,0.438678,0.636109,-0.177223,0.000000,0.000000,0.000000,1.144493
-204975262186.718750,20776229794.636143,3065139827.322566,-2049752622068.274658,207762297951.801575,30651398274.797935,0.000000,0.000000,0.000000,0.977780
10.070404,4.469852,-0.642546,-4.887416,5.934485,-1.944337,0.000000,0.000000,0.000000,0.851596
-67.308798,-26.070712,15.882103,-843.362104,-295.939012,173.758891,0.000000,0.000000,0.000000,0.800099
-6.177460,-7.085022,18.352535,-254.161431,30.425692,185.486342,0.000000,0.000000,0.000000,1.119573
7.039622,-3.999411,3.549950,-38.203737,-66.178563,45.363534,0.000000,0.000000,0.000000,1.096420
194.261279,24.461511,137.974346,1717.833819,232.053703,1409.637773,0.000000,0.000000,0.000000,1.083795
54.525925,-9.511353,-39.812396,289.385240,-167.136370,-394.843393,0.000000,0.000000,0.000000,0.946685
17.955895,12.099112,-0.414915,-0.283347,-0.042831,-0.495911,0.000000,0.000000,0.000000,0.880569
18.794441,5.702762,0.253049,1.192702,-5.093161,-0.911109,0.000000,0.000000,0.000000,0.996733
25.733845,-8.177525,0.023500,0.331073,0.249059,-0.515655,0.000000,0.000000,0.000000,1.003403
6190179.707258,-367438.420760,-6210251.151603,61901612.826923,-3674303.303668,-62102508.231152,0.000000,0.000000,0.000000,1.189955
15.551919,5.708082,1.376597,5.761633,-3.627206,10.457826,0.000000,0.000000,0.000000,1.031382
14.172301,-0.022864,-0.211434,-5.194121,22.377148,-9.765770,0.000000,0.000000,0.000000,0.970448
29.072534,7.065438,-0.670580,-3.951361,2.413957,-5.061697,0.000000,0.000000,0.000000,0.966858
2831.832431,-3772.321159,2895.095028,28130.462044,-37683.813247,28954.543620,0.000000,0.000000,0.000000,0.916667
6.860284,4.157688,0.926548,-1.280968,1.429782,9.249305,0.000000,0.000000,0.000000,0.885629
27.627530,-3.618763,0.027379,3.486747,0.775209,2.229226,0.000000,0.000000,0.000000,0.955112
7.357933,8.309542,0.889759,-2.101112,4.231118,5.759305,0.000000,0.000000,0.000000,1.005957
26.971465,-4.819195,-0.944773,-11.829549,8.138436,0.155843,0.000000,0.000000,0.000000,0.885273
-2443.897292,-2769.265826,6592.217827,-24672.211000,-27721.886176,65919.234436,0.000000,0.000000,0.000000,1.075807
26.750823,2.833389,-10.263580,135.023720,-35.829543,-115.602505,0.000000,0.000000,0.000000,1.005960
88.437687,-7.981119,12.007524,665.098421,-69.485729,117.477698,0.000000,0.000000,0.000000,1.156750
-44528.017816,18731.466103,17094.768657,-445546.440145,187361.330130,170946.653658,0.000000,0.000000,0.000000,1.095993
21.430467,-7.151271,2.038644,27.190402,-62.860847,22.195131,0.000000,0.000000,0.000000,0.913352
17.482814,23.516064,-4.991727,-68.776804,113.497085,-48.438307,0.000000,0.000000,0.000000,0.804534
38.578176,-8.529275,-4.432097,69.926695,-65.831540,-44.256829,0.000000,0.000000,0.000000,1.025495
23.973546,34.753244,-21.429512,-56.162546,332.618893,-226.285592,0.000000,0.000000,0.000000,1.015924
1539.499752,607.291999,554.563743,15198.504661,6079.975075,5549.400671,0.000000,0.000000,0.000000,0.933560
-31895552.210995,207428442.211996,257252779.832470,-318955777.251302,2074284432.415464,2572527798.348345,0.000000,0.000000,0.000000,1.134775
23.040019,0.084721,-0.529999,-6.503755,8.470189,-0.601939,0.000000,0.000000,0.000000,0.951143
15968.382757,-22272.518945,39793.043482,159455.597423,-222733.451038,397930.167744,0.000000,0.000000,0.000000,1.176513
22.021154,-4.098550,-4.734067,1.338987,-17.554568,-43.207754,0.000000,0.000000,0.000000,0.993908
20.274922,-2.047221,0.092262,-2.780994,-3.759731,-1.857316,0.000000,0.000000,0.000000,0.999758
9.988464,-2.544922,-0.005875,4.157782,0.559200,-1.250631,0.000000,0.000000,0.000000,0.883884
-731.808358,-825.364304,-49.084234,-7434.261970,-8335.649955,-491.009084,0.000000,0.000000,0.000000,0.822428
22.696096,9.403939,0.564196,-5.291034,-0.611545,0.911650,0.000000,0.000000,0.000000,1.046457
-7756.068168,1447.734316,137.572686,-77769.171480,14530.187690,1372.477812,0.000000,0.000000,0.000000,1.179048
19.445546,-11.004087,0.522649,-5.587289,-38.200415,10.676985,0.000000,0.000000,0.000000,0.964761
288.251310,-137.241267,-64.756048,2650.817760,-1346.691983,-645.935455,0.000000,0.000000,0.000000,1.132106
171.871816,218.942948,746.286360,1780.791478,2426.554581,8389.159146,0.000000,0.000000,0.000000,0.902754
-64.249567,249.932419,27.995359,-900.970475,2487.073213,276.100095,0.000000,0.000000,0.000000,0.897586
25.002250,5.009689,0.932782,1.797061,14.209715,12.005630,0.000000,0.000000,0.000000,1.012607
4532.351515,3678.743629,-901.804018,45114.439948,36791.661358,-9014.630930,0.000000,0.000000,0.000000,0.892705
26.953605,13.049227,0.318870,-0.244704,0.139296,-0.481510,0.000000,0.000000,0.000000,1.048317
10.716790,-2.229468,0.369688,0.088529,-0.331531,-0.542106,0.000000,0.000000,0.000000,1.118778
20.123918,4.250875,0.044074,-6.844047,11.705172,1.290758,0.000000,0.000000,0.000000,1.016125
-68.825320,-375.033452,-425.806042,-899.335750,-3751.197157,-4259.645086,0.000000,0.000000,0.000000,1.104287
13.904638,-12.315705,-0.411092,1.917143,2.368527,-2.533511,0.000000,0.000000,0.000000,1.111704
-40797.289254,34913.969863,-2087.722697,-408198.120680,349147.380681,-20874.652123,0.000000,0.000000,0.000000,1.166465
211141.380403,2311.650353,-93238.858037,2111160.824860,23115.909238,-932384.255575,0.000000,0.000000,0.000000,0.907668
17.211079,-9.161894,0.674294,5.914729,2.967754,3.216362,0.000000,0.000000,0.000000,1.121709
-204.882503,-212.323909,-15.098092,-2264.817643,-2129.268662,-146.140270,0.000000,0.000000,0.000000,0.865140
120.520243,-42.377235,52.635734,1020.773686,-329.065877,537.490759,0.000000,0.000000,0.000000,0.857302
26.584793,-0.221312,-0.154923,-0.466184,3.995882,1.694349,0.000000,0.000000,0.000000,1.029970
-19.131883,-443.033493,497.435340,-376.905505,-4396.240179,4970.749887,0.000000,0.000000,0.000000,1.134529
3913.012984,21362.220736,-11819.979765,38945.359955,213612.057069,-118197.873746,0.000000,0.000000,0.000000,1.051662
1036.437407,10.283328,772.110236,10081.532112,100.140220,7724.536579,0.000000,0.000000,0.000000,1.081546
32056122.613243,-208472359.737181,-258547444.210909,320560970.905640,-2084723586.520700,-2585474441.396380,0.000000,0.000000,0.000000,1.129093
27.262791,-10.655115,0.302265,0.274408,0.236696,-0.543097,0.000000,0.000000,0.000000,1.117173
27.686413,-4.650578,0.507599,-6.627580,-5.380961,5.759111,0.000000,0.000000,0.000000,1.004589
54084.997431,-22737.788449,-20739.892170,540582.093384,-227330.534572,-207399.333491,0.000000,0.000000,0.000000,0.903321
16.761857,1.267673,5.865861,3.212245,55.664874,57.705046,0.000000,0.000000,0.000000,0.803210
14.221577,13.595445,-0.638461,-2.017454,2.136603,-5.660563,0.000000,0.000000,0.000000,0.868585
91.033306,-722.388206,216.820381,719.879676,-7185.645367,2169.947296,0.000000,0.000000,0.000000,1.002621
11.734078,-6.979336,-0.204301,0.236819,-0.261472,-0.517888,0.000000,0.000000,0.000000,1.079506
29.845228,7.425784,0.721436,-6.936105,-3.659814,6.986755,0.000000,0.000000,0.000000,1.150887
19.070922,4.388265,-0.374850,0.236006,-0.139990,-1.271103,0.000000,0.000000,0.000000,0.992110
20.451731,-0.330104,1.847865,19.194931,23.935698,19.969131,0.000000,0.000000,0.000000,0.965016
233.050824,-162.192300,76.425675,2163.777800,-1628.481646,773.053398,0.000000,0.000000,0.000000,0.886461
-114.605664,-357.601280,-119.891840,-1330.633132,-3621.880801,-1212.995995,0.000000,0.000000,0.000000,1.117090
21.742901,9.425913,0.667590,-0.070764,3.781410,3.661219,0.000000,0.000000,0.000000,0.873952
21.337192,6.241228,0.448927,-2.007814,0.720786,0.583652,0.000000,0.000000,0.000000,0.876709
15.144158,-2.234759,-0.779987,-15.932776,14.045689,-9.396159,0.000000,0.000000,0.000000,0.944259
9.008513,7.517629,-0.157652,0.252675,-0.882559,-0.386676,0.000000,0.000000,0.000000,1.197541
17.051718,-5.005656,3.688480,41.861755,-17.906416,35.921470,0.000000,0.000000,0.000000,0.969329
26.691389,2.386956,-0.359494,-14.902553,5.353897,-8.315018,0.000000,0.000000,0.000000,0.931600
6.647197,-4.730198,1.202113,-3.536977,10.067092,9.690858,0.000000,0.000000,0.000000,0.886262
21.131025,-16.215235,1.810218,27.093903,-24.322536,19.358736,0.000000,0.000000,0.000000,0.909000
29.917257,-0.118157,15.645961,102.390035,-5.964964,154.501965,0.000000,0.000000,0.000000,0.942965
26.350070,9.159486,0.267184,-3.972118,-0.513775,2.061544,0.000000,0.000000,0.000000,0.819906
28.791897,-15.465395,-26.829890,91.644200,-53.432182,-265.317516,0.000000,0.000000,0.000000,1.195090
25.241586,0.869498,1.248238,9.860956,28.759565,12.906193,0.000000,0.000000,0.000000,0.979567
20.995675,-1.817128,2.369910,-29.595575,0.570356,22.756669,0.000000,0.000000,0.000000,0.919312
11.560829,-10.257258,0.065651,-3.697955,-12.916027,-8.678679,0.000000,0.000000,0.000000,0.932492
14.041856,-9.128704,0.155099,0.415082,-0.134365,-0.607482,0.000000,0.000000,0.000000,1.017042
-16916.544806,-30003.930154,11401.798832,-169424.027039,-300047.175447,114013.792334,0.000000,0.000000,0.000000,0.967793
21.535088,-1.186585,-0.388853,11.622983,15.173224,-1.717031,0.000000,0.000000,0.000000,1.037726
-59909.898486,-171587.438241,41058.547924,-599392.224926,-1715889.415887,410580.717804,0.000000,0.000000,0.000000,0.897974
10.643671,1.530527,-7.427100,-225.251109,47.787805,-84.395237,0.000000,0.000000,0.000000,0.863685
12.979020,-9.474984,-0.282731,0.250318,-0.215045,-0.425609,0.000000,0.000000,0.000000,0.879242
24.718183,-10.145075,-0.438997,0.352931,0.086441,-0.475772,0.000000,0.000000,0.000000,0.879825
17.101329,-0.144097,0.036559,-1.847950,-2.073762,-4.453716,0.000000,0.000000,0.000000,1.196461
1004.800805,-312.800235,-88.047826,9833.143593,-3150.662594,-881.987001,0.000000,0.000000,0.000000,0.833566
-7581.973885,-1218.820719,-468.928195,-80015.120771,-12815.192478,-4931.020851,0.000000,0.000000,0.000000,1.189773
14.609553,-6.332635,-1.975332,-4.192443,-25.452449,-10.265215,0.000000,0.000000,0.000000,1.121791
26.379640,-0.816663,-1.237188,-5.670097,2.117917,-15.604998,0.000000,0.000000,0.000000,0.882932
17.444397,1.585778,-2.510075,-28.306605,57.341834,-26.816128,0.000000,0.000000,0.000000,0.858811
20.277556,6.714472,0.509133,-5.763876,-2.802698,2.879397,0.000000,0.000000,0.000000,1.145748
-3129756067.930222,-31208625817.745033,17450313932.635948,-31297560874.158531,-312086258160.444824,174503139330.404480,0.000000,0.000000,0.000000,1.176957
9.163377,12.117677,3.502259,-30.588362,153.600687,33.959206,0.000000,0.000000,0.000000,0.823481
22.493406,-10.653158,-0.046432,-0.419399,6.340542,-1.922317,0.000000,0.000000,0.000000,1.062576
23.780326,10.654085,0.170706,3.324323,5.076103,-1.971488,0.000000,0.000000,0.000000,1.120249
21.248789,10.870709,-0.214275,1.107216,0.969089,-0.159124,0.000000,0.000000,0.000000,1.025032
-213744.138383,-130645.884463,43268.949251,-2137690.123912,-1306423.866979,432687.126863,0.000000,0.000000,0.000000,1.195124
23.807201,-3.453901,-3.371253,-4.877348,-13.487902,-30.348588,0.000000,0.000000,0.000000,0.999323
18.626251,-11.127163,1.329967,9.975903,20.160250,15.120220,0.000000,0.000000,0.000000,0.806351
-7289.241128,-7426.418842,-1366.134614,-73151.226299,-74193.632303,-13664.260719,0.000000,0.000000,0.000000,0.814451
17.909940,-25.507983,10.508678,-110.377557,-185.275418,106.739994,0.000000,0.000000,0.000000,1.090365
11.229077,4.057121,-1.383446,-5.138659,-1.827645,-21.180810,0.000000,0.000000,0.000000,0.846291
22.488840,4.473608,1.447785,-8.896800,6.420739,14.233326,0.000000,0.000000,0.000000,1.171386
-3566.104417,2579.507786,-152.595770,-36640.497889,26271.298556,-1567.209729,0.000000,0.000000,0.000000,0.801445
59.459426,-6.225093,48.477259,433.843315,-31.755307,493.661335,0.000000,0.000000,0.000000,1.004728
15.959563,0.619870,-0.075489,-7.608452,-0.965265,-1.704641,0.000000,0.000000,0.000000,0.957529
13.185858,-133.456962,-270.032832,-64.244641,-1360.724746,-2696.891974,0.000000,0.000000,0.000000,0.839667
2718.937891,49025.408147,79735.491030,26993.591666,490246.929459,797355.641630,0.000000,0.000000,0.000000,0.886175
17.785815,-3.999899,-0.520503,8.362093,4.234527,-6.517013,0.000000,0.000000,0.000000,1.127776
27539.884771,24300.853914,-17355.112676,275286.021190,242905.327603,-173547.451052,0.000000,0.000000,0.000000,0.942264
9.983470,-0.829367,0.013560,1.355056,-0.018010,0.275887,0.000000,0.000000,0.000000,0.908114
515.636834,-703.943567,1407.827711,4989.254690,-7096.932966,14080.689223,0.000000,0.000000,0.000000,0.813906
17.193905,-0.893150,-1.222345,-24.479122,15.240749,-8.394276,0.000000,0.000000,0.000000,0.824164
10.753649,-6.621180,-0.265700,0.409581,-0.333653,-0.662733,0.000000,0.000000,0.000000,0.872297
22.132714,5.937383,-0.104240,2.000545,0.140287,-0.111075,0.000000,0.000000,0.000000,0.836343
-26.198479,280.820830,-405.723170,-429.118197,2813.208353,-4053.137483,0.000000,0.000000,0.000000,0.947381
24.371920,8.691336,-0.080869,1.850706,2.704390,-0.765454,0.000000,0.000000,0.000000,0.923338
3.159890,28.843721,25.132624,-43.197093,221.525548,246.342589,0.000000,0.000000,0.000000,0.916584
16.773838,-9.333734,0.978759,40.722257,-61.878129,26.433821,0.000000,0.000000,0.000000,0.956938
16.490909,-7.190281,-0.128133,2.273137,-0.833600,-0.809825,0.000000,0.000000,0.000000,1.156898
15.658696,9.141247,-1.361837,3.701014,0.109795,-9.832318,0.000000,0.000000,0.000000,1.004058
13.806619,1.535852,2.200205,-24.566215,-8.542905,17.500242,0.000000,0.000000,0.000000,1.084822
2884.661864,1382.616173,-7185.517040,28689.418303,13854.031226,-71858.149205,0.000000,0.000000,0.000000,1.070284
23.433348,4.948419,0.121027,0.304790,0.096828,-0.302940,0.000000,0.000000,0.000000,1.096838
15.922017,-4.142710,-3.865642,25.437031,11.281477,-43.750662,0.000000,0.000000,0.000000,0.873530
12.928682,-6.079238,-0.245604,-9.087436,-9.742477,-7.118231,0.000000,0.000000,0.000000,0.922016
23.265728,11.587383,-0.021654,0.855228,0.737484,-1.368412,0.000000,0.000000,0.000000,0.944205
3064.578302,6645.159946,7059.402400,31156.228006,67833.094365,72037.339669,0.000000,0.000000,0.000000,0.969357
87824.196970,380804.534152,565126.369341,878065.363980,3808036.847974,5651260.210081,0.000000,0.000000,0.000000,0.992513
15.016760,-1.580782,-5.077690,4.589191,-30.766292,-50.011639,0.000000,0.000000,0.000000,0.848419
-121151.066873,-10559.949976,33056.167970,-1211719.527247,-105451.046577,330559.438809,0.000000,0.000000,0.000000,0.860345
13.039004,13.254144,-1.918734,-6.065893,3.355767,-19.392354,0.000000,0.000000,0.000000,1.084198
11.837993,-10.679117,0.267484,23.075506,-39.559634,14.654914,0.000000,0.000000,0.000000,0.808275
28.823028,6.343558,-0.077781,-1.584928,-0.154302,-0.444667,0.000000,0.000000,0.000000,0.931321
28.393462,-10.837636,-0.157372,0.030186,0.014283,-0.807386,0.000000,0.000000,0.000000,0.847679
6.534142,-4.628885,-2.232180,-15.690197,-8.935126,-23.128371,0.000000,0.000000,0.000000,1.069603
12.990850,-3.732940,0.321089,-3.939864,14.922379,6.715352,0.000000,0.000000,0.000000,0.861356
9.600634,4.703774,-0.073587,-0.590184,0.909926,-0.725278,0.000000,0.000000,0.000000,1.156015
15.055775,-3.992837,-0.866830,-19.275441,-7.976278,-7.440456,0.000000,0.000000,0.000000,1.164483
57.659141,43.949076,-85.204868,414.294109,485.046266,-867.557418,0.000000,0.000000,0.000000,0.985132
11.421249,9.184755,-0.374672,-5.266124,-2.007354,-2.094319,0.000000,0.000000,0.000000,0.920192
27.733324,-2.467323,1.381759,5.716535,-7.712448,9.411402,0.000000,0.000000,0.000000,1.039670
11.532146,-2.825009,-0.655840,-3.595299,-1.268855,-4.737648,0.000000,0.000000,0.000000,1.191544
13.912357,-11.528879,-1.991583,-37.249329,12.408920,-18.442985,0.000000,0.000000,0.000000,0.931642
-81.595689,-2245.208306,-1121.397144,-1012.351270,-22442.845068,-11209.121935,0.000000,0.000000,0.000000,0.883217
14.143479,4.655249,0.684824,0.872978,-10.351425,2.123156,0.000000,0.000000,0.000000,0.842383
82.360964,40.680862,6.339981,791.441325,423.210001,67.994519,0.000000,0.000000,0.000000,0.842656
14.923954,-2.531372,0.547918,29.268479,-3.734434,7.969746,0.000000,0.000000,0.000000,0.978410
19.081340,-5.818616,1.772438,-7.210952,-27.910317,18.794421,0.000000,0.000000,0.000000,0.890721
11.213450,1.581386,0.216676,4.622419,16.083691,2.639987,0.000000,0.000000,0.000000,0.967262
22.846348,7.430992,0.964119,89.982398,11.344247,-34.137985,0.000000,0.000000,0.000000,0.871048
18.700696,-4.473756,-1.722216,-5.427105,-20.631938,-14.950170,0.000000,0.000000,0.000000,1.182573
40.844663,30.456817,-4.238557,191.767776,307.968618,-45.995890,0.000000,0.000000,0.000000,1.100934
79.584188,-2.647859,29.219710,624.569216,-100.317124,287.777355,0.000000,0.000000,0.000000,1.140723
31.203617,-5.485091,0.589122,0.265255,2.284677,2.215994,0.000000,0.000000,0.000000,1.060528
-3277.433384,-20275.214348,10592.387737,-32958.810095,-202760.587122,105924.825625,0.000000,0.000000,0.000000,1.107152
-399953.316973,-235185.462316,67896.711897,-3999727.604459,-2351836.060913,678968.818731,0.000000,0.000000,0.000000,0.876661
7.612744,-5.137847,0.302135,0.344417,-0.145617,-0.583153,0.000000,0.000000,0.000000,1.030936
18.432937,3.868180,-0.536204,-1.342362,-0.295189,-0.779658,0.000000,0.000000,0.000000,1.121565
15.676242,4.450123,-2.361146,2.455383,6.780956,-28.912029,0.000000,0.000000,0.000000,1.000221
173337145509.008911,-17569399906.419296,-2592032196.543257,1733371454888.488770,-175693999058.700500,-25920321963.852570,0.000000,0.000000,0.000000,1.156248
-15.041881,-33.963199,23.257854,-377.155736,-337.769118,230.108447,0.000000,0.000000,0.000000,1.134824
58823.381701,168312.277186,-40273.270769,587940.029965,1683106.172542,-402737.094450,0.000000,0.000000,0.000000,0.915465
18.378585,-14.925098,-3.266411,1.935011,-13.767995,-30.093646,0.000000,0.000000,0.000000,0.857303
14.591673,-12.516535,-0.216329,-0.385864,-0.158030,-1.189834,0.000000,0.000000,0.000000,1.154023
9.159623,-5.835827,-7.838262,-12.138119,-15.279152,-73.697486,0.000000,0.000000,0.000000,1.172900
28.231504,7.091721,-0.436071,0.197532,0.052564,-0.553366,0.000000,0.000000,0.000000,0.910688
16.320887,13.091085,0.267891,0.362138,-1.616158,-0.743021,0.000000,0.000000,0.000000,0.964605
30.080823,-3.160956,-1.262643,0.838043,-0.835735,-8.662550,0.000000,0.000000,0.000000,0.992010
11.691945,2.649885,0.724854,7.361008,-13.172121,8.615840,0.000000,0.000000,0.000000,0.811978
27.052783,22.311024,-2.655738,109.749423,144.838143,-25.676923,0.000000,0.000000,0.000000,0.988590
14.058879,-10.152980,-0.332522,0.265892,-0.134934,-0.448376,0.000000,0.000000,0.000000,1.141112
-149.493253,-60.065350,82.628606,-1684.817952,-604.737704,822.811426,0.000000,0.000000,0.000000,0.830858
14.351791,-7.091005,0.837650,-10.602584,-6.989021,9.575131,0.000000,0.000000,0.000000,0.882321
31.375904,-8.219168,0.116608,0.213452,0.223059,-0.561150,0.000000,0.000000,0.000000,1.003544
99.171364,232.739755,110.007621,779.626178,2314.701733,1096.534022,0.000000,0.000000,0.000000,1.090557
-2732.675627,-1330.134040,6884.263224,-27483.159785,-13273.086100,68837.657624,0.000000,0.000000,0.000000,1.117236
31.597532,-4.424870,-0.415991,-1.057733,0.484855,0.258235,0.000000,0.000000,0.000000,0.921839
15.180550,-8.930222,-0.685826,0.520799,0.640334,-2.690120,0.000000,0.000000,0.000000,1.064942
9.159875,-7.127280,0.143349,-11.939712,-7.601004,-2.904036,0.000000,0.000000,0.000000,1.190728
9388.920266,-1754.202255,-164.347791,93678.585625,-17488.780582,-1646.689407,0.000000,0.000000,0.000000,0.978843
23.078792,-8.076430,-1.143627,2.580671,0.333943,-9.242453,0.000000,0.000000,0.000000,0.826292
-234.200484,127.943235,64.569971,-2571.042476,1303.843549,646.914638,0.000000,0.000000,0.000000,1.161362
-4267.834354,-1449.011035,1285.555085,-42843.656867,-14482.832398,12856.749111,0.000000,0.000000,0.000000,1.090252
9.077260,2.906286,-3.836254,-11.835744,17.180300,-36.751371,0.000000,0.000000,0.000000,1.169779
3425766923.216075,34160333601.303059,-19100764303.111935,34257669037.252628,341603336029.518066,-191007643026.785034,0.000000,0.000000,0.000000,1.075259
33.382644,-6.487872,-0.008872,0.110212,0.307701,-0.473012,0.000000,0.000000,0.000000,0.824259
26.341932,5.453181,-0.487403,11.464737,7.220366,-14.562748,0.000000,0.000000,0.000000,0.962516
411.356899,128.100935,-836.557625,3916.839171,1274.398056,-8360.950514,0.000000,0.000000,0.000000,1.199109
7.172605,-6.472020,-1.080853,-0.722095,-0.612385,-10.140639,0.000000,0.000000,0.000000,0.923813
-12.219593,47.686177,-24.245114,-234.206613,415.624207,-250.807897,0.000000,0.000000,0.000000,1.146033
9.461837,-5.149497,-0.494318,-17.760920,-2.046687,-4.940815,0.000000,0.000000,0.000000,0.909728
137.617745,-27.321019,291.285385,1155.073238,-271.252267,2913.292091,0.000000,0.000000,0.000000,0.994752
26.373859,-5.328331,0.532809,22.307175,-9.879192,1.476876,0.000000,0.000000,0.000000,1.092672
24.342930,-12.023077,0.342677,0.356018,0.081231,-0.495153,0.000000,0.000000,0.000000,0.917199
22.258834,10.604927,-0.611320,-9.215865,-1.676145,-1.141842,0.000000,0.000000,0.000000,0.970720
22.548081,-8.129396,0.928979,-1.456868,-0.088164,6.629665,0.000000,0.000000,0.000000,1.009326
72.118421,8.914860,-19.344817,634.388192,143.591305,-196.372290,0.000000,0.000000,0.000000,0.820667
16.685607,1.484845,-1.066546,-3.815709,18.665164,-9.217987,0.000000,0.000000,0.000000,1.157497
18.277629,6.935804,0.294788,-2.831134,0.471773,-0.982738,0.000000,0.000000,0.000000,1.095574
15.267839,-2.513042,4.196740,-32.687771,-18.169614,48.867311,0.000000,0.000000,0.000000,0.984745
-49.248191,18.135771,-31.046912,-660.708352,107.119379,-313.625066,0.000000,0.000000,0.000000,1.051727
5.867082,0.622404,0.293024,-48.906809,2.030201,8.581509,0.000000,0.000000,0.000000,1.135512
3676.540272,-7728.680705,-8368.384060,36594.053978,-77310.454033,-83684.694596,0.000000,0.000000,0.000000,0.965913
26.011875,5.137824,-0.311415,1.654664,-6.056601,12.468721,0.000000,0.000000,0.000000,0.878008
30.246804,49.271082,-20.467826,130.276079,430.321751,-203.965231,0.000000,0.000000,0.000000,0.923908
7.555780,1.169265,-3.137472,-13.139779,11.171806,-52.440248,0.000000,0.000000,0.000000,0.969764
13.888834,1.523036,-11.418532,-45.961060,32.370108,-122.353184,0.000000,0.000000,0.000000,0.944591
23.693618,-8.276767,-0.225793,0.955733,-3.248846,-1.358787,0.000000,0.000000,0.000000,0.809814
18.272089,-8.987938,0.567512,-0.142551,0.102946,2.857047,0.000000,0.000000,0.000000,1.155113
22.213315,-12.073621,0.777746,-11.729812,-6.315367,10.790472,0.000000,0.000000,0.000000,1.029983
19.091834,-7.305733,1.003557,2.882745,1.543442,10.179579,0.000000,0.000000,0.000000,0.835258
5.241623,42.709260,7.422089,-34.280505,382.911729,80.633611,0.000000,0.000000,0.000000,1.066468
16.338531,-4.363483,1.341715,12.237133,10.896034,9.799182,0.000000,0.000000,0.000000,1.169296
7748.046214,6767.462536,2746.354630,77272.351992,67652.847336,27461.291268,0.000000,0.000000,0.000000,1.119005
13.949457,7.600512,-0.285140,-1.035667,-2.582446,-1.430662,0.000000,0.000000,0.000000,1.038952
22.495797,-12.920067,0.250680,-0.626709,-5.900299,-0.409276,0.000000,0.000000,0.000000,1.176150
-91.293652,3107.667431,983.478171,-1065.324788,30972.418774,9835.710111,0.000000,0.000000,0.000000,0.902790
32.695930,-21.901038,15.553856,109.747084,-228.597347,158.685585,0.000000,0.000000,0.000000,1.051618
-381.692210,2044.353346,908.752738,-3993.094120,20432.828954,9083.064577,0.000000,0.000000,0.000000,0.905255
32.749758,-0.476138,0.348779,0.093004,0.346509,-0.537276,0.000000,0.000000,0.000000,0.893379
9.706752,-4.048199,-0.238765,0.118749,-0.351663,-0.501712,0.000000,0.000000,0.000000,1.000914
1870.460903,-378.206985,-931.865422,18492.142902,-3797.635463,-9317.406543,0.000000,0.000000,0.000000,0.982572
18.148329,5.144032,-0.674554,-0.998359,0.723132,-2.646301,0.000000,0.000000,0.000000,1.056024
17.536577,2.090780,-0.498407,-0.198005,-0.605274,-0.572935,0.000000,0.000000,0.000000,0.809312
318689.163246,-81811.312222,-309980.980935,3186695.381446,-818123.746717,-3099809.263209,0.000000,0.000000,0.000000,1.158956
16.566095,0.762389,0.437867,-3.548487,6.939356,3.985713,0.000000,0.000000,0.000000,1.156830
28.405571,-5.628679,-0.379761,1.504057,0.926647,-0.021552,0.000000,0.000000,0.000000,0.873434
22.198269,-14.576085,0.347621,0.244332,0.099583,-0.522336,0.000000,0.000000,0.000000,1.153578
11.916841,-11.448782,0.419955,0.390124,-0.017079,-0.528232,0.000000,0.000000,0.000000,0.970115
22.672188,-8.809307,-0.016769,0.565357,1.512232,0.287398,0.000000,0.000000,0.000000,0.894150
14.236519,8.573708,0.099874,0.282414,1.918684,0.244159,0.000000,0.000000,0.000000,1.177652
16.907874,0.989932,3.400103,-10.834123,17.646489,34.777753,0.000000,0.000000,0.000000,1.171372
33.646817,0.445560,0.310426,-0.005467,0.311490,-0.521454,0.000000,0.000000,0.000000,1.036042
13.349234,5.075429,-0.535635,-0.194645,-0.244819,-0.391653,0.000000,0.000000,0.000000,0.920117
7.284971,1.163875,-0.442915,-0.006122,-0.088562,-0.665802,0.000000,0.000000,0.000000,1.041553
33.459839,-2.832184,1.455356,134.578694,-11.309424,35.627399,0.000000,0.000000,0.000000,0.852513
20.654517,-2.755124,-0.680697,2.663043,-3.242721,-3.703252,0.000000,0.000000,0.000000,1.121206
22.878933,-11.563551,-0.340277,-4.819281,1.367692,-8.855313,0.000000,0.000000,0.000000,1.015589
20.339695,-7.323970,1.622731,4.088389,-5.473361,22.737374,0.000000,0.000000,0.000000,0.852184
-7073259.321665,419841.534621,7096233.058118,-70732776.614017,4198496.199784,70962333.015020,0.000000,0.000000,0.000000,1.041386
31.370167,-5.784421,-0.255771,3.437702,3.473063,-3.475219,0.000000,0.000000,0.000000,0.842234
283835.830783,225172.873497,76956.626849,2838130.815317,2251634.850561,769566.544220,0.000000,0.000000,0.000000,0.891092
32.132696,8.459372,-0.455237,9.338151,5.423041,-5.524682,0.000000,0.000000,0.000000,1.156470
31.971365,-7.623978,-0.396753,0.168651,0.231638,-0.408935,0.000000,0.000000,0.000000,0.940498
12.324645,1.715836,-6.187675,-57.281728,14.280021,-59.383231,0.000000,0.000000,0.000000,1.099871
33.671559,-1.942878,-0.271401,0.376258,0.414950,-0.619852,0.000000,0.000000,0.000000,0.935047
-36459.820404,-42751.548467,15213.352805,-364814.659373,-427606.705218,152136.718683,0.000000,0.000000,0.000000,1.082900
24.353669,11.043633,-0.480556,7.003658,1.697266,-0.168439,0.000000,0.000000,0.000000,1.048884
30.411311,6.407273,0.002257,-1.581062,2.911614,-0.481579,0.000000,0.000000,0.000000,1.160611
13.565853,-9.036949,-2.289391,-24.867967,-49.029279,-46.950244,0.000000,0.000000,0.000000,0.880410
20.491650,-14.998957,0.610344,3.645486,-5.205621,8.142970,0.000000,0.000000,0.000000,1.082227
33.724227,-2.941335,-0.601463,-0.945251,-0.328021,-1.978114,0.000000,0.000000,0.000000,0.888692
-199.256434,25.228894,483.846598,-2197.599750,246.392863,4836.203127,0.000000,0.000000,0.000000,0.839384
19.061657,9.789569,-0.535652,-0.416136,-0.171756,-0.457742,0.000000,0.000000,0.000000,1.170744
27.069479,1.477060,-0.253935,-0.226743,0.166020,-0.903981,0.000000,0.000000,0.000000,1.082462
704.921562,-409.540061,981.467523,6844.110840,-4091.380304,9810.756294,0.000000,0.000000,0.000000,1.158045
-85.195201,-35.900449,-37.984611,-1072.029196,-388.207478,-394.550400,0.000000,0.000000,0.000000,0.914463
24.613941,-3.029120,-0.906605,-0.163875,-2.644940,-5.882509,0.000000,0.000000,0.000000,0.975595
24.575860,15.047034,-43.618676,-58.217796,220.669463,-442.557933,0.000000,0.000000,0.000000,1.006657
582.406468,-239.854031,77.456370,5626.487316,-2383.466064,778.490870,0.000000,0.000000,0.000000,0.863205
25.296758,1.094706,-0.474546,-0.284133,1.639918,-0.128968,0.000000,0.000000,0.000000,1.032604
18.459431,1.263890,0.148475,-0.357047,-7.233410,-1.729812,0.000000,0.000000,0.000000,1.136900
-135.021536,297.329178,193.066758,-1560.228608,2968.099292,1926.067791,0.000000,0.000000,0.000000,1.181825
31.698098,-122.622541,173.878087,106.144383,-1226.626330,1734.123918,0.000000,0.000000,0.000000,1.109992
15.073884,-9.250635,0.315761,0.041440,-0.786385,1.574256,0.000000,0.000000,0.000000,1.163210
26.954373,-11.652090,0.239120,1.849015,4.604539,-0.027624,0.000000,0.000000,0.000000,0.924382
21.570546,-9.519374,1.370085,63.821456,-3.237831,40.856399,0.000000,0.000000,0.000000,0.973842
22.289491,-3.625100,0.754701,15.951557,-11.024980,12.997168,0.000000,0.000000,0.000000,1.174824
-591.610000,168.601160,116.149475,-6114.455941,1690.952379,1163.092331,0.000000,0.000000,0.000000,0.819035
410.743523,1119.684489,-686.160542,4024.000592,11149.829573,-6862.154691,0.000000,0.000000,0.000000,0.849943
15.775528,1.484331,1.011957,-45.668940,-12.016864,9.255610,0.000000,0.000000,0.000000,0.976608
26.271843,3.745744,0.854076,13.888922,53.809962,12.049298,0.000000,0.000000,0.000000,1.013698
17.593401,-6.233994,0.048592,-6.455723,2.922124,-0.533070,0.000000,0.000000,0.000000,1.067462
24.139918,-4.555830,-0.194978,-1.284869,-0.158132,-1.436500,0.000000,0.000000,0.000000,1.114062
14.412957,9.483395,-0.178308,-1.165416,-0.397378,-0.783107,0.000000,0.000000,0.000000,1.066148
29.815979,-3.156004,1.040024,-2.138565,-6.676946,11.177615,0.000000,0.000000,0.000000,0.817497
-216.606675,3.848964,-184.886974,-2472.386638,22.000881,-1882.982902,0.000000,0.000000,0.000000,0.983076
21.024365,-1.813656,7.360500,-43.607539,6.761005,69.228959,0.000000,0.000000,0.000000,1.197002
30.834422,9.692924,0.199896,-0.222545,0.221708,-0.502440,0.000000,0.000000,0.000000,0.942361
31.587285,-3.567950,-0.387040,0.095409,0.341966,-0.545113,0.000000,0.000000,0.000000,1.104817
20.876156,3.547217,0.416971,10.628387,8.712230,2.297793,0.000000,0.000000,0.000000,1.156099
14.965776,3.007076,-0.368067,-0.267586,-0.377831,-0.547002,0.000000,0.000000,0.000000,0.836249
28.121548,3.970842,0.519246,67.937474,37.854231,8.471356,0.000000,0.000000,0.000000,0.906427
16.470684,-0.697625,0.240773,-12.147804,12.895517,3.524424,0.000000,0.000000,0.000000,0.936325
27.814136,-1.577670,0.136830,19.284445,2.605156,9.049488,0.000000,0.000000,0.000000,0.962051
18.044786,-3.009009,-0.825316,-14.357557,-7.768852,-6.224892,0.000000,0.000000,0.000000,1.075549
27.679252,8.725469,-0.462968,1.469906,2.534006,-1.535815,0.000000,0.000000,0.000000,1.034069
-4489.836926,-1101.169486,-1558.211182,-48991.592257,-12001.991270,-16939.885179,0.000000,0.000000,0.000000,1.176354
17.071743,-4.659222,-0.926499,27.710486,-2.536608,-11.552712,0.000000,0.000000,0.000000,1.024877
25.985584,3.568571,0.229154,-2.963621,4.164429,-5.928064,0.000000,0.000000,0.000000,0.982953
22.345505,-5.091510,-0.972291,4.271509,3.796394,-5.715339,0.000000,0.000000,0.000000,1.150424
12.064256,-9.400275,-0.377929,0.146011,-1.222482,-1.380390,0.000000,0.000000,0.000000,1.126163
-1094.445669,21.517319,1015.169312,-11133.044899,250.925044,10152.500119,0.000000,0.000000,0.000000,0.844411
398.131865,728.512189,-297.115314,3938.330988,7804.758892,-3125.385427,0.000000,0.000000,0.000000,1.036014
23.176051,-7.636928,0.971736,-22.692807,-50.660836,13.612596,0.000000,0.000000,0.000000,1.043285
22.780499,9.822366,-24.506515,8.427753,107.167927,-244.462900,0.000000,0.000000,0.000000,0.988348
60.440377,58.583074,34.269107,380.133620,571.842087,340.591555,0.000000,0.000000,0.000000,1.014765
32.399821,3.490444,0.355163,4.516359,-1.054096,-0.072346,0.000000,0.000000,0.000000,1.127865
174.959963,-23.518488,-70.210905,1496.231144,-312.010700,-725.124642,0.000000,0.000000,0.000000,0.837587
17.679617,4.595162,0.093457,-12.314760,31.703894,-4.874876,0.000000,0.000000,0.000000,1.198040
-3350.813538,-7440.685215,-7838.683664,-34306.302070,-75898.577134,-79982.426706,0.000000,0.000000,0.000000,0.872062
12.899566,-3.158391,-0.742930,19.901091,-21.634731,-7.000596,0.000000,0.000000,0.000000,0.835567
27.929718,13.755222,1.682496,0.499441,9.974936,13.411612,0.000000,0.000000,0.000000,1.050494
6.267723,2.152236,-0.478402,0.024693,-0.325779,-0.439450,0.000000,0.000000,0.000000,0.896114
18.016956,-13.654066,1.044313,1.648361,-6.429011,6.919386,0.000000,0.000000,0.000000,1.006687
16.131124,-3.935010,-0.428193,0.393765,-13.389779,-10.913849,0.000000,0.000000,0.000000,1.052623
14.901322,-0.124542,0.792313,-17.191552,4.449419,12.031794,0.000000,0.000000,0.000000,0.972416
20.437920,1.059911,-0.012127,0.038242,-8.181342,4.905083,0.000000,0.000000,0.000000,0.927088
8.389541,-7.231193,-0.456843,1.299800,0.458934,-2.165845,0.000000,0.000000,0.000000,1.063849
-14797.478805,6090.003135,6231.224398,-148266.222299,60915.941532,62311.997487,0.000000,0.000000,0.000000,0.814390
28.262147,-2.799169,-0.387901,0.888810,-0.083752,-2.720430,0.000000,0.000000,0.000000,1.084872
9.269068,-1.510669,-0.016625,-1.516609,-2.032138,-0.438732,0.000000,0.000000,0.000000,1.102768
29.016485,10.081160,-0.314328,-0.258787,0.180891,-0.488684,0.000000,0.000000,0.000000,0.823580
31.989292,4.726415,-0.235760,2.137266,-8.030927,7.107285,0.000000,0.000000,0.000000,1.162363
74.821409,192.739398,-27.843016,534.676350,1934.681568,-282.844418,0.000000,0.000000,0.000000,0.821384
12.903698,-3.727567,-0.315881,-2.137056,-12.545250,-8.522533,0.000000,0.000000,0.000000,0.876243
-20.533250,-62.910031,-38.318523,-427.994593,-640.681447,-383.853191,0.000000,0.000000,0.000000,0.903588
20.276675,-13.155353,0.062308,4.617124,-0.574891,-1.234921,0.000000,0.000000,0.000000,0.992565
20.885219,2.807412,1.743568,-1.385549,0.799189,14.024061,0.000000,0.000000,0.000000,1.050501
-587.959041,-538.889038,-369.404591,-6085.681977,-5517.687981,-3697.262737,0.000000,0.000000,0.000000,1.126806
22.677752,-1.742550,2.453388,-13.917498,-37.171872,24.804702,0.000000,0.000000,0.000000,0.896502
40575.850663,47545.978581,-16913.628892,405540.895445,475367.210400,-169132.616235,0.000000,0.000000,0.000000,0.974140
-1137.387960,86.895523,-900.935212,-12131.871784,905.644167,-9383.659562,0.000000,0.000000,0.000000,0.913226
3308616.741747,-2488261.311345,-7479181.892266,33085919.152999,-24882629.847586,-74791820.454133,0.000000,0.000000,0.000000,0.945531
27.509415,-7.384771,-0.243872,0.189599,-1.403504,-1.356381,0.000000,0.000000,0.000000,1.186926
-1104.606339,-10.376171,-870.337472,-11326.890577,-106.435106,-8698.394412,0.000000,0.000000,0.000000,0.962127
26.313901,-10.680171,-0.264352,17.563890,5.188381,-2.047681,0.000000,0.000000,0.000000,1.140163
14.649579,0.749107,1.029484,-0.527544,1.626943,6.124646,0.000000,0.000000,0.000000,1.033141
25.084551,-7.019244,-0.067136,0.274130,0.253452,-0.446260,0.000000,0.000000,0.000000,1.136733
-65.705584,51.084603,39.254872,-834.326602,456.480595,415.217086,0.000000,0.000000,0.000000,1.114637
24.465348,-2.358990,0.086251,4.699282,5.704239,-3.568711,0.000000,0.000000,0.000000,1.038443
32.475914,-5.406896,-0.207604,0.096365,0.332060,-0.505272,0.000000,0.000000,0.000000,1.193953
28.767620,-7.830700,-0.666068,-0.428113,0.496068,-2.684000,0.000000,0.000000,0.000000,1.192625
7.152489,8.414041,-0.880932,-3.630253,5.184266,-6.317881,0.000000,0.000000,0.000000,1.026543
20.428863,-0.016003,-3.381020,12.773536,15.941925,-37.463544,0.000000,0.000000,0.000000,0.977905
9.966234,-10.567454,0.850436,-13.962321,12.569031,8.568759,0.000000,0.000000,0.000000,1.157193
25.173465,8.477868,0.393210,-0.936580,0.666172,2.929665,0.000000,0.000000,0.000000,0.958091
31.104841,4.222078,2.013729,3.074147,8.124364,19.889628,0.000000,0.000000,0.000000,1.187200
15.595247,2.027185,-0.161145,5.356211,9.413951,-1.920296,0.000000,0.000000,0.000000,0.955924
27.685640,-8.301935,-0.202901,0.567885,0.100679,-0.381043,0.000000,0.000000,0.000000,1.177776
26.284574,10.903971,0.235025,-0.292765,0.133231,-0.539815,0.000000,0.000000,0.000000,0.943368
17.108712,9.167460,-0.119616,4.372492,-7.442905,-7.463052,0.000000,0.000000,0.000000,0.827079
122.817434,-3201.488783,-1025.370496,1075.709167,-32116.872454,-10252.055860,0.000000,0.000000,0.000000,0.870387
33.696543,3.465873,-0.031271,-0.125113,0.238246,-0.502180,0.000000,0.000000,0.000000,0.918610
15.988917,-14.178654,-0.306786,0.501222,-0.842627,-0.826253,0.000000,0.000000,0.000000,0.903879
20.991587,4.246766,1.925616,-7.371192,-1.907921,18.047440,0.000000,0.000000,0.000000,0.895362
-110.578552,66.225290,-89.474608,-1304.893734,677.591923,-901.111692,0.000000,0.000000,0.000000,0.889664
5.737791,-0.965320,0.233165,-0.757598,0.148106,-0.220130,0.000000,0.000000,0.000000,0.968999
12.752294,-10.587831,0.193196,0.147358,-0.218181,-0.583369,0.000000,0.000000,0.000000,1.013257
361.533813,-443.156940,-1337.709080,3271.182516,-4444.702569,-13377.439328,0.000000,0.000000,0.000000,0.821278
40.584316,-28.579031,20.074601,99.633611,-309.149401,196.367065,0.000000,0.000000,0.000000,0.988740
5.504609,-11.092009,-17.029263,-28.728734,-53.955689,-168.229462,0.000000,0.000000,0.000000,0.961047
9.601630,8.655335,-0.432093,3.858609,2.798366,-0.253760,0.000000,0.000000,0.000000,1.172275
326387.313715,195671.313247,-54764.397869,3263677.357316,1956730.902922,-547642.051213,0.000000,0.000000,0.000000,1.068235
27.950118,-9.467066,-0.143858,2.396871,-0.563598,0.353274,0.000000,0.000000,0.000000,1.141943
23.307282,-5.887879,0.465425,8.891428,0.120262,1.384400,0.000000,0.000000,0.000000,1.138489
19.539793,1.428521,9.190401,61.852121,77.009439,90.361566,0.000000,0.000000,0.000000,0.949375
28.229486,-4.135170,-1.522259,-17.003601,12.223976,-16.573553,0.000000,0.000000,0.000000,0.845823
20.927654,-12.471991,0.244561,1.845054,0.379800,-0.843703,0.000000,0.000000,0.000000,0.914110
12.881816,-0.132816,0.865242,-5.120064,-6.924863,7.274555,0.000000,0.000000,0.000000,1.062392
18.075973,-6.403776,0.089348,-12.297974,-11.001190,-3.640877,0.000000,0.000000,0.000000,1.046150
13.558518,5.789586,-0.246954,6.713077,-5.781342,-4.767305,0.000000,0.000000,0.000000,1.146327
18.904901,0.639166,4.398812,-10.741930,4.698336,47.990113,0.000000,0.000000,0.000000,0.944161
7.689878,-7.556927,-0.479782,3.851976,-10.142058,-0.533874,0.000000,0.000000,0.000000,0.928885
18.628889,3.694724,-2.522300,-20.135539,6.830930,-29.857950,0.000000,0.000000,0.000000,1.154002
33.850051,-5.511122,0.347769,0.059042,0.239261,-0.534118,0.000000,0.000000,0.000000,0.901690
15.891445,0.510170,1.044346,6.704588,-3.958352,7.812976,0.000000,0.000000,0.000000,1.061761
28.867359,7.129047,0.370862,-0.699659,-0.104736,-0.397453,0.000000,0.000000,0.000000,0.981113
28846.508128,63229.655891,-30649.109619,288340.381031,632353.579903,-306493.180471,0.000000,0.000000,0.000000,1.003691
26.932275,3.952295,4.263115,-2.838897,1.126679,40.781901,0.000000,0.000000,0.000000,0.854357
20.778205,-13.360452,-0.454495,0.610376,-0.042500,-0.536247,0.000000,0.000000,0.000000,1.171669
30.762479,2.092070,5.944968,0.484427,51.313398,62.326813,0.000000,0.000000,0.000000,0.809294
24.656473,-29.642112,50.296755,53.707179,-300.555042,511.208540,0.000000,0.000000,0.000000,1.177510
27.517191,0.727861,-0.240862,0.031234,0.910930,-0.595815,0.000000,0.000000,0.000000,0.938571
14716.477635,20506.018708,46702.454058,146969.091511,205048.557448,467022.376097,0.000000,0.000000,0.000000,0.965873
-84.104632,277.405204,1435.625945,-1025.343581,2765.117565,14354.687982,0.000000,0.000000,0.000000,0.806254
11.282860,10.652412,0.811222,4.989667,-5.852052,2.377807,0.000000,0.000000,0.000000,1.197061
-2991716239.946386,-1824995215.397101,962042713.610797,-30842435708.055649,-18814383685.885807,9917966132.451275,0.000000,0.000000,0.000000,0.972570
23.770499,-2.270058,-0.640149,2.496886,-0.745854,-6.038362,0.000000,0.000000,0.000000,1.066617
-210.482802,-554.650245,112.554785,-2254.654099,-5727.671891,1142.276834,0.000000,0.000000,0.000000,0.827217
243.006053,92.150512,52.018245,2268.321822,779.490075,518.086734,0.000000,0.000000,0.000000,0.931572
16246.266231,28365.979077,-10885.695323,162203.178876,283650.315203,-108860.540568,0.000000,0.000000,0.000000,1.015864
24.452151,9.312841,0.294088,-0.211920,0.662072,-0.332790,0.000000,0.000000,0.000000,0.865683
12.376429,21.052673,14.999616,-32.100443,192.494126,151.221716,0.000000,0.000000,0.000000,0.964410
15.052966,-6.606358,-4.964239,-11.479927,-24.848415,-49.063797,0.000000,0.000000,0.000000,0.921414
25.042277,-0.974403,1.476822,24.696137,-14.363042,10.748288,0.000000,0.000000,0.000000,1.165302
15.823116,-9.859338,2.270689,-14.177046,-14.991450,18.732817,0.000000,0.000000,0.000000,1.147375
26.665722,4.522173,0.193383,-0.297350,0.321995,-0.526624,0.000000,0.000000,0.000000,0.905243
22.570070,4.388972,-0.977172,-9.984186,7.607801,-13.378001,0.000000,0.000000,0.000000,0.887778
26.173256,8.269587,-0.330958,6.371393,4.745357,0.130912,0.000000,0.000000,0.000000,0.882672
13.187233,1.334353,0.685419,-0.875956,2.000732,2.940355,0.000000,0.000000,0.000000,0.929124
-5088.978876,-7924.844307,1997.881923,-53738.972900,-83378.122446,21030.876158,0.000000,0.000000,0.000000,0.872177
5471.264392,8504.632110,-2176.517650,57420.274380,89561.850695,-22909.690319,0.000000,0.000000,0.000000,0.809480
41.261208,5.344382,-13.383799,110.962658,17.965009,-136.108494,0.000000,0.000000,0.000000,0.852665
34.231041,-2.582182,0.218656,0.986280,1.114728,1.127970,0.000000,0.000000,0.000000,0.818536
28.365999,-10.327792,0.757762,-4.010809,1.338893,3.020597,0.000000,0.000000,0.000000,1.140288
27.060226,4.420899,-1.801483,38.908908,6.274873,-25.806539,0.000000,0.000000,0.000000,0.833555
8.267628,6.664455,0.646690,2.051097,-3.203460,4.306942,0.000000,0.000000,0.000000,1.027351
13261.486140,-5579.489710,-5733.515353,132321.623458,-55778.245817,-57334.641922,0.000000,0.000000,0.000000,0.895092
-231009.236612,-183252.180259,-62622.613457,-2310318.627558,-1832614.710363,-626225.525053,0.000000,0.000000,0.000000,1.094618
14.416609,-6.513812,-2.922584,-1.011201,-10.247556,-30.034022,0.000000,0.000000,0.000000,0.964641
21.091187,5.975346,-1.494828,-28.895521,70.575114,-19.931313,0.000000,0.000000,0.000000,1.088460
8.744253,-5.242333,-0.448351,-0.735062,-1.492536,-1.087934,0.000000,0.000000,0.000000,0.872413
19.855544,-5.233832,3.705487,14.230720,-51.559611,34.793561,0.000000,0.000000,0.000000,0.891384
34.028406,-3.837809,-0.350133,0.029103,0.458531,-0.526793,0.000000,0.000000,0.000000,0.814934
15.867042,2.883587,13.003938,-139.679230,-6.825513,125.826090,0.000000,0.000000,0.000000,0.800565
19.618592,0.573577,0.735714,-15.034086,12.218327,2.372867,0.000000,0.000000,0.000000,0.851082
27.915478,-1.545385,-0.610175,6.059365,4.340784,-12.116105,0.000000,0.000000,0.000000,0.802055
8731.668040,1308.548023,530.063785,91705.182134,13788.350095,5584.546979,0.000000,0.000000,0.000000,1.030139
21.406187,-5.117749,-0.609081,2.422804,0.236141,-1.736156,0.000000,0.000000,0.000000,1.053327
14.092421,-8.214841,-0.326153,0.336966,-0.166990,-0.346540,0.000000,0.000000,0.000000,0.829351
28.061965,-5.081334,-1.992060,10.985401,9.537511,-26.556736,0.000000,0.000000,0.000000,1.191348
-76.551943,446.216323,16.131122,-917.862316,4417.351003,157.705632,0.000000,0.000000,0.000000,0.964997
441.093434,843.660590,1365.916865,4164.896485,8316.997072,13657.880426,0.000000,0.000000,0.000000,0.832471
14.801526,-1.229182,0.143021,1.724228,-13.085719,-0.473881,0.000000,0.000000,0.000000,0.859998
11.250819,8.576575,0.373347,-0.620662,-0.061857,-0.509858,0.000000,0.000000,0.000000,1.189759
27.634331,9.483087,-0.588742,4.679333,0.606114,-3.113306,0.000000,0.000000,0.000000,0.837812
3290.225924,300.127344,7190.748599,32802.972530,2981.619233,71905.520279,0.000000,0.000000,0.000000,1.195844
18.632323,-7.663733,-1.603135,6.137980,0.373912,-18.653853,0.000000,0.000000,0.000000,0.907600
640.722730,1264.855265,-35.789873,6202.362832,12650.273309,-360.253568,0.000000,0.000000,0.000000,1.175978
30.260969,6.435411,2.416561,1.497273,18.082243,31.266293,0.000000,0.000000,0.000000,0.918034
21.196791,-13.943714,0.287818,0.293313,-0.097044,-0.717854,0.000000,0.000000,0.000000,1.162965
-10421.645167,-9139.493487,-3710.285143,-104423.020192,-91415.363279,-37104.558675,0.000000,0.000000,0.000000,0.828171
61.732652,-434.308048,66.105912,457.230842,-4393.484142,674.047450,0.000000,0.000000,0.000000,1.074301
20.510657,6.227780,-0.486041,-9.401757,-17.816725,-10.814968,0.000000,0.000000,0.000000,0.828123
16.970323,-5.411416,1.331537,4.631174,-7.412045,9.322489,0.000000,0.000000,0.000000,0.945933
14.508079,-5.868882,1.648003,-10.770684,-9.257279,15.427805,0.000000,0.000000,0.000000,0.871053
16.538281,-6.477095,-0.283740,-2.308722,-1.041363,-0.663661,0.000000,0.000000,0.000000,1.006606
26.671438,10.097387,-0.506309,-1.337032,1.388568,-0.708627,0.000000,0.000000,0.000000,0.891709
7.914128,-0.243462,-0.143296,-5.714938,-3.219551,3.527915,0.000000,0.000000,0.000000,0.802266
-432.799810,-290.765638,-569.242375,-4511.130386,-2916.310157,-5688.823761,0.000000,0.000000,0.000000,0.808057
20.152815,1.102843,4.046861,37.079068,-14.127195,39.018547,0.000000,0.000000,0.000000,0.997179
31.177021,9.496053,-6.507245,214.215379,17.509149,-64.978834,0.000000,0.000000,0.000000,0.826401
1680.773286,345.001724,-518.507959,16571.709246,3488.043422,-5186.911324,0.000000,0.000000,0.000000,1.092000
29.184560,-5.282807,0.533259,-0.775081,-0.671602,0.519142,0.000000,0.000000,0.000000,1.064843
8.788077,47.163796,-189.561534,-181.032487,542.370342,-1893.949159,0.000000,0.000000,0.000000,0.822479
25.913694,7.909996,1.125139,-5.018103,34.432560,13.823021,0.000000,0.000000,0.000000,1.009438
24.829903,11.203299,0.378920,2.267256,-0.364409,1.309318,0.000000,0.000000,0.000000,0.979089
22.078271,-3.700418,-0.147300,6.258267,-1.529815,1.816771,0.000000,0.000000,0.000000,1.066492
28.629467,4.654383,-0.121942,-2.769082,-4.320727,-2.107906,0.000000,0.000000,0.000000,0.981742
-3229274.687457,2428632.007412,7299938.910471,-32292994.663449,24286302.982308,72999386.498138,0.000000,0.000000,0.000000,0.968748
29.218878,-1.156915,-1.584646,14.074560,-11.268784,-14.528268,0.000000,0.000000,0.000000,0.983512
4362.176279,1209.194069,-939.553466,43454.375497,12098.518545,-9393.714822,0.000000,0.000000,0.000000,1.084388
-4565.967729,-3797.040848,925.643543,-45867.024450,-37964.752654,9259.495837,0.000000,0.000000,0.000000,0.873257
28.558213,0.890460,1.877061,3.916473,6.547165,17.779353,0.000000,0.000000,0.000000,0.816476
22.397199,11.319535,0.526219,-2.952585,0.788350,0.734677,0.000000,0.000000,0.000000,1.047589
18.412076,-12.899533,2.546054,-36.848744,-104.437754,23.009755,0.000000,0.000000,0.000000,1.027319
21.789968,-10.894208,-0.264311,2.407233,0.336895,-1.213787,0.000000,0.000000,0.000000,1.173960
23.968142,-5.143138,-0.014036,6.042449,4.447611,2.198137,0.000000,0.000000,0.000000,1.044913
24.926499,9.772308,-0.452654,-0.395160,0.069465,-0.394244,0.000000,0.000000,0.000000,0.914418
34.341586,0.369266,1.079908,-1.217508,8.414023,6.256807,0.000000,0.000000,0.000000,1.174704
268.829694,31.395664,59.366139,2392.233048,330.215731,593.468174,0.000000,0.000000,0.000000,0.964197
20.123071,12.614740,2.633021,-12.970921,1.852225,23.176170,0.000000,0.000000,0.000000,0.803833
23.936854,6.765432,-1.020184,12.263752,25.963799,-6.726493,0.000000,0.000000,0.000000,0.974165
20.536836,2.606379,0.381679,10.635059,-11.375312,15.150449,0.000000,0.000000,0.000000,1.077810
8954.701123,-8026.685890,-11072.059329,89255.462108,-80230.398331,-110721.180399,0.000000,0.000000,0.000000,1.142695
21.111218,5.283733,0.433259,1.763813,0.634800,-0.191234,0.000000,0.000000,0.000000,0.969278
-311.543840,308.330882,-202.638036,-3309.215458,3075.615619,-2022.789825,0.000000,0.000000,0.000000,1.019335
12.777393,9.650005,0.081143,3.566231,1.034154,0.777560,0.000000,0.000000,0.000000,1.190436
22.615919,12.879188,-0.137920,-13.587696,2.654189,-3.879159,0.000000,0.000000,0.000000,1.094258
22.266745,-12.491074,-1.598142,-3.116972,5.330524,-13.260275,0.000000,0.000000,0.000000,0.907879
15.988591,-0.964696,2.556894,5.134919,12.907050,23.628021,0.000000,0.000000,0.000000,0.928088
12.855656,-5.356325,-0.920609,-16.241165,-7.753609,-6.438171,0.000000,0.000000,0.000000,0.958425
-2406.156450,-42955.390231,-68019.377381,-24257.299976,-429560.109653,-680191.507481,0.000000,0.000000,0.000000,1.021077
16.866386,10.441370,0.058355,0.342785,1.749050,-1.180206,0.000000,0.000000,0.000000,0.887687
26.980596,7.470860,-0.362527,-2.234725,-5.627808,-2.515470,0.000000,0.000000,0.000000,0.970445
22.394749,7.355539,0.358271,4.296253,-1.235216,-1.967750,0.000000,0.000000,0.000000,0.988023
39.192346,-48.234304,26.055900,170.849389,-521.161295,266.037654,0.000000,0.000000,0.000000,1.172336
23.293713,9.434672,-0.466252,0.239791,0.561548,-0.675985,0.000000,0.000000,0.000000,1.017928
12.747881,-7.708683,0.223184,1.978211,1.095065,4.527708,0.000000,0.000000,0.000000,0.873146
-1278.823607,2059.560217,-729.980198,-12994.667849,20594.030489,-7294.989254,0.000000,0.000000,0.000000,0.818163
19.786534,5.380405,-0.499388,0.022155,1.937873,-2.793514,0.000000,0.000000,0.000000,1.022176
21.813256,5.262083,0.354894,0.169950,2.096534,1.193866,0.000000,0.000000,0.000000,0.982968
29.242689,-10.694328,-0.069374,-0.424550,-1.694745,-1.751044,0.000000,0.000000,0.000000,1.031078
23.256419,0.435610,1.170453,3.544667,-26.387870,13.745136,0.000000,0.000000,0.000000,1.164925
13.623328,0.631506,-0.719042,-6.368268,-1.337955,-5.056886,0.000000,0.000000,0.000000,0.831382
58.409472,-18.671752,28.705515,288.265195,-126.024387,300.637966,0.000000,0.000000,0.000000,1.087354
12.425849,3.742134,-0.102502,-0.340420,-1.208472,-1.386586,0.000000,0.000000,0.000000,0.989456
9526.404621,111363.191815,-108193.457541,94985.401456,1113506.051570,-1081933.358020,0.000000,0.000000,0.000000,1.103315
-1778.832441,371.256731,906.425269,-17998.634424,3696.559101,9064.414284,0.000000,0.000000,0.000000,1.009699
18.216651,-11.819265,-1.979465,-10.104061,-13.133668,-15.157395,0.000000,0.000000,0.000000,0.923912
14.302328,3.753255,-0.081860,-0.178144,-0.395413,-0.787357,0.000000,0.000000,0.000000,1.013365
-64.183267,-137.265502,43.233623,-856.780633,-1404.555625,440.627263,0.000000,0.000000,0.000000,1.125743
30.596642,-8.861930,-0.544335,0.240604,0.261481,-0.443824,0.000000,0.000000,0.000000,1.192228
21.143831,-12.196179,-2.592408,45.247150,-90.180902,-58.222706,0.000000,0.000000,0.000000,0.911578
-1622.405440,-351.631219,514.282652,-16457.768542,-3477.798125,5140.273277,0.000000,0.000000,0.000000,1.099672
18.664715,5.236576,1.614641,-10.765889,58.677623,17.816642,0.000000,0.000000,0.000000,0.818657
10.954619,-8.073085,-2.223539,-87.558666,-75.476179,-30.601560,0.000000,0.000000,0.000000,0.883056
12.180957,-8.728696,0.235833,0.446562,0.764725,0.322146,0.000000,0.000000,0.000000,1.151102
19.977492,6.683476,-0.339097,-1.325253,0.423733,-0.782913,0.000000,0.000000,0.000000,1.003370
25.312836,61.687586,38.764967,67.243684,647.985513,382.780926,0.000000,0.000000,0.000000,1.075824
12.153995,0.282439,0.191730,-0.200890,-0.962220,0.264591,0.000000,0.000000,0.000000,0.806125
-1645.715152,22.826488,3575.099893,-16633.222701,174.114755,35750.285689,0.000000,0.000000,0.000000,0.827612
16.388934,-2.849575,0.561170,0.684222,1.122871,2.593071,0.000000,0.000000,0.000000,1.144365
18.774810,-9.720918,-0.530865,-0.036245,-0.260348,-1.306459,0.000000,0.000000,0.000000,1.032040
-78.235828,-148.191493,-636.458695,-1028.810567,-1697.739050,-7144.493572,0.000000,0.000000,0.000000,1.072494
126477.580751,10990.088951,-34497.296847,1264565.253888,110049.195170,-344974.746939,0.000000,0.000000,0.000000,0.824393
20.718250,4.674134,-0.450728,-0.662922,0.277604,-0.321702,0.000000,0.000000,0.000000,1.118345
44.690968,22.173339,-15.673391,139.786956,195.172748,-159.514180,0.000000,0.000000,0.000000,0.880674
22.262070,4.033662,-0.178970,-2.044624,1.994177,0.435708,0.000000,0.000000,0.000000,0.942182
905.280866,1154.879197,-3184.777847,8889.438108,11535.501843,-31849.839025,0.000000,0.000000,0.000000,1.078415
-81730.659681,-357749.589465,-529102.312050,-817483.010637,-3577503.548430,-5291025.361820,0.000000,0.000000,0.000000,1.061641
1151.582643,-68.786595,756.053836,11709.397607,-715.915689,7875.178955,0.000000,0.000000,0.000000,1.072066
29.513199,0.871249,-0.214613,1.858620,-3.524160,0.684126,0.000000,0.000000,0.000000,0.831722
21.016608,-14.601187,-0.595098,3.207056,0.404199,-3.464496,0.000000,0.000000,0.000000,1.021611
21.846529,-13.449651,-0.404237,0.219808,-0.112510,-0.603599,0.000000,0.000000,0.000000,1.028821
-2212.947674,2526.476665,2314.162322,-22344.299635,25273.766290,23137.278759,0.000000,0.000000,0.000000,1.066508
183.215685,-6.783399,-334.186483,1625.965844,-73.601214,-3341.592074,0.000000,0.000000,0.000000,1.195953
8.433881,-9.233779,-0.093641,0.196054,-0.225950,-0.497794,0.000000,0.000000,0.000000,0.841150
11.023185,2.687555,-0.868387,1.039568,-8.288294,-5.133255,0.000000,0.000000,0.000000,0.850637
23.577587,7.651556,-0.054706,-3.274308,-2.473627,-0.344798,0.000000,0.000000,0.000000,0.936637
8.040163,-7.562969,0.463035,-0.534082,-0.969169,1.461257,0.000000,0.000000,0.000000,0.906809
18.135200,-3.121991,0.781154,-1.552447,-3.779313,6.755457,0.000000,0.000000,0.000000,0.865894
21.887981,-2.988574,-0.829796,16.251557,24.263014,-12.840715,0.000000,0.000000,0.000000,0.987967
6.400199,2.903502,-0.248329,-2.762775,-2.498407,-1.465620,0.000000,0.000000,0.000000,1.043584
34.419936,72.943100,22.649886,102.646117,616.348218,227.052471,0.000000,0.000000,0.000000,1.044146
-5211.794606,-2298.859221,-2216.659916,-52342.824294,-22894.029412,-22161.691955,0.000000,0.000000,0.000000,0.920562
20.323715,-6.031222,0.489906,7.315257,-3.432265,4.500601,0.000000,0.000000,0.000000,1.040714
12.320675,-6.339594,-0.529951,-1.693755,1.027899,-0.559240,0.000000,0.000000,0.000000,0.811833
-833.333002,275.873908,76.132536,-8545.689652,2735.276035,759.591708,0.000000,0.000000,0.000000,0.957313
17.827380,0.602139,7.992355,-41.410072,7.544572,77.057428,0.000000,0.000000,0.000000,1.095972
-797.709722,961.177210,891.528503,-8177.116363,9591.637620,8915.245652,0.000000,0.000000,0.000000,0.959278
33.785044,2.244241,-0.052657,-0.134825,0.298238,-0.526805,0.000000,0.000000,0.000000,0.998823
30.545317,-0.773582,-0.409249,0.027401,0.368050,-0.484869,0.000000,0.000000,0.000000,1.141906
12.724609,-7.817072,-0.387618,29.613720,6.710598,-10.127007,0.000000,0.000000,0.000000,0.806500
11.318898,11.483859,-0.026228,-0.147765,-0.110482,-0.623320,0.000000,0.000000,0.000000,0.986759
12.188286,-10.845000,-0.520528,0.294466,-0.174567,-0.337832,0.000000,0.000000,0.000000,1.102423
43.957608,-58.140707,178.295966,170.385083,-509.843084,1781.720814,0.000000,0.000000,0.000000,0.873852
19.579525,-12.836498,-0.409542,-0.335988,0.665538,-1.050383,0.000000,0.000000,0.000000,0.812619
2.221767,-43.245064,23.282618,-149.004996,-491.906647,232.299779,0.000000,0.000000,0.000000,0.807618
13.145621,-55.765069,-54.647152,-62.533716,-604.084172,-555.564980,0.000000,0.000000,0.000000,0.820576
14.232251,10.194062,-0.484288,-0.509087,0.505557,-0.793986,0.000000,0.000000,0.000000,1.027701
21.791957,7.132276,-0.589408,1.909554,-0.580749,-2.985062,0.000000,0.000000,0.000000,0.934740
33225.070179,-57403.837861,179611.373833,332062.054381,-574031.134587,1796109.570356,0.000000,0.000000,0.000000,1.178723
19.875164,-5.970214,-0.149783,7.957606,-7.918445,-15.616514,0.000000,0.000000,0.000000,0.967271
714.945679,642.480349,422.091410,6941.605604,6294.410411,4216.628327,0.000000,0.000000,0.000000,0.987766
-12799.996024,-150366.639286,146112.108128,-128278.501380,-1503791.044743,1461121.118415,0.000000,0.000000,0.000000,0.816974
101046207.154425,95143951.454550,-63320192.337288,1010461792.110585,951439465.952861,-633201919.696050,0.000000,0.000000,0.000000,1.133103
25.470594,0.313078,0.142916,-10.039104,1.109974,2.773277,0.000000,0.000000,0.000000,1.091993
14.470196,-54.509749,-23.677883,-96.603201,-655.111625,-235.257373,0.000000,0.000000,0.000000,0.988177
25.420874,-4.187916,-0.027960,-4.369011,-0.054013,2.408882,0.000000,0.000000,0.000000,0.817647
22.747828,12.195365,-2.390954,8.669819,-2.854164,-21.185129,0.000000,0.000000,0.000000,0.806913
-97.094367,85.596656,3.465888,-1226.198566,761.940766,32.325069,0.000000,0.000000,0.000000,0.914951
44270.285361,-16536.366901,41970.446059,442511.436573,-165358.098221,419699.768587,0.000000,0.000000,0.000000,1.073302
13.418688,-4.560103,-19.110260,-76.465047,59.492396,-190.703578,0.000000,0.000000,0.000000,1.114679
5.792716,6.913855,17.574528,-25.550932,124.167475,174.726797,0.000000,0.000000,0.000000,0.813495
13.320491,2.402647,-1.238604,-18.838138,-36.482878,-10.123047,0.000000,0.000000,0.000000,0.993904
18.603870,-14.814139,-2.197102,-12.089092,-5.998558,-17.558186,0.000000,0.000000,0.000000,0.811627
25.394083,-12.432293,-0.031216,0.295108,0.153071,-0.470939,0.000000,0.000000,0.000000,0.971544
32.319498,6.912738,-0.433207,-0.392224,0.357656,-0.469305,0.000000,0.000000,0.000000,0.828819
27.255629,-2.916517,-0.344089,-1.520408,5.139138,-2.542608,0.000000,0.000000,0.000000,0.843591
-189704.525903,-2077.266143,83792.756613,-1897296.711767,-20773.239013,837931.216789,0.000000,0.000000,0.000000,1.009980
-5.243707,-16.256267,8.371082,-273.594403,-30.675787,81.214737,0.000000,0.000000,0.000000,1.165896
18.887607,-6.155182,0.384894,-3.041727,-4.382938,5.164367,0.000000,0.000000,0.000000,1.173099
15.706795,-5.637701,-0.109188,-4.568777,-5.900102,-6.143398,0.000000,0.000000,0.000000,0.980241
2772345060.068451,1691175160.424547,-891499805.845137,28580876662.608616,17434795445.916245,-9190719634.935432,0.000000,0.000000,0.000000,1.049528
-8856.387772,7983.540216,11022.500941,-88854.310308,79870.859078,110223.037240,0.000000,0.000000,0.000000,1.147849
24.299380,4.996189,4.513154,-70.354014,67.050757,43.608238,0.000000,0.000000,0.000000,1.017479
-49063.255704,-10700.509378,-176483.263909,-490827.021460,-106999.249761,-1764829.525669,0.000000,0.000000,0.000000,0.811464
15.154317,-0.622951,-0.771608,5.278952,-7.337661,-10.379932,0.000000,0.000000,0.000000,0.816721
20.269591,77.551667,-57.711159,6.596949,707.859421,-578.926355,0.000000,0.000000,0.000000,1.117804
-2779.778413,3677.446885,-2870.018084,-27984.475763,36812.326501,-28695.387138,0.000000,0.000000,0.000000,0.933819
-93585.657929,-11552.755011,-102223.200898,-936042.345184,-115530.577299,-1022232.535728,0.000000,0.000000,0.000000,0.945291
17.627380,-5.422044,0.022634,13.626082,-4.161065,-12.084663,0.000000,0.000000,0.000000,0.802871
28.218840,-5.087963,5.535129,37.422650,-83.769292,62.059016,0.000000,0.000000,0.000000,0.804158
-283.446328,-675.399178,257.645865,-3235.008434,-6970.937014,2713.285045,0.000000,0.000000,0.000000,1.159105
43.419874,9.312210,-20.865960,88.703325,78.801801,-205.908480,0.000000,0.000000,0.000000,0.947227
20.113435,-4.320408,0.130271,-19.780296,-16.437877,3.631930,0.000000,0.000000,0.000000,1.178009
11.054949,4.865432,-0.155683,-1.654415,0.829212,-0.871138,0.000000,0.000000,0.000000,0.804628
9.749621,-5.923336,15.128451,-94.997629,-85.961489,148.330055,0.000000,0.000000,0.000000,1.123032
-3.045416,-2.924386,-15.860505,-253.968041,-120.736778,-156.511522,0.000000,0.000000,0.000000,1.188309
243090.497904,148543.215122,-49198.458194,2430654.878809,1485466.297631,-491986.672282,0.000000,0.000000,0.000000,1.051077
11.064682,-1.384977,1.039718,-0.531529,-2.272243,6.378538,0.000000,0.000000,0.000000,0.835316
26.047015,8.504441,0.530472,-6.610595,0.119821,1.874865,0.000000,0.000000,0.000000,1.077266
1.413186,20.382880,32.550626,-239.832780,130.752047,326.239875,0.000000,0.000000,0.000000,1.150362
26.420790,0.296339,-2.202994,49.696660,5.966301,-26.687643,0.000000,0.000000,0.000000,1.104765
8.081848,7.195552,3.655372,12.638804,6.581684,37.305312,0.000000,0.000000,0.000000,0.862295
18.579730,-10.157933,-2.824883,21.603035,-54.743101,-27.945515,0.000000,0.000000,0.000000,1.006393
19.439773,1.695443,-1.021710,-0.288818,4.089998,-5.975128,0.000000,0.000000,0.000000,1.078170
8.391035,-12.842244,-7.344266,-47.841816,-63.533078,-72.508097,0.000000,0.000000,0.000000,1.188275
