x,y,z,vx,vy,vz,fx,fy,fz,mass
-27.995296,-3.448743,-0.171860,5.245985,-6.134712,-0.427473,0.000000,0.000000,0.000000,1.108544
155.168341,79.163529,-158.521481,433.427488,201.941243,-396.239614,0.000000,0.000000,0.000000,1.126065
-16.079887,-7.643709,-7.081329,8.123216,-24.067685,-16.182204,0.000000,0.000000,0.000000,0.994733
8867.371463,13092.242280,-14946.940646,22233.217164,32704.107387,-37366.347244,0.000000,0.000000,0.000000,0.822397
-2944.995317,-2974.683658,-3609.806207,-7310.567351,-7437.432766,-9023.992339,0.000000,0.000000,0.000000,0.898558
-23.330230,-14.566748,4.234989,-5.626868,-2.782121,9.734579,0.000000,0.000000,0.000000,0.846977
-25.620575,4.261503,0.211264,-0.210346,-0.212733,0.401737,0.000000,0.000000,0.000000,1.116249
4048.238144,2670.758028,-6884.318572,10187.235290,6673.267308,-17210.970126,0.000000,0.000000,0.000000,1.187704
-8.813482,4.165428,0.769494,5.074981,2.750894,6.161028,0.000000,0.000000,0.000000,0.950589
2454.585001,-182007.473496,331967.796637,6200.917156,-455045.813734,829919.125212,0.000000,0.000000,0.000000,0.818971
-10.184606,-0.599566,1.453233,-1.724236,-0.785321,2.405566,0.000000,0.000000,0.000000,1.167247
-13.686446,-0.033186,2.506209,0.343501,2.415403,7.185299,0.000000,0.000000,0.000000,0.972061
-20.419619,-9.346486,-5.825130,-3.351176,-0.922889,-14.086707,0.000000,0.000000,0.000000,1.081818
536.102426,5630.983013,3836.245290,1389.009925,14075.379929,9591.042849,0.000000,0.000000,0.000000,0.989544
-12.808152,1.126360,-3.944619,2.033027,-3.516217,-8.265916,0.000000,0.000000,0.000000,1.158531
-19.325668,-6.743037,-0.497515,0.440365,-2.711551,-0.114764,0.000000,0.000000,0.000000,1.162612
-17.813152,-9.604845,0.051468,0.052916,-1.071360,0.896645,0.000000,0.000000,0.000000,0.916922
-27.267185,-16.825306,-3.024103,-0.569043,-13.770163,-8.041913,0.000000,0.000000,0.000000,0.931872
-227.821787,-15.641269,-92.205459,-519.996952,-40.808559,-229.449507,0.000000,0.000000,0.000000,1.092022
-9.563408,-1.134687,0.647652,0.333120,0.670254,0.483466,0.000000,0.000000,0.000000,1.076214
-11.274494,-7.802628,-3.365500,-2.812702,-11.570335,-10.048087,0.000000,0.000000,0.000000,0.867463
-11.543780,12.233212,0.613824,2.061184,0.956073,0.995621,0.000000,0.000000,0.000000,0.990617
-8.505770,-8.762219,2.779336,15.259242,-13.811381,7.696793,0.000000,0.000000,0.000000,0.852733
-11959099.767245,-658331.073929,16882930.658178,-29897697.588248,-1645828.815546,42207326.486542,0.000000,0.000000,0.000000,1.112751
-20.548071,2.926077,-1.111288,-0.527534,-1.691875,-1.926172,0.000000,0.000000,0.000000,0.971706
-26924.178889,-593489.484626,254066.346676,-67263.339027,-1483723.199617,635164.823304,0.000000,0.000000,0.000000,0.863572
-8.362945,-3.921420,-0.194828,1.119839,-1.764916,0.071323,0.000000,0.000000,0.000000,0.901633
-9.335115,-4.797604,-2.708564,-1.806062,1.882777,-5.944699,0.000000,0.000000,0.000000,1.076310
-25.413110,10.564555,1.426545,8.874910,-1.286913,4.972294,0.000000,0.000000,0.000000,1.079740
-30.776368,0.901617,-1.177690,0.108978,2.802281,-2.025277,0.000000,0.000000,0.000000,1.131573
-955.886033,-2872.981423,-7760.186318,-2356.955330,-7221.448270,-19545.535509,0.000000,0.000000,0.000000,0.949219
67.893134,-54.038213,-43.054124,204.703595,-128.444546,-106.990509,0.000000,0.000000,0.000000,1.028994
-131.987093,49.673350,270.140212,-265.256322,131.345876,675.035811,0.000000,0.000000,0.000000,0.888145
-15.089511,10.169460,11.086999,25.600031,38.264099,26.675588,0.000000,0.000000,0.000000,1.109194
-3.741745,-2.878915,-61.664242,33.724585,-10.326414,-153.487961,0.000000,0.000000,0.000000,0.870110
-28.995494,4.546763,0.211758,-1.831802,2.790444,-2.233843,0.000000,0.000000,0.000000,1.027614
-20.629941,-4.399070,1.859771,7.614227,1.213277,3.946457,0.000000,0.000000,0.000000,0.878708
-11.458957,-11.658962,-0.078583,0.067738,0.364476,0.153365,0.000000,0.000000,0.000000,0.932374
-18.619914,12.123211,-6.729333,5.262632,5.055254,-16.185297,0.000000,0.000000,0.000000,0.950720
-1.341792,14.727762,-12.958004,33.986888,35.278860,-33.910165,0.000000,0.000000,0.000000,0.987029
-28.708491,-12.378295,0.270449,-0.246114,-0.213505,0.534562,0.000000,0.000000,0.000000,0.961445
-10.530382,-30.673979,35.713932,21.238704,-77.512755,89.606422,0.000000,0.000000,0.000000,0.803227
21176.934195,-22712.090963,-4648.644700,52993.622731,-56780.957567,-11621.422265,0.000000,0.000000,0.000000,0.945113
-25.744470,-2.418226,-4.921661,-3.423415,5.868256,-12.633651,0.000000,0.000000,0.000000,0.965340
-20.460058,7.576960,2.628237,-6.474148,0.023032,5.462179,0.000000,0.000000,0.000000,1.008691
1148.378968,7177.384467,7031.103938,2924.559006,17943.585495,17577.989223,0.000000,0.000000,0.000000,1.081289
-25.190928,54.237005,-5.467584,-28.560401,147.451544,-11.774404,0.000000,0.000000,0.000000,1.057274
-15.620241,-2.334328,13.432023,3.184838,-3.079640,30.236600,0.000000,0.000000,0.000000,1.011438
-19.646839,-8.264190,0.223559,-0.171118,-0.365585,0.341686,0.000000,0.000000,0.000000,0.948328
-12.385554,25.943883,1.821974,0.500433,59.498087,3.117809,0.000000,0.000000,0.000000,0.807111
-1.509311,41.952094,13.934568,11.629511,97.072030,35.072621,0.000000,0.000000,0.000000,0.979161
-23.700945,-9.147439,7.123281,-13.483873,-0.476576,17.458298,0.000000,0.000000,0.000000,0.944154
-30.237652,5.909606,-1.464424,2.761849,0.861447,-2.687716,0.000000,0.000000,0.000000,1.147512
-16.663472,-13.751051,16.627295,3.440211,-15.953676,41.835017,0.000000,0.000000,0.000000,0.814239
5.166055,27.617687,-58.987918,59.087506,61.903411,-146.474729,0.000000,0.000000,0.000000,1.163616
-31.653134,-6.823867,0.156968,0.394270,-0.269835,0.595786,0.000000,0.000000,0.000000,0.831347
-17.700592,10.112882,-0.852868,1.602252,-0.833933,-2.143666,0.000000,0.000000,0.000000,1.001711
-20.100175,-11.792407,-2.872363,0.560847,3.566813,-6.531598,0.000000,0.000000,0.000000,0.914952
-7.017080,-0.297392,-0.070652,0.543467,1.695148,1.063735,0.000000,0.000000,0.000000,0.946323
3743.204439,-2762.921990,-627.037920,9434.586554,-6907.030372,-1569.956244,0.000000,0.000000,0.000000,0.867750
-30.074178,4.808174,-0.335731,1.654308,-0.414919,-0.692600,0.000000,0.000000,0.000000,1.115972
-31.323839,9.493107,-0.527414,-0.663604,-0.407758,-0.888617,0.000000,0.000000,0.000000,0.837142
144.416203,-97.216476,237.676367,400.478247,-241.847508,596.003197,0.000000,0.000000,0.000000,1.199553
-29.824786,2.177038,2.495856,6.364539,9.883493,5.425571,0.000000,0.000000,0.000000,1.074319
-18.823732,-2.089914,-0.167059,-0.382743,-6.358094,0.350564,0.000000,0.000000,0.000000,1.126542
-205.180995,-27.179133,-263.872753,-486.126219,-54.130078,-658.524834,0.000000,0.000000,0.000000,1.012272
-27.000253,7.288117,-0.239672,-0.359462,-0.168891,0.362295,0.000000,0.000000,0.000000,1.144267
-33.862647,4.834810,1.845674,0.521004,1.015205,4.960117,0.000000,0.000000,0.000000,1.073443
-12.492048,-3.406981,-3.784359,-6.847109,-2.541683,-12.050108,0.000000,0.000000,0.000000,0.995503
-21.054143,-5.914801,0.183282,2.069145,2.721037,3.236556,0.000000,0.000000,0.000000,1.112735
-30.936634,-3.665810,-0.168995,0.592826,0.073251,-0.844551,0.000000,0.000000,0.000000,0.843669
-21.303803,3.778423,-0.742391,0.947410,1.003730,-5.113799,0.000000,0.000000,0.000000,1.195338
-7902.326469,-181676.421485,112857.008393,-19697.855668,-454180.892336,282143.362138,0.000000,0.000000,0.000000,0.886178
952.543160,4566.248292,6869.649423,2404.450743,11437.880157,17174.048707,0.000000,0.000000,0.000000,1.164964
-12.071726,9.388696,-0.709584,1.471024,-4.013428,-1.430551,0.000000,0.000000,0.000000,1.142623
-17.031400,-6.705394,1.291197,2.996891,-3.725114,2.683302,0.000000,0.000000,0.000000,0.942950
-24.793232,-13.805982,-5.667469,-7.763844,-27.174850,-14.695403,0.000000,0.000000,0.000000,0.804799
-16.686220,11.140151,0.025803,-0.616162,0.189441,0.863875,0.000000,0.000000,0.000000,0.954997
-28.131024,0.194320,0.300713,-0.076170,-0.803660,0.774798,0.000000,0.000000,0.000000,1.103109
6889.569123,4592.715949,1158.751443,17286.134149,11466.071359,2897.282583,0.000000,0.000000,0.000000,1.142902
58.602340,-43.263627,-228.889853,210.922373,-100.850192,-571.790350,0.000000,0.000000,0.000000,1.041734
-38.362869,-10.525087,7.823917,-9.601001,-32.786666,18.500573,0.000000,0.000000,0.000000,0.938065
-10.218383,8.546223,-9.930598,41.395911,4.842643,-24.985517,0.000000,0.000000,0.000000,0.988095
-25.247205,-0.681001,-0.952437,-2.044125,-1.021957,-1.413551,0.000000,0.000000,0.000000,0.905486
-24.680495,2.854576,-0.072936,-0.380909,-1.528312,-1.221772,0.000000,0.000000,0.000000,0.878215
-24.392006,-0.372708,2.777755,0.928370,-5.156568,7.022366,0.000000,0.000000,0.000000,1.181118
-8.282432,0.681264,-0.554696,3.158761,2.245865,0.110022,0.000000,0.000000,0.000000,0.959298
-20.377396,12.297130,-1.642556,-4.031145,1.970197,-6.094919,0.000000,0.000000,0.000000,1.194278
-12.484537,-7.946777,-1.405170,1.439785,0.895495,-2.439242,0.000000,0.000000,0.000000,0.892655
-609.455140,-127.110503,297.844630,-1471.370192,-322.348102,746.768281,0.000000,0.000000,0.000000,0.983172
-33.370259,-7.791354,14.828218,-14.213821,-14.038715,43.742612,0.000000,0.000000,0.000000,1.050169
-162.101001,252.597982,-224.010123,-353.630319,629.651858,-559.534935,0.000000,0.000000,0.000000,0.871078
-23.914024,1.292942,-50.196809,-9.502124,-2.821842,-126.350049,0.000000,0.000000,0.000000,0.837749
7842997.154935,-4280091.202514,-18231084.503840,19607536.507375,-10700212.501426,-45577710.876738,0.000000,0.000000,0.000000,0.951689
-16.844048,-9.808275,-3.159513,-1.511035,-1.669712,-7.970220,0.000000,0.000000,0.000000,0.950231
-24.546607,-8.241836,20.496892,-17.817013,-17.071911,51.542577,0.000000,0.000000,0.000000,0.871993
-40.033660,11.337843,5.173227,-36.773930,-6.282698,11.883209,0.000000,0.000000,0.000000,0.852751
-20.971493,6.670248,-43.736076,-6.347589,16.934786,-108.426780,0.000000,0.000000,0.000000,1.147153
-13.305934,-8.788246,-1.065249,-2.920485,-1.631459,-6.298253,0.000000,0.000000,0.000000,0.993805
-33.701148,-5.633896,-0.140553,0.284301,-0.214180,0.776043,0.000000,0.000000,0.000000,1.106077
-24.518602,10.706329,0.045765,-0.497259,-0.597852,0.871731,0.000000,0.000000,0.000000,0.946183
-19.928921,-16.512431,17.129344,-1.714669,-41.897746,42.052898,0.000000,0.000000,0.000000,1.179822
-7113331.068249,11505082.231193,-13820289.768310,-17783294.467852,28762709.141064,-34550723.584740,0.000000,0.000000,0.000000,1.194290
-18.166320,-12.619070,-0.022750,0.286792,-0.194557,0.399257,0.000000,0.000000,0.000000,1.180160
-18.527922,-6.309498,-0.450371,0.446823,-1.712945,-3.189350,0.000000,0.000000,0.000000,0.975946
-28.430560,3.501241,0.445712,-0.043725,0.137614,0.653129,0.000000,0.000000,0.000000,0.824101
-23.364952,3.716300,-0.302685,-9.764643,2.446815,-1.749836,0.000000,0.000000,0.000000,1.160362
25584.831600,918.123516,-18416.239974,64019.877019,2265.950982,-46040.375087,0.000000,0.000000,0.000000,1.024294
-29.985693,12.758850,21.639367,-20.741031,16.568417,54.252802,0.000000,0.000000,0.000000,0.874086
1935.158099,2775.840014,-203.751126,4888.410694,6937.900697,-509.557133,0.000000,0.000000,0.000000,1.076029
-10.052338,11.593545,67.199641,28.244309,45.875606,168.040636,0.000000,0.000000,0.000000,0.973946
-13.949797,11.706936,-2.966872,1.122743,6.592639,-6.575457,0.000000,0.000000,0.000000,1.064150
-94.500552,-559.626777,254.088350,-175.448018,-1404.176555,635.973100,0.000000,0.000000,0.000000,0.923941
-31.449889,-3.954185,-2.147710,-5.569619,-6.496166,-7.636708,0.000000,0.000000,0.000000,1.122373
-17.602993,12.180741,1.374741,-2.175821,-0.534907,6.287229,0.000000,0.000000,0.000000,1.071131
-39.897623,-22.038090,39.733994,-38.663896,-55.480226,99.106284,0.000000,0.000000,0.000000,1.071878
-16.286137,-3.906547,-0.870490,3.311810,0.078354,-2.645002,0.000000,0.000000,0.000000,1.150206
-16.837478,-11.495245,1.285681,-0.643555,-2.092391,3.901306,0.000000,0.000000,0.000000,0.941464
57.328356,-153.858014,-70.701164,210.802290,-368.933019,-175.996294,0.000000,0.000000,0.000000,0.941387
116.549162,481.080784,158.578933,358.960657,1213.408819,397.216430,0.000000,0.000000,0.000000,0.967605
95.998044,41.037763,-172.505248,289.044835,100.082078,-430.130834,0.000000,0.000000,0.000000,1.026309
-15.788733,-12.880602,5.130644,27.088056,-51.453110,13.286131,0.000000,0.000000,0.000000,0.882430
-25.630026,11.268722,-0.034912,-4.288103,8.796324,-3.062068,0.000000,0.000000,0.000000,0.993582
-8.550629,-1.817130,-0.288327,5.272783,2.749636,-1.093087,0.000000,0.000000,0.000000,1.078578
-12.547981,-14.441624,7.835779,39.089969,-14.431074,18.670274,0.000000,0.000000,0.000000,1.011073
2586371308.390572,6048324421.720937,5604306893.753411,6465928302.903232,15120811045.240349,14010767233.650768,0.000000,0.000000,0.000000,0.860433
-19.136072,10.614053,-0.086250,-0.045722,-0.981572,0.356939,0.000000,0.000000,0.000000,0.817714
1175.724551,42484.835395,11616.306284,2954.517282,106207.569793,29041.286753,0.000000,0.000000,0.000000,0.821193
-7.067893,4.720380,0.876038,3.633544,-2.041648,2.435934,0.000000,0.000000,0.000000,1.096169
-6.150257,-5.610784,0.326535,-0.107262,0.145051,0.592231,0.000000,0.000000,0.000000,0.984807
-26.834763,-12.366368,-0.921897,-2.193280,-1.178544,-1.375280,0.000000,0.000000,0.000000,1.022588
-5.434424,0.596452,0.645403,-0.045762,0.417180,0.325974,0.000000,0.000000,0.000000,1.196130
4275.355306,2828.755971,2914.559756,10738.944754,7073.811127,7285.554886,0.000000,0.000000,0.000000,0.879180
-186.485978,-565.289213,-2077.350750,-408.176031,-1445.347849,-5193.435062,0.000000,0.000000,0.000000,1.108554
-25.645699,11.751708,0.416534,-0.197487,1.633894,1.372754,0.000000,0.000000,0.000000,1.056726
-26.119171,-1.628714,14.464886,-3.350870,-23.714605,39.015206,0.000000,0.000000,0.000000,0.886343
-34.861633,21.445678,-17.881683,-47.031262,32.431501,-46.077424,0.000000,0.000000,0.000000,1.186292
-24.324009,-8.008512,-6.396546,-21.266524,-3.766326,-15.389202,0.000000,0.000000,0.000000,1.016252
-2.202620,10.627269,-17.984895,41.258405,21.463177,-44.656498,0.000000,0.000000,0.000000,1.054678
-9934.021727,10297.910395,6276.836470,-24785.086351,25752.537867,15691.245377,0.000000,0.000000,0.000000,1.098557
-102738.829881,15113.867473,54857.799010,-256799.572968,37784.783320,137143.380148,0.000000,0.000000,0.000000,1.112295
-19.547149,-7.316786,-10.254936,6.829964,-13.495053,-25.835223,0.000000,0.000000,0.000000,1.155625
-6.065484,21.519055,-11.431134,50.555659,48.524971,-34.520622,0.000000,0.000000,0.000000,0.995605
-8.752182,7.783637,-0.096957,-0.214808,0.332631,0.580261,0.000000,0.000000,0.000000,0.925170
-13.984695,9.889004,-2.414358,8.478195,10.114343,-7.167680,0.000000,0.000000,0.000000,0.822204
-22.606530,-10.201301,-0.524391,0.579402,-4.339156,-0.579607,0.000000,0.000000,0.000000,1.073643
-18.370704,8.426747,-1.304469,-11.545009,6.559356,-2.574228,0.000000,0.000000,0.000000,0.872427
-25.937237,-17.931031,-11.511125,-15.683503,-44.936582,-28.580346,0.000000,0.000000,0.000000,1.061290
-13.579689,-11.063414,0.119467,0.259691,1.558543,0.130784,0.000000,0.000000,0.000000,1.176053
-21.237169,-2.301644,-0.310839,-0.349689,4.904019,0.054979,0.000000,0.000000,0.000000,1.129608
14301.592604,12178.247772,9562.233148,36087.194641,30668.730050,24086.010039,0.000000,0.000000,0.000000,1.112493
-25.245448,-10.100676,1.374306,-3.729915,-4.335777,2.128528,0.000000,0.000000,0.000000,1.071082
-26.506736,-10.528584,0.730958,-0.772645,-1.299002,0.648418,0.000000,0.000000,0.000000,1.075690
-10.466152,-2.730158,2.061503,1.874918,-0.924973,4.387430,0.000000,0.000000,0.000000,1.097371
-12.145623,3.305816,0.244409,-0.573290,1.253603,0.395335,0.000000,0.000000,0.000000,1.191502
-277400.043437,-48637.607011,-56335.258129,-693449.738244,-121590.656378,-140838.262545,0.000000,0.000000,0.000000,0.803348
-31.854742,12.314593,-7.663277,6.240296,23.038172,-20.322959,0.000000,0.000000,0.000000,1.108765
-25.065084,-9.217758,0.402587,1.615424,1.022100,0.038737,0.000000,0.000000,0.000000,0.960094
-15.970067,2.054315,2.180703,-6.410483,-5.468645,4.281476,0.000000,0.000000,0.000000,1.083925
-446.870058,-748.339549,284.190375,-1083.436032,-1887.995659,713.328604,0.000000,0.000000,0.000000,1.098847
-16.778215,2.924287,-0.269746,-0.178815,0.273548,0.539598,0.000000,0.000000,0.000000,1.059239
-29.521785,-15.732749,10.074545,-31.838675,-46.991460,26.417984,0.000000,0.000000,0.000000,0.969303
94.402382,-944.962711,-1563.912869,290.510182,-2334.228054,-3909.830687,0.000000,0.000000,0.000000,1.140464
-11.035227,-10.838281,-0.089964,-0.196888,0.120816,0.473740,0.000000,0.000000,0.000000,1.136952
-29.927969,-6.140339,-1.165694,-4.593178,5.631163,-2.768586,0.000000,0.000000,0.000000,1.129021
-32.883490,5.832213,-0.432827,-2.275882,-0.374576,-0.610065,0.000000,0.000000,0.000000,1.174275
-23.166972,5.095634,12.571613,-27.146513,14.690687,33.461419,0.000000,0.000000,0.000000,0.892747
386.178920,-223.980604,2247.833352,1019.047809,-595.520640,5619.102493,0.000000,0.000000,0.000000,0.991313
68.522475,82.995218,66.333829,222.375697,229.290600,165.343349,0.000000,0.000000,0.000000,1.040638
-12.988368,1.195626,-0.179065,-0.355307,0.096727,0.278710,0.000000,0.000000,0.000000,1.107347
-1093.104992,876.619763,812.090036,-2677.797512,2219.337789,2029.831627,0.000000,0.000000,0.000000,1.160856
-18.083488,-13.580196,-0.267677,0.172543,0.284721,0.628511,0.000000,0.000000,0.000000,1.006083
-13.268531,-6.039565,0.401559,0.472625,-0.570521,0.511762,0.000000,0.000000,0.000000,0.950264
-1.186658,-1.427463,9.105155,31.996522,-10.345585,23.489981,0.000000,0.000000,0.000000,1.002828
-24.806027,11.401810,0.516074,-0.226205,-0.042658,0.382107,0.000000,0.000000,0.000000,1.126099
-12.138106,-10.547784,-0.563882,-0.563088,0.572654,-0.783991,0.000000,0.000000,0.000000,1.083911
83465.697242,-64554.257775,1648.383225,208730.931997,-161403.540310,4120.016688,0.000000,0.000000,0.000000,0.960880
-1186.307687,232.529072,311.063458,-2911.389399,576.232656,776.850350,0.000000,0.000000,0.000000,0.808571
-34.129308,-3.711138,5.446211,-2.039734,-7.014116,13.935148,0.000000,0.000000,0.000000,1.187454
-11.500866,5.219149,2.985500,-4.083291,4.047804,6.865651,0.000000,0.000000,0.000000,0.916252
5.234478,16.564225,-25.982808,44.679230,27.394031,-65.082832,0.000000,0.000000,0.000000,0.840400
5909.664777,-5357.270570,1724.083225,14825.946780,-13391.742870,4310.968295,0.000000,0.000000,0.000000,0.907398
-10.633494,-0.238725,-0.028581,-0.902476,4.891832,-0.495214,0.000000,0.000000,0.000000,0.809587
-29.756774,-11.384215,-0.269434,-0.174822,-0.107962,0.447967,0.000000,0.000000,0.000000,0.847782
241.931087,-30.328423,-236.508911,646.639142,-83.869728,-594.429107,0.000000,0.000000,0.000000,1.180275
-7938.877757,-5243.185744,-1326.128102,-19784.482753,-13123.351019,-3314.832442,0.000000,0.000000,0.000000,0.998614
-44.678201,-1.928974,-2.637250,-51.604603,-0.314268,-6.049728,0.000000,0.000000,0.000000,0.928766
122672.806432,-20799.145391,45259.105758,306730.843061,-51994.401236,113147.924683,0.000000,0.000000,0.000000,0.866197
-92066.901264,71177.710001,-1815.822423,-230100.170562,177926.074696,-4540.489661,0.000000,0.000000,0.000000,0.871651
-26.799055,11.039137,-0.205503,0.388197,-0.776713,-0.211474,0.000000,0.000000,0.000000,1.123621
-30825.575037,26393.247399,-11251.920924,-77400.256335,66311.728027,-28268.998683,0.000000,0.000000,0.000000,0.863915
-31.589931,6.975864,28.841471,-22.971542,10.805654,74.435868,0.000000,0.000000,0.000000,0.955058
-28.014465,-1.944988,16.437971,-8.482791,-10.886795,40.388563,0.000000,0.000000,0.000000,0.834440
-7.060497,-4.124520,0.428400,0.911848,1.685599,-0.432369,0.000000,0.000000,0.000000,1.015190
-14.087305,-9.425336,1.193540,-2.269342,-2.794783,2.490960,0.000000,0.000000,0.000000,1.190213
-20.056717,9.343101,1.082544,1.082925,-0.799658,1.270458,0.000000,0.000000,0.000000,1.010340
-25.450905,-3.258478,0.377298,1.605237,0.784907,0.660275,0.000000,0.000000,0.000000,0.812301
-44.597072,-17.813440,-30.290414,-66.435738,-43.246025,-77.171600,0.000000,0.000000,0.000000,1.025505
-26.798170,0.176572,1.309689,-0.029230,1.537548,2.852684,0.000000,0.000000,0.000000,0.837771
-1467.223815,-2568.496711,1387.824375,-3617.235620,-6422.420205,3469.119193,0.000000,0.000000,0.000000,1.046956
16533.097723,-1987.799244,3631.471041,41375.726840,-4981.218819,9079.143851,0.000000,0.000000,0.000000,1.066873
-7.791455,-6.065589,-0.026496,2.758847,-5.664889,-1.671204,0.000000,0.000000,0.000000,0.984859
-26.609221,-12.299669,-13.298270,-31.216767,-41.078273,-32.688170,0.000000,0.000000,0.000000,0.822774
-2423.577056,-4525.573492,1474.948565,-6008.000736,-11310.228923,3687.153560,0.000000,0.000000,0.000000,1.142448
-5.344543,-10.687026,-4.303821,9.165511,-7.527511,-10.713812,0.000000,0.000000,0.000000,1.156151
-26.551904,3.215103,-0.202237,-0.191043,-0.301640,0.584315,0.000000,0.000000,0.000000,1.138209
-12.094080,5.545990,0.589234,-0.529689,0.162332,0.865433,0.000000,0.000000,0.000000,0.920994
-26.037422,-3.409494,-0.187282,3.721036,-7.413473,-2.275660,0.000000,0.000000,0.000000,1.097459
-23.091124,2.281649,-0.184193,-14.747037,-0.615610,-2.434861,0.000000,0.000000,0.000000,0.962119
-15.659442,37.563298,15.246069,12.755212,67.593579,37.081461,0.000000,0.000000,0.000000,0.825075
329.020922,-419.544373,148.439364,861.317872,-1053.917266,369.059139,0.000000,0.000000,0.000000,1.081014
-13.670734,7.175135,5.740003,1.603907,12.370295,14.185657,0.000000,0.000000,0.000000,1.043635
-35.029330,-6.473391,-2.688521,-7.444453,-8.309878,-7.168089,0.000000,0.000000,0.000000,0.836206
-52.641272,9.852113,12.230104,-98.946275,12.176594,30.857197,0.000000,0.000000,0.000000,0.887222
-30.355693,3.068448,0.398486,0.621340,0.210243,0.991968,0.000000,0.000000,0.000000,0.829103
357873.237800,2194808.953629,3894428.895541,894736.292101,5487019.438198,9736071.201573,0.000000,0.000000,0.000000,0.815176
56709608.661534,38804050.063127,-17970125.960747,141774079.248271,97010125.478945,-44925315.750658,0.000000,0.000000,0.000000,0.844437
851.400108,900.718815,-475.862255,2172.483850,2251.190411,-1190.624162,0.000000,0.000000,0.000000,0.928135
-22.972308,-5.851808,-1.368150,-0.730396,4.925949,-3.261250,0.000000,0.000000,0.000000,1.174177
-22.411683,6.295858,8.675583,13.963514,-14.437762,22.040176,0.000000,0.000000,0.000000,1.045710
-22.744020,13.538873,-0.182716,-0.509831,-1.038946,-0.011612,0.000000,0.000000,0.000000,1.160726
3826262.624835,-4836993.810450,-1008634.378432,9565708.051539,-12092489.914026,-2521584.798463,0.000000,0.000000,0.000000,1.058136
-19.747638,7.950342,0.719403,1.906891,4.515667,0.734232,0.000000,0.000000,0.000000,0.846378
-21.312562,-6.123083,-0.980735,-5.940118,-3.289023,-3.018415,0.000000,0.000000,0.000000,1.182231
-23.434737,8.586682,1.498386,-1.853996,3.994907,3.685762,0.000000,0.000000,0.000000,1.180357
-26.920115,-5.829470,-0.322855,0.160401,-0.473117,0.081523,0.000000,0.000000,0.000000,1.063029
-22.628080,-5.191337,1.475006,-7.414719,0.200087,10.185375,0.000000,0.000000,0.000000,0.848960
-9.873651,4.519303,-2.315153,6.684125,-11.210976,-4.942499,0.000000,0.000000,0.000000,0.864947
-23.094477,4.596268,1.544661,0.443599,1.635467,4.030301,0.000000,0.000000,0.000000,0.999556
-25.856915,11.647789,12.852808,-4.819524,14.570216,31.915123,0.000000,0.000000,0.000000,1.096175
-24.068461,-10.385716,0.033362,-0.080178,-0.014660,0.438952,0.000000,0.000000,0.000000,0.918964
-48.485832,1.610824,16.405490,-43.998903,18.590050,41.453434,0.000000,0.000000,0.000000,0.885209
-15.697159,-94.392053,-119.580029,11.767959,-229.242651,-300.255493,0.000000,0.000000,0.000000,0.897048
-15.162997,-15.353603,-0.911187,0.876488,-7.404822,-2.634129,0.000000,0.000000,0.000000,1.000404
108.589228,1909.067407,606.374846,307.689593,4796.233817,1519.229267,0.000000,0.000000,0.000000,0.982238
-17.027302,-5.222352,0.500949,-0.186885,-0.695038,0.719100,0.000000,0.000000,0.000000,0.949265
-22.638913,6.428133,3.845986,-1.889767,6.193060,11.373478,0.000000,0.000000,0.000000,0.999438
-10.186009,-10.492692,0.325965,0.068966,0.501645,0.641634,0.000000,0.000000,0.000000,1.144124
-25.244446,-8.488009,-0.126568,0.533114,-0.251704,0.473032,0.000000,0.000000,0.000000,0.899783
-27.175758,2.632907,0.379772,0.070621,-7.327022,0.493485,0.000000,0.000000,0.000000,1.130132
-30.873394,7.302357,0.096689,0.424417,-0.400365,0.984419,0.000000,0.000000,0.000000,0.946264
-34.223513,6.462991,0.989552,-0.370795,3.977612,1.825403,0.000000,0.000000,0.000000,0.876357
-15.581248,10.896840,0.455508,-5.105482,3.059515,2.651073,0.000000,0.000000,0.000000,0.992490
-260.667902,305.943696,-204.886139,-603.052909,755.680591,-515.171938,0.000000,0.000000,0.000000,0.919839
43.078538,10.305247,-127.510953,158.402929,27.045753,-318.018568,0.000000,0.000000,0.000000,0.889647
-79.782963,-73.716615,49.050389,-156.368941,-184.297540,118.016589,0.000000,0.000000,0.000000,1.196938
-23.322247,-8.431206,2.347409,3.054619,-8.536452,5.238660,0.000000,0.000000,0.000000,1.077054
-19.270802,3.534318,1.398358,1.321836,-6.041515,2.790984,0.000000,0.000000,0.000000,1.087227
10.641647,-46.372773,132.420233,82.364821,-112.035132,336.988826,0.000000,0.000000,0.000000,0.873973
-24.200293,6.597584,-1.343359,2.760412,6.836203,-3.244232,0.000000,0.000000,0.000000,0.974196
-75.704832,-39.895198,16.318868,-152.245566,-93.859343,40.227597,0.000000,0.000000,0.000000,0.866828
-19.766630,0.638313,-1.153328,5.338277,-4.706858,-2.415203,0.000000,0.000000,0.000000,1.042817
-12.853187,-7.935446,6.656605,21.353983,-11.023278,19.964431,0.000000,0.000000,0.000000,1.160956
-16.797782,0.236050,-2.917174,-9.975595,7.285154,-10.065732,0.000000,0.000000,0.000000,0.891919
-14.035141,-9.251590,-3.690489,7.656234,-15.384754,-8.106406,0.000000,0.000000,0.000000,0.891456
-13.898831,-6.527194,-0.202616,1.204163,-0.044934,-1.956130,0.000000,0.000000,0.000000,1.187455
-11.170160,-11.087338,1.238146,1.018194,-0.006372,2.111380,0.000000,0.000000,0.000000,1.192895
451711.313259,187431.550295,164389.383299,1129348.105679,468571.116251,410974.488659,0.000000,0.000000,0.000000,0.976825
30.268184,-0.067360,-44.231797,118.361419,-2.430225,-110.710799,0.000000,0.000000,0.000000,1.062141
-27.759547,10.917192,-0.052257,-0.608481,7.220324,-0.630703,0.000000,0.000000,0.000000,1.177009
-176.819829,-10.621207,266.305470,-367.839407,-49.419732,666.175139,0.000000,0.000000,0.000000,1.186791
-7.973304,-2.596641,-0.255579,-0.540220,-0.697551,0.566633,0.000000,0.000000,0.000000,1.124175
-660.757541,1265.541559,-145.932872,-1599.034286,3161.132899,-364.240786,0.000000,0.000000,0.000000,1.172772
-7.337603,-1.080866,-0.198065,-0.296770,0.275194,0.741816,0.000000,0.000000,0.000000,0.850789
-38.520911,-24.829421,-7.188197,-32.394653,-48.416521,-18.840226,0.000000,0.000000,0.000000,0.985556
-465.373734,273.475832,-2445.810352,-1109.712493,648.049571,-6114.337994,0.000000,0.000000,0.000000,0.910865
-12.257711,-5.646957,-4.413097,15.892793,-10.965120,-10.528770,0.000000,0.000000,0.000000,0.940245
-12.813244,-5.297635,-0.101488,2.942482,1.876099,1.607273,0.000000,0.000000,0.000000,1.104931
-314.746884,2743.839310,-1461.826327,-743.768201,6887.510212,-3673.433757,0.000000,0.000000,0.000000,1.182283
-19.149754,2.387240,3.564954,9.295991,-2.385660,9.139398,0.000000,0.000000,0.000000,1.180009
-28.575761,16.991027,-8.104560,-20.574278,41.486236,-19.376692,0.000000,0.000000,0.000000,1.101541
-2716.030423,-19721.731261,-6325.666682,-6738.908842,-49307.785045,-15814.451313,0.000000,0.000000,0.000000,1.066494
-14.291373,-6.852694,-7.711196,10.213113,-6.132779,-18.620676,0.000000,0.000000,0.000000,0.893703
362.099474,-3610.517544,2030.468676,956.794463,-9077.635418,5100.860760,0.000000,0.000000,0.000000,0.889287
-25.445954,12.950227,-4.190231,7.940708,5.374201,-11.910684,0.000000,0.000000,0.000000,0.801348
-97.314997,52.616584,-28.816728,-187.687285,128.114632,-72.041524,0.000000,0.000000,0.000000,0.897921
-58.530686,8.418815,57.624227,-103.032997,18.680022,142.978775,0.000000,0.000000,0.000000,1.125234
6139316.293773,1976370.274491,7159932.543394,15348346.592134,4940935.669083,17899830.670170,0.000000,0.000000,0.000000,0.952242
-23.319011,-12.464048,-0.558480,0.877384,0.018495,-0.276973,0.000000,0.000000,0.000000,1.137772
-28.953845,-11.963085,-32.689707,-21.986404,-26.992425,-80.921613,0.000000,0.000000,0.000000,1.181822
-0.864167,21.384338,-32.509376,58.379455,52.721551,-80.828068,0.000000,0.000000,0.000000,1.053305
-12.403992,-4.308159,3.371614,6.783707,-8.884164,10.812893,0.000000,0.000000,0.000000,0.944790
-6.410430,-1.916871,40.112707,33.541276,-1.537609,99.181406,0.000000,0.000000,0.000000,1.095001
-21.864844,4.238670,2.511380,-3.066305,-5.825230,5.735933,0.000000,0.000000,0.000000,1.041333
360.151158,38.999159,-140.762091,962.785995,95.931133,-355.166146,0.000000,0.000000,0.000000,1.159337
-46.487695,12.942324,12.113921,-72.546327,20.688766,37.474367,0.000000,0.000000,0.000000,1.143483
-18.121275,-16.249881,-3.485396,2.128218,-5.748744,-10.107021,0.000000,0.000000,0.000000,0.954676
-92.218857,-3.577675,-10.444112,-155.215951,-7.184005,-26.836118,0.000000,0.000000,0.000000,1.160653
-17.643095,12.019427,-0.553581,-0.478089,1.955453,-0.413846,0.000000,0.000000,0.000000,0.830318
-29.941882,3.968777,0.463354,-10.683940,4.571955,3.858164,0.000000,0.000000,0.000000,1.005126
-100.323849,-91.359819,-58.761970,-199.207694,-206.048791,-147.007344,0.000000,0.000000,0.000000,1.158877
-26.839115,-26.920739,-31.003104,-11.637411,-93.036947,-77.349611,0.000000,0.000000,0.000000,1.020097
-19.626854,15.483577,-7.977492,12.479898,3.767120,-21.076485,0.000000,0.000000,0.000000,1.037147
-14.130929,4.003775,7.428262,-0.415198,-7.005295,18.063371,0.000000,0.000000,0.000000,0.976821
-36.394500,6.722562,9.864721,-24.633558,45.930965,23.813556,0.000000,0.000000,0.000000,0.913593
-13.694358,-5.303490,-0.222330,-5.160139,1.807532,-1.944145,0.000000,0.000000,0.000000,0.942740
-25.401741,-8.362502,0.672112,1.218959,-1.912075,0.941425,0.000000,0.000000,0.000000,0.958484
-28.940240,-11.515195,-0.017941,-0.173499,-0.287989,2.331040,0.000000,0.000000,0.000000,1.170001
-19.068424,7.612662,-2.573041,3.656924,9.956457,-7.513434,0.000000,0.000000,0.000000,0.945104
-1016.459881,-1034.137440,551.632744,-2496.699622,-2585.467004,1377.857436,0.000000,0.000000,0.000000,0.806143
4283.576383,-7301.852182,756.506612,10753.451644,-18233.239656,1890.844358,0.000000,0.000000,0.000000,0.887157
125900.025640,139902.230316,-115612.413252,314799.917381,349759.286265,-289030.439684,0.000000,0.000000,0.000000,1.031721
16.245418,174.951320,90.992302,85.371855,441.204150,229.011843,0.000000,0.000000,0.000000,1.185306
7273.444661,-7390.615013,-2152.793367,18233.518778,-18469.229215,-5381.280973,0.000000,0.000000,0.000000,0.804055
-7.501602,20.319854,39.413755,22.686156,58.054916,98.341493,0.000000,0.000000,0.000000,0.857400
-32.851171,9.133930,2.697639,-4.921608,-0.854009,7.474290,0.000000,0.000000,0.000000,1.172317
560083.559957,375265.213995,-42934.141750,1400235.510028,938136.309303,-107336.575831,0.000000,0.000000,0.000000,0.839125
-30.329884,7.724168,0.592782,-0.330478,-0.690054,0.090813,0.000000,0.000000,0.000000,1.044693
-512.231299,-9.555234,2481.458657,-1228.738672,-20.322897,6203.421300,0.000000,0.000000,0.000000,1.198128
-11.294333,-0.869144,-0.476762,-0.441446,2.232431,-1.413035,0.000000,0.000000,0.000000,1.184516
-20.085178,2.754475,1.572962,5.939975,-3.372432,5.833034,0.000000,0.000000,0.000000,0.856857
-34.288071,-3.951686,-0.090194,0.147652,-0.386466,0.530361,0.000000,0.000000,0.000000,0.962641
-12.423488,-0.096375,0.390207,13.105775,5.916843,3.833319,0.000000,0.000000,0.000000,1.080431
190.573272,770.847432,2724.397768,534.420766,1894.811875,6810.282571,0.000000,0.000000,0.000000,0.845513
27.185780,12.353818,-34.167920,141.589176,32.047217,-84.850964,0.000000,0.000000,0.000000,0.911640
78238487.510523,-863006499.652797,-250332148.641185,195596270.760270,-2157516241.038610,-625830372.388307,0.000000,0.000000,0.000000,0.981403
-22.238621,-14.442544,0.133227,-1.273886,-1.441497,-1.141041,0.000000,0.000000,0.000000,1.135734
-126.976032,-124.086955,132.678517,-250.369984,-323.236092,332.277999,0.000000,0.000000,0.000000,1.089831
-21.276611,-7.273842,0.243966,-0.768378,0.801394,1.198362,0.000000,0.000000,0.000000,0.947485
-33.601389,2.190217,0.342944,0.079634,-0.081469,0.532958,0.000000,0.000000,0.000000,1.053785
767.631410,-159.863210,-226.838541,1972.664896,-404.663419,-567.905635,0.000000,0.000000,0.000000,1.181194
-10.089709,14.566676,6.162632,4.696716,23.389465,21.022292,0.000000,0.000000,0.000000,0.832507
-10.099270,-30.218908,-11.941263,-9.724557,-82.469166,-29.301456,0.000000,0.000000,0.000000,1.144125
-8.949103,4.263249,-1.149861,1.787357,1.166582,-7.289145,0.000000,0.000000,0.000000,0.819656
-14.352978,18.344995,-16.540403,-6.153867,43.435797,-41.681992,0.000000,0.000000,0.000000,0.978073
-30.332588,-10.813639,-0.097435,0.357105,-0.328167,0.488510,0.000000,0.000000,0.000000,0.927466
-11.818003,-7.978433,0.847637,0.414617,0.204845,2.735783,0.000000,0.000000,0.000000,1.029083
-19.319050,-10.871074,2.466644,10.348070,-7.716903,5.399321,0.000000,0.000000,0.000000,1.152193
-25.929330,-5.254554,-11.864508,-21.707047,-11.801628,-30.905318,0.000000,0.000000,0.000000,1.048803
-10.783664,6.944107,-2.125529,-5.113961,2.234285,-4.582919,0.000000,0.000000,0.000000,1.076297
58.784321,599.594927,-180.405993,205.666696,1475.081115,-451.211745,0.000000,0.000000,0.000000,1.151527
-31.489110,7.036220,0.588701,-0.024564,-0.509088,0.505868,0.000000,0.000000,0.000000,0.847945
-85.719443,-11.554663,48.363921,-156.088929,-6.531790,123.176624,0.000000,0.000000,0.000000,1.111519
-5.065599,-3.006436,0.387640,1.598912,0.086592,1.211537,0.000000,0.000000,0.000000,1.031342
-12.340677,15.262895,0.560422,5.679887,10.511104,2.580244,0.000000,0.000000,0.000000,0.875287
10045.962159,6394.618072,12807.461129,25173.934987,15989.636538,32019.427691,0.000000,0.000000,0.000000,1.119452
-9.237544,3.873718,-19.066363,16.350373,8.887111,-48.899620,0.000000,0.000000,0.000000,0.832110
-22.996307,56.669791,-18.992703,-6.005864,168.485565,-46.183297,0.000000,0.000000,0.000000,0.968123
-2208.955504,-2588.910510,2131.803434,-5451.709418,-6467.657299,5328.419735,0.000000,0.000000,0.000000,1.047359
-141572.178673,-156977.398603,127942.796111,-353880.326847,-392439.490996,319857.342551,0.000000,0.000000,0.000000,0.925759
-35.661488,-5.434146,0.551576,-7.956564,-1.914511,0.490675,0.000000,0.000000,0.000000,0.987086
-12.839508,2.167919,1.724219,-8.135903,-0.039474,7.486073,0.000000,0.000000,0.000000,1.061423
-9.615953,7.734774,-3.071750,1.585895,13.235017,-6.989369,0.000000,0.000000,0.000000,1.150372
305.620026,-8509.487059,6753.708978,816.016936,-21265.164677,16883.111244,0.000000,0.000000,0.000000,1.190815
-29.532903,12.080026,0.478653,-1.245147,2.028450,0.979267,0.000000,0.000000,0.000000,0.867286
504.698958,-4785.080322,1735.693501,1314.587185,-11968.636542,4339.316613,0.000000,0.000000,0.000000,0.840931
-33.767341,-7.471289,2.329574,-21.308593,-10.100726,14.413198,0.000000,0.000000,0.000000,0.844658
-33.137082,-6.129050,0.279203,0.035626,-0.052153,0.395206,0.000000,0.000000,0.000000,1.021148
-18.409511,-5.671339,-3.247138,21.416415,-6.389727,-11.119316,0.000000,0.000000,0.000000,0.911438
-44.088454,3.982490,-7.011769,-40.711863,7.072652,-17.192619,0.000000,0.000000,0.000000,1.164890
-22.357362,-12.206836,5.168133,5.113478,-7.551881,11.925289,0.000000,0.000000,0.000000,1.065780
-19.153183,1.753687,-6.771785,12.511024,17.170035,-22.600529,0.000000,0.000000,0.000000,0.818145
-380.736994,-394.321307,-458.132169,-896.614184,-998.563900,-1153.443418,0.000000,0.000000,0.000000,1.022969
253.478517,85.049857,1334.422540,744.383695,206.176558,3520.228083,0.000000,0.000000,0.000000,1.021750
-29.746324,-7.393557,2.048211,-24.012910,-12.778191,6.309363,0.000000,0.000000,0.000000,1.128971
-34.999798,-0.094875,0.691732,-0.944537,-2.167608,1.568226,0.000000,0.000000,0.000000,0.828819
181.438825,-146.550077,891.595891,572.362768,-405.640590,2454.521803,0.000000,0.000000,0.000000,1.187988
2090.834332,2868.278305,4366.530409,5310.347433,7206.199281,10943.889747,0.000000,0.000000,0.000000,0.992612
-29167.748225,-1019.838914,20959.561656,-72861.128129,-2578.939365,52398.809383,0.000000,0.000000,0.000000,0.900015
9331.244373,-9967.384516,-7247.384184,23349.918171,-24920.913721,-18119.394422,0.000000,0.000000,0.000000,1.066297
-7.720174,-4.529189,0.415278,6.513667,-6.715921,4.637186,0.000000,0.000000,0.000000,0.986453
-23.883489,0.729166,-7.631904,15.948435,21.856770,-19.270563,0.000000,0.000000,0.000000,0.865427
11977.740992,19161.118727,-20729.764727,29995.350156,47898.781719,-51824.608136,0.000000,0.000000,0.000000,0.898110
-32.922048,2.855184,0.530559,0.038170,-1.478684,0.982825,0.000000,0.000000,0.000000,0.964653
-18.675172,-10.639112,6.080460,-0.881683,-1.499900,15.089909,0.000000,0.000000,0.000000,0.961394
-374212.872854,-155247.984530,-136167.469888,-935461.978480,-388127.562682,-340417.505618,0.000000,0.000000,0.000000,1.179285
-29.958051,-13.220464,-0.964250,-16.867188,-25.305310,-2.436573,0.000000,0.000000,0.000000,1.141455
-22.819633,4.870577,0.534893,0.222297,1.046845,0.400232,0.000000,0.000000,0.000000,1.005335
-26.093643,3.474514,5.567971,-5.177255,11.043722,14.224536,0.000000,0.000000,0.000000,0.928633
-32.296126,5.976661,-17.257730,-38.146704,19.948089,-42.272363,0.000000,0.000000,0.000000,1.097397
883.795964,729.224840,-496.968706,2307.588990,1861.209657,-1268.596534,0.000000,0.000000,0.000000,1.029214
656.594340,763.813736,-267.594732,1685.304503,1924.408287,-670.315459,0.000000,0.000000,0.000000,0.894533
-35.362101,7.540838,-9.960786,-28.272704,21.719023,-26.046548,0.000000,0.000000,0.000000,1.089561
-24.975553,-11.760280,0.806745,0.902655,-0.493024,2.199644,0.000000,0.000000,0.000000,1.175445
-18.932349,-13.021580,2.732405,0.109451,-10.064385,6.187523,0.000000,0.000000,0.000000,1.064853
-11666724.103400,4293490.786244,-5882371.014642,-29166738.081442,10733704.470703,-14705927.157039,0.000000,0.000000,0.000000,1.025197
-39.018050,2.298448,4.310693,-13.652085,2.894290,12.143307,0.000000,0.000000,0.000000,1.156436
-41.074883,-4.384264,23.677565,-51.480496,15.193659,59.621101,0.000000,0.000000,0.000000,1.031836
-20.796206,-1.134885,-0.207749,-6.673564,1.294399,-1.848714,0.000000,0.000000,0.000000,0.896157
181.863159,-143.951769,275.324605,497.599163,-361.047194,688.061828,0.000000,0.000000,0.000000,1.181418
-30.001369,-1.280792,1.300448,-6.303752,3.114151,2.281528,0.000000,0.000000,0.000000,1.110292
-30.386657,7.128635,1.137255,0.553121,0.976145,1.806212,0.000000,0.000000,0.000000,0.887501
5.225812,6.324325,41.220011,58.774539,16.156523,102.776705,0.000000,0.000000,0.000000,1.039350
-14.689331,-6.653155,-1.057055,1.356469,-0.072516,-1.321910,0.000000,0.000000,0.000000,1.039584
7657551.076000,65131486.694605,-32451328.866622,19143918.502128,162828725.761647,-81128322.532709,0.000000,0.000000,0.000000,1.198868
-20.420350,2.371870,-5.616119,2.876816,-3.604897,-13.247252,0.000000,0.000000,0.000000,0.871438
-8.393581,-9.209861,-0.130209,0.187099,0.279248,0.479196,0.000000,0.000000,0.000000,1.057511
-21.360174,2.335628,6.128323,-10.989638,11.870696,15.372986,0.000000,0.000000,0.000000,0.847838
-2308283.068920,-1203701.209895,13780202.012066,-5770653.334974,-3009256.408228,34450505.475393,0.000000,0.000000,0.000000,1.066998
-21.723851,10.515431,-0.007047,-0.738187,-0.591560,0.354912,0.000000,0.000000,0.000000,0.847053
-26.990671,10.401969,-2.635394,-13.024635,14.923109,-6.183254,0.000000,0.000000,0.000000,0.905289
-19.642238,8.940868,0.464295,-0.809402,-0.279621,0.560509,0.000000,0.000000,0.000000,0.864598
-32.724224,18.673447,8.307031,-28.290789,48.064004,17.607811,0.000000,0.000000,0.000000,1.022130
-1213.480832,-5738.101114,-8602.279219,-3010.539144,-14322.659902,-21505.272220,0.000000,0.000000,0.000000,0.930288
-1656.739037,-1441.976886,578.596302,-4088.119848,-3590.283534,1447.527353,0.000000,0.000000,0.000000,1.042631
6.216412,32.064460,-17.041731,50.715677,61.373459,-44.078708,0.000000,0.000000,0.000000,1.096076
-11.426209,-2.057334,-7.740499,12.855639,0.447611,-19.368215,0.000000,0.000000,0.000000,0.948953
-5.821742,2.093601,2.172132,2.688977,-3.112960,4.829946,0.000000,0.000000,0.000000,1.145340
4034.404767,2956.638440,-214.907828,10294.526354,7482.483159,-546.355607,0.000000,0.000000,0.000000,1.084248
-19.590178,-5.242857,-1.901607,4.407507,-1.192976,-1.862232,0.000000,0.000000,0.000000,1.008535
97419.462042,-67877.542901,-16775.458462,243592.349230,-169692.481217,-41939.728804,0.000000,0.000000,0.000000,0.940286
-96.177137,-446.460914,-263.001760,-164.921210,-1092.972249,-656.683148,0.000000,0.000000,0.000000,1.122959
-24.408051,-7.668691,-0.195522,0.062640,-0.187637,0.620592,0.000000,0.000000,0.000000,1.034345
-11.699748,1.951530,-5.829815,4.583686,0.308688,-16.391340,0.000000,0.000000,0.000000,1.096461
346.544373,80.167222,-527.108697,936.251218,204.522702,-1317.893763,0.000000,0.000000,0.000000,0.922344
-28.247479,9.297996,-1.592687,-4.245593,2.290082,-2.811134,0.000000,0.000000,0.000000,1.182083
-859.206247,-30664.694435,-8385.340224,-2132.795160,-76665.731680,-20962.686484,0.000000,0.000000,0.000000,1.137618
-12.206288,-7.603041,6.027682,-0.562385,-15.137277,15.964259,0.000000,0.000000,0.000000,0.977799
-24.022520,8.082130,-4.840294,1.757687,6.484576,-15.933036,0.000000,0.000000,0.000000,0.905500
-15.161391,3.693535,-0.040033,-1.543168,-1.888887,-2.345180,0.000000,0.000000,0.000000,0.970647
-17.439702,10.299047,0.665725,-0.128106,-1.148725,1.267940,0.000000,0.000000,0.000000,1.041833
329499.765427,-6505913.525576,-8812004.027178,823791.641278,-16264765.802970,-22030010.002596,0.000000,0.000000,0.000000,0.839044
-8.650569,-10.062167,-16.094693,26.742006,-21.304977,-39.264158,0.000000,0.000000,0.000000,1.134157
5978.049918,138361.950524,-85954.998745,15003.067909,345914.636705,-214886.406612,0.000000,0.000000,0.000000,1.163537
163.786937,512.896958,450.836493,474.601848,1286.199428,1135.647970,0.000000,0.000000,0.000000,0.967401
420.085245,-279.346412,-3279.046019,1125.996614,-693.021756,-8279.357538,0.000000,0.000000,0.000000,1.051263
-28.590127,7.842798,0.937989,0.057339,5.462819,4.943930,0.000000,0.000000,0.000000,0.896020
-22.475085,8.196204,7.093587,-13.405688,8.598754,20.117841,0.000000,0.000000,0.000000,0.804705
-21.685281,12.112999,-1.365129,-0.774249,0.503048,-2.773896,0.000000,0.000000,0.000000,0.942999
-225.688742,-5632.357781,-3620.619322,-515.427012,-14082.453392,-9050.774822,0.000000,0.000000,0.000000,1.010987
-34.366396,1.253078,5.005582,-9.684842,-7.680648,11.366483,0.000000,0.000000,0.000000,0.942820
8822278.085127,-14269192.137181,17140625.988225,22055728.299351,-35672976.591873,42851565.580767,0.000000,0.000000,0.000000,0.962942
-19.224240,-6.812761,0.303296,-6.915043,-9.855510,-1.888406,0.000000,0.000000,0.000000,0.807800
-22.150243,-29.328422,-9.594423,14.721767,-43.016890,-23.262230,0.000000,0.000000,0.000000,0.996413
-3.662025,-14.075274,-3.218415,32.347126,-32.009508,-7.767427,0.000000,0.000000,0.000000,0.931207
-27.037906,-11.529105,-12.977331,-11.237590,-23.973472,-31.746335,0.000000,0.000000,0.000000,0.940354
-26.201674,12.396020,0.390779,-0.128368,-0.403691,0.482381,0.000000,0.000000,0.000000,1.135388
13405.845452,10099.561452,-3362.047339,33737.640252,25371.614421,-8448.067754,0.000000,0.000000,0.000000,0.883397
-10.243525,-15.513283,-38.616092,9.720311,-28.569147,-95.755727,0.000000,0.000000,0.000000,1.058488
-7363.336241,-10782.524614,12329.782820,-18343.316978,-26982.463998,30825.066299,0.000000,0.000000,0.000000,0.996876
11612885.945109,660821.070076,-16408833.687305,29032266.510033,1652051.534407,-41022084.119378,0.000000,0.000000,0.000000,1.144424
-1153.224780,-888.862350,571.561784,-2888.364659,-2266.147455,1456.980214,0.000000,0.000000,0.000000,0.916588
-10744.109191,-6805.076027,-13627.661539,-26800.914746,-17009.390128,-34067.961204,0.000000,0.000000,0.000000,1.052027
-17.321167,-11.354886,-12.923528,33.221713,-13.558653,-31.192941,0.000000,0.000000,0.000000,1.164678
230720.123826,26675.681075,47011.762301,576850.230760,66692.510785,117529.198085,0.000000,0.000000,0.000000,1.061098
-19.049540,9.758165,-2.210170,-10.813814,-8.428186,-6.649842,0.000000,0.000000,0.000000,0.951685
-216.190639,576.519277,-451.187378,-495.431388,1449.089720,-1128.227240,0.000000,0.000000,0.000000,0.840609
-91811.098660,65047.595095,16374.763591,-229483.651724,162620.084502,40935.757289,0.000000,0.000000,0.000000,0.988357
-7.883606,0.922615,11.597100,7.707629,-3.687655,31.528012,0.000000,0.000000,0.000000,0.945544
-28.235538,-1.263678,-1.033032,-2.641877,-0.256655,-3.012075,0.000000,0.000000,0.000000,0.951091
-41.980105,-5.884980,11.749749,-64.823545,-40.883367,31.819497,0.000000,0.000000,0.000000,0.839014
-12.233041,-7.141307,-1.085064,-1.149974,1.186046,-2.152887,0.000000,0.000000,0.000000,1.148896
-14.817581,3.425515,1.619565,-0.778966,-5.829502,5.400311,0.000000,0.000000,0.000000,0.878896
-19.088560,-1.663050,-16.256084,-2.548941,13.938912,-39.404421,0.000000,0.000000,0.000000,0.907304
-18.518744,10.352488,2.510097,11.195410,6.656095,5.272024,0.000000,0.000000,0.000000,0.987589
762.036813,5736.854540,-1539.318841,1952.209866,14345.444765,-3849.036921,0.000000,0.000000,0.000000,0.917638
-9.467708,0.761478,0.521056,-0.130099,0.036485,0.286818,0.000000,0.000000,0.000000,1.108671
-29.996450,0.356685,0.554873,0.444906,-0.195647,0.389215,0.000000,0.000000,0.000000,0.961355
-29.564083,-5.164944,-1.878382,-20.047497,-15.108793,-4.683221,0.000000,0.000000,0.000000,1.099488
-238053.500925,-441441.725828,-650868.802745,-595078.479938,-1103594.118746,-1627172.888207,0.000000,0.000000,0.000000,0.911037
622.875608,-225.196336,1226.227471,1626.526402,-586.212523,3095.897673,0.000000,0.000000,0.000000,1.100910
25173.789417,236338.860031,-266250.330311,62985.499105,590849.242415,-665626.229384,0.000000,0.000000,0.000000,1.073747
-12.919644,-19.891766,-15.990281,-0.433166,-49.121632,-41.042851,0.000000,0.000000,0.000000,0.876352
-10.804211,7.383932,0.142530,-0.247710,0.235949,0.465609,0.000000,0.000000,0.000000,1.178540
253.639292,393.461101,223.716011,716.268678,1060.215063,583.785218,0.000000,0.000000,0.000000,1.135274
12742.437918,-13263.276465,-8077.891442,31905.696139,-33150.048363,-20195.342326,0.000000,0.000000,0.000000,0.853435
-26.406304,5.555925,1.945793,0.744111,3.985182,3.538272,0.000000,0.000000,0.000000,1.128172
-713.363302,-5182.105115,1399.072819,-1736.207828,-12951.346678,3496.778270,0.000000,0.000000,0.000000,1.014671
-3.014898,-149.760024,142.712865,46.625368,-374.478633,357.856648,0.000000,0.000000,0.000000,0.993887
-24.160166,12.093450,0.359175,-0.785044,-0.337662,0.606917,0.000000,0.000000,0.000000,0.876248
-25.484581,9.932117,2.438767,-10.548966,-0.383867,5.027109,0.000000,0.000000,0.000000,1.118398
-17.764388,-6.273752,-2.583086,-3.162185,-4.839753,-8.156873,0.000000,0.000000,0.000000,1.036875
-20.057818,9.766140,-0.151527,-1.050457,0.957480,1.196489,0.000000,0.000000,0.000000,1.032530
1694.901622,2336.688047,-1546.072887,4307.579199,5845.918873,-3865.924938,0.000000,0.000000,0.000000,1.126932
-162.348996,117.916067,709.367034,-356.988085,280.079090,1773.943273,0.000000,0.000000,0.000000,1.181770
-7.024973,-9.972312,11.291319,16.802071,-18.255734,32.488899,0.000000,0.000000,0.000000,0.926611
-6.547273,-1.194790,11.531132,26.951654,-2.477103,29.738094,0.000000,0.000000,0.000000,1.080725
-23.516606,4.547034,-0.551212,0.469985,3.774479,-2.269929,0.000000,0.000000,0.000000,1.047504
-20.541100,-2.618412,-1.053180,-2.726730,0.501712,-2.882132,0.000000,0.000000,0.000000,1.180399
-14.579484,12.801100,0.906280,-4.320693,3.379884,2.075802,0.000000,0.000000,0.000000,1.059858
1367473831.602070,3980004303.138097,-49982127590.750671,3418684627.962574,9950010760.470671,-124955318975.952988,0.000000,0.000000,0.000000,0.899240
-89496176.952881,-157746854.158315,-56711766.141672,-223740392.046620,-394367105.329336,-141779414.650744,0.000000,0.000000,0.000000,0.800287
-26.982456,5.036384,0.625726,-6.539337,-0.757061,4.361643,0.000000,0.000000,0.000000,1.167949
-6.888198,5.784172,0.535642,-0.328156,0.092085,0.434467,0.000000,0.000000,0.000000,1.038922
-16.008696,4.858337,0.266087,12.526551,-4.823196,2.068739,0.000000,0.000000,0.000000,1.121563
-30.090938,28.918762,46.534788,-20.258154,48.829532,126.628285,0.000000,0.000000,0.000000,0.975422
-18.258966,14.261507,-0.665857,1.717115,-1.116749,-0.903827,0.000000,0.000000,0.000000,1.126032
-23.562737,8.989177,-0.464728,3.710107,0.921918,-2.555531,0.000000,0.000000,0.000000,0.934643
-27.561012,7.733026,0.666942,0.348119,-0.479345,1.680721,0.000000,0.000000,0.000000,0.989983
-19.246321,-15.944033,6.124168,2.945917,-6.342727,14.629543,0.000000,0.000000,0.000000,0.937532
-5.164885,-5.679041,-24.798795,30.323509,-14.283023,-62.551257,0.000000,0.000000,0.000000,1.196614
-8.506831,-3.697762,0.439793,8.703054,-2.592229,2.165792,0.000000,0.000000,0.000000,0.869027
-4.853643,2.491423,-5.604000,29.947976,10.431554,-14.170613,0.000000,0.000000,0.000000,1.141255
-12.953751,-6.994102,0.031328,2.166093,-0.425863,0.269459,0.000000,0.000000,0.000000,0.932021
-33.680400,1.310421,-10.685934,-22.465470,-3.801150,-25.604273,0.000000,0.000000,0.000000,1.045511
-74.350050,-76.082408,-83.650164,-130.015838,-193.921320,-209.303779,0.000000,0.000000,0.000000,1.006000
-16.840724,6.649759,0.379681,0.949509,-0.626184,0.372023,0.000000,0.000000,0.000000,1.044041
-5918.325486,-3858.286896,9954.150672,-14728.881999,-9649.153853,24884.710012,0.000000,0.000000,0.000000,0.821489
-12.264911,-8.628005,0.469435,14.020724,0.794837,6.254727,0.000000,0.000000,0.000000,0.842214
-280.037768,200.965949,-330.980528,-656.716828,500.913061,-827.154348,0.000000,0.000000,0.000000,1.050042
-18.122766,3.877568,0.088666,2.358357,0.845321,1.154041,0.000000,0.000000,0.000000,0.927245
-28.981382,-32.685548,-13.880801,-14.903973,-80.757195,-35.007145,0.000000,0.000000,0.000000,0.963850
24115.637334,111828.557619,39087.562862,60346.184438,279573.509219,97718.677751,0.000000,0.000000,0.000000,0.939808
-13.114092,6.902272,20.869577,3.268043,15.833260,51.549670,0.000000,0.000000,0.000000,1.123234
-15.559901,-15.415002,1.169909,9.218779,-2.448047,4.744247,0.000000,0.000000,0.000000,1.194903
-313.742675,-569.309846,-242.845028,-764.810492,-1452.896857,-634.111748,0.000000,0.000000,0.000000,1.060793
-301592.941776,650158.550378,1769967.216940,-753903.558257,1625408.883588,4424918.667866,0.000000,0.000000,0.000000,1.196936
-188.874585,-552.260623,-179.172497,-404.389465,-1369.236660,-446.930697,0.000000,0.000000,0.000000,0.857963
-19.647969,4.336461,0.048407,-1.659745,-0.811761,0.952598,0.000000,0.000000,0.000000,0.856542
-18.717913,12.952918,-0.184329,-0.789049,-0.003837,0.029668,0.000000,0.000000,0.000000,0.889516
-15.949559,-9.512933,2.266283,1.061714,0.619853,5.859517,0.000000,0.000000,0.000000,1.197501
50310.803780,-17473.470750,-26267.858027,125825.078317,-43682.699834,-65668.399102,0.000000,0.000000,0.000000,1.079987
-303.437464,-1578.640561,-217.320619,-713.603173,-3952.743277,-542.729523,0.000000,0.000000,0.000000,0.872782
-28.169302,8.175193,-0.289993,0.007470,6.374923,-3.458767,0.000000,0.000000,0.000000,1.184339
-30.840020,-7.829339,1.187998,-1.380649,-8.504890,4.602822,0.000000,0.000000,0.000000,1.033409
-17.511260,-12.962079,9.502986,5.187817,-27.364291,23.157389,0.000000,0.000000,0.000000,1.034618
-419.020277,521.475215,-1060.772030,-1004.197461,1299.202737,-2678.731575,0.000000,0.000000,0.000000,0.850624
-33.274547,-0.306074,-0.074716,0.452380,4.722136,-0.081784,0.000000,0.000000,0.000000,0.817141
-31.342044,-1.581900,-0.105196,0.082160,-0.743070,0.729455,0.000000,0.000000,0.000000,1.168598
-369.725578,465.554740,3326.259654,-868.385828,1187.986737,8400.050071,0.000000,0.000000,0.000000,1.047303
-31.800972,-3.205726,1.618228,0.558929,-0.389702,3.038083,0.000000,0.000000,0.000000,0.975596
-12.652642,-1.769451,4.062965,-8.183688,-7.121880,13.847209,0.000000,0.000000,0.000000,1.010250
242.724150,-69.582018,-122.967010,649.820874,-207.755680,-307.430639,0.000000,0.000000,0.000000,1.160936
-205.508499,-303.878484,-46.555646,-447.245634,-760.361775,-115.542712,0.000000,0.000000,0.000000,0.853880
154.482724,328.347402,-199.949639,453.414073,808.588272,-499.215374,0.000000,0.000000,0.000000,1.127411
-14.523805,0.774251,-0.367352,-2.532517,1.580546,-2.233685,0.000000,0.000000,0.000000,0.866887
-163.162499,-578.660595,188.244894,-349.100534,-1469.844294,470.197219,0.000000,0.000000,0.000000,1.069055
-2482203652.308999,2157247023.303807,3411300929.570723,-6205509070.013257,5393117552.370313,8528252324.930329,0.000000,0.000000,0.000000,1.032493
94.187078,39.385962,-76.763668,293.319483,93.498035,-191.414154,0.000000,0.000000,0.000000,0.970348
-16.366174,-7.020663,0.231532,-0.496942,-1.032440,-0.739607,0.000000,0.000000,0.000000,0.934396
-272.082317,96.263011,122.565983,-636.514831,206.627849,306.064283,0.000000,0.000000,0.000000,1.178252
-40.218586,7.627430,-4.517535,-16.456792,17.950767,-13.604722,0.000000,0.000000,0.000000,0.837976
-44.558462,45.677349,31.540594,-76.260488,114.236125,70.179687,0.000000,0.000000,0.000000,0.964006
-10940.253057,-8306.435009,2843.631643,-27433.004246,-20874.259979,7143.971520,0.000000,0.000000,0.000000,1.066733
-2462.649795,-3111.729601,-4574.236779,-6101.654581,-7780.965290,-11463.556404,0.000000,0.000000,0.000000,0.941113
150.521250,33.176750,-326.469681,450.128976,60.023745,-815.066803,0.000000,0.000000,0.000000,0.968685
-25.346316,-12.816405,-0.428310,6.329741,-9.311777,0.202166,0.000000,0.000000,0.000000,1.003737
-23.592311,0.056623,5.704606,-12.370476,1.449688,14.093380,0.000000,0.000000,0.000000,0.952999
-46.819760,-2.141666,-8.025542,-45.703858,15.997704,-20.637143,0.000000,0.000000,0.000000,0.854990
-1252.102528,-7380.812333,-7181.012538,-3076.573677,-18451.479959,-17951.886819,0.000000,0.000000,0.000000,1.055596
-6.564815,-0.879858,0.498497,-0.331863,0.384259,-0.020866,0.000000,0.000000,0.000000,0.971811
-24.295749,-12.590256,0.745772,-0.593669,-0.007711,1.520635,0.000000,0.000000,0.000000,0.874854
-23.465723,6.384356,2.968783,-10.178040,19.257445,6.151368,0.000000,0.000000,0.000000,1.001737
-21.777674,-6.508143,0.943710,-3.673426,-1.928213,1.903411,0.000000,0.000000,0.000000,1.083715
-11.414963,1.289420,-3.045509,1.458505,3.074221,-7.744527,0.000000,0.000000,0.000000,1.103459
-17.817442,8.466913,5.989291,-4.176843,14.772392,13.381947,0.000000,0.000000,0.000000,0.884125
187.055229,133.954253,-457.488299,524.430040,336.852217,-1143.254621,0.000000,0.000000,0.000000,1.153185
-4.729932,-4.059280,2.401353,7.393139,-2.994229,7.534426,0.000000,0.000000,0.000000,1.091282
-17.970682,6.868060,0.135706,-1.138287,-1.273783,0.547128,0.000000,0.000000,0.000000,0.870198
-36.165407,-11.949108,5.717890,-18.994475,-24.485477,14.888386,0.000000,0.000000,0.000000,0.992842
-3.239000,-10.485244,-10.617344,48.003418,-18.522970,-25.690095,0.000000,0.000000,0.000000,0.934861
-16.786614,1.229698,-0.832587,2.742583,-0.240008,-2.117602,0.000000,0.000000,0.000000,0.807511
-25.448225,9.165361,-0.443748,-1.184706,2.610896,-1.112733,0.000000,0.000000,0.000000,0.951073
-26.141254,7.109132,-1.213640,0.858579,3.723357,-2.593762,0.000000,0.000000,0.000000,0.931604
-15.506683,12.434171,-3.615644,-2.564880,3.816495,-8.962873,0.000000,0.000000,0.000000,0.950585
-22.687291,-6.434461,0.572661,-0.225233,-0.214037,1.036393,0.000000,0.000000,0.000000,1.157927
9.269298,7.416204,-13.164571,57.924841,19.422596,-33.086035,0.000000,0.000000,0.000000,1.015634
-7.714273,2.471524,-2.307195,4.927974,-2.186415,-5.374659,0.000000,0.000000,0.000000,0.978569
6.854532,15.664108,-13.139006,55.774144,25.308229,-34.725634,0.000000,0.000000,0.000000,1.049067
-32.876689,3.758490,0.019197,1.485851,0.029885,0.174267,0.000000,0.000000,0.000000,0.930630
-25.305190,0.667909,4.253304,-16.804935,-1.552506,11.256309,0.000000,0.000000,0.000000,1.056607
-26.131979,-5.925724,-0.181873,-0.060424,2.083731,-3.880143,0.000000,0.000000,0.000000,0.974102
-18.849389,22.470537,10.318964,1.138562,54.044524,25.179357,0.000000,0.000000,0.000000,1.002826
-24.605102,-2.164631,-5.472196,-8.699897,-0.432500,-13.621453,0.000000,0.000000,0.000000,0.855105
2011.611485,1779.160051,-719.705608,5082.261448,4462.124142,-1798.052428,0.000000,0.000000,0.000000,0.838867
-16.761846,12.593801,10.439985,-5.793301,54.441717,26.285983,0.000000,0.000000,0.000000,0.973391
-23.596238,-0.847096,6.961930,0.376118,18.279800,18.029308,0.000000,0.000000,0.000000,1.026758
317817.430813,-685277.749133,-1865545.715144,794622.312639,-1713181.734588,-4663863.306798,0.000000,0.000000,0.000000,1.135614
-126.707289,-58.249154,-39.041668,-240.012269,-150.710459,-96.785936,0.000000,0.000000,0.000000,0.827707
2.597713,19.540730,-16.487669,45.629075,40.371531,-50.729838,0.000000,0.000000,0.000000,0.832518
-51.332757,40.314527,-58.472360,-69.292199,125.294272,-148.126567,0.000000,0.000000,0.000000,1.058104
-19.185388,12.746060,-7.965051,0.879438,29.154821,-18.664094,0.000000,0.000000,0.000000,0.873224
-29.139429,-6.474332,3.026607,-7.061883,8.139717,13.448729,0.000000,0.000000,0.000000,0.857006
-19.896614,4.235973,1.494783,14.339932,8.410896,5.443091,0.000000,0.000000,0.000000,1.003894
2794498.109343,1457186.209844,-16682603.211387,6986299.556742,3642962.112991,-41706507.261223,0.000000,0.000000,0.000000,0.881364
833.076860,2680.341006,6908.206206,2149.177562,6766.546444,17401.982252,0.000000,0.000000,0.000000,1.062840
254341.632719,462258.811728,685272.122234,635909.230362,1155657.000056,1713179.090599,0.000000,0.000000,0.000000,0.867158
-27.278772,-4.094984,0.633304,-1.735776,-0.380663,0.551803,0.000000,0.000000,0.000000,1.022530
1014.762237,-158.783901,939.789761,2590.889726,-368.708295,2348.951839,0.000000,0.000000,0.000000,1.073452
-32.466202,3.467273,6.503723,-25.117923,14.742165,16.426419,0.000000,0.000000,0.000000,0.937182
29835.923882,-26058.557445,-26118.516428,74631.885210,-65122.681940,-65295.694473,0.000000,0.000000,0.000000,1.090042
-250.541922,-92.871535,219.780596,-581.044277,-223.900423,549.043036,0.000000,0.000000,0.000000,0.876130
-24.957934,-10.421750,-0.053683,0.616296,-0.223246,0.883924,0.000000,0.000000,0.000000,1.186175
-19.165399,-6.395600,1.313860,0.956982,-2.952106,5.204066,0.000000,0.000000,0.000000,1.198969
-23.797833,10.002347,0.553145,4.978016,1.212288,1.049030,0.000000,0.000000,0.000000,0.953716
-18.787634,4.723610,1.668101,-1.663484,0.628279,3.327659,0.000000,0.000000,0.000000,0.945146
-28.420424,3.590431,2.387085,-7.527187,-5.722154,5.357835,0.000000,0.000000,0.000000,0.995258
-2790.825326,1553.192876,4322.442884,-6924.396940,3880.888125,10806.886836,0.000000,0.000000,0.000000,0.906235
-43.358163,-27.180274,56.235736,-56.933770,-68.776065,139.535265,0.000000,0.000000,0.000000,0.869644
-42.049882,-18.484529,-12.692828,-29.375403,-26.219342,-31.460179,0.000000,0.000000,0.000000,1.153020
-946.633723,-486.618860,-424.977115,-2321.894473,-1215.132766,-1063.319852,0.000000,0.000000,0.000000,0.961667
-36.126994,-6.460172,-11.175342,-23.315566,-5.948510,-37.143567,0.000000,0.000000,0.000000,0.891950
-5.595133,-2.398341,-0.715887,2.155604,2.548851,-3.038397,0.000000,0.000000,0.000000,1.175423
-18.417383,-5.941393,2.002931,2.191738,-2.997876,7.810326,0.000000,0.000000,0.000000,1.050285
-26.871216,-5.950010,0.544371,-4.019565,0.029380,1.562365,0.000000,0.000000,0.000000,1.187342
-18.828455,14.722110,0.670784,1.547810,-0.265447,2.259611,0.000000,0.000000,0.000000,1.109482
-14.669003,20.049370,14.506506,-3.823838,38.375385,36.158144,0.000000,0.000000,0.000000,1.029596
-13.566115,-13.272471,0.009170,-0.054085,-0.350139,0.031889,0.000000,0.000000,0.000000,0.886542
-1237.600004,668.936235,438.218694,-3041.387693,1667.945685,1096.141168,0.000000,0.000000,0.000000,1.003011
121.748034,951.301571,-23.900115,341.453989,2359.914777,-60.065240,0.000000,0.000000,0.000000,0.905086
-221.685258,161.961592,339.289836,-504.162419,402.773554,850.087907,0.000000,0.000000,0.000000,1.175238
-12.981729,-7.502725,0.966026,-3.711824,-2.314744,3.083641,0.000000,0.000000,0.000000,0.949407
1808.288303,-78.880626,-354.661746,4558.374330,-184.018796,-887.657741,0.000000,0.000000,0.000000,0.877148
-87.847749,15.633625,101.325864,-178.565492,49.374718,252.114524,0.000000,0.000000,0.000000,1.138156
-21.071252,-0.383336,0.902054,23.441513,9.116253,0.156753,0.000000,0.000000,0.000000,0.852140
-90918315.783913,1002877257.772737,290891438.203861,-227295737.455648,2507193152.302767,727228594.659778,0.000000,0.000000,0.000000,0.844537
-14.256365,-15.683101,-12.502221,16.629547,-33.080978,-35.513414,0.000000,0.000000,0.000000,0.944213
-15.312356,11.422285,-0.158213,-0.081019,-0.118305,0.340271,0.000000,0.000000,0.000000,1.141452
-7662160.250902,-65170430.642754,32470711.725435,-19155359.785561,-162926067.330284,81176778.822142,0.000000,0.000000,0.000000,1.198152
-19.036934,15.479711,1.504966,-0.104213,14.089377,4.458768,0.000000,0.000000,0.000000,1.083250
-9431.275071,4579.985822,30278.352198,-23526.975775,11446.093859,75695.172339,0.000000,0.000000,0.000000,0.838829
-11.357530,-8.690433,-0.038841,0.694154,-0.186093,0.135146,0.000000,0.000000,0.000000,1.049758
-10.511081,-6.617932,-0.304002,-0.014391,0.037907,0.047468,0.000000,0.000000,0.000000,0.972331
-7260380.451466,3962114.792589,16876711.933931,-18150907.384717,9905302.418713,42191779.929660,0.000000,0.000000,0.000000,1.028063
-25.689140,2.757742,-9.120897,5.901879,8.552121,-23.810427,0.000000,0.000000,0.000000,1.000767
-16.771004,1.071195,-2.599883,3.132514,1.557005,-5.749184,0.000000,0.000000,0.000000,1.071612
-32.582968,6.815831,0.299756,-0.408518,1.008539,1.328119,0.000000,0.000000,0.000000,1.190287
-23.411560,-4.478308,-0.023066,2.033407,-6.045050,-0.395818,0.000000,0.000000,0.000000,1.068178
-17.342999,-11.717742,0.303138,-1.327559,-1.300289,-1.233402,0.000000,0.000000,0.000000,1.161866
-17.230572,8.020433,-1.243780,-7.439285,-0.433797,-0.948205,0.000000,0.000000,0.000000,0.802607
-5.382882,1.259782,-0.267625,-0.090403,0.188421,0.669251,0.000000,0.000000,0.000000,1.180255
-10.416117,-1.273165,0.522445,-0.987523,1.133756,2.078997,0.000000,0.000000,0.000000,1.101630
-16.048432,-0.337016,4.237403,4.946654,9.759432,10.706834,0.000000,0.000000,0.000000,0.808742
-8.710055,-8.662423,-11.023202,6.620532,-14.234597,-28.311250,0.000000,0.000000,0.000000,0.820701
39.701972,2.182480,19.386823,135.876789,29.433334,49.043400,0.000000,0.000000,0.000000,1.085718
-26405.760471,-230706.912342,283292.156226,-65963.344994,-576764.906859,708229.642790,0.000000,0.000000,0.000000,1.041853
-18.824066,15.580640,-7.749431,-3.070375,28.474791,-20.978743,0.000000,0.000000,0.000000,0.995666
-5.420882,-5.145353,2.438500,11.948733,-1.406684,9.107700,0.000000,0.000000,0.000000,0.824760
-11.256069,2.061435,0.864010,7.782379,-5.135117,-2.063954,0.000000,0.000000,0.000000,1.025234
-10453.172780,11148.457203,8105.629479,-26110.774834,27868.317154,20262.868224,0.000000,0.000000,0.000000,0.953551
-1057.017381,-1752.150663,-257.589318,-2591.175892,-4351.924906,-643.367439,0.000000,0.000000,0.000000,0.888580
-2.106244,9.939541,4.898364,38.202108,15.542814,11.982953,0.000000,0.000000,0.000000,1.060313
-44910912.305305,-30730637.472319,14231356.171667,-112277222.935947,-76826593.200318,35578389.506580,0.000000,0.000000,0.000000,1.066283
-622.323122,-348.061066,-1837.392875,-1511.997241,-864.704598,-4604.824695,0.000000,0.000000,0.000000,1.000945
-16.205393,11.702704,0.448092,-0.703224,0.121740,0.618051,0.000000,0.000000,0.000000,1.134218
-24.608873,6.934380,1.574913,4.056823,-3.016239,4.265149,0.000000,0.000000,0.000000,1.075745
-60659.797269,-6234.820179,-12005.791674,-151607.071449,-15600.315861,-30015.076380,0.000000,0.000000,0.000000,0.868933
-31.370044,2.357534,-0.378679,-0.657867,-0.681851,0.085379,0.000000,0.000000,0.000000,0.962804
-35324708.510082,6002032.369330,13478206.999028,-88311719.289585,15005075.215900,33695518.481229,0.000000,0.000000,0.000000,0.922450
-20.124545,-7.507730,0.467758,-0.294639,-0.571429,0.657337,0.000000,0.000000,0.000000,0.988361
-12.129441,-5.217970,-0.582518,3.482883,6.475012,-5.210840,0.000000,0.000000,0.000000,0.878847
-26.069018,2.377037,-1.894335,-7.213937,-2.076844,-4.261324,0.000000,0.000000,0.000000,1.005695
-21.798881,-1.669893,-0.276921,0.149139,-1.427637,-0.325552,0.000000,0.000000,0.000000,0.858551
-24.379851,9.759550,-2.947754,-0.979010,3.821774,-7.240498,0.000000,0.000000,0.000000,1.145449
-8.176819,-0.384080,-0.203316,0.735425,0.314991,0.315335,0.000000,0.000000,0.000000,1.039033
155.131778,-131.127423,-868.248201,436.569314,-342.416389,-2169.377243,0.000000,0.000000,0.000000,0.967435
-11.923733,5.864090,22.518907,12.921462,13.739250,58.800145,0.000000,0.000000,0.000000,0.960485
-24.799014,-4.828964,3.700027,1.153589,-14.320842,14.548402,0.000000,0.000000,0.000000,1.143574
-30.265824,-4.395322,0.115549,3.255913,-0.716745,0.558046,0.000000,0.000000,0.000000,1.168897
-27.681257,-11.078422,-0.243546,-0.282497,0.027861,-0.003001,0.000000,0.000000,0.000000,0.838668
-1972592419.955503,-4612979874.289464,-4274333366.184577,-4931481017.903914,-11532449694.649590,-10685833416.068308,0.000000,0.000000,0.000000,1.128160
74.943777,136.985407,-17.733156,233.602937,339.229838,-43.902334,0.000000,0.000000,0.000000,0.965061
-17.813100,15.143129,-5.344278,25.004231,8.382101,-13.964044,0.000000,0.000000,0.000000,1.188821
-17.152609,-7.099827,-0.519091,3.720661,-2.402748,-0.868311,0.000000,0.000000,0.000000,1.098564
-12.662428,12.934076,0.405985,-0.540037,0.732781,0.423310,0.000000,0.000000,0.000000,1.096919
2.280037,-5.496314,-5.446190,36.351544,-20.067183,-14.002242,0.000000,0.000000,0.000000,1.116244
-58.700617,-45.526674,-46.359257,-109.515338,-89.354726,-114.936058,0.000000,0.000000,0.000000,0.936039
7.409758,14.984725,11.012862,52.063995,15.053017,27.730684,0.000000,0.000000,0.000000,1.016946
-7.147643,0.956435,-0.104567,-0.344893,-0.594376,0.767634,0.000000,0.000000,0.000000,0.862081
-475189.818898,-318351.792180,36426.221008,-1187947.579727,-795905.966693,91064.303670,0.000000,0.000000,0.000000,0.989079
237.672520,-330.695950,772.459532,644.285426,-824.430593,1930.869007,0.000000,0.000000,0.000000,1.194641
-221.892527,-1362.421360,-326.988604,-516.933555,-3386.055929,-816.846061,0.000000,0.000000,0.000000,1.145137
-11.400291,-3.283046,12.810680,32.382075,-6.552030,32.854294,0.000000,0.000000,0.000000,0.863949
-21.101421,6.083731,-0.132678,-2.015526,-1.623561,1.117648,0.000000,0.000000,0.000000,1.021176
-1873.629358,70.011094,362.777033,-4645.730678,188.182639,905.804911,0.000000,0.000000,0.000000,0.860530
-2405.046714,174616.152506,-318445.362761,-5948.159160,436513.033312,-796113.375768,0.000000,0.000000,0.000000,0.853743
-3189.202662,7321.798119,10422.370106,-7895.663530,18288.345100,26055.989622,0.000000,0.000000,0.000000,1.170574
-17.092607,-1.376514,2.163684,-4.525585,-6.944351,6.139453,0.000000,0.000000,0.000000,1.096211
51.861982,483.812192,315.218342,205.129096,1232.087234,788.609772,0.000000,0.000000,0.000000,1.004855
-360048.136343,-2207739.911503,-3917284.807417,-900067.113826,-5519352.544141,-9793212.735561,0.000000,0.000000,0.000000,0.810410
-16.173852,-8.844131,2.894156,-0.443300,-10.053784,7.966018,0.000000,0.000000,0.000000,1.088580
-10.848943,-9.353050,-0.203407,0.107878,0.309679,0.359207,0.000000,0.000000,0.000000,1.121250
-27.370154,-1.537570,2.295968,0.097958,-0.034352,5.610655,0.000000,0.000000,0.000000,1.036524
-13.459731,-10.235511,0.080898,0.355065,0.003639,0.543094,0.000000,0.000000,0.000000,0.857043
-22.700423,3.773627,-25.577933,-9.471152,6.927238,-63.838257,0.000000,0.000000,0.000000,0.882167
-18.280238,4.866863,-1.117627,-0.026616,0.172870,-1.802648,0.000000,0.000000,0.000000,1.122901
-28.190602,3.276124,18.333262,-19.791361,3.408427,49.421418,0.000000,0.000000,0.000000,1.017835
-8.031837,-0.963896,0.449944,0.432304,0.118196,0.413512,0.000000,0.000000,0.000000,0.997220
-2.410531,4.759324,-5.610754,23.451528,14.471226,-13.430944,0.000000,0.000000,0.000000,0.847091
1137.633793,783.131740,-551.054477,2905.882556,1989.277570,-1379.736299,0.000000,0.000000,0.000000,1.114930
-58359.494675,4167.951945,103246.433905,-145847.949553,10418.320885,258116.554476,0.000000,0.000000,0.000000,1.122911
-27.879677,-7.408511,-5.927158,-9.565702,-22.562394,-14.763351,0.000000,0.000000,0.000000,0.856832
-18.039410,7.863498,39.640198,-9.682766,29.596500,98.981418,0.000000,0.000000,0.000000,1.035512
-11.259890,-0.978952,16.782365,25.424368,3.555735,43.951119,0.000000,0.000000,0.000000,0.819653
-7.749063,-6.186323,2.857011,1.798926,-1.344678,6.728908,0.000000,0.000000,0.000000,1.113768
-18.212761,-4.082679,1.498634,6.493140,4.922503,3.720198,0.000000,0.000000,0.000000,1.090717
-36.846894,-2.041112,-0.658715,-9.480919,-0.832514,-1.611615,0.000000,0.000000,0.000000,0.901490
-48.087901,15.665118,-0.877111,-48.088590,9.110029,-2.529019,0.000000,0.000000,0.000000,0.942367
-29.930564,6.910721,0.303660,-0.482732,-0.025820,0.619206,0.000000,0.000000,0.000000,1.195784
-14.908583,-8.291599,-0.083633,0.871242,8.478628,0.815413,0.000000,0.000000,0.000000,1.077158
319610.483031,64253.963145,-364053.480264,799069.747335,160623.119660,-910133.110433,0.000000,0.000000,0.000000,1.091971
-9.792463,-4.820034,5.645586,-1.060806,6.581084,13.456913,0.000000,0.000000,0.000000,1.096610
-3532.646604,-2645.744961,225.783260,-8910.665241,-6736.387864,572.119764,0.000000,0.000000,0.000000,1.192966
-11.190162,-6.443712,9.699984,1.923150,-7.475026,26.639675,0.000000,0.000000,0.000000,1.000032
-7.848411,7.560477,-1.410590,-2.387634,8.958480,-3.733050,0.000000,0.000000,0.000000,0.824119
-32.036016,-2.168235,0.383814,-3.605519,0.838621,0.780504,0.000000,0.000000,0.000000,0.885948
-9.549463,-6.950027,0.478755,17.359420,-15.207331,3.813670,0.000000,0.000000,0.000000,1.177809
-6.045196,0.079616,8.959941,20.645636,4.538661,22.540580,0.000000,0.000000,0.000000,1.032353
-121.978044,15.638377,-71.598200,-252.197478,40.485925,-180.034166,0.000000,0.000000,0.000000,1.026992
-60452.658636,106215.682003,8389.834011,-151454.929549,266231.188458,21028.263681,0.000000,0.000000,0.000000,0.929951
-26.975712,0.669149,19.210203,-26.859608,8.850661,48.398128,0.000000,0.000000,0.000000,0.867581
-31.437462,-5.604256,-0.919624,-6.097324,4.722975,-9.893528,0.000000,0.000000,0.000000,1.128076
-15.155949,0.022577,2.796195,-0.824510,-4.787124,6.024586,0.000000,0.000000,0.000000,0.870115
-27.975745,4.061289,-3.528751,5.525590,-1.515058,-9.234681,0.000000,0.000000,0.000000,1.103878
-12.346957,3.092961,-5.046396,8.696110,2.560669,-14.160789,0.000000,0.000000,0.000000,1.171799
-7.456486,0.246337,0.278457,-0.163857,0.245902,0.141139,0.000000,0.000000,0.000000,0.946411
-19.016151,-12.588680,-0.216407,0.497393,-0.081332,0.524093,0.000000,0.000000,0.000000,1.035227
-24.345595,-10.951410,0.468593,1.378944,1.193119,0.451680,0.000000,0.000000,0.000000,1.125308
7.567192,-11.442277,-9.813785,52.296183,-48.249016,-26.479232,0.000000,0.000000,0.000000,1.059288
-19.624435,-14.933418,-0.222302,0.010445,-0.222527,0.460891,0.000000,0.000000,0.000000,0.870182
-30.051751,-12.307059,12.240507,-37.419019,-7.286129,29.736768,0.000000,0.000000,0.000000,1.017779
10609971.972175,-3904597.008782,5349583.779019,26525001.828109,-9761514.914046,13373959.686247,0.000000,0.000000,0.000000,1.127300
-1036289459.594863,-3016105351.402626,37877174433.394165,-2590723600.025213,-7540263375.867826,94692936084.243683,0.000000,0.000000,0.000000,1.186622
-3306.548433,5580.566195,-582.355101,-8221.547521,13972.275508,-1456.255271,0.000000,0.000000,0.000000,1.158315
-151.256698,-247.603564,-70.402558,-325.605326,-620.040552,-175.017017,0.000000,0.000000,0.000000,1.037564
-30.897479,-1.931573,0.584365,-0.605749,2.457404,2.413654,0.000000,0.000000,0.000000,1.186762
-2835.015012,2279.308872,-94.370170,-7038.755420,5698.934154,-234.861718,0.000000,0.000000,0.000000,0.818528
-31.212128,-12.433324,2.903197,-6.068423,-25.131919,10.707660,0.000000,0.000000,0.000000,1.121757
-19.011073,12.337972,-1.206194,-5.061969,-2.105645,-1.730614,0.000000,0.000000,0.000000,1.073467
-27.842553,-4.238125,-0.215172,0.170779,-0.184320,0.660895,0.000000,0.000000,0.000000,1.014512
-20.658425,-6.970546,1.171485,0.218507,-2.699440,2.469579,0.000000,0.000000,0.000000,0.943921
-13.216612,-8.393343,1.844634,7.814522,-14.112075,8.107550,0.000000,0.000000,0.000000,1.095259
-7332.822588,-1116.536816,-716.147089,-18383.623390,-2806.627279,-1798.900380,0.000000,0.000000,0.000000,1.136821
-511.943601,-675.147598,123.075914,-1242.890836,-1681.476644,308.620111,0.000000,0.000000,0.000000,1.053030
-22.066584,-8.251892,0.850213,-1.177993,-2.573820,1.354371,0.000000,0.000000,0.000000,0.824072
-31.955820,-7.634563,0.092079,0.261785,-0.048395,0.517855,0.000000,0.000000,0.000000,0.835675
61664.919761,-4693.379212,-110890.613314,154212.850287,-11734.989106,-277225.638942,0.000000,0.000000,0.000000,1.056174
-18.181466,6.432965,-8.670287,21.064762,14.500134,-23.442480,0.000000,0.000000,0.000000,1.031222
-23.033287,-3.171804,0.762200,-1.698137,-4.682298,0.647212,0.000000,0.000000,0.000000,0.995006
-7.557623,9.846670,6.730693,15.497517,12.314146,16.148266,0.000000,0.000000,0.000000,0.868310
-24.210642,-6.121686,-0.467616,0.049718,-0.087122,0.019894,0.000000,0.000000,0.000000,0.841950
-20.314308,-9.126506,-1.610127,10.709223,-15.188199,-5.634163,0.000000,0.000000,0.000000,1.164382
-438.234232,169.088386,-1185.093635,-1134.472611,463.780344,-3265.643419,0.000000,0.000000,0.000000,0.904045
-14.472491,8.738138,-1.993550,-1.693486,6.092310,-4.017813,0.000000,0.000000,0.000000,0.855006
-20.818396,12.941271,7.905390,-6.342252,7.989528,21.435242,0.000000,0.000000,0.000000,0.966268
-12.477249,-11.360681,0.170008,0.422410,0.359838,0.377348,0.000000,0.000000,0.000000,1.128423
-28.667347,-9.885376,0.112806,0.164400,-16.210394,-1.343701,0.000000,0.000000,0.000000,1.066786
-27.380854,-8.372817,11.352448,-0.738426,-22.922618,27.871527,0.000000,0.000000,0.000000,0.982279
-18.308949,12.969442,0.397257,-3.370863,2.616636,0.181391,0.000000,0.000000,0.000000,0.972173
31456604.502993,-461175.338540,-12528742.382045,78641562.961716,-1152944.005994,-31321854.864087,0.000000,0.000000,0.000000,0.907171
-29.320768,-18.863881,-16.709882,-18.783505,-66.313331,-41.703671,0.000000,0.000000,0.000000,1.157134
-1.460892,2.171008,-9.999450,25.376632,-1.500822,-27.370298,0.000000,0.000000,0.000000,0.806333
-16.420469,8.952226,0.601194,-0.335970,0.058157,0.940307,0.000000,0.000000,0.000000,1.141493
3079.008087,7695.585843,-3158.311623,7741.933554,19300.323752,-7916.298738,0.000000,0.000000,0.000000,0.876037
-17.653910,6.674367,3.335160,-7.133578,-8.512633,8.063092,0.000000,0.000000,0.000000,0.995454
-243838.765149,-57217.349113,411680.402504,-609553.080606,-143055.106692,1029201.282335,0.000000,0.000000,0.000000,0.856559
-24.025426,5.695700,8.964501,-0.894674,29.645453,25.965696,0.000000,0.000000,0.000000,0.845643
511.541355,506.310188,-3341.603765,1330.580350,1269.336758,-8353.576762,0.000000,0.000000,0.000000,0.863715
-9.081829,8.877262,0.493856,-0.173735,0.140434,0.444843,0.000000,0.000000,0.000000,1.166219
-18.613455,-3.889637,0.277925,0.453881,-0.246603,0.310527,0.000000,0.000000,0.000000,0.816255
-32.859884,5.534458,0.532840,-0.378652,-0.375004,1.153976,0.000000,0.000000,0.000000,0.824722
-20.701677,9.185862,0.104719,-2.039066,3.948272,-0.357366,0.000000,0.000000,0.000000,1.120337
-9.217059,-5.277981,0.326841,0.320179,0.148170,0.444608,0.000000,0.000000,0.000000,1.105116
-10.144705,4.897458,6.573886,15.877841,7.129277,17.481931,0.000000,0.000000,0.000000,1.170362
3312.666957,-7739.884554,-11035.783955,8358.870256,-19365.536637,-27588.932584,0.000000,0.000000,0.000000,1.105545
-507.187447,71.647079,-418.590140,-1226.321699,163.138164,-1056.525682,0.000000,0.000000,0.000000,0.842723
-33.172540,-4.184486,1.374072,-0.977986,2.253150,3.551702,0.000000,0.000000,0.000000,1.182668
-17275.828902,-14512.273870,-11570.619583,-43452.525084,-36561.476173,-29145.100452,0.000000,0.000000,0.000000,0.915218
-14.537690,-2.875748,1.248111,0.983790,1.682049,2.859177,0.000000,0.000000,0.000000,0.824622
-17.612047,11.307790,7.134374,0.091895,32.136404,19.010945,0.000000,0.000000,0.000000,1.086065
-10.736453,-9.663440,0.716902,-0.009255,-0.001170,0.371334,0.000000,0.000000,0.000000,1.105222
-16.437747,-17.536426,-5.211553,20.935676,-52.760827,-14.860755,0.000000,0.000000,0.000000,1.095226
-37187.245970,32424.555965,32519.063133,-92925.708175,81084.812551,81297.964634,0.000000,0.000000,0.000000,0.875471
-6939.585746,7713.904294,-1226.288583,-17296.773035,19285.741058,-3064.889182,0.000000,0.000000,0.000000,0.801765
-28.892308,-3.877844,-0.879617,0.526373,-1.085091,-2.057251,0.000000,0.000000,0.000000,1.052456
-9.740865,3.102773,0.170680,1.468199,16.453702,-2.439030,0.000000,0.000000,0.000000,1.141113
-20.017398,-0.359468,-1.297297,0.309790,4.468967,-3.141188,0.000000,0.000000,0.000000,1.065021
-16.417588,-6.126389,-11.386410,9.651107,-16.289164,-31.528323,0.000000,0.000000,0.000000,0.945873
-5.902985,-1.860096,0.037360,-0.092029,0.191756,0.602989,0.000000,0.000000,0.000000,0.991486
-7.413305,1.578588,0.160580,-1.751318,-2.598729,-0.656015,0.000000,0.000000,0.000000,0.958720
-32.847837,4.721448,-7.743361,-20.270749,13.461382,-18.825147,0.000000,0.000000,0.000000,1.155730
-18.706802,8.133699,0.586935,3.075363,2.179176,0.869280,0.000000,0.000000,0.000000,1.181506
208.846622,1622.412052,276.983954,567.292292,4048.943795,692.542243,0.000000,0.000000,0.000000,0.864553
2139122335.868297,-1859079599.370025,-2939803283.009347,5347805900.324543,-4647699004.222689,-7349508206.374980,0.000000,0.000000,0.000000,1.198089
-25.999769,-7.697673,0.571685,-1.999994,-1.412294,0.919453,0.000000,0.000000,0.000000,1.140690
-27.562724,-8.003011,0.316069,0.187355,-0.075291,0.696552,0.000000,0.000000,0.000000,0.919415
-7.855698,-2.364549,1.725405,4.738247,3.005213,4.442886,0.000000,0.000000,0.000000,0.886350
49046.858775,-88836.786991,-6568.787742,122979.707736,-222621.688701,-16461.982721,0.000000,0.000000,0.000000,1.120723
-7140.603951,7219.901989,2100.579284,-17801.181771,18056.636673,5252.026433,0.000000,0.000000,0.000000,0.822960
11.595814,-52.449318,11.891881,60.087877,-120.404482,30.156465,0.000000,0.000000,0.000000,1.093680
-20.270711,9.512058,-1.207962,-4.219793,2.293831,-2.528200,0.000000,0.000000,0.000000,0.899880
-17.362037,-0.866345,-7.820046,17.806493,13.444663,-22.281397,0.000000,0.000000,0.000000,0.907983
-35.115864,6.572586,-0.695256,-11.592504,-8.943481,-4.053033,0.000000,0.000000,0.000000,0.871534
235.881923,-559.597953,135.107661,636.842747,-1402.728428,336.634629,0.000000,0.000000,0.000000,0.990089
-15083.895552,4911.426134,-8099.341488,-37658.886829,12281.658187,-20248.367031,0.000000,0.000000,0.000000,0.961192
-12.942661,11.242519,9.452482,-1.293391,5.912123,29.009183,0.000000,0.000000,0.000000,1.034270
-13.075874,-12.807713,0.670118,1.160840,-0.884440,1.393583,0.000000,0.000000,0.000000,0.875531
-8.627944,2.590363,0.682916,16.133708,2.552460,6.125869,0.000000,0.000000,0.000000,0.844017
-32.569480,4.440383,2.083283,-3.323456,-1.877030,5.033203,0.000000,0.000000,0.000000,1.053551
-20.788383,11.119845,0.691162,0.698938,-0.815241,1.497961,0.000000,0.000000,0.000000,1.142860
-26.327605,-3.374161,0.876015,4.973230,-2.075359,3.091853,0.000000,0.000000,0.000000,1.051468
84.706155,605.974489,706.007976,264.558267,1511.763510,1765.042043,0.000000,0.000000,0.000000,1.093388
-1074185.633973,44164.627548,2081391.997731,-2692142.760819,110695.099123,5216522.170686,0.000000,0.000000,0.000000,1.093652
-19.976870,7.239718,2.746876,-3.729513,14.979902,6.235856,0.000000,0.000000,0.000000,0.999280
-18.948813,14.462222,4.841980,13.660453,1.181159,11.124390,0.000000,0.000000,0.000000,1.139585
-28.884662,1.585203,-12.016219,-35.252724,-0.329192,-29.409114,0.000000,0.000000,0.000000,0.980556
-27.960630,-7.198397,2.245312,2.640210,4.330568,4.161338,0.000000,0.000000,0.000000,1.084633
-8.104859,-4.378270,-2.764697,5.663124,-10.045122,-13.904046,0.000000,0.000000,0.000000,1.008290
-19.685794,-12.982087,-13.206262,7.063082,-56.716963,-35.714788,0.000000,0.000000,0.000000,0.913202
167.024885,443.062102,-593.123008,485.407465,1124.099658,-1491.361740,0.000000,0.000000,0.000000,1.090817
-14.664137,-6.919090,0.404785,0.871497,0.791356,0.928198,0.000000,0.000000,0.000000,0.966068
10.349856,5.582280,121.074487,77.260322,21.455109,303.694976,0.000000,0.000000,0.000000,0.824455
15.486110,2.304235,19.281121,-0.874116,15.174545,76.507142,0.000000,0.000000,0.000000,0.996795
-22.327499,-5.764509,-0.134367,-7.867320,-5.402207,-2.808841,0.000000,0.000000,0.000000,1.192100
-14.745862,-0.161737,-0.137210,0.055461,0.602095,0.816770,0.000000,0.000000,0.000000,1.024388
-454.246752,449.971012,-914.568373,-1085.353868,1126.991627,-2286.037708,0.000000,0.000000,0.000000,1.084571
-24.807613,12.864567,0.657043,-0.133794,-1.201530,0.601274,0.000000,0.000000,0.000000,0.924416
14.861299,40.026782,18.255277,90.396560,104.228901,44.866400,0.000000,0.000000,0.000000,0.928617
-16.582719,-10.145047,4.237657,16.707635,-5.405631,9.203384,0.000000,0.000000,0.000000,0.808000
-22.930132,7.388614,0.291771,1.754670,8.042228,1.100979,0.000000,0.000000,0.000000,0.956997
142.884506,-1521.515133,-683.366192,408.926516,-3801.710828,-1707.368190,0.000000,0.000000,0.000000,0.876427
-24.569942,-11.069256,1.878070,5.101608,0.572466,3.327421,0.000000,0.000000,0.000000,1.094605
-15.826600,13.998344,0.355374,-0.309767,0.056528,0.492663,0.000000,0.000000,0.000000,0.829318
49550.609034,5106.004771,9814.022305,123918.432238,12751.693821,24534.357186,0.000000,0.000000,0.000000,1.063083
943.737198,1532.475144,260.108727,2410.357603,3859.047358,650.796409,0.000000,0.000000,0.000000,0.959562
-6.371077,15.915854,0.141505,17.789950,7.345958,1.515024,0.000000,0.000000,0.000000,0.846626
13959.708266,6401.509909,112.978983,34951.725038,16002.266661,281.199395,0.000000,0.000000,0.000000,0.884445
1090430.292335,-45274.785689,-2113008.136747,2732959.636770,-113463.824109,-5295758.529762,0.000000,0.000000,0.000000,1.077336
-10.420390,-1.695155,-0.718822,0.637458,4.862554,1.312218,0.000000,0.000000,0.000000,1.143288
-182.701476,360.051129,-349.455144,-418.880653,898.771429,-872.526610,0.000000,0.000000,0.000000,1.163000
-152301.555040,-18344.550410,39589.950236,-380709.595678,-45873.054557,98975.032257,0.000000,0.000000,0.000000,1.036448
-24.819233,9.893942,0.339817,-0.580476,1.446146,-0.551555,0.000000,0.000000,0.000000,1.093057
-22.463377,15.006591,0.595949,-0.097176,1.099104,1.124640,0.000000,0.000000,0.000000,0.957869
70478822.048562,124226716.182326,44660907.575408,176197105.329955,310566820.298359,111652269.561457,0.000000,0.000000,0.000000,1.016228
784.836930,343.455193,1591.118512,2011.511306,861.437265,3977.702843,0.000000,0.000000,0.000000,1.159158
-20.013743,-7.315965,4.035445,-8.297403,-23.606412,7.770561,0.000000,0.000000,0.000000,0.914799
28197.906498,-24088.053350,9918.134678,70899.549165,-60525.369843,24921.951222,0.000000,0.000000,0.000000,0.946914
-23.032305,9.572605,0.256821,-0.929763,0.694350,0.707602,0.000000,0.000000,0.000000,1.151416
-30.685937,-4.836387,1.196385,-0.152329,-3.389729,1.788149,0.000000,0.000000,0.000000,1.075848
-95514.495739,16231.575726,-35807.820982,-238736.955854,40582.324369,-89519.223761,0.000000,0.000000,0.000000,1.096484
-1779.931001,1824.557593,97.224962,-4384.143053,4567.656811,244.445264,0.000000,0.000000,0.000000,0.876089
-11.585155,-9.434343,0.297692,0.344553,-0.188336,0.826590,0.000000,0.000000,0.000000,0.852677
-21.586160,2.508955,-0.289208,-8.522013,5.644959,-0.677549,0.000000,0.000000,0.000000,1.074863
-23.101445,6.133784,-6.426612,-0.894863,-5.576887,-15.855153,0.000000,0.000000,0.000000,0.932659
-17.862234,-6.709502,0.664980,-2.858616,-4.867286,3.824882,0.000000,0.000000,0.000000,0.968753
-12.382456,-1.011802,1.211466,4.771597,2.249667,2.287330,0.000000,0.000000,0.000000,0.955005
118643.238923,427848.885163,-242022.307186,296655.174548,1069622.331195,-605056.635055,0.000000,0.000000,0.000000,1.158609
-10131.987828,-5591.191764,-10433.354285,-25278.839173,-13975.401859,-26083.497429,0.000000,0.000000,0.000000,0.918582
-30.872030,0.099781,0.783058,-0.130569,0.083116,1.069882,0.000000,0.000000,0.000000,1.040780
-9.663904,-3.177102,3.046514,8.247149,7.384655,0.977168,0.000000,0.000000,0.000000,0.927107
7477.981240,1153.219308,681.622786,18828.846561,2896.184308,1713.028835,0.000000,0.000000,0.000000,1.128084
-10.891781,36.049479,-5.000027,27.179731,62.771388,-13.922438,0.000000,0.000000,0.000000,0.946045
-8.544037,6.824201,-5.062853,31.281804,4.808214,-12.881248,0.000000,0.000000,0.000000,1.127063
-18.292306,-6.649542,1.392199,9.332321,-4.831630,6.210443,0.000000,0.000000,0.000000,0.884658
1089.509288,-618.902602,-406.517296,2775.792662,-1551.326160,-1015.485031,0.000000,0.000000,0.000000,1.087730
-24073.075655,-110250.729108,-37926.319259,-60125.498685,-275624.251018,-94815.870203,0.000000,0.000000,0.000000,0.954176
84.263123,-1642.046648,-619.582356,261.814944,-4103.964676,-1548.933017,0.000000,0.000000,0.000000,1.047518
-5557529.575867,-1786693.195259,-6478467.844827,-13893767.864385,-4466722.935341,-16196170.046744,0.000000,0.000000,0.000000,1.052604
-9.004307,31.140604,6.166157,7.658629,57.690231,14.585405,0.000000,0.000000,0.000000,0.834774
-154.039330,1472.215288,637.324167,-333.883782,3681.056012,1593.057752,0.000000,0.000000,0.000000,1.193051
-21.727509,-2.059885,-16.298194,5.375064,-19.274808,-40.051288,0.000000,0.000000,0.000000,0.850615
-18.381857,3.888078,-1.236659,-2.260125,0.025902,-2.009360,0.000000,0.000000,0.000000,0.985159
-16.198663,6.086891,-0.216717,-0.552624,0.456737,0.635744,0.000000,0.000000,0.000000,0.970887
-1085.693101,339.014726,417.271540,-2678.651596,866.727523,1043.956790,0.000000,0.000000,0.000000,0.913613
-10.560508,4.806638,-5.163704,1.995985,9.673132,-14.610347,0.000000,0.000000,0.000000,0.851217
-2.658669,-7.027683,10.044818,31.312371,-19.576894,26.557759,0.000000,0.000000,0.000000,1.013071
3145.294494,-2964.445649,-4569.898835,7915.601889,-7412.872655,-11423.533514,0.000000,0.000000,0.000000,1.028262
-15.272881,8.142726,0.518634,-0.408540,0.265288,0.463292,0.000000,0.000000,0.000000,1.104882
-20.056131,-10.676938,-0.764225,-2.783146,-5.945446,-0.552270,0.000000,0.000000,0.000000,1.173870
-349.025775,-210.517717,-304.500999,-835.796407,-526.065995,-762.209627,0.000000,0.000000,0.000000,0.886806
40.381051,51.407263,19.316378,180.339860,138.377555,51.082770,0.000000,0.000000,0.000000,1.093609
-5.855646,6.578448,5.728513,14.868094,13.834876,15.907414,0.000000,0.000000,0.000000,0.962762
-28.017909,-2.159951,-1.817985,-5.201004,-4.257772,-4.415412,0.000000,0.000000,0.000000,0.894744
-438.658744,-86.244491,-1214.102075,-1081.615151,-245.733008,-3203.399923,0.000000,0.000000,0.000000,1.125705
-26.850572,-1.323858,-0.156242,-2.100437,-1.350250,-1.168424,0.000000,0.000000,0.000000,0.809324
-21.758883,5.221040,-0.466741,-2.497595,1.479072,-2.756480,0.000000,0.000000,0.000000,1.127365
-16.713726,-11.953119,-0.208347,0.214259,0.208101,0.734054,0.000000,0.000000,0.000000,1.136320
-14.067296,11.994989,-1.221803,-2.598453,6.449640,-2.277218,0.000000,0.000000,0.000000,0.819373
-63.557121,32.907712,69.295959,-109.552776,79.790418,173.129079,0.000000,0.000000,0.000000,1.126828
-310994.996500,6139883.756769,8316250.230543,-777445.253273,15349727.200223,20790625.367203,0.000000,0.000000,0.000000,0.889062
-23.888317,-3.786401,0.331413,5.763922,-9.984424,0.926048,0.000000,0.000000,0.000000,1.027043
-11.026401,-13.150198,-19.730841,18.414554,-35.505330,-48.161346,0.000000,0.000000,0.000000,1.160073
912.067188,-307.150380,-360.856124,2315.101198,-748.475664,-901.110006,0.000000,0.000000,0.000000,1.057339
-20.973425,5.590355,0.733204,5.368336,11.402856,7.945132,0.000000,0.000000,0.000000,0.803405
-15.842015,2.953312,3.096409,8.542628,-3.274730,6.777566,0.000000,0.000000,0.000000,0.851926
-20.611455,8.306295,-2.281267,6.886104,14.381762,-5.282111,0.000000,0.000000,0.000000,1.016284
-26.573621,10.101029,1.519341,-7.790119,3.854271,5.032079,0.000000,0.000000,0.000000,0.811855
-568.668421,4969.821142,-1798.931375,-1368.764531,12418.011098,-4497.026059,0.000000,0.000000,0.000000,0.810598
-7.600469,-7.870471,40.121121,55.863084,-18.305546,100.451083,0.000000,0.000000,0.000000,0.961358
-15.769682,-14.303628,0.917277,-0.948143,-1.311789,3.462788,0.000000,0.000000,0.000000,0.986693
-32.753364,-1.126430,4.406140,-25.469862,8.994297,11.679967,0.000000,0.000000,0.000000,0.825082
-2181.911799,385.027140,1233.601369,-5416.256212,978.718064,3097.821290,0.000000,0.000000,0.000000,0.868226
-28.486030,4.917510,0.472217,4.865755,4.056648,2.736924,0.000000,0.000000,0.000000,1.153287
-19.496600,4.080365,-1.065452,0.019433,1.590932,-1.863901,0.000000,0.000000,0.000000,0.870447
-7.377676,7.690310,1.899385,2.624409,3.727504,4.526600,0.000000,0.000000,0.000000,0.987682
-28.434596,-4.162808,-7.067639,-3.679450,-5.174410,-20.128614,0.000000,0.000000,0.000000,0.878281
-22.560349,11.532182,0.265113,0.007286,-0.189933,0.492002,0.000000,0.000000,0.000000,1.176964
-30.785520,9.553136,-89.587976,-19.739622,27.891235,-223.042228,0.000000,0.000000,0.000000,0.985321
-17.576909,-9.215334,-6.685676,1.758460,1.943887,-15.699542,0.000000,0.000000,0.000000,0.864344
-25.245164,41.257815,-7.826123,-8.124937,89.100959,-20.951207,0.000000,0.000000,0.000000,0.892454
-15.775249,-10.102042,1.518286,0.922933,0.404294,4.244021,0.000000,0.000000,0.000000,1.115895
-12970.306646,-5926.280264,-101.949347,-32372.776977,-14816.963795,-256.117183,0.000000,0.000000,0.000000,0.955103
-28.907567,4.279167,2.532581,-5.689489,8.658717,6.923080,0.000000,0.000000,0.000000,0.913098
-6.845934,-6.396444,0.612712,0.256279,0.555432,0.420874,0.000000,0.000000,0.000000,0.890366
-7.426394,-4.125831,-1.949238,11.062713,-28.199618,-5.789484,0.000000,0.000000,0.000000,0.980274
-21.613377,-13.791152,-9.437332,-14.421207,-27.742474,-23.869137,0.000000,0.000000,0.000000,1.109128
-12.639683,3.858847,-0.256361,0.097091,0.155187,0.560327,0.000000,0.000000,0.000000,1.108792
-21.952875,-2.143348,1.543217,-7.703577,11.248970,3.767465,0.000000,0.000000,0.000000,1.171583
-28.981724,5.957139,-1.424661,-16.223480,1.124393,-3.248056,0.000000,0.000000,0.000000,1.020912
-20.185344,1.858513,0.658846,-2.864559,-3.036713,1.465117,0.000000,0.000000,0.000000,1.076698
-20.857094,-12.742975,17.607533,-21.579822,-33.767395,42.895624,0.000000,0.000000,0.000000,1.124017
-2207.062652,-5891.829207,2656.119533,-5506.148940,-14752.811830,6655.990468,0.000000,0.000000,0.000000,1.142295
-20.109393,-6.591599,-0.186960,5.645931,-2.104143,-0.012995,0.000000,0.000000,0.000000,0.864710
356.091179,-406.581815,123.557914,934.469773,-1007.853646,308.856834,0.000000,0.000000,0.000000,1.100182
-20.553839,-14.011585,-0.061073,0.394961,-0.000898,0.559948,0.000000,0.000000,0.000000,0.897377
-10.559762,-4.157293,-0.340409,5.277739,5.965270,-1.982843,0.000000,0.000000,0.000000,1.039522
-5.022645,1.483201,9.718884,41.076068,1.951587,24.715298,0.000000,0.000000,0.000000,1.185663
-35.055910,-0.092231,-0.502755,-0.342586,-0.874472,-0.604469,0.000000,0.000000,0.000000,0.833635
-47056.577874,16320.434797,24540.616398,-117592.937587,40801.911975,61352.558317,0.000000,0.000000,0.000000,1.155855
320.249485,41.547520,1696.802907,850.204708,111.739939,4252.128466,0.000000,0.000000,0.000000,1.125171
30.485713,1.795513,-0.186167,-0.036012,0.174465,-0.495161,0.000000,0.000000,0.000000,0.805200
20.425293,10.835385,-0.927068,-0.058921,-2.150376,-1.195254,0.000000,0.000000,0.000000,1.010085
29.720922,-7.302250,0.077804,1.930523,1.781061,-0.278929,0.000000,0.000000,0.000000,1.094638
8.430271,7.909189,1.270350,-8.916185,3.390855,2.849691,0.000000,0.000000,0.000000,1.078279
134184.281135,34192.180876,497128.999858,335411.975298,85481.885629,1242822.864410,0.000000,0.000000,0.000000,1.152899
15.237119,-12.422705,-0.032623,-3.379249,-5.847351,-0.727453,0.000000,0.000000,0.000000,1.085728
7.389106,-3.163936,0.309925,-4.155349,-0.968928,0.137499,0.000000,0.000000,0.000000,0.848772
31.600761,-1.410956,5.582460,18.154158,-3.603022,16.277379,0.000000,0.000000,0.000000,0.980531
6.881815,0.508194,0.655423,-11.166501,-7.502424,0.881077,0.000000,0.000000,0.000000,1.000139
-417.490824,104.086250,-1179.502273,-1098.753348,260.646164,-2947.976503,0.000000,0.000000,0.000000,1.010837
851.263562,1173.816269,-997.053126,2085.257909,2925.678285,-2493.207789,0.000000,0.000000,0.000000,0.954164
23.892629,10.043489,8.552713,-7.256276,23.741115,20.649678,0.000000,0.000000,0.000000,1.044827
-15.021526,3.601671,16.757318,-60.521385,19.233768,44.787041,0.000000,0.000000,0.000000,0.940580
-10910.479137,-18312.245457,474.079905,-27323.871740,-45778.818561,1185.867011,0.000000,0.000000,0.000000,0.898207
10.813118,-3.941518,-0.505226,-0.984668,-1.875235,0.082226,0.000000,0.000000,0.000000,0.966543
-0.084142,-5.776736,11.820776,-46.761064,2.541239,29.765864,0.000000,0.000000,0.000000,1.179068
17.416540,13.430592,0.060443,-0.430837,-0.159181,-0.525846,0.000000,0.000000,0.000000,1.143497
32.637783,2.838156,-0.306910,0.234335,0.470307,-0.269608,0.000000,0.000000,0.000000,1.020994
4.615411,-3.524579,-12.069403,-29.428710,11.688271,-31.581095,0.000000,0.000000,0.000000,1.156391
16.462072,-4.490227,-6.496323,20.516468,-21.938528,-15.264525,0.000000,0.000000,0.000000,0.965299
27.374302,-9.144867,-0.751277,0.403210,0.275934,-0.878382,0.000000,0.000000,0.000000,1.030297
26.761534,-10.374633,2.471842,5.919401,-8.933471,9.688617,0.000000,0.000000,0.000000,1.162622
25.746847,-4.943115,4.192551,-5.277579,-7.156566,11.592536,0.000000,0.000000,0.000000,0.963892
27.159826,13.360529,1.302126,-5.000116,13.802393,3.713125,0.000000,0.000000,0.000000,0.803676
25.312241,0.238504,-9.858724,15.409867,-9.048340,-25.317968,0.000000,0.000000,0.000000,0.978531
22.008729,10.071252,-0.004926,-0.492948,-0.243221,-0.026933,0.000000,0.000000,0.000000,1.185931
6.489570,-0.698735,-0.242495,0.013648,-0.594713,-0.358298,0.000000,0.000000,0.000000,0.975066
27.950634,8.044026,-1.360563,-5.971096,1.801921,-5.197784,0.000000,0.000000,0.000000,1.173821
21.077912,-1.800937,3.722888,12.926201,11.566458,10.511213,0.000000,0.000000,0.000000,0.806426
20.794078,9.470473,0.009876,-0.474549,0.245086,-0.490156,0.000000,0.000000,0.000000,0.906176
29.706696,19.240443,20.839175,26.474769,38.473472,61.678489,0.000000,0.000000,0.000000,1.158930
19.843013,9.156390,0.323677,0.451571,0.488939,0.221293,0.000000,0.000000,0.000000,1.161871
20.332408,-2.719439,-5.133064,11.592122,15.201939,-16.727245,0.000000,0.000000,0.000000,0.996467
-30.965541,-84.616384,57.023909,-152.576987,-222.781168,144.925391,0.000000,0.000000,0.000000,1.113007
-60860746.009097,97892252.182576,91337889.465125,-152151909.102263,244730600.945354,228344722.961580,0.000000,0.000000,0.000000,1.103689
17.037214,-4.563312,-5.310757,-14.337986,19.885337,-11.390771,0.000000,0.000000,0.000000,1.034387
21.091555,8.511613,-39.180959,-10.290088,27.825063,-104.206356,0.000000,0.000000,0.000000,0.951720
26.776849,-7.273160,16.034995,30.628357,-4.798055,38.945691,0.000000,0.000000,0.000000,0.850262
32.554916,6.809502,0.236648,4.631112,0.622982,1.907474,0.000000,0.000000,0.000000,1.178905
17.940567,4.818492,1.246573,6.546310,-2.323861,3.042616,0.000000,0.000000,0.000000,1.132187
22.865446,7.288553,-12.240555,8.507075,18.639816,-29.433144,0.000000,0.000000,0.000000,0.821755
11.281812,-4.236936,14.407334,-24.542094,-3.050593,37.435365,0.000000,0.000000,0.000000,0.979187
18.082231,9.269662,-0.604200,-0.095954,0.248416,-0.030898,0.000000,0.000000,0.000000,0.852776
18.381902,4.374067,0.666477,-1.565993,-1.488849,1.298948,0.000000,0.000000,0.000000,1.154541
20.307964,-2.290542,4.284448,4.971072,-3.040275,10.810128,0.000000,0.000000,0.000000,1.067602
26.619701,12.642692,-1.775867,7.932316,12.578199,-7.029804,0.000000,0.000000,0.000000,1.154992
31.185694,11.037857,-4.271812,1.075050,22.284824,-16.143327,0.000000,0.000000,0.000000,1.042995
-812.922040,-270.459756,-189.673026,-2072.057885,-711.417370,-474.551779,0.000000,0.000000,0.000000,1.020038
3.748845,-1.658073,18.224008,-37.395860,7.984114,53.611309,0.000000,0.000000,0.000000,1.137709
25.984021,-3.102397,0.117828,0.157096,0.274026,-0.651099,0.000000,0.000000,0.000000,1.042319
9.320914,5.955789,0.768094,-1.349947,0.082882,1.245563,0.000000,0.000000,0.000000,1.125389
-489.462202,-334.226325,-28.733784,-1236.825992,-842.131570,-70.879343,0.000000,0.000000,0.000000,0.894271
19.636854,10.155364,-0.339605,-4.433785,-0.676246,1.885755,0.000000,0.000000,0.000000,1.128531
50.011559,495.924405,-235.725754,65.310259,1270.064832,-588.589270,0.000000,0.000000,0.000000,0.968596
25.982458,-5.655156,0.041285,-0.177872,1.727294,-1.140864,0.000000,0.000000,0.000000,0.924299
17893.793400,7806.900755,7563.654590,44677.781900,19540.681748,18910.159231,0.000000,0.000000,0.000000,1.078567
-19.365366,49.413071,144.461284,-69.472255,105.023512,361.190384,0.000000,0.000000,0.000000,0.911689
9.957966,-4.462517,6.447556,-8.481385,0.986862,16.599138,0.000000,0.000000,0.000000,1.111671
425.025174,350.149906,-205.391949,1017.651542,878.361732,-515.919858,0.000000,0.000000,0.000000,1.044103
15.291341,47.653035,-11.240249,-23.424525,108.068580,-27.793463,0.000000,0.000000,0.000000,0.835333
33.670629,-0.943659,-0.367309,-0.154788,0.024390,-0.337942,0.000000,0.000000,0.000000,0.826927
30.439067,-10.193262,0.932537,3.044881,-4.411703,1.311895,0.000000,0.000000,0.000000,0.975929
9.143849,-0.337963,7.598442,-14.355021,10.122212,20.100688,0.000000,0.000000,0.000000,0.855713
28.399515,3.150177,-1.003509,-0.928469,3.089133,-1.710586,0.000000,0.000000,0.000000,0.998780
24.238433,13.762413,-0.478775,-0.310229,0.042113,-0.490107,0.000000,0.000000,0.000000,0.849696
14.132382,5.378565,2.272428,-7.235479,19.597528,6.724168,0.000000,0.000000,0.000000,1.170608
17.174687,6.409111,2.539292,14.806095,16.486096,12.827427,0.000000,0.000000,0.000000,0.841411
35.124614,-5.348559,-3.922945,1.498851,-11.337286,-10.178466,0.000000,0.000000,0.000000,0.817673
-1834.562827,2637.433388,-5223.283564,-4627.993559,6578.936285,-13057.064381,0.000000,0.000000,0.000000,0.877842
12.028060,10.394142,-21.285702,-11.022144,19.311526,-52.573151,0.000000,0.000000,0.000000,1.130582
148.192428,2.836010,108.625786,336.756237,-22.923022,270.866650,0.000000,0.000000,0.000000,0.804761
26.809172,-9.792544,-0.053747,0.852862,0.229589,-0.523806,0.000000,0.000000,0.000000,0.971646
17.725026,-5.002684,-1.816408,0.510741,3.395392,-1.594400,0.000000,0.000000,0.000000,1.175206
104.482549,-103.319079,-45.231420,204.073332,-280.893268,-112.672740,0.000000,0.000000,0.000000,0.895610
27.532284,-3.192117,3.037028,16.107855,-6.318592,4.850057,0.000000,0.000000,0.000000,1.124766
-6.120993,-4.246401,-5.973183,-49.264052,-12.285890,-15.415406,0.000000,0.000000,0.000000,0.917030
4.450531,105.822539,-99.152156,-31.977936,269.541100,-246.766631,0.000000,0.000000,0.000000,1.110419
17.796521,-48.158974,-1.207339,6.436288,-89.439502,-3.602211,0.000000,0.000000,0.000000,1.182938
23.030885,4.383306,5.450446,-2.766525,3.751901,12.849274,0.000000,0.000000,0.000000,0.870615
11213.285948,-6391.371972,709.114968,28111.632154,-16070.750084,1779.180043,0.000000,0.000000,0.000000,1.124942
-5554.418976,-3706.425591,-3998.542580,-13936.908070,-9265.116960,-9996.848499,0.000000,0.000000,0.000000,1.097224
19.908870,14.087131,-0.523286,-0.292379,0.069757,-0.406600,0.000000,0.000000,0.000000,0.936291
22.820341,-21.271053,-6.022878,6.072088,-39.880296,-16.771905,0.000000,0.000000,0.000000,0.816094
16.172204,-3.090563,-3.031376,5.791019,-0.187119,-7.379246,0.000000,0.000000,0.000000,1.110992
22.950455,-4.453781,4.727234,2.419568,3.782009,11.897859,0.000000,0.000000,0.000000,0.993451
17.775550,-16.311362,-3.504398,-4.686715,-16.786984,-13.255786,0.000000,0.000000,0.000000,1.003036
-106.748482,153.337894,-32.629637,-292.975270,386.687333,-80.365842,0.000000,0.000000,0.000000,1.101751
802.725336,739.802611,46.196381,1952.255565,1847.501854,116.651842,0.000000,0.000000,0.000000,0.997930
22.321903,-2.436573,1.647088,3.746861,-1.950456,3.028298,0.000000,0.000000,0.000000,0.882918
36.162500,-5.772983,-11.504818,38.483144,-13.209569,-33.306864,0.000000,0.000000,0.000000,1.040275
29.737273,10.347267,-0.153614,0.235215,14.124299,-0.703090,0.000000,0.000000,0.000000,0.822449
18.285318,10.008067,0.253708,2.257991,1.028056,-0.092516,0.000000,0.000000,0.000000,1.015110
34.615726,554.530552,1081.088282,37.502009,1379.456119,2702.928568,0.000000,0.000000,0.000000,0.835719
26.903882,-6.087109,-0.238730,0.254927,0.361320,-0.463661,0.000000,0.000000,0.000000,0.874795
-1387.853557,1625.995427,-242.827728,-3518.547180,4068.257750,-606.004925,0.000000,0.000000,0.000000,0.843767
18.767593,8.825779,0.421578,0.567764,3.796567,-0.153457,0.000000,0.000000,0.000000,1.158408
31.770620,11.700213,-2.324075,5.953813,8.286511,-9.537833,0.000000,0.000000,0.000000,0.820242
2633.260099,-3149.827836,-110.366743,6516.580273,-7852.088424,-274.898079,0.000000,0.000000,0.000000,1.047587
15.704514,7.922264,0.310002,5.288078,3.993424,0.330562,0.000000,0.000000,0.000000,1.193608
19.706047,-7.969803,-2.024903,-7.884373,-5.118057,-4.337504,0.000000,0.000000,0.000000,0.839774
-42.189939,-8454.603149,-8992.721787,-136.266242,-21127.091346,-22481.520471,0.000000,0.000000,0.000000,0.802157
19.439386,-12.515281,-1.255611,7.494202,3.403878,-2.040298,0.000000,0.000000,0.000000,0.810005
-245.102410,-109.827086,-19.203518,-653.803923,-286.098841,-49.484603,0.000000,0.000000,0.000000,1.156415
-906.190957,1215.530372,3795.560668,-2351.368853,3035.352308,9488.219532,0.000000,0.000000,0.000000,1.178320
-3206389.339864,-4662832.168820,1631464.773642,-8016025.081377,-11657080.035464,4078662.863093,0.000000,0.000000,0.000000,0.849203
24.459995,-6.959572,0.168977,0.367315,0.174581,-0.588792,0.000000,0.000000,0.000000,0.811737
308.532823,1935.349689,594.821984,730.241410,4847.428809,1490.092721,0.000000,0.000000,0.000000,1.007577
19.980647,5.641872,-10.535577,-7.412982,5.165472,-25.430638,0.000000,0.000000,0.000000,0.907589
18.074661,-9.816863,-15.748096,2.120042,-3.421625,-39.225298,0.000000,0.000000,0.000000,1.118950
4.726495,0.769748,-3.302891,-11.873186,2.693885,-9.414935,0.000000,0.000000,0.000000,1.058072
20.029786,-11.773340,-0.013964,-2.304392,-1.840106,-0.031090,0.000000,0.000000,0.000000,0.979610
28.039088,3.698930,-14.306574,1.996263,-0.329582,-35.209207,0.000000,0.000000,0.000000,1.015808
17.301067,11.092803,0.411736,0.148736,0.121221,0.465911,0.000000,0.000000,0.000000,1.172563
5.370128,5.775886,10.544421,-24.030770,-10.847540,25.964671,0.000000,0.000000,0.000000,0.963067
13.926859,0.492523,-11.130269,-14.164166,-1.582890,-29.920882,0.000000,0.000000,0.000000,0.931933
838.235654,-108.342241,2702.275938,2183.440543,-285.203408,7186.360697,0.000000,0.000000,0.000000,0.810177
17.048381,-4.863124,-0.566185,-5.496862,-0.047620,-4.078622,0.000000,0.000000,0.000000,1.048074
18.799435,-10.401185,0.128673,4.101788,3.147344,0.223578,0.000000,0.000000,0.000000,1.088974
-2059.914373,-2195.078952,-4733.030539,-5196.497807,-5492.520140,-11831.516069,0.000000,0.000000,0.000000,1.149844
22.575665,5.024777,0.128640,0.414955,-0.224038,-0.236710,0.000000,0.000000,0.000000,1.190474
19.130624,-6.236638,5.211674,-4.330935,-11.177249,12.400293,0.000000,0.000000,0.000000,0.941091
26.303085,-0.596043,0.539748,0.866846,1.487447,0.493949,0.000000,0.000000,0.000000,1.111548
-503438942.671526,-474032470.788464,315478055.865878,-1258597426.379951,-1185081188.971249,788695140.485360,0.000000,0.000000,0.000000,0.909709
234998.042119,-200982.476161,12015.372755,587438.447843,-502453.970163,30039.057681,0.000000,0.000000,0.000000,0.810550
23.956050,2.412459,0.640070,8.526596,-4.136514,0.855834,0.000000,0.000000,0.000000,1.023740
23.093941,7.535236,-0.111121,3.127305,-1.299930,1.828191,0.000000,0.000000,0.000000,0.920904
25.069016,-20.192233,16.596790,17.407391,-47.027600,45.755252,0.000000,0.000000,0.000000,1.139613
11.938285,7.838719,-0.427300,-0.806057,-0.044730,-0.692114,0.000000,0.000000,0.000000,0.804975
-1725397.133789,337623.544508,1413344.591679,-4313541.624764,844056.135225,3533361.350820,0.000000,0.000000,0.000000,0.889098
16.298830,-2.407637,1.366666,10.652188,10.535465,2.083866,0.000000,0.000000,0.000000,1.009288
16.628926,-3.966865,1.540531,7.256609,-9.232306,4.413999,0.000000,0.000000,0.000000,1.077554
1921.592346,1142.247151,-1192.372443,4754.318444,2857.036878,-2979.758521,0.000000,0.000000,0.000000,0.998451
-351.599859,200.170607,-44.922634,-902.580843,487.867420,-112.263266,0.000000,0.000000,0.000000,0.870427
916.335280,127.562735,-174.464749,2292.798888,303.361497,-443.057378,0.000000,0.000000,0.000000,0.879874
11.108161,6.419739,-0.568975,-1.599402,-0.849521,-2.590577,0.000000,0.000000,0.000000,1.180466
-49.111535,52.101812,124.204285,-146.329980,111.399473,308.635424,0.000000,0.000000,0.000000,1.041296
10.057462,6.119845,-0.675622,5.198426,1.686355,1.378499,0.000000,0.000000,0.000000,0.901040
-33393.668268,18824.254445,2184.714655,-83953.981719,47297.971579,5487.594946,0.000000,0.000000,0.000000,0.921799
20.003865,11.840528,-4.040227,-5.433066,17.905213,-10.479558,0.000000,0.000000,0.000000,0.931945
25.653052,12.880820,-0.264132,-0.907765,6.627116,-1.810824,0.000000,0.000000,0.000000,1.171765
24.377046,-4.546446,-0.327346,5.754522,-3.730517,-0.747156,0.000000,0.000000,0.000000,0.932916
35.141955,3.305668,6.141703,30.916970,7.017536,18.223913,0.000000,0.000000,0.000000,0.856158
5548.400721,-3404.238575,-2137.621558,13822.531069,-8511.557920,-5342.898096,0.000000,0.000000,0.000000,0.805981
20.102896,12.613145,-0.343829,-0.923197,1.169553,-0.667640,0.000000,0.000000,0.000000,1.002399
2.734845,-424.371917,190.397466,-52.846550,-1029.979708,476.395513,0.000000,0.000000,0.000000,1.194210
-1583.661949,-3293.855575,-5343.201786,-4020.504862,-8264.220718,-13357.802110,0.000000,0.000000,0.000000,0.848603
51.896632,-24.879949,-155.613279,107.984894,-82.733133,-389.326901,0.000000,0.000000,0.000000,0.879236
39.723456,18.740575,-12.101032,64.646363,44.249400,-30.319171,0.000000,0.000000,0.000000,0.914770
-22.792062,7.831609,5.381280,-94.889604,9.608962,13.554995,0.000000,0.000000,0.000000,0.803288
32.288136,1.012104,-0.650971,-0.831017,0.012344,-0.522261,0.000000,0.000000,0.000000,1.033023
7.990237,3.129857,-0.643918,-0.138727,-0.269531,-0.511226,0.000000,0.000000,0.000000,0.957055
33.023275,-2.291117,-0.042101,0.247964,0.171322,-0.595666,0.000000,0.000000,0.000000,0.870589
15.512903,-6.780078,-16.016330,0.813658,-10.967687,-40.262536,0.000000,0.000000,0.000000,0.856782
26.097333,-14.148343,-0.190924,-1.254366,-3.794016,-0.945284,0.000000,0.000000,0.000000,1.008505
8.564632,11.425326,-3.451691,-5.025859,0.698050,-8.714806,0.000000,0.000000,0.000000,1.051318
2959.855378,3315.290710,194.462646,7370.157269,8267.235499,486.086126,0.000000,0.000000,0.000000,0.829319
37.884401,13.715710,-0.741021,12.142961,17.891257,-0.887574,0.000000,0.000000,0.000000,1.105101
-19506.959452,-1772.379577,-42781.811862,-48791.996143,-4435.842115,-106954.529703,0.000000,0.000000,0.000000,0.803975
14.196354,-40.852353,-36.451408,-4.775317,-103.275556,-94.350116,0.000000,0.000000,0.000000,1.156677
8510.558337,-9922.425467,-9038.274863,21222.375050,-24803.457619,-22596.447230,0.000000,0.000000,0.000000,1.087580
188.606606,2051.608173,-2896.017668,425.086720,5137.148280,-7240.406766,0.000000,0.000000,0.000000,0.835413
16.354762,-287.551873,240.633415,-8.131475,-735.183548,600.630660,0.000000,0.000000,0.000000,1.076250
56.395239,-13.457706,-31.403759,77.069777,-27.402033,-78.751207,0.000000,0.000000,0.000000,0.854089
28.300603,0.708908,-1.975498,1.100756,-2.573499,-4.571346,0.000000,0.000000,0.000000,0.978424
-723.155726,139.838469,-2650.533670,-1968.985770,374.823910,-7049.143791,0.000000,0.000000,0.000000,0.814313
76.040995,3.161400,-45.103260,120.856622,25.305244,-114.028455,0.000000,0.000000,0.000000,1.156732
5708.510553,-54.250252,-12232.578422,14227.009417,-149.160550,-30581.088793,0.000000,0.000000,0.000000,0.967532
-33.230486,-7.164138,12.529792,-118.728979,-50.103839,31.114442,0.000000,0.000000,0.000000,0.841535
19.454086,5.155203,1.427972,-0.206239,-4.003563,4.806982,0.000000,0.000000,0.000000,0.832770
17.966449,2.838373,1.379512,-4.962871,-6.212821,4.008075,0.000000,0.000000,0.000000,1.098945
22.413199,0.569077,7.132380,-3.482129,9.179844,18.517643,0.000000,0.000000,0.000000,1.004478
282.780224,-437.740972,218.800933,661.692591,-1102.361441,552.125792,0.000000,0.000000,0.000000,0.917441
286.805601,-122.007437,147.578268,649.317506,-307.610002,367.847013,0.000000,0.000000,0.000000,0.876738
31.409206,-9.153027,0.220027,0.046768,0.619379,-0.750687,0.000000,0.000000,0.000000,0.966446
-12636.527481,26734.774702,28936.684197,-31633.993347,66830.681622,72341.125292,0.000000,0.000000,0.000000,1.117363
2341.729721,2457.546807,5288.237365,5807.380577,6138.799187,13221.125855,0.000000,0.000000,0.000000,1.028863
-51.425002,-1189.770527,2363.988809,-177.286978,-2972.701855,5909.717280,0.000000,0.000000,0.000000,0.836461
16.559429,4.460125,-2.227068,-2.462403,-2.478779,-4.494233,0.000000,0.000000,0.000000,1.152251
67.856281,-6.659254,23.900094,136.782816,-20.775094,60.426788,0.000000,0.000000,0.000000,1.002167
7.631628,-9.682322,1.662275,-4.513334,-6.466053,4.137457,0.000000,0.000000,0.000000,0.838406
28.121536,3.030740,-0.124651,2.349479,-0.408715,0.815595,0.000000,0.000000,0.000000,0.945995
18.892107,12.505765,-0.427565,-0.586683,0.085269,-0.209550,0.000000,0.000000,0.000000,1.045414
12.466213,6.628226,-0.738941,0.240748,-1.883663,-0.901349,0.000000,0.000000,0.000000,1.155078
19.594678,-9.763290,2.362481,-1.389698,8.757976,5.785568,0.000000,0.000000,0.000000,1.198135
3903.867011,3074.211450,-4516.445838,9712.051228,7694.448279,-11290.476683,0.000000,0.000000,0.000000,0.929944
6.657232,-1.618049,-0.193884,0.788055,-0.313760,-0.606327,0.000000,0.000000,0.000000,1.033498
-3310.536351,-4316.000112,11919.071943,-8317.035392,-10793.130593,29796.634031,0.000000,0.000000,0.000000,1.152693
8.999330,-7.101477,-1.336569,0.190113,-3.535932,0.654662,0.000000,0.000000,0.000000,0.809414
12.348742,5.846365,-7.670485,13.102451,25.050718,-20.502810,0.000000,0.000000,0.000000,1.195861
33.718385,1.529698,-0.367947,1.025783,0.350032,-0.106366,0.000000,0.000000,0.000000,0.824312
-5585.137724,2975.643319,1990.161541,-14010.795637,7437.837455,4976.365658,0.000000,0.000000,0.000000,0.831466
10.526265,1.628329,-2.497229,3.486254,4.921671,-6.270896,0.000000,0.000000,0.000000,0.886855
13.231870,2.799105,-11.529436,-33.204271,6.319272,-28.915468,0.000000,0.000000,0.000000,1.011782
4.862131,-6.243699,-6.435446,-30.681202,-15.402777,-17.544437,0.000000,0.000000,0.000000,0.978179
31.306457,-15.715008,-22.198514,30.437606,-22.610987,-55.204110,0.000000,0.000000,0.000000,1.061153
9.974724,3.335685,0.048336,0.192304,-1.638999,-0.105578,0.000000,0.000000,0.000000,1.008906
29.605830,1.344034,-5.511092,-6.380775,-10.063778,-15.328470,0.000000,0.000000,0.000000,0.980591
14.725601,-13.299404,20.154069,-9.132045,-34.903457,49.187297,0.000000,0.000000,0.000000,1.007109
22.422650,-3.896020,-3.015725,1.968435,1.405048,-8.539905,0.000000,0.000000,0.000000,0.874747
30.890256,3.695705,-14.708519,22.882481,-13.436885,-52.004912,0.000000,0.000000,0.000000,1.009182
8.461129,4.401306,-3.554223,3.203654,0.837713,-7.717431,0.000000,0.000000,0.000000,0.871542
33.107915,5.347141,-0.659724,0.061271,0.086803,-0.532876,0.000000,0.000000,0.000000,1.014160
-3339.383058,4040.433417,144.557272,-8414.632267,10123.051484,362.417715,0.000000,0.000000,0.000000,0.812252
693.969016,1736.468062,-333.491640,1706.807511,4321.860908,-835.428387,0.000000,0.000000,0.000000,0.986785
27.064984,-6.838477,-8.372304,-14.040874,-6.087858,-20.627347,0.000000,0.000000,0.000000,0.967353
29059.761265,-16427.316038,-1815.643520,72963.707573,-41273.546770,-4563.526125,0.000000,0.000000,0.000000,1.058365
19.804641,-9.800622,-7.325894,-1.787673,-8.697185,-20.266911,0.000000,0.000000,0.000000,0.897868
28.757578,-2.740502,1.844652,2.787295,1.794728,4.721272,0.000000,0.000000,0.000000,1.134777
13.291392,8.690792,-0.446294,0.126812,-0.091859,-0.079936,0.000000,0.000000,0.000000,0.836290
27603.687203,27963.326091,5151.140195,68944.134856,69925.569455,12877.050977,0.000000,0.000000,0.000000,0.864157
108.228923,-34.599596,8.344808,186.827087,-76.796145,19.866807,0.000000,0.000000,0.000000,1.043791
10952.461924,12283.337702,-29200.531249,27322.666791,30700.836708,-73001.587159,0.000000,0.000000,0.000000,0.971444
18.549110,8.671558,-0.969496,-1.664734,-0.201456,-1.682675,0.000000,0.000000,0.000000,0.803007
19.434744,-2.006120,-2.671898,-4.051976,-6.570707,-5.677119,0.000000,0.000000,0.000000,0.926664
15.638813,0.511742,5.614423,-1.523196,2.735666,14.312957,0.000000,0.000000,0.000000,1.144067
37.066240,6.643974,-6.824696,18.584871,4.457739,-18.370553,0.000000,0.000000,0.000000,0.976764
16.703890,4.937291,-2.848679,8.312642,-0.689627,-9.921753,0.000000,0.000000,0.000000,0.889098
29.308206,-0.906875,-0.639030,2.180634,1.347124,-0.495725,0.000000,0.000000,0.000000,0.891783
-18.136044,-166.666305,232.214870,-120.676881,-436.326028,583.960821,0.000000,0.000000,0.000000,0.995825
16.731672,18.098177,-2.818250,-1.955770,8.885225,-7.946677,0.000000,0.000000,0.000000,0.819459
43.077930,352.163738,-353.110441,58.152907,886.792080,-888.210811,0.000000,0.000000,0.000000,1.121507
73905756.638547,-118874578.675493,-110915371.749159,184764347.405836,-297186476.021267,-277288429.907527,0.000000,0.000000,0.000000,0.908878
13.594539,-11.268563,-0.142032,0.660194,0.026242,-1.538845,0.000000,0.000000,0.000000,1.164952
10572.023354,-14276.368741,5710.851031,26380.814006,-35686.025725,14277.429869,0.000000,0.000000,0.000000,1.103829
19.615254,2.979028,-4.325478,3.189234,3.713898,-9.973594,0.000000,0.000000,0.000000,1.019504
30.174013,-7.080810,-4.654785,15.278220,4.314271,-19.273134,0.000000,0.000000,0.000000,0.944565
-203519.518649,83589.625787,-196973.866518,-508846.330015,208975.336889,-492435.534704,0.000000,0.000000,0.000000,0.910022
25.540686,2.693855,0.069544,-2.304332,10.532493,-0.688145,0.000000,0.000000,0.000000,0.803507
31.262165,0.750731,0.017709,-0.038567,0.449213,-0.584630,0.000000,0.000000,0.000000,0.923965
13.632861,8.631489,4.051048,-3.649759,-1.249409,9.989294,0.000000,0.000000,0.000000,0.939871
10.800293,-6.869130,1.673923,-8.928367,0.450768,7.630936,0.000000,0.000000,0.000000,0.966995
30.847761,1.789301,1.204443,-2.080102,-5.448105,2.522476,0.000000,0.000000,0.000000,1.096231
31.476503,8.053318,1.698096,-0.082767,4.961943,5.819851,0.000000,0.000000,0.000000,0.840062
-88628.243890,-78202.919895,55879.816790,-221598.490339,-195532.814954,139700.255373,0.000000,0.000000,0.000000,1.170553
7.391389,1.294301,1.270443,1.409463,-3.462997,2.773976,0.000000,0.000000,0.000000,0.811813
14.525483,13.571401,-15.296142,-10.877516,45.998928,-38.137432,0.000000,0.000000,0.000000,1.145674
-7.237853,-10.689933,8.872724,-55.894190,3.057658,21.467049,0.000000,0.000000,0.000000,0.907146
27.806445,-8.979702,-62.815345,21.361258,-58.202454,-156.070846,0.000000,0.000000,0.000000,0.846820
30.885096,-1.720039,-2.639706,5.514126,5.365483,-5.669942,0.000000,0.000000,0.000000,1.185405
29.184541,-77.350481,-62.950223,33.910665,-197.218369,-156.566235,0.000000,0.000000,0.000000,0.955268
11.799011,-0.508994,-0.437876,0.078323,-0.281709,-0.324851,0.000000,0.000000,0.000000,1.138260
24.681943,7.677310,1.430153,5.061560,-3.401066,2.632627,0.000000,0.000000,0.000000,0.927767
-62.132512,-2.181314,48.532182,-228.530131,11.523681,123.089646,0.000000,0.000000,0.000000,1.155436
17.414190,-17.222645,-4.004450,14.432638,-12.849977,-9.530648,0.000000,0.000000,0.000000,1.161849
17.593809,-3.786352,1.458459,6.817374,-10.377644,3.933708,0.000000,0.000000,0.000000,1.006901
3022697.294481,4381797.493661,-1533170.570179,7556691.308901,10954493.836315,-3832925.396944,0.000000,0.000000,0.000000,0.902154
223.497943,520.091188,-3574.988443,512.264643,1299.377167,-8936.952045,0.000000,0.000000,0.000000,0.984989
13.205727,0.464082,1.818948,4.644409,5.470079,5.275173,0.000000,0.000000,0.000000,0.941679
16.875037,4.610509,7.839976,-5.494285,15.830252,19.952291,0.000000,0.000000,0.000000,0.968550
10.547427,5.305213,-1.282790,0.699466,-0.875557,-2.911141,0.000000,0.000000,0.000000,0.991250
-77.699899,-14.359527,48.522939,-236.006228,-52.521707,123.623551,0.000000,0.000000,0.000000,1.098281
12.276424,-3.373479,-1.488499,0.666644,2.293030,-3.471588,0.000000,0.000000,0.000000,1.031808
-153663.791865,252957.653775,-807555.180617,-384206.568787,632395.821995,-2018888.604444,0.000000,0.000000,0.000000,1.049797
66.623266,-60.534713,-144.057235,142.880214,-167.414753,-360.253795,0.000000,0.000000,0.000000,0.855235
25.028727,6.626886,12.296805,23.348004,-8.533092,30.787766,0.000000,0.000000,0.000000,1.094591
28.835201,605.757035,150.513349,23.960822,1512.772737,378.129140,0.000000,0.000000,0.000000,0.857193
-1.989382,2.982346,0.590009,-25.785687,16.380305,2.341498,0.000000,0.000000,0.000000,1.120642
30.326869,11.963480,12.797044,1.783481,43.878227,33.604595,0.000000,0.000000,0.000000,0.868762
23.389121,-2.151591,-0.375099,-9.541750,8.281039,2.299988,0.000000,0.000000,0.000000,1.041343
6.680825,5.904633,-1.521072,-4.690669,-2.897136,-4.114112,0.000000,0.000000,0.000000,1.187912
31.744563,-10.091146,-1.165101,5.082123,1.102807,-2.623405,0.000000,0.000000,0.000000,1.141518
16.243152,-7.365517,1.523196,-2.540306,10.805159,3.736422,0.000000,0.000000,0.000000,0.817906
-315.997620,-1042.561824,-484.866737,-842.807172,-2608.953095,-1212.756695,0.000000,0.000000,0.000000,0.967201
21.126189,16.407672,-4.778041,14.040551,14.282547,-11.204022,0.000000,0.000000,0.000000,1.039648
20.141520,10.583920,7.735809,-0.571239,21.948690,19.174843,0.000000,0.000000,0.000000,1.006053
10.582240,9.140352,0.907619,0.233903,0.937964,4.949010,0.000000,0.000000,0.000000,0.831222
308.393765,-364.315113,-88.930729,755.183520,-930.857871,-222.816275,0.000000,0.000000,0.000000,1.120992
14.124214,10.349556,9.324824,-3.944907,45.782871,25.001876,0.000000,0.000000,0.000000,0.928904
22.733854,2.771950,-4.781434,6.680954,1.980909,-11.427047,0.000000,0.000000,0.000000,1.028103
40.030436,-1.543874,8.905133,17.660276,6.922301,21.819408,0.000000,0.000000,0.000000,0.836554
18.369863,-10.756145,-0.774943,6.051095,-6.349308,-2.385230,0.000000,0.000000,0.000000,1.102035
25.837441,3.765033,-0.828351,-2.136387,1.939242,-1.419676,0.000000,0.000000,0.000000,0.811120
13.856465,-8.437100,1.367944,1.048534,-2.871530,3.598970,0.000000,0.000000,0.000000,1.158241
12.449153,-14.091266,0.884009,-2.288420,-2.995669,1.887757,0.000000,0.000000,0.000000,0.890457
11.600240,4.561680,30.007030,-14.888665,36.443100,81.990632,0.000000,0.000000,0.000000,1.188700
22.433398,-5.596476,1.420811,1.421287,-1.341658,3.400474,0.000000,0.000000,0.000000,1.041086
32.960186,-7.187871,-0.119897,-0.080265,0.423857,-0.651694,0.000000,0.000000,0.000000,0.808992
14.918200,-8.487562,-0.015962,0.274627,-0.677736,-0.579541,0.000000,0.000000,0.000000,1.094174
-147.940852,-74.735414,65.768252,-391.363616,-172.597699,163.426215,0.000000,0.000000,0.000000,1.073638
37.150859,3.136744,-5.680689,24.123673,-9.577622,-20.835187,0.000000,0.000000,0.000000,0.827773
1455.737224,-658.745755,-2713.303612,3588.656553,-1645.340851,-6782.256922,0.000000,0.000000,0.000000,0.889053
21.539927,-10.063755,0.934200,-1.721994,-1.226561,2.470271,0.000000,0.000000,0.000000,1.185254
65.025996,30.078788,4.802976,126.220470,41.753531,11.517800,0.000000,0.000000,0.000000,0.847754
14.414610,-11.415528,-0.277918,0.446382,0.212638,0.034450,0.000000,0.000000,0.000000,1.102478
-65153.080223,91039.354297,-162640.674602,-162939.604518,227596.105827,-406601.370034,0.000000,0.000000,0.000000,1.151411
14.863645,-5.056306,2.537785,-14.789403,2.202966,8.683292,0.000000,0.000000,0.000000,1.066719
10.850906,37.011965,60.591209,-20.930369,56.458420,151.541670,0.000000,0.000000,0.000000,0.871816
7.978554,-5.035550,6.627948,-16.532760,-1.853348,17.391920,0.000000,0.000000,0.000000,1.064302
39.731693,12.890980,8.467422,35.425731,27.548013,27.514483,0.000000,0.000000,0.000000,1.083585
22580.819637,5775.233176,7880.444740,57559.246961,14724.915737,20102.333963,0.000000,0.000000,0.000000,1.004985
-320.025264,153.089265,-171.299440,-854.880303,409.868882,-429.939706,0.000000,0.000000,0.000000,0.805786
25.169437,-11.664462,8.890447,2.840815,3.067994,21.389538,0.000000,0.000000,0.000000,1.095958
34.414770,8206.920118,8789.624678,55.243725,20526.302980,21973.905132,0.000000,0.000000,0.000000,0.819543
15.716540,-4.619162,-1.257376,7.338882,-2.217564,-2.827012,0.000000,0.000000,0.000000,1.063840
20.405416,-5.548727,-1.283586,-1.403548,-3.369941,-2.596675,0.000000,0.000000,0.000000,0.925326
13.794430,9.691004,0.877256,1.293940,5.746268,7.507349,0.000000,0.000000,0.000000,1.185133
24.787620,-6.114411,-0.414602,1.486978,-1.304361,-0.520697,0.000000,0.000000,0.000000,0.855007
326875.979510,39900.222918,360448.727312,817143.216984,99749.765053,901121.366487,0.000000,0.000000,0.000000,1.081940
20.201522,-12.747941,4.626468,-1.687831,-16.571761,12.968334,0.000000,0.000000,0.000000,1.120414
22.922413,-6.661721,-2.362976,-1.929398,-0.676029,-7.682439,0.000000,0.000000,0.000000,1.024909
26.452697,10.916939,-6.119481,7.474206,28.709179,-15.773926,0.000000,0.000000,0.000000,1.084246
53.193412,-35.844433,80.060548,79.993795,-63.108671,199.478931,0.000000,0.000000,0.000000,1.074895
24.058542,-1.255818,-3.265365,-5.894188,7.941153,-7.615086,0.000000,0.000000,0.000000,1.150690
13.130958,-22.554694,-26.941329,-28.923257,-63.660863,-67.097920,0.000000,0.000000,0.000000,0.974919
-1290.308845,-3593.571181,2214.229794,-3246.441629,-8995.157711,5535.114652,0.000000,0.000000,0.000000,1.053586
16.797196,-10.972421,0.545769,-6.141468,-5.888056,1.181931,0.000000,0.000000,0.000000,0.885200
-125474.022073,-275208.337307,133386.638947,-313716.057906,-688006.210067,333465.893110,0.000000,0.000000,0.000000,0.922503
2948.435922,-3434.628809,-3193.780077,7320.750890,-8591.213602,-7984.095687,0.000000,0.000000,0.000000,1.071649
24.184642,-31.147170,15.162841,12.929799,-64.182806,36.992152,0.000000,0.000000,0.000000,0.885610
7473.401506,17848.207135,-144.411275,18635.537096,44621.821541,-360.348217,0.000000,0.000000,0.000000,0.953759
-748.384866,-1070.352964,914.762042,-1913.528698,-2684.275579,2285.930397,0.000000,0.000000,0.000000,1.040246
7.790237,-2.042947,-0.172152,0.501942,0.538374,-0.084801,0.000000,0.000000,0.000000,1.144493
-819901048807.199219,83104919180.176895,12260559309.761950,-2049752622068.274658,207762297951.801575,30651398274.797935,0.000000,0.000000,0.000000,0.977780
8.913570,5.408714,-2.267852,-3.672537,-0.255654,-8.170168,0.000000,0.000000,0.000000,0.851596
-320.317429,-114.852416,68.009770,-843.362104,-295.939012,173.758891,0.000000,0.000000,0.000000,0.800099
-82.425890,2.042686,73.998438,-254.161431,30.425693,185.486341,0.000000,0.000000,0.000000,1.119573
-4.421515,-23.852932,17.158993,-38.203796,-66.178377,45.363478,0.000000,0.000000,0.000000,1.096420
709.611425,94.077622,560.865678,1717.833819,232.053703,1409.637773,0.000000,0.000000,0.000000,1.083795
141.341496,-59.652264,-158.265414,289.385240,-167.136370,-394.843393,0.000000,0.000000,0.000000,0.946685
17.893970,12.095178,-0.553359,-0.115209,0.027872,-0.417798,0.000000,0.000000,0.000000,0.880569
19.022828,5.586054,0.595017,-0.538770,0.707022,1.683955,0.000000,0.000000,0.000000,0.996733
29.255899,-8.347375,1.938707,12.072119,-1.187694,10.645349,0.000000,0.000000,0.000000,1.003403
24760663.555334,-1469729.411860,-24841003.620948,61901612.826923,-3674303.303668,-62102508.231152,0.000000,0.000000,0.000000,1.189955
17.282329,4.618973,4.506816,5.768888,-3.630752,10.428552,0.000000,0.000000,0.000000,1.031382
12.893358,6.582110,-3.087398,-4.161131,21.980386,-9.538200,0.000000,0.000000,0.000000,0.970448
27.993357,7.800972,-2.181904,-3.522945,2.458656,-4.991159,0.000000,0.000000,0.000000,0.966858
11270.971045,-15077.465133,11581.458114,28130.462044,-37683.813247,28954.543620,0.000000,0.000000,0.000000,0.916667
6.476440,4.584137,3.702159,-1.282301,1.404278,9.279534,0.000000,0.000000,0.000000,0.885629
28.131087,-4.028125,-0.124648,1.625440,-1.425258,-0.623884,0.000000,0.000000,0.000000,0.955112
6.728367,9.578040,2.616539,-2.097592,4.227476,5.755086,0.000000,0.000000,0.000000,1.005957
25.684684,-3.585543,-1.780565,1.414591,1.040533,-5.056375,0.000000,0.000000,0.000000,0.885273
-9845.560592,-11085.831679,26367.988158,-24672.211000,-27721.886176,65919.234436,0.000000,0.000000,0.000000,1.075807
67.257938,-7.915474,-44.944330,135.023716,-35.829545,-115.602499,0.000000,0.000000,0.000000,1.005960
287.967213,-28.826838,47.250834,665.098421,-69.485729,117.477698,0.000000,0.000000,0.000000,1.156750
-178191.949860,74939.865141,68378.764755,-445546.440145,187361.330130,170946.653658,0.000000,0.000000,0.000000,1.095993
29.590759,-26.008691,8.689441,27.194842,-62.856438,22.138147,0.000000,0.000000,0.000000,0.913352
-3.150227,57.565189,-19.523219,-68.776803,113.497084,-48.438307,0.000000,0.000000,0.000000,0.804534
59.556183,-28.278737,-17.709145,69.926692,-65.831538,-44.256827,0.000000,0.000000,0.000000,1.025495
7.124782,134.538912,-89.315190,-56.162546,332.618893,-226.285592,0.000000,0.000000,0.000000,1.015924
6099.051151,2431.284521,2219.383945,15198.504661,6079.975075,5549.400671,0.000000,0.000000,0.000000,0.933560
-127582285.386386,829713771.936641,1029011119.336969,-318955777.251302,2074284432.415464,2572527798.348345,0.000000,0.000000,0.000000,1.134775
20.996521,2.963494,-0.729282,-6.957450,10.105247,-0.691521,0.000000,0.000000,0.000000,0.951143
63805.061984,-89092.554256,159172.093805,159455.597423,-222733.451038,397930.167744,0.000000,0.000000,0.000000,1.176513
22.422935,-9.364854,-17.696282,1.339297,-17.554301,-43.207243,0.000000,0.000000,0.000000,0.993908
19.449829,-3.187153,-0.471471,-2.742896,-3.843465,-1.898215,0.000000,0.000000,0.000000,0.999758
10.794848,-2.638425,-0.802588,2.288320,-0.626370,-3.095300,0.000000,0.000000,0.000000,0.883884
-2962.086949,-3326.059290,-196.386959,-7434.261970,-8335.649955,-491.009084,0.000000,0.000000,0.000000,0.822428
21.278281,9.149732,0.712111,-4.608701,-0.841574,0.288887,0.000000,0.000000,0.000000,1.046457
-31086.819612,5806.790623,549.316029,-77769.171480,14530.187690,1372.477812,0.000000,0.000000,0.000000,1.179048
19.133973,-19.158132,7.904193,-1.006236,-27.070081,24.774679,0.000000,0.000000,0.000000,0.964761
1083.496638,-541.248862,-258.536684,2650.817760,-1346.691983,-645.935455,0.000000,0.000000,0.000000,1.132106
706.109259,946.909323,3263.034104,1780.791478,2426.554581,8389.159146,0.000000,0.000000,0.000000,0.902754
-334.540710,996.054383,110.825388,-900.970475,2487.073213,276.100095,0.000000,0.000000,0.000000,0.897586
25.543430,9.271186,4.531594,1.805041,14.204254,11.993688,0.000000,0.000000,0.000000,1.012607
18066.683499,14716.242036,-3606.193297,45114.439948,36791.661358,-9014.630930,0.000000,0.000000,0.000000,0.892705
26.872631,13.083057,0.174163,-0.290739,0.071311,-0.450532,0.000000,0.000000,0.000000,1.048317
11.097431,-2.125669,0.531170,1.595738,0.548675,0.843803,0.000000,0.000000,0.000000,1.118778
19.862599,6.108776,-1.239446,-0.516380,5.354798,-4.802225,0.000000,0.000000,0.000000,1.016125
-338.626045,-1500.392599,-1703.699567,-899.335750,-3751.197157,-4259.645086,0.000000,0.000000,0.000000,1.104287
14.116241,-11.550379,-1.345670,0.487756,2.408743,-3.248641,0.000000,0.000000,0.000000,1.111704
-163256.725458,139658.184067,-8350.118334,-408198.120680,349147.380681,-20874.652123,0.000000,0.000000,0.000000,1.166465
844489.627861,9246.423124,-372954.134710,2111160.824860,23115.909238,-932384.255575,0.000000,0.000000,0.000000,0.907668
17.218598,-8.187483,0.933540,-2.056291,3.228516,0.712418,0.000000,0.000000,0.000000,1.121709
-884.327796,-851.104507,-58.940173,-2264.817643,-2129.268662,-146.140270,0.000000,0.000000,0.000000,0.865140
426.752349,-141.096998,213.882962,1020.773686,-329.065877,537.490759,0.000000,0.000000,0.000000,0.857302
27.855498,0.199685,-0.818736,4.347730,-0.811665,-3.160546,0.000000,0.000000,0.000000,1.029970
-132.203535,-1761.905546,1988.660306,-376.905505,-4396.240179,4970.749887,0.000000,0.000000,0.000000,1.134529
15596.620970,85445.837856,-47279.341888,38945.359955,213612.057069,-118197.873746,0.000000,0.000000,0.000000,1.051662
4060.897041,40.325394,3089.471210,10081.532112,100.140220,7724.536579,0.000000,0.000000,0.000000,1.081546
128224413.884936,-833889435.693384,-1034189776.629816,320560970.905640,-2084723586.520700,-2585474441.396380,0.000000,0.000000,0.000000,1.129093
27.701487,-9.803553,0.539496,1.892986,4.125904,1.097783,0.000000,0.000000,0.000000,1.117173
25.693984,-6.268820,2.220350,-6.662601,-5.391553,5.652686,0.000000,0.000000,0.000000,1.004589
216259.625446,-90936.948820,-82959.692218,540582.093384,-227330.534572,-207399.333491,0.000000,0.000000,0.000000,0.903321
17.725578,17.967069,23.177321,3.212410,55.664635,57.704848,0.000000,0.000000,0.000000,0.803210
13.616331,14.236091,-2.336876,-2.017071,2.134871,-5.660973,0.000000,0.000000,0.000000,0.868585
306.997208,-2878.081816,867.804570,719.879676,-7185.645367,2169.947296,0.000000,0.000000,0.000000,1.002621
11.869873,-7.091993,-0.353900,1.227219,-0.433397,-0.666952,0.000000,0.000000,0.000000,1.079506
27.762958,6.312473,2.801884,-6.948217,-3.712489,6.899787,0.000000,0.000000,0.000000,1.150887
19.114266,4.376170,-0.783402,0.045540,-0.067355,-1.298476,0.000000,0.000000,0.000000,0.992110
26.209336,6.851500,7.835743,19.190629,23.941023,19.952566,0.000000,0.000000,0.000000,0.965016
882.184164,-650.736794,308.341695,2163.777800,-1628.481646,773.053398,0.000000,0.000000,0.000000,0.886461
-513.795604,-1444.165520,-483.790639,-1330.633132,-3621.880801,-1212.995995,0.000000,0.000000,0.000000,1.117090
21.506978,10.685339,1.812388,-0.987602,4.324267,3.814366,0.000000,0.000000,0.000000,0.873952
20.751369,6.408072,0.622285,-1.916532,0.625329,0.760878,0.000000,0.000000,0.000000,0.876709
10.047265,0.343151,-3.857598,-18.203959,2.602156,-11.230344,0.000000,0.000000,0.000000,0.944259
9.083363,7.234656,-0.270655,0.268560,-0.970041,-0.351462,0.000000,0.000000,0.000000,1.197541
29.610023,-10.375531,14.458703,41.856878,-17.894187,35.899434,0.000000,0.000000,0.000000,0.969329
22.206853,3.813823,-2.875317,-14.951467,4.705264,-8.386929,0.000000,0.000000,0.000000,0.931600
5.587633,-1.710397,4.107410,-3.531744,10.067241,9.679114,0.000000,0.000000,0.000000,0.886262
29.259955,-23.511149,7.620205,27.106973,-24.318815,19.397065,0.000000,0.000000,0.000000,0.909000
60.634268,-1.907646,61.996550,102.390034,-5.964964,154.501964,0.000000,0.000000,0.000000,0.942965
25.796896,9.971213,0.677987,-1.117625,3.919102,1.121716,0.000000,0.000000,0.000000,0.819906
56.285158,-31.495050,-106.425144,91.644200,-53.432182,-265.317516,0.000000,0.000000,0.000000,1.195090
28.205494,9.496369,5.112541,9.878736,28.756513,12.875949,0.000000,0.000000,0.000000,0.979567
12.116995,-1.646413,9.194624,-29.595700,0.569232,22.747767,0.000000,0.000000,0.000000,0.919312
10.106400,-13.575835,-2.808253,-4.834282,-11.052411,-9.577634,0.000000,0.000000,0.000000,0.932492
14.206622,-9.140632,-0.054511,0.663851,0.027808,-0.744551,0.000000,0.000000,0.000000,1.017042
-67743.752917,-120018.082788,45605.936532,-169424.027039,-300047.175447,114013.792334,0.000000,0.000000,0.000000,0.967793
25.108810,3.052892,-0.883347,12.095340,13.649730,-1.586957,0.000000,0.000000,0.000000,1.037726
-239727.565964,-686354.263007,164232.763266,-599392.224926,-1715889.415887,410580.717804,0.000000,0.000000,0.000000,0.897974
-56.931640,15.866897,-32.746007,-225.251029,47.787926,-84.396722,0.000000,0.000000,0.000000,0.863685
13.041326,-9.560114,-0.389352,0.155847,-0.410152,-0.314312,0.000000,0.000000,0.000000,0.879242
24.817687,-10.117740,-0.582028,0.327074,0.088862,-0.474543,0.000000,0.000000,0.000000,0.879825
17.127898,-0.158920,-2.064236,0.379090,0.262849,-7.413336,0.000000,0.000000,0.000000,1.196461
3954.743883,-1257.999013,-352.643926,9833.143593,-3150.662594,-881.987001,0.000000,0.000000,0.000000,0.833566
-31586.510116,-5063.378462,-1948.234450,-80015.120771,-12815.192478,-4931.020851,0.000000,0.000000,0.000000,1.189773
13.350649,-13.968435,-5.056405,-4.196141,-25.452179,-10.267991,0.000000,0.000000,0.000000,1.121791
24.678164,-0.182188,-5.915577,-5.686798,2.098554,-15.600309,0.000000,0.000000,0.000000,0.882932
15.174119,9.118341,-12.454187,-5.866505,21.707143,-34.589806,0.000000,0.000000,0.000000,0.858811
18.353851,7.401678,1.636380,-6.901858,5.959756,4.416849,0.000000,0.000000,0.000000,1.145748
-12519024330.177862,-124834503265.878876,69801255731.757751,-31297560874.158531,-312086258160.444824,174503139330.404480,0.000000,0.000000,0.000000,1.176957
-0.013129,58.197876,13.690016,-30.588351,153.600662,33.959192,0.000000,0.000000,0.000000,0.823481
22.477256,-8.689600,-0.583874,-0.102198,6.490962,-1.864303,0.000000,0.000000,0.000000,1.062576
24.805155,12.191209,-0.429418,3.461262,5.129227,-1.985619,0.000000,0.000000,0.000000,1.120249
21.449468,11.330394,-0.062207,0.501633,1.631789,0.572180,0.000000,0.000000,0.000000,1.025032
-855051.175556,-522573.044556,173075.087310,-2137690.123912,-1306423.866979,432687.126863,0.000000,0.000000,0.000000,1.195124
22.343901,-7.500304,-12.475710,-4.877735,-13.488045,-30.348156,0.000000,0.000000,0.000000,0.999323
21.621216,-5.081449,5.854834,9.993096,20.153422,15.075970,0.000000,0.000000,0.000000,0.806351
-29234.609017,-29684.508533,-5465.412830,-73151.226299,-74193.632303,-13664.260719,0.000000,0.000000,0.000000,0.814451
-15.203327,-81.090608,42.530677,-110.377557,-185.275418,106.739994,0.000000,0.000000,0.000000,1.090365
9.689491,3.505547,-7.733928,-5.108449,-1.852019,-21.166784,0.000000,0.000000,0.000000,0.846291
19.815971,6.398850,5.713766,-8.912111,6.415117,14.218542,0.000000,0.000000,0.000000,1.171386
-14558.253784,10460.897353,-622.758689,-36640.497889,26271.298556,-1567.209729,0.000000,0.000000,0.000000,0.801445
189.612421,-15.751685,196.575660,433.843315,-31.755307,493.661335,0.000000,0.000000,0.000000,1.004728
13.669210,0.341870,-0.612141,-7.640302,-0.915240,-1.796305,0.000000,0.000000,0.000000,0.957529
-6.087535,-541.674386,-1079.100424,-64.244641,-1360.724746,-2696.891974,0.000000,0.000000,0.000000,0.839667
10817.015390,196099.486984,318942.183518,26993.591666,490246.929459,797355.641630,0.000000,0.000000,0.000000,0.886175
20.296930,-2.755723,-2.470107,8.366388,4.155036,-6.484728,0.000000,0.000000,0.000000,1.127776
110125.691128,97172.452195,-69419.347992,275286.021190,242905.327603,-173547.451052,0.000000,0.000000,0.000000,0.942264
10.379648,-0.855164,0.093679,1.333919,-0.123399,0.264110,0.000000,0.000000,0.000000,0.908114
2012.413241,-2833.023457,5632.034478,4989.254690,-7096.932966,14080.689223,0.000000,0.000000,0.000000,0.813906
9.840388,3.667194,-3.726605,-24.524781,15.165115,-8.326008,0.000000,0.000000,0.000000,0.824164
11.078191,-7.155997,-0.077247,0.292032,-1.997085,1.098896,0.000000,0.000000,0.000000,0.872297
22.733093,5.986171,-0.134356,2.005923,-0.034479,-0.080070,0.000000,0.000000,0.000000,0.836343
-154.933938,1124.783336,-1621.664414,-429.118197,2813.208353,-4053.137483,0.000000,0.000000,0.000000,0.947381
24.926179,9.015647,-0.625009,1.857837,0.667101,-2.014934,0.000000,0.000000,0.000000,0.923338
-9.799238,95.301385,99.035400,-43.197093,221.525548,246.342589,0.000000,0.000000,0.000000,0.916584
28.440400,-28.233076,9.356252,38.884183,-63.001069,27.927206,0.000000,0.000000,0.000000,0.956938
17.201777,-7.722512,-0.307808,2.406853,-1.881567,-0.561351,0.000000,0.000000,0.000000,1.156898
16.769052,9.174263,-4.309267,3.701808,0.109492,-9.822023,0.000000,0.000000,0.000000,1.004058
6.437707,-1.027559,7.447668,-24.560668,-8.545749,17.489513,0.000000,0.000000,0.000000,1.084822
11491.487355,5538.825541,-28742.961801,28689.418303,13854.031226,-71858.149205,0.000000,0.000000,0.000000,1.070284
23.476701,4.985146,0.031835,-0.003581,0.162451,-0.292235,0.000000,0.000000,0.000000,1.096838
23.545796,-0.755669,-16.990977,25.411123,11.290335,-43.751088,0.000000,0.000000,0.000000,0.873530
12.802345,-8.020257,-2.358504,2.030857,-10.759771,-5.829477,0.000000,0.000000,0.000000,0.922016
23.543168,11.779967,-0.420855,1.025351,0.617681,-1.315080,0.000000,0.000000,0.000000,0.944205
12411.446703,26995.088255,28670.604301,31156.228006,67833.094365,72037.339669,0.000000,0.000000,0.000000,0.969357
351243.806164,1523215.588544,2260504.432365,878065.363980,3808036.847974,5651260.210081,0.000000,0.000000,0.000000,0.992513
16.393653,-10.811192,-20.080056,4.589692,-30.768222,-50.006800,0.000000,0.000000,0.000000,0.848419
-484666.925047,-42195.263949,132223.999613,-1211719.527247,-105451.046577,330559.438809,0.000000,0.000000,0.000000,0.860345
11.219441,14.260813,-7.736204,-6.065827,3.355146,-19.392857,0.000000,0.000000,0.000000,1.084198
22.029295,-13.077710,4.964845,34.225968,-7.065351,15.797084,0.000000,0.000000,0.000000,0.808275
28.357240,6.337829,-0.217868,-1.486261,-0.231138,-0.378663,0.000000,0.000000,0.000000,0.931321
28.273717,-10.820212,-0.363918,-0.539690,0.100006,-0.610051,0.000000,0.000000,0.000000,0.847679
1.828975,-7.306510,-9.168784,-15.669102,-8.902674,-23.108251,0.000000,0.000000,0.000000,1.069603
12.489371,0.257643,1.662901,-6.040701,8.050662,0.683456,0.000000,0.000000,0.000000,0.861356
9.255220,5.033009,0.051691,-1.156170,1.183523,0.546351,0.000000,0.000000,0.000000,1.156015
15.331793,-11.223652,-3.675848,4.659437,-27.101223,-9.702527,0.000000,0.000000,0.000000,1.164483
181.947373,189.462956,-345.472093,414.294109,485.046266,-867.557418,0.000000,0.000000,0.000000,0.985132
10.503684,8.592192,-1.411517,-2.379333,-2.039263,-3.839260,0.000000,0.000000,0.000000,0.920192
28.875534,-5.006484,3.759224,-0.231307,-7.891864,5.886763,0.000000,0.000000,0.000000,1.039670
10.637624,-2.943903,-2.177105,-2.930004,-0.329353,-5.051693,0.000000,0.000000,0.000000,1.191544
2.737715,-7.805215,-7.524899,-37.249110,12.412931,-18.445812,0.000000,0.000000,0.000000,0.931642
-385.301070,-8978.061827,-4484.133724,-1012.351270,-22442.845068,-11209.121935,0.000000,0.000000,0.000000,0.883217
14.380766,1.532340,1.346018,0.715325,-10.432207,2.304700,0.000000,0.000000,0.000000,0.842383
319.793362,167.643862,26.738337,791.441325,423.210001,67.994519,0.000000,0.000000,0.000000,0.842656
17.917196,-1.619934,5.699735,7.208176,4.017276,18.518694,0.000000,0.000000,0.000000,0.978410
16.921229,-14.194074,7.401290,-7.197119,-27.918822,18.757488,0.000000,0.000000,0.000000,0.890721
12.612865,6.411515,1.001723,4.681697,16.100356,2.578527,0.000000,0.000000,0.000000,0.967262
41.897862,13.639101,9.466200,62.021858,20.783140,32.243037,0.000000,0.000000,0.000000,0.871048
17.072038,-10.661525,-6.196300,-5.422155,-20.623642,-14.903697,0.000000,0.000000,0.000000,1.182573
98.374996,122.847403,-18.037324,191.767776,307.968618,-45.995890,0.000000,0.000000,0.000000,1.100934
266.954953,-32.742996,115.552917,624.569216,-100.317124,287.777355,0.000000,0.000000,0.000000,1.140723
31.291056,-4.799284,1.230454,0.300594,2.292064,2.102081,0.000000,0.000000,0.000000,1.060528
-13165.076413,-81103.390484,42369.835424,-32958.810095,-202760.587122,105924.825625,0.000000,0.000000,0.000000,1.107152
-1599871.598311,-940736.280590,271587.357517,-3999727.604459,-2351836.060913,678968.818731,0.000000,0.000000,0.000000,0.876661
7.701932,-5.057711,0.314095,0.283724,0.417205,0.259526,0.000000,0.000000,0.000000,1.030936
18.041114,3.813243,-0.758534,-1.234402,-0.022751,-0.716238,0.000000,0.000000,0.000000,1.121565
8.761494,17.609369,-9.539129,-28.203977,51.357167,-22.915115,0.000000,0.000000,0.000000,1.000221
693348581975.550537,-70277599624.029465,-10368128785.699024,1733371454888.488770,-175693999058.700500,-25920321963.852570,0.000000,0.000000,0.000000,1.156248
-128.188602,-135.293934,92.290388,-377.155736,-337.769118,230.108447,0.000000,0.000000,0.000000,1.134824
235205.390691,673244.128949,-161094.399104,587940.029965,1683106.172542,-402737.094450,0.000000,0.000000,0.000000,0.915465
18.959350,-19.054420,-12.289090,1.935940,-13.764021,-30.074375,0.000000,0.000000,0.000000,0.857303
14.760339,-12.659113,-0.467453,0.250414,-0.618639,-1.131566,0.000000,0.000000,0.000000,1.154023
5.518189,-10.419572,-29.947505,-12.138113,-15.279150,-73.697472,0.000000,0.000000,0.000000,1.172900
28.236699,7.111728,-0.504969,-0.080221,0.414290,-0.376740,0.000000,0.000000,0.000000,0.910688
16.450157,12.611844,0.043389,0.493203,-1.576103,-0.752187,0.000000,0.000000,0.000000,0.964605
30.406456,-3.426393,-3.919472,1.142456,-0.880527,-8.888958,0.000000,0.000000,0.000000,0.992010
13.824000,-1.426118,3.097370,7.028706,-13.728373,7.587463,0.000000,0.000000,0.000000,0.811978
59.977610,65.762467,-10.358815,109.749422,144.838142,-25.676922,0.000000,0.000000,0.000000,0.988590
14.118415,-10.178066,-0.443593,0.120922,-0.047843,-0.294742,0.000000,0.000000,0.000000,1.141112
-654.938639,-241.486661,329.472034,-1684.817952,-604.737704,822.811426,0.000000,0.000000,0.000000,0.830858
11.157457,-9.192641,3.668496,-10.651561,-6.999384,9.388364,0.000000,0.000000,0.000000,0.882321
31.448065,-8.172840,-0.074583,0.256981,0.072469,-0.682056,0.000000,0.000000,0.000000,1.003544
333.059217,927.150275,438.967828,779.626178,2314.701733,1096.534022,0.000000,0.000000,0.000000,1.090557
-10977.623562,-5312.059870,27535.560511,-27483.159785,-13273.086100,68837.657624,0.000000,0.000000,0.000000,1.117236
31.294726,-4.351773,-0.339363,-0.919872,0.206444,0.218938,0.000000,0.000000,0.000000,0.921839
15.314090,-8.727318,-1.452860,0.404086,0.697899,-2.485423,0.000000,0.000000,0.000000,1.064942
6.067380,-9.418505,-0.583142,-9.949582,-7.794587,-2.489556,0.000000,0.000000,0.000000,1.190728
37492.495954,-7000.836430,-658.354613,93678.585625,-17488.780582,-1646.689407,0.000000,0.000000,0.000000,0.978843
23.855487,-7.977808,-3.904851,2.583870,0.332039,-9.197735,0.000000,0.000000,0.000000,0.826292
-1005.513226,519.096300,258.644363,-2571.042476,1303.843549,646.914638,0.000000,0.000000,0.000000,1.161362
-17120.931414,-5793.860755,5142.579818,-42843.656867,-14482.832398,12856.749111,0.000000,0.000000,0.000000,1.090252
5.526452,8.060186,-14.861492,-11.836100,17.178852,-36.749408,0.000000,0.000000,0.000000,1.169779
13703067634.391804,136641334410.156982,-76403057211.147659,34257669037.252628,341603336029.518066,-191007643026.785034,0.000000,0.000000,0.000000,1.075259
33.405638,-6.379659,-0.138647,0.047245,0.426545,-0.391231,0.000000,0.000000,0.000000,0.824259
31.578581,9.348401,-5.872239,17.470617,13.001371,-17.945618,0.000000,0.000000,0.000000,0.962516
1586.408651,510.420352,-3344.842779,3916.839171,1274.398056,-8360.950514,0.000000,0.000000,0.000000,1.199109
6.960117,-6.657323,-4.119078,-0.696293,-0.621062,-10.122081,0.000000,0.000000,0.000000,0.923813
-82.481577,172.373440,-99.487483,-234.206613,415.624207,-250.807897,0.000000,0.000000,0.000000,1.146033
8.401511,-5.005757,-2.852758,-2.807368,0.604248,-8.021251,0.000000,0.000000,0.000000,0.909728
484.139717,-108.696699,1165.273013,1155.073238,-271.252267,2913.292091,0.000000,0.000000,0.000000,0.994752
33.060395,-8.293556,0.950841,22.270974,-9.897916,1.310388,0.000000,0.000000,0.000000,1.092672
24.475197,-12.007532,0.183013,0.537275,0.018502,-0.570649,0.000000,0.000000,0.000000,0.917199
19.976538,9.955507,-1.559235,-5.435083,-2.356193,-5.256098,0.000000,0.000000,0.000000,0.970720
17.714042,-8.997580,0.709286,-4.018130,-7.160840,4.195921,0.000000,0.000000,0.000000,1.009326
262.434879,51.992252,-78.256504,634.388192,143.591305,-196.372290,0.000000,0.000000,0.000000,0.820667
15.543587,7.085829,-3.816882,-3.804376,18.666404,-9.125815,0.000000,0.000000,0.000000,1.157497
17.436138,7.083745,0.000396,-2.785560,0.503153,-0.980780,0.000000,0.000000,0.000000,1.095574
5.470311,-7.995409,18.820704,-32.644759,-18.323923,48.690248,0.000000,0.000000,0.000000,0.984745
-247.460697,50.271585,-125.134432,-660.708352,107.119379,-313.625066,0.000000,0.000000,0.000000,1.051727
-8.803983,1.230940,2.866423,-48.903426,2.035168,8.570664,0.000000,0.000000,0.000000,1.135512
14654.756465,-30921.816915,-33473.792439,36594.053978,-77310.454033,-83684.694596,0.000000,0.000000,0.000000,0.965913
24.531075,1.420289,4.545343,-4.949781,-12.408768,16.188773,0.000000,0.000000,0.000000,0.878008
69.329628,178.367608,-81.657395,130.276079,430.321751,-203.965231,0.000000,0.000000,0.000000,0.923908
3.614007,4.520934,-18.869427,-13.139148,11.172355,-52.439791,0.000000,0.000000,0.000000,0.969764
0.100516,11.234068,-48.124486,-45.961061,32.370104,-122.353177,0.000000,0.000000,0.000000,0.944591
23.380692,-15.500382,-2.647845,-1.098226,-24.290742,-8.132634,0.000000,0.000000,0.000000,0.809814
18.405029,-8.678172,4.307334,-2.332566,-0.431929,18.462292,0.000000,0.000000,0.000000,1.155113
18.690434,-13.971694,4.000357,-11.745622,-6.314946,10.739496,0.000000,0.000000,0.000000,1.029983
19.952194,-6.834738,4.055164,2.852590,1.572753,10.176169,0.000000,0.000000,0.000000,0.835258
-5.042528,157.582779,31.612172,-34.280505,382.911729,80.633611,0.000000,0.000000,0.000000,1.066468
20.011077,-1.093671,4.265535,12.181141,10.919951,9.718806,0.000000,0.000000,0.000000,1.169296
30929.751812,27063.316737,10984.742010,77272.351992,67652.847336,27461.291268,0.000000,0.000000,0.000000,1.119005
13.630781,6.827032,-0.682830,-1.112738,-2.571430,-1.284945,0.000000,0.000000,0.000000,1.038952
22.440833,-14.007898,0.023071,0.554767,-0.035250,-1.309210,0.000000,0.000000,0.000000,1.176150
-410.891089,12399.393063,3934.191204,-1065.324788,30972.418774,9835.710111,0.000000,0.000000,0.000000,0.902790
65.620056,-90.480242,63.159532,109.747084,-228.597346,158.685585,0.000000,0.000000,0.000000,1.051618
-1579.620447,8174.202032,3633.672111,-3993.094120,20432.828954,9083.064577,0.000000,0.000000,0.000000,0.905255
32.811947,-0.366724,0.170345,0.325558,0.380971,-0.653479,0.000000,0.000000,0.000000,0.893379
9.750802,-4.151708,-0.394043,0.219458,-0.316683,-0.532018,0.000000,0.000000,0.000000,1.000914
7418.103773,-1517.497624,-3727.087385,18492.142902,-3797.635463,-9317.406543,0.000000,0.000000,0.000000,0.982572
17.814724,5.400180,-1.515426,-1.890799,1.567677,-3.749953,0.000000,0.000000,0.000000,1.056024
17.473205,1.906296,-0.671900,-0.212942,-0.606861,-0.571551,0.000000,0.000000,0.000000,0.809312
1274697.777680,-327248.436237,-1239923.759898,3186695.381446,-818123.746717,-3099809.263209,0.000000,0.000000,0.000000,1.158956
16.329035,3.078418,1.569312,0.289124,7.924923,3.670957,0.000000,0.000000,0.000000,1.156830
28.865408,-5.347903,-0.345885,1.561115,0.937057,0.271781,0.000000,0.000000,0.000000,0.873434
22.071365,-15.215343,0.272868,-1.389387,-5.680552,0.214299,0.000000,0.000000,0.000000,1.153578
9.498980,-19.959682,0.572360,-8.330992,-29.208412,0.529004,0.000000,0.000000,0.000000,0.970115
22.843136,-8.373217,0.071894,0.631582,1.490381,0.413595,0.000000,0.000000,0.000000,0.894150
14.517243,8.930505,0.205495,2.738122,0.633043,-0.128003,0.000000,0.000000,0.000000,1.177652
13.657717,6.283620,13.833183,-10.833822,17.645501,34.776727,0.000000,0.000000,0.000000,1.171372
33.628890,0.553976,0.138912,-0.120755,0.407740,-0.639868,0.000000,0.000000,0.000000,1.036042
12.826391,4.146691,-0.967110,-1.971188,-3.607089,-1.602593,0.000000,0.000000,0.000000,0.920117
7.271335,1.140343,-0.640842,-0.128064,-0.045535,-0.631910,0.000000,0.000000,0.000000,1.041553
73.832569,-6.227204,12.145619,134.575492,-11.317049,35.634587,0.000000,0.000000,0.000000,0.852513
21.452826,-3.728017,-1.782796,2.654595,-3.271856,-3.649186,0.000000,0.000000,0.000000,1.121206
21.416960,-11.131843,-2.975966,-4.879327,1.456898,-8.753365,0.000000,0.000000,0.000000,1.015589
21.565103,-8.967811,8.437814,4.078586,-5.478332,22.717346,0.000000,0.000000,0.000000,0.852184
-28293092.305870,1679390.394556,28384932.962624,-70732776.614017,4198496.199784,70962333.015020,0.000000,0.000000,0.000000,1.041386
32.320305,-4.693648,-1.329901,2.881167,3.735538,-3.666262,0.000000,0.000000,0.000000,0.842234
1135275.075379,900663.328666,307826.590115,2838130.815317,2251634.850561,769566.544220,0.000000,0.000000,0.000000,0.891092
34.933289,10.084491,-2.111863,9.334117,5.416039,-5.521393,0.000000,0.000000,0.000000,1.156470
32.024526,-7.571326,-0.480112,0.200564,0.127068,-0.148756,0.000000,0.000000,0.000000,0.940498
-4.859892,5.999843,-24.002624,-57.281792,14.280021,-59.383137,0.000000,0.000000,0.000000,1.099871
33.800350,-1.837269,-0.439005,0.369662,0.281247,-0.445802,0.000000,0.000000,0.000000,0.935047
-145904.218216,-171033.560032,60854.368409,-364814.659373,-427606.705218,152136.718683,0.000000,0.000000,0.000000,1.082900
26.296404,12.018569,1.141134,6.027043,2.897247,13.342056,0.000000,0.000000,0.000000,1.048884
32.013583,6.947217,-1.174950,3.058771,0.849252,-5.124711,0.000000,0.000000,0.000000,1.160611
6.105419,-23.746543,-16.372009,-24.868151,-49.032203,-46.941144,0.000000,0.000000,0.000000,0.880410
21.588569,-16.555255,3.049390,3.657731,-5.183763,8.127501,0.000000,0.000000,0.000000,1.082227
33.463657,-3.027887,-1.134808,-0.798848,-0.308612,-1.606732,0.000000,0.000000,0.000000,0.888692
-858.536359,99.146753,1934.707536,-2197.599750,246.392863,4836.203127,0.000000,0.000000,0.000000,0.839384
18.914756,9.684540,-0.657583,-0.552092,-0.483785,-0.338858,0.000000,0.000000,0.000000,1.170744
26.947115,1.599249,-0.538423,-0.687340,0.628493,-0.987604,0.000000,0.000000,0.000000,1.082462
2758.154814,-1636.954152,3924.694411,6844.110840,-4091.380304,9810.756294,0.000000,0.000000,0.000000,1.158045
-406.803959,-152.362692,-156.349731,-1072.029196,-388.207478,-394.550400,0.000000,0.000000,0.000000,0.914463
24.526685,-3.810162,-2.628669,-0.369561,-2.546458,-5.610361,0.000000,0.000000,0.000000,0.975595
7.110521,81.247873,-176.386056,-58.217796,220.669463,-442.557932,0.000000,0.000000,0.000000,1.006657
2270.352662,-954.893850,311.003631,5626.487316,-2383.466064,778.490870,0.000000,0.000000,0.000000,0.863205
25.214995,1.571124,-0.498911,-0.286549,1.620236,-0.078766,0.000000,0.000000,0.000000,1.032604
18.353312,-0.903200,-0.360833,-0.367894,-7.225597,-1.673328,0.000000,0.000000,0.000000,1.136900
-603.090118,1187.758966,770.887095,-1560.228608,2968.099292,1926.067791,0.000000,0.000000,0.000000,1.181825
63.541413,-490.610440,694.115262,106.144383,-1226.626330,1734.123918,0.000000,0.000000,0.000000,1.109992
15.045023,-9.446259,0.749722,-0.202031,-0.546758,1.332049,0.000000,0.000000,0.000000,1.163210
27.202254,-11.253621,0.097365,0.398388,-0.122744,-0.686169,0.000000,0.000000,0.000000,0.924382
40.715414,-10.488310,13.623563,63.815464,-3.229218,40.844137,0.000000,0.000000,0.000000,0.973842
27.071132,-6.935765,4.643199,15.936598,-11.034153,12.952566,0.000000,0.000000,0.000000,1.174824
-2425.946782,675.886874,465.077174,-6114.455941,1690.952379,1163.092331,0.000000,0.000000,0.000000,0.819035
1617.943700,4464.633361,-2744.806949,4024.000592,11149.829573,-6862.154691,0.000000,0.000000,0.000000,0.849943
4.130566,4.813053,4.743208,-38.223953,13.078642,12.807861,0.000000,0.000000,0.000000,0.976608
30.445941,19.895000,4.482596,13.911945,53.831855,12.093156,0.000000,0.000000,0.000000,1.013698
12.669674,-4.059758,-0.318195,-16.445695,7.337372,-1.254834,0.000000,0.000000,0.000000,1.067462
24.085014,-3.187135,-1.302092,0.098009,4.685216,-4.215712,0.000000,0.000000,0.000000,1.114062
14.047373,9.538067,-0.535303,-1.354028,0.743816,-1.489751,0.000000,0.000000,0.000000,1.066148
29.835675,-5.522461,4.585339,4.986257,-10.590703,13.303941,0.000000,0.000000,0.000000,0.817497
-958.322666,10.449228,-749.781845,-2472.386638,22.000881,-1882.982902,0.000000,0.000000,0.000000,0.983076
11.676806,-2.804708,26.723305,-16.594377,-15.145659,59.030114,0.000000,0.000000,0.000000,1.197002
32.918969,9.408407,1.438955,9.039051,-1.312974,5.509637,0.000000,0.000000,0.000000,0.942361
31.617989,-3.439945,-0.550283,0.094831,0.370310,-0.533245,0.000000,0.000000,0.000000,1.104817
20.748740,6.447984,1.958947,-1.251685,8.818403,6.356655,0.000000,0.000000,0.000000,1.156099
14.886800,2.908592,-0.519346,-0.262629,-0.295954,-0.485949,0.000000,0.000000,0.000000,0.836249
40.252010,0.640439,9.320914,37.428174,-17.278709,31.324464,0.000000,0.000000,0.000000,0.906427
18.376629,-0.664767,1.253853,6.385180,-0.476525,3.825027,0.000000,0.000000,0.000000,0.936325
33.600391,-0.797391,2.844892,19.287014,2.602540,9.012920,0.000000,0.000000,0.000000,0.962051
13.728891,-5.327669,-2.692341,-14.393537,-7.713766,-6.195452,0.000000,0.000000,0.000000,1.075549
28.211637,9.097141,-0.928675,2.570813,0.766709,-2.174996,0.000000,0.000000,0.000000,1.034069
-19187.314603,-4701.766867,-6640.176736,-48991.592257,-12001.991270,-16939.885179,0.000000,0.000000,0.000000,1.176354
25.386846,-5.421216,-4.373746,27.715311,-2.537508,-11.465821,0.000000,0.000000,0.000000,1.024877
25.067952,4.859935,-1.528104,-3.031921,4.298726,-5.804048,0.000000,0.000000,0.000000,0.982953
23.591682,-3.934994,-2.663198,4.096033,3.900336,-5.616755,0.000000,0.000000,0.000000,1.150424
12.148224,-9.771643,-0.762089,0.438305,-1.287699,-1.190268,0.000000,0.000000,0.000000,1.126163
-4434.359138,96.794832,4060.919348,-11133.044899,250.925044,10152.500119,0.000000,0.000000,0.000000,0.844411
1579.631161,3069.939856,-1234.730942,3938.330988,7804.758892,-3125.385427,0.000000,0.000000,0.000000,1.036014
23.012632,-22.144361,6.630161,0.142177,-48.315832,19.032762,0.000000,0.000000,0.000000,1.043285
25.308825,41.972744,-97.845385,8.427753,107.167927,-244.462900,0.000000,0.000000,0.000000,0.988348
174.480463,230.135701,136.446574,380.133620,571.842087,340.591555,0.000000,0.000000,0.000000,1.014765
33.563865,3.072344,0.493973,2.912490,-1.935420,1.329933,0.000000,0.000000,0.000000,1.127865
623.829306,-117.121698,-287.748298,1496.231144,-312.010700,-725.124642,0.000000,0.000000,0.000000,0.837587
14.470855,14.218813,0.183072,-10.633570,32.106829,0.431317,0.000000,0.000000,0.000000,1.198040
-13642.704159,-30210.258355,-31833.411676,-34306.302070,-75898.577134,-79982.426706,0.000000,0.000000,0.000000,0.872062
10.046558,-2.096272,-4.658184,-14.946328,7.945474,-13.721682,0.000000,0.000000,0.000000,0.835567
28.079487,16.747409,5.705526,0.500480,9.973407,13.408681,0.000000,0.000000,0.000000,1.050494
6.288323,1.409031,-0.779328,0.170740,-2.882643,-1.081641,0.000000,0.000000,0.000000,0.896114
18.512769,-15.581222,3.120398,1.655787,-6.419657,6.921896,0.000000,0.000000,0.000000,1.006687
16.252145,-7.957887,-3.696517,0.406561,-13.415704,-10.880456,0.000000,0.000000,0.000000,1.052623
7.766501,-2.037653,5.378257,-24.398406,-7.467863,16.624061,0.000000,0.000000,0.000000,0.972416
20.445252,-1.394433,1.459964,0.022882,-8.183043,4.906929,0.000000,0.000000,0.000000,0.927088
7.930819,-6.815462,-2.034672,-9.324964,1.392706,-8.243107,0.000000,0.000000,0.000000,1.063849
-59277.345495,24364.785594,24924.823644,-148266.222299,60915.941532,62311.997487,0.000000,0.000000,0.000000,0.814390
28.502393,-2.835264,-1.184713,0.774973,-0.133912,-2.630740,0.000000,0.000000,0.000000,1.084872
8.825064,-2.119880,-0.147077,-1.529230,-2.038598,-0.434391,0.000000,0.000000,0.000000,1.102768
28.911137,10.108679,-0.464010,-0.435956,-0.009953,-0.613131,0.000000,0.000000,0.000000,0.823580
32.626607,2.312152,1.887216,2.135735,-8.054951,7.039459,0.000000,0.000000,0.000000,1.162363
235.224314,773.143868,-112.696342,534.676350,1934.681568,-282.844418,0.000000,0.000000,0.000000,0.821384
11.797212,-6.991660,-3.117267,-6.098266,-5.145172,-11.589669,0.000000,0.000000,0.000000,0.876243
-148.931628,-255.114465,-153.474480,-427.994593,-640.681447,-383.853191,0.000000,0.000000,0.000000,0.903588
21.126577,-13.096587,0.375822,2.576572,0.092840,1.221370,0.000000,0.000000,0.000000,0.992565
20.467906,3.065269,5.958111,-1.405694,0.914139,14.120785,0.000000,0.000000,0.000000,1.050501
-2413.663635,-2194.195433,-1478.583412,-6085.681977,-5517.687981,-3697.262737,0.000000,0.000000,0.000000,1.126806
18.505274,-12.894685,9.889546,-13.904988,-37.175448,24.780284,0.000000,0.000000,0.000000,0.896502
162238.119297,190156.141701,-67653.413763,405540.895445,475367.210400,-169132.616235,0.000000,0.000000,0.000000,0.974140
-4776.949495,358.588773,-3716.033080,-12131.871784,905.644167,-9383.659562,0.000000,0.000000,0.000000,0.913226
13234392.487647,-9953050.265621,-29916728.028506,33085919.152999,-24882629.847586,-74791820.454133,0.000000,0.000000,0.000000,0.945531
27.629096,-7.635087,-0.594993,0.452061,-0.450395,-1.118796,0.000000,0.000000,0.000000,1.186926
-4502.673512,-42.306703,-3479.855796,-11326.890577,-106.435106,-8698.394412,0.000000,0.000000,0.000000,0.962127
31.518833,-9.158044,-1.282444,17.383567,4.576623,-3.987455,0.000000,0.000000,0.000000,1.140163
14.801844,-1.824551,1.855299,1.102420,-8.684562,2.407815,0.000000,0.000000,0.000000,1.033141
25.169367,-6.926803,-0.199073,0.664105,0.442875,-0.645333,0.000000,0.000000,0.000000,1.136733
-316.003564,188.028781,163.819998,-834.326602,456.480595,415.217086,0.000000,0.000000,0.000000,1.114637
25.868508,-0.659103,-0.998620,4.699909,5.648203,-3.612604,0.000000,0.000000,0.000000,1.038443
32.556143,-5.317665,-0.312350,0.455795,0.275268,-0.223341,0.000000,0.000000,0.000000,1.193953
28.621548,-7.686151,-1.442349,-0.551875,0.465519,-2.524565,0.000000,0.000000,0.000000,1.192625
6.064148,9.968681,-2.775495,-3.627010,5.181711,-6.314723,0.000000,0.000000,0.000000,1.026543
24.261408,4.769941,-14.614204,12.774906,15.955643,-37.438868,0.000000,0.000000,0.000000,0.977905
5.779049,-6.792679,3.411815,-13.951077,12.589238,8.513450,0.000000,0.000000,0.000000,1.157193
23.510077,9.202768,0.793427,-6.446146,2.620032,1.073346,0.000000,0.000000,0.000000,0.958091
32.027380,6.659432,7.977715,3.075661,8.124245,19.877629,0.000000,0.000000,0.000000,1.187200
17.188077,4.857769,-0.744436,5.330335,9.453383,-1.979531,0.000000,0.000000,0.000000,0.955924
28.041775,-8.453706,-0.476259,1.687775,-1.052548,-1.385660,0.000000,0.000000,0.000000,1.177776
26.169693,10.931699,0.044535,-0.546515,0.141663,-0.593257,0.000000,0.000000,0.000000,0.943368
18.450036,6.957581,-2.349213,4.511928,-7.328289,-7.392617,0.000000,0.000000,0.000000,0.827079
445.530184,-12836.550519,-4100.987254,1075.709167,-32116.872454,-10252.055860,0.000000,0.000000,0.000000,0.870387
33.859124,3.601576,-0.404773,1.619154,0.866344,-2.411506,0.000000,0.000000,0.000000,0.918610
16.142427,-14.426662,-0.555265,0.511215,-0.821516,-0.828773,0.000000,0.000000,0.000000,0.903879
20.183603,3.291908,7.133179,-2.403848,-3.336952,17.230025,0.000000,0.000000,0.000000,0.895362
-502.046672,269.502867,-359.808116,-1304.893734,677.591923,-901.111692,0.000000,0.000000,0.000000,0.889664
5.569877,-0.929017,0.150005,-0.342879,0.111747,-0.335601,0.000000,0.000000,0.000000,0.968999
12.871035,-10.558682,-0.074789,0.611473,0.200838,-0.923991,0.000000,0.000000,0.000000,1.013257
1342.888567,-1776.567711,-5350.940879,3271.182516,-4444.702569,-13377.439328,0.000000,0.000000,0.000000,0.821278
70.474400,-121.323851,78.984720,99.633611,-309.149401,196.367065,0.000000,0.000000,0.000000,0.988740
-3.114011,-27.278715,-67.498102,-28.728734,-53.955689,-168.229462,0.000000,0.000000,0.000000,0.961047
10.143876,9.392859,-0.967098,0.760732,2.337828,-2.499097,0.000000,0.000000,0.000000,1.172275
1305490.520910,782690.584124,-219057.013232,3263677.357316,1956730.902922,-547642.051213,0.000000,0.000000,0.000000,1.068235
28.661683,-9.555507,0.068463,2.230301,-0.122090,0.891227,0.000000,0.000000,0.000000,1.141943
25.961302,-6.047639,0.864728,8.775859,-1.180881,1.307359,0.000000,0.000000,0.000000,1.138489
38.095412,24.531341,36.298854,61.852062,77.009401,90.361509,0.000000,0.000000,0.000000,0.949375
23.129510,-0.470367,-6.491630,-16.985767,12.232651,-16.551248,0.000000,0.000000,0.000000,0.845823
21.479627,-12.347762,-0.027780,1.881465,0.478798,-0.983021,0.000000,0.000000,0.000000,0.914110
11.217380,-1.808916,2.991544,-2.098817,-1.931984,7.550882,0.000000,0.000000,0.000000,1.062392
17.004910,-10.552579,-0.723302,-8.910033,-8.856239,-2.154557,0.000000,0.000000,0.000000,1.046150
14.195919,5.111990,-0.609435,2.136127,-1.866554,-1.004637,0.000000,0.000000,0.000000,1.146327
16.763713,1.665732,18.444149,70.709564,-24.258252,21.306879,0.000000,0.000000,0.000000,0.944161
8.287395,-9.938416,-1.396415,0.516127,-6.097155,-5.201455,0.000000,0.000000,0.000000,0.928885
14.590878,3.294904,-11.360969,-10.271210,-5.324729,-29.269418,0.000000,0.000000,0.000000,1.154002
33.841852,-5.469423,0.170866,-0.123143,0.028203,-0.649176,0.000000,0.000000,0.000000,0.901690
17.902632,-0.601709,3.304578,6.701747,-3.677657,7.498067,0.000000,0.000000,0.000000,1.061761
28.630821,7.054889,0.240449,-0.764711,-0.236776,-0.436821,0.000000,0.000000,0.000000,0.981113
115348.622437,252935.729862,-122597.063760,288340.381031,632353.579903,-306493.180471,0.000000,0.000000,0.000000,1.003691
26.080557,4.290268,16.497497,-2.839067,1.126574,40.781178,0.000000,0.000000,0.000000,0.854357
21.388426,-13.619611,-1.194809,1.840341,-1.055318,-2.879834,0.000000,0.000000,0.000000,1.171669
30.907797,17.486086,24.642991,0.484383,51.313390,62.326723,0.000000,0.000000,0.000000,0.809294
40.768627,-119.808624,203.659317,53.707179,-300.555042,511.208540,0.000000,0.000000,0.000000,1.177510
27.878706,1.470220,-0.382949,2.630359,4.456826,-0.266062,0.000000,0.000000,0.000000,0.938571
58807.205088,82020.585943,186809.166887,146969.091511,205048.557448,467022.376097,0.000000,0.000000,0.000000,0.965873
-391.707706,1106.940474,5742.032339,-1025.343581,2765.117565,14354.687982,0.000000,0.000000,0.000000,0.806254
12.781120,8.896660,1.516149,5.007182,-5.854908,2.325168,0.000000,0.000000,0.000000,1.197061
-12244446952.363035,-7469310321.162792,3937432553.346143,-30842435708.055649,-18814383685.885807,9917966132.451275,0.000000,0.000000,0.000000,0.972570
24.546247,-2.528297,-2.439485,2.606684,-0.957961,-5.972753,0.000000,0.000000,0.000000,1.066617
-886.879032,-2272.951812,455.237835,-2254.654099,-5727.671891,1142.276834,0.000000,0.000000,0.000000,0.827217
923.502599,325.997535,207.444265,2268.321822,779.490075,518.086734,0.000000,0.000000,0.000000,0.931572
64907.219894,113461.073638,-43543.857494,162203.178876,283650.315203,-108860.540568,0.000000,0.000000,0.000000,1.015864
24.447190,10.004734,0.490510,0.034417,2.388850,0.672868,0.000000,0.000000,0.000000,0.865683
2.746297,78.800910,60.366131,-32.100441,192.494123,151.221717,0.000000,0.000000,0.000000,0.964410
11.608983,-14.060836,-19.683149,-11.479915,-24.848225,-49.062959,0.000000,0.000000,0.000000,0.921414
32.492117,-4.830347,4.939497,24.975103,-11.468937,12.296353,0.000000,0.000000,0.000000,1.165302
11.570245,-14.356667,7.889678,-14.176154,-14.991031,18.729525,0.000000,0.000000,0.000000,1.147375
26.570401,4.590284,0.025006,-0.346827,0.179616,-0.603076,0.000000,0.000000,0.000000,0.905243
19.569224,6.669049,-4.974523,-10.008948,7.596261,-13.315941,0.000000,0.000000,0.000000,0.887778
27.931966,9.768416,-0.148148,4.970960,5.407490,1.364178,0.000000,0.000000,0.000000,0.882672
12.922418,1.920493,1.567173,-0.873853,1.920987,2.949943,0.000000,0.000000,0.000000,0.929124
-21210.670746,-32938.281041,8307.144771,-53738.972900,-83378.122446,21030.876158,0.000000,0.000000,0.000000,0.872177
22697.346706,35373.187319,-9049.424746,57420.274380,89561.850695,-22909.690319,0.000000,0.000000,0.000000,0.809480
74.550005,10.733884,-54.216347,110.962658,17.965008,-136.108494,0.000000,0.000000,0.000000,0.852665
34.469627,-2.229472,0.499755,0.664050,1.224212,0.804936,0.000000,0.000000,0.000000,0.818536
27.145673,-9.934811,1.614645,-4.115447,1.294752,2.750511,0.000000,0.000000,0.000000,1.140288
38.732870,6.303396,-9.542018,38.909217,6.275344,-25.799343,0.000000,0.000000,0.000000,0.833555
8.898212,5.703075,1.908200,2.157523,-3.202478,4.128353,0.000000,0.000000,0.000000,1.027351
52957.973177,-22312.963455,-22933.907930,132321.623458,-55778.245817,-57334.641922,0.000000,0.000000,0.000000,0.895092
-924104.824879,-733036.593368,-250490.270974,-2310318.627558,-1832614.710363,-626225.525053,0.000000,0.000000,0.000000,1.094618
14.111541,-9.588623,-11.926865,-1.017087,-10.249448,-30.013309,0.000000,0.000000,0.000000,0.964641
12.424604,27.147651,-7.465612,-28.886916,70.575593,-19.896484,0.000000,0.000000,0.000000,1.088460
4.100224,-6.624482,-0.078062,-16.206429,-4.920727,1.140309,0.000000,0.000000,0.000000,0.872413
23.155837,-18.881342,13.879288,9.759977,-43.191956,33.543045,0.000000,0.000000,0.000000,0.891384
34.013575,-3.645166,-0.524686,-0.145629,0.794693,-0.659650,0.000000,0.000000,0.000000,0.814934
-26.036727,0.835933,50.751763,-139.679229,-6.825513,125.826084,0.000000,0.000000,0.000000,0.800565
15.106089,4.259454,1.427948,-14.998880,12.447386,2.288706,0.000000,0.000000,0.000000,0.851082
29.646679,-0.274976,-4.286869,5.758767,4.226993,-12.247240,0.000000,0.000000,0.000000,0.802055
36243.222680,5445.053051,2205.427879,91705.182134,13788.350095,5584.546979,0.000000,0.000000,0.000000,1.030139
22.177293,-5.047882,-1.139252,2.550334,0.273729,-1.783903,0.000000,0.000000,0.000000,1.053327
14.173814,-8.302587,-0.378405,0.103438,-0.402303,-0.166586,0.000000,0.000000,0.000000,0.829351
30.922648,-3.053086,-8.803657,8.385027,4.628823,-19.726366,0.000000,0.000000,0.000000,1.191348
-351.910638,1771.421624,63.442812,-917.862316,4417.351003,157.705632,0.000000,0.000000,0.000000,0.964997
1690.562380,3338.759712,5463.280992,4164.896485,8316.997072,13657.880426,0.000000,0.000000,0.000000,0.832471
14.155069,-4.591193,-0.368077,-2.344524,-11.151521,-1.778225,0.000000,0.000000,0.000000,0.859998
11.145612,8.503137,0.177072,0.070041,-0.568263,-0.753270,0.000000,0.000000,0.000000,1.189759
29.082869,10.095029,-1.592038,4.858703,2.197954,-3.210163,0.000000,0.000000,0.000000,0.837812
13131.117683,1194.613114,28762.404683,32802.972530,2981.619233,71905.520279,0.000000,0.000000,0.000000,1.195844
20.536959,-7.556502,-7.300322,6.375362,0.369683,-19.106037,0.000000,0.000000,0.000000,0.907600
2501.431579,5059.937258,-143.865944,6202.362832,12650.273309,-360.253568,0.000000,0.000000,0.000000,1.175978
30.709820,11.859494,11.796159,1.485229,18.069129,31.291902,0.000000,0.000000,0.000000,0.918034
21.309480,-13.925966,0.007696,0.511422,0.211030,-1.094169,0.000000,0.000000,0.000000,1.162965
-41748.551225,-36564.102471,-14841.652746,-104423.020192,-91415.363279,-37104.558675,0.000000,0.000000,0.000000,0.828171
198.901905,-1752.353290,268.320147,457.230842,-4393.484142,674.047450,0.000000,0.000000,0.000000,1.074301
20.304547,2.027412,-5.237985,0.323309,-13.538492,-16.433381,0.000000,0.000000,0.000000,0.828123
18.368752,-7.630040,4.110893,4.679419,-7.418479,9.249486,0.000000,0.000000,0.000000,0.945933
11.275346,-8.648612,6.272080,-10.776603,-9.268175,15.407827,0.000000,0.000000,0.000000,0.871053
15.789160,-6.578380,-0.555653,-2.533888,-0.308097,-0.951557,0.000000,0.000000,0.000000,1.006606
26.251185,10.525611,-0.684417,-1.464399,1.447803,-0.559703,0.000000,0.000000,0.000000,0.891709
4.824420,-2.079673,2.300162,-10.384185,-6.160329,8.120655,0.000000,0.000000,0.000000,0.802266
-1786.138926,-1165.658685,-2275.889504,-4511.130386,-2916.310157,-5688.823761,0.000000,0.000000,0.000000,0.808057
31.275975,-3.135464,15.752393,37.077130,-14.127678,39.018414,0.000000,0.000000,0.000000,0.997179
95.441634,14.748797,-26.000893,214.215375,17.509146,-64.978826,0.000000,0.000000,0.000000,0.826401
6652.286060,1391.414750,-2074.581356,16571.709246,3488.043422,-5186.911324,0.000000,0.000000,0.000000,1.092000
28.933451,-5.494473,0.662792,-0.878136,-0.718089,0.309994,0.000000,0.000000,0.000000,1.064843
-45.521670,209.874899,-757.746282,-181.032487,542.370342,-1893.949159,0.000000,0.000000,0.000000,0.822479
24.397584,18.220739,5.302778,-5.054822,34.365392,13.924683,0.000000,0.000000,0.000000,1.009438
25.503270,11.088941,0.704140,2.354422,-0.365644,0.882860,0.000000,0.000000,0.000000,0.979089
21.436325,-4.288611,1.191348,-5.889860,-2.246684,5.585280,0.000000,0.000000,0.000000,1.066492
27.775585,3.405599,-0.794250,-3.946052,-2.863290,-2.713067,0.000000,0.000000,0.000000,0.981742
-12917173.086492,9714522.902104,29199754.859913,-32292994.663449,24286302.982308,72999386.498138,0.000000,0.000000,0.000000,0.968748
33.437774,-4.541752,-5.935893,14.058318,-11.287822,-14.496322,0.000000,0.000000,0.000000,0.983512
17398.488928,4838.749633,-3757.667913,43454.375497,12098.518545,-9393.714822,0.000000,0.000000,0.000000,1.084388
-18326.075064,-15186.466644,3703.492294,-45867.024450,-37964.752654,9259.495837,0.000000,0.000000,0.000000,0.873257
29.732971,2.856265,7.204191,3.917362,6.555756,17.746238,0.000000,0.000000,0.000000,0.816476
21.507903,11.535540,0.719730,-2.964896,0.700980,0.750028,0.000000,0.000000,0.000000,1.047589
7.357475,-44.230782,9.448480,-36.848660,-104.437478,23.008034,0.000000,0.000000,0.000000,1.027319
22.414713,-10.851405,-0.666796,2.064530,0.138889,-1.356188,0.000000,0.000000,0.000000,1.173960
25.522503,-5.011290,1.250797,5.248516,0.930166,4.189634,0.000000,0.000000,0.000000,1.044913
24.680714,9.785349,-0.328881,-1.082120,0.379960,0.948662,0.000000,0.000000,0.000000,0.914418
33.969369,2.892489,2.946768,-1.247065,8.410094,6.213502,0.000000,0.000000,0.000000,1.174704
986.499609,130.460384,237.406591,2392.233048,330.215731,593.468174,0.000000,0.000000,0.000000,0.964197
16.231688,13.170299,9.585515,-12.971557,1.851781,23.174437,0.000000,0.000000,0.000000,0.803833
25.087541,9.999440,-5.666225,1.440719,6.301953,-18.047488,0.000000,0.000000,0.000000,0.974165
23.728927,-0.799948,4.928152,10.640052,-11.352721,15.156538,0.000000,0.000000,0.000000,1.077810
35731.339756,-32095.805389,-44288.413449,89255.462108,-80230.398331,-110721.180399,0.000000,0.000000,0.000000,1.142695
20.959614,5.942437,-0.169615,-0.436189,3.223449,-3.635940,0.000000,0.000000,0.000000,0.969278
-1304.308477,1231.015567,-809.474984,-3309.215458,3075.615619,-2022.789825,0.000000,0.000000,0.000000,1.019335
13.861064,10.197797,0.107178,3.493066,7.522395,-4.283533,0.000000,0.000000,0.000000,1.190436
18.531119,13.647690,-1.301863,-13.627296,2.412703,-3.882336,0.000000,0.000000,0.000000,1.094258
21.435544,-10.865467,-5.633256,-2.657506,5.448636,-13.511768,0.000000,0.000000,0.000000,0.907879
17.527291,2.908237,9.640011,5.127750,12.911579,23.605661,0.000000,0.000000,0.000000,0.928088
7.987718,-7.529826,-3.123122,-16.251027,-7.003342,-7.718387,0.000000,0.000000,0.000000,0.958425
-9683.346443,-171823.423127,-272076.829625,-24257.299976,-429560.109653,-680191.507481,0.000000,0.000000,0.000000,1.021077
16.736311,10.627959,-0.525132,-0.744656,0.179138,-2.244076,0.000000,0.000000,0.000000,0.887687
26.317416,5.790939,-1.115804,-2.198380,-5.600565,-2.505512,0.000000,0.000000,0.000000,0.970445
22.460523,6.520043,0.418191,-1.510907,-3.229003,1.037883,0.000000,0.000000,0.000000,0.988023
90.447163,-204.582692,105.867197,170.849389,-521.161295,266.037654,0.000000,0.000000,0.000000,1.172336
23.375297,9.597523,-0.643082,0.319913,0.536286,-0.532559,0.000000,0.000000,0.000000,1.017928
13.063089,-7.296377,1.887547,0.849111,1.381289,5.527754,0.000000,0.000000,0.000000,0.873146
-5177.223962,8237.769364,-2918.476974,-12994.667849,20594.030489,-7294.989254,0.000000,0.000000,0.000000,0.818163
17.944180,4.717753,-0.936686,-5.817178,-3.876687,-1.800999,0.000000,0.000000,0.000000,1.022176
22.057187,6.152539,0.891992,0.364461,2.997114,2.065647,0.000000,0.000000,0.000000,0.982968
29.191759,-11.184247,-0.593215,-0.142266,-1.577522,-1.735182,0.000000,0.000000,0.000000,1.031078
22.552077,-5.874066,6.438710,-4.208358,-19.395433,18.742346,0.000000,0.000000,0.000000,1.164925
12.303553,2.185062,-3.233019,-3.045202,12.026111,-7.441959,0.000000,0.000000,0.000000,0.831382
144.889030,-56.479068,118.896905,288.265195,-126.024387,300.637966,0.000000,0.000000,0.000000,1.087354
12.321684,3.385383,-0.510949,-0.321612,-1.125782,-1.365195,0.000000,0.000000,0.000000,0.989456
38022.025058,445415.007286,-432773.464946,94985.401456,1113506.051570,-1081933.358020,0.000000,0.000000,0.000000,1.103315
-7178.422768,1480.224461,3625.749554,-17998.634424,3696.559101,9064.414284,0.000000,0.000000,0.000000,1.009699
15.185978,-15.760250,-6.526768,-10.103966,-13.153713,-15.169070,0.000000,0.000000,0.000000,0.923912
13.601802,5.236256,-1.758429,-3.748229,8.217159,-8.552815,0.000000,0.000000,0.000000,1.013365
-321.217457,-558.632189,175.421802,-856.780633,-1404.555625,440.627264,0.000000,0.000000,0.000000,1.125743
30.687090,-8.764697,-0.636567,0.359071,0.647032,0.036533,0.000000,0.000000,0.000000,1.192228
34.718241,-39.250309,-20.058547,45.248040,-90.180409,-58.220407,0.000000,0.000000,0.000000,0.911578
-6559.736003,-1394.970656,2056.364635,-16457.768542,-3477.798125,5140.273277,0.000000,0.000000,0.000000,1.099672
15.435819,22.839557,6.956094,-10.762521,58.676478,17.804282,0.000000,0.000000,0.000000,0.818657
-15.312881,-30.715138,-11.404283,-87.557274,-75.464865,-30.608076,0.000000,0.000000,0.000000,0.883056
12.334215,-8.512093,0.310209,0.548961,0.693742,0.208878,0.000000,0.000000,0.000000,1.151102
19.542430,6.821365,-0.534691,-1.435158,0.364138,-0.637835,0.000000,0.000000,0.000000,1.003370
45.485941,256.083240,153.599245,67.243684,647.985513,382.780926,0.000000,0.000000,0.000000,1.075824
12.098052,-0.034938,0.260893,-0.192788,-1.112323,0.211278,0.000000,0.000000,0.000000,0.806125
-6635.681962,75.060914,14300.185599,-16633.222701,174.114755,35750.285689,0.000000,0.000000,0.000000,0.827612
21.543922,-4.234686,-1.031672,19.581930,-5.424082,-6.501325,0.000000,0.000000,0.000000,1.144365
18.732559,-9.821440,-0.908514,-0.282913,-0.437164,-1.164457,0.000000,0.000000,0.000000,1.032040
-386.878998,-657.513208,-2779.806767,-1028.810567,-1697.739050,-7144.493572,0.000000,0.000000,0.000000,1.072494
505847.156917,44004.847502,-137989.720929,1264565.253888,110049.195170,-344974.746939,0.000000,0.000000,0.000000,0.824393
20.590101,4.764954,-0.551113,-0.314870,0.352000,-0.307077,0.000000,0.000000,0.000000,1.118345
86.627055,80.725164,-63.527645,139.786955,195.172748,-159.514180,0.000000,0.000000,0.000000,0.880674
21.645376,4.674169,-0.018062,-2.014613,2.278403,0.579741,0.000000,0.000000,0.000000,0.942182
3572.112298,4615.529750,-12739.729555,8889.438108,11535.501843,-31849.839025,0.000000,0.000000,0.000000,1.078415
-326975.562873,-1431000.653994,-2116409.920596,-817483.010637,-3577503.548430,-5291025.361820,0.000000,0.000000,0.000000,1.061641
4664.401925,-283.561302,3118.607522,11709.397607,-715.915689,7875.178955,0.000000,0.000000,0.000000,1.072066
30.083921,-0.185741,-0.013944,1.953365,-3.574880,0.625546,0.000000,0.000000,0.000000,0.831722
21.980076,-14.434920,-1.598675,3.183089,0.693982,-3.239612,0.000000,0.000000,0.000000,1.021611
21.917736,-13.504878,-0.502620,0.574098,-0.249748,0.155225,0.000000,0.000000,0.000000,1.028821
-8916.237564,10108.606552,9255.345950,-22344.299635,25273.766290,23137.278759,0.000000,0.000000,0.000000,1.066508
671.005438,-28.863763,-1336.664106,1625.965844,-73.601214,-3341.592074,0.000000,0.000000,0.000000,1.195953
9.076680,-10.023081,0.628192,3.739551,-4.608437,4.830579,0.000000,0.000000,0.000000,0.841150
11.327180,0.198726,-2.406237,0.955881,-8.290531,-5.151756,0.000000,0.000000,0.000000,0.850637
23.865796,7.398382,-0.957720,2.960068,-0.165998,-4.168482,0.000000,0.000000,0.000000,0.936637
7.644650,-7.838087,1.355098,-1.567107,-0.926368,3.521949,0.000000,0.000000,0.000000,0.906809
17.666592,-4.263442,2.812753,-1.562091,-3.800020,6.771674,0.000000,0.000000,0.000000,0.865894
26.764536,4.286124,-4.675890,16.256850,24.247124,-12.816578,0.000000,0.000000,0.000000,0.987967
5.589541,2.693333,-0.526654,-2.684039,-0.402646,-0.837586,0.000000,0.000000,0.000000,1.043584
65.213770,257.847566,90.765627,102.646117,616.348218,227.052471,0.000000,0.000000,0.000000,1.044146
-20914.641894,-9167.068045,-8865.167503,-52342.824294,-22894.029412,-22161.691955,0.000000,0.000000,0.000000,0.920562
22.522293,-7.056180,1.839203,7.337620,-3.390001,4.486625,0.000000,0.000000,0.000000,1.040714
10.777840,-6.730407,-1.591474,-0.864320,-1.596601,-3.374399,0.000000,0.000000,0.000000,0.811833
-3397.039898,1096.456718,304.010049,-8545.689652,2735.276035,759.591708,0.000000,0.000000,0.000000,0.957313
5.404379,2.865502,31.109529,-41.409966,7.544484,77.057195,0.000000,0.000000,0.000000,1.095972
-3250.844631,3838.668496,3566.102198,-8177.116363,9591.637620,8915.245652,0.000000,0.000000,0.000000,0.959278
33.708688,2.355248,-0.212228,-0.354540,0.712450,-0.453374,0.000000,0.000000,0.000000,0.998823
30.546191,-0.654976,-0.550585,-0.047850,0.438654,-0.446919,0.000000,0.000000,0.000000,1.141906
21.371400,-6.805906,-4.472499,25.980024,2.665939,-14.735930,0.000000,0.000000,0.000000,0.806500
11.274176,11.444512,-0.209942,-0.148318,-0.137638,-0.610924,0.000000,0.000000,0.000000,0.986759
12.283609,-10.881842,-0.600463,0.283980,-0.082419,-0.313357,0.000000,0.000000,0.000000,1.102423
95.073133,-211.093632,712.812210,170.385083,-509.843084,1781.720814,0.000000,0.000000,0.000000,0.873852
20.485189,-13.178671,-0.618376,4.130233,-1.653138,-0.524616,0.000000,0.000000,0.000000,0.812619
-42.479731,-190.817058,92.972551,-149.004996,-491.906647,232.299779,0.000000,0.000000,0.000000,0.807618
-5.614494,-236.990320,-221.316646,-62.533716,-604.084172,-555.564980,0.000000,0.000000,0.000000,0.820576
14.055993,10.391936,-0.736397,-0.626153,0.595286,-0.757541,0.000000,0.000000,0.000000,1.027701
22.689153,7.234446,-1.003975,1.906485,-1.036213,-3.121942,0.000000,0.000000,0.000000,0.934740
132843.686494,-229613.178237,718444.244940,332062.054381,-574031.134587,1796109.570356,0.000000,0.000000,0.000000,1.178723
22.253421,-8.339336,-4.840528,7.909936,-7.880137,-15.637467,0.000000,0.000000,0.000000,0.967271
2797.427360,2530.803472,1687.079907,6941.605604,6294.410411,4216.628327,0.000000,0.000000,0.000000,0.987766
-51283.546438,-601503.952709,584448.443652,-128278.501380,-1503791.044743,1461121.118415,0.000000,0.000000,0.000000,0.816974
404184744.787599,380575791.240411,-253280768.246105,1010461792.110585,951439465.952861,-633201919.696050,0.000000,0.000000,0.000000,1.133103
22.472330,0.660636,0.961849,-9.982808,1.167097,2.717162,0.000000,0.000000,0.000000,1.091993
-14.510764,-251.043236,-94.255095,-96.603201,-655.111625,-235.257373,0.000000,0.000000,0.000000,0.988177
24.101991,-4.218969,0.673063,-4.419429,-0.171809,2.227753,0.000000,0.000000,0.000000,0.817647
25.348756,11.338914,-8.745927,8.669824,-2.855133,-21.182633,0.000000,0.000000,0.000000,0.806913
-464.953937,314.178886,13.163408,-1226.198566,761.940766,32.325069,0.000000,0.000000,0.000000,0.914951
177023.716333,-66143.796367,167880.376636,442511.436573,-165358.098221,419699.768587,0.000000,0.000000,0.000000,1.073302
-9.520826,13.287616,-76.321333,-76.465047,59.492396,-190.703577,0.000000,0.000000,0.000000,1.114679
-1.872564,44.164098,69.992567,-25.550932,124.167475,174.726796,0.000000,0.000000,0.000000,0.813495
7.674331,-8.544992,-4.266673,-18.817810,-36.492986,-10.048441,0.000000,0.000000,0.000000,0.993904
14.977104,-16.612995,-7.469165,-12.086878,-5.976948,-17.559815,0.000000,0.000000,0.000000,0.811627
25.469381,-12.384093,-0.162302,0.174814,0.182571,-0.403516,0.000000,0.000000,0.000000,0.971544
32.899238,7.398800,-1.015994,6.868794,3.950259,-3.749148,0.000000,0.000000,0.000000,0.828819
26.830251,-1.392739,-1.087227,-1.418928,5.076943,-2.459862,0.000000,0.000000,0.000000,0.843591
-758893.539433,-8309.237847,335172.121650,-1897296.711767,-20773.239013,837931.216789,0.000000,0.000000,0.000000,1.009980
-87.322028,-25.459002,32.735502,-273.594403,-30.675785,81.214735,0.000000,0.000000,0.000000,1.165896
17.965349,-7.483512,1.970468,-3.074017,-4.485727,5.355674,0.000000,0.000000,0.000000,1.173099
14.371123,-7.413993,-1.950255,-4.413000,-5.929877,-6.123414,0.000000,0.000000,0.000000,0.980241
11346608058.851013,6921613794.199401,-3648715696.325751,28580876662.608616,17434795445.916245,-9190719634.935432,0.000000,0.000000,0.000000,1.049528
-35512.680864,31944.797939,44089.412113,-88854.310308,79870.859078,110223.037240,0.000000,0.000000,0.000000,1.147849
3.193182,25.111435,17.595469,-70.353991,67.050819,43.607630,0.000000,0.000000,0.000000,1.017479
-196311.362142,-42800.284307,-705932.121610,-490827.021460,-106999.249761,-1764829.525669,0.000000,0.000000,0.000000,0.811464
16.733465,-2.830531,-3.869074,5.214947,-7.406473,-10.264763,0.000000,0.000000,0.000000,0.816721
22.248676,289.909493,-231.389065,6.596950,707.859421,-578.926355,0.000000,0.000000,0.000000,1.117804
-11175.121142,14721.144835,-11478.634225,-27984.475763,36812.326501,-28695.387138,0.000000,0.000000,0.000000,0.933819
-374398.361485,-46211.928201,-408892.961616,-936042.345184,-115530.577299,-1022232.535728,0.000000,0.000000,0.000000,0.945291
21.907821,-6.727852,-4.275102,17.070173,-3.851387,-13.404596,0.000000,0.000000,0.000000,0.802871
39.445631,-30.218747,24.152818,37.422637,-83.769278,62.058962,0.000000,0.000000,0.000000,0.804158
-1253.948858,-2766.680282,1071.631379,-3235.008434,-6970.937014,2713.285045,0.000000,0.000000,0.000000,1.159105
70.030872,32.952751,-82.638504,88.703325,78.801802,-205.908479,0.000000,0.000000,0.000000,0.947227
16.609206,-9.194726,-1.463376,-14.438123,-11.655236,-17.081763,0.000000,0.000000,0.000000,1.178009
10.543469,5.083599,-0.359025,-1.633325,0.531727,-0.259329,0.000000,0.000000,0.000000,0.804628
-18.749668,-31.711782,59.627467,-94.997630,-85.961488,148.330054,0.000000,0.000000,0.000000,1.123032
-79.235829,-39.145419,-62.813962,-253.968042,-120.736777,-156.511521,0.000000,0.000000,0.000000,1.188309
972286.961546,594183.104411,-196794.459878,2430654.878809,1485466.297631,-491986.672282,0.000000,0.000000,0.000000,1.051077
9.848285,-2.603245,3.080830,-12.055571,-8.096126,7.856397,0.000000,0.000000,0.000000,0.835316
25.006191,8.602009,0.077018,-3.160220,-0.167138,-1.858497,0.000000,0.000000,0.000000,1.077266
-70.536650,59.608488,130.422586,-239.832787,130.752022,326.239861,0.000000,0.000000,0.000000,1.150362
41.329560,2.085757,-10.208264,49.695810,5.964683,-26.683936,0.000000,0.000000,0.000000,1.104765
11.873580,9.170053,14.846679,12.639214,6.581616,37.303910,0.000000,0.000000,0.000000,0.862295
25.060168,-26.581188,-11.207828,21.601150,-54.744252,-27.942963,0.000000,0.000000,0.000000,1.006393
19.426859,2.905449,-2.759025,-0.002345,4.029606,-5.794791,0.000000,0.000000,0.000000,1.078170
-5.961509,-31.902167,-29.096694,-47.841813,-63.533076,-72.508095,0.000000,0.000000,0.000000,1.188275
