x,y,z,vx,vy,vz,fx,fy,fz,mass
196591.208109,-109151.157604,-10167.862206,1966.235654,-1091.513390,-101.679743,0.000000,0.000000,0.000000,1.108544
4973087.905516,6623290.304132,-1540085.840718,49731.061858,66232.923652,-15400.855392,0.000000,0.000000,0.000000,1.126065
-14792.162549,-24053.317443,-40101.215837,-147.733465,-240.551527,-401.007287,0.000000,0.000000,0.000000,0.994733
225078461.775999,331078108.149103,-378278730.219858,2250784.876914,3310780.975498,-3782787.298181,0.000000,0.000000,0.000000,0.822397
-73758330.298039,-75045798.564275,-91062856.797634,-737583.095297,-750457.988537,-910628.565884,0.000000,0.000000,0.000000,0.898558
-15111.562013,-11256.117918,15935.338819,-150.905772,-112.427604,159.348517,0.000000,0.000000,0.000000,0.846977
-100.314127,-4.369928,-10.878835,-0.756439,-0.082347,-0.114810,0.000000,0.000000,0.000000,1.116249
103013670.854658,67484180.304728,-174041311.084282,1030136.975106,674841.788536,-1740413.111538,0.000000,0.000000,0.000000,1.187704
23773.876721,7864.277131,2615.271931,237.857018,78.621478,26.153092,0.000000,0.000000,0.000000,0.950589
63248149.470196,-4641158132.937320,8464608943.442988,632481.752521,-46411581.437894,84646089.432965,0.000000,0.000000,0.000000,0.818971
-1177.076290,-680.160510,1641.427841,-11.675630,-6.798302,16.409953,0.000000,0.000000,0.000000,1.167247
8110.791516,-4551.056325,6314.535804,81.331309,-45.550376,63.209775,0.000000,0.000000,0.000000,0.972061
-6079.106887,7354.696971,-29775.872854,-60.599453,73.638548,-297.754538,0.000000,0.000000,0.000000,1.081818
14032278.390431,142237266.067018,96906850.271369,140322.978920,1422372.652360,969068.504432,0.000000,0.000000,0.000000,0.989544
22727.992050,-11275.563079,-34646.990448,227.424879,-112.780727,-346.466090,0.000000,0.000000,0.000000,1.158531
47223.667035,-51775.961316,-38977.076128,472.899980,-518.218641,-390.155440,0.000000,0.000000,0.000000,1.162612
-367.014880,23.555927,273.988304,-4.187107,0.443571,3.150354,0.000000,0.000000,0.000000,0.916922
4346.369590,-38273.036724,-20114.589270,43.734136,-382.616954,-201.147604,0.000000,0.000000,0.000000,0.931872
-5216551.947077,-35942.182488,-2292393.685419,-52165.321241,-359.428273,-22923.932570,0.000000,0.000000,0.000000,1.092022
-38.566754,79.566544,3.963410,-0.318406,0.852826,-0.027590,0.000000,0.000000,0.000000,1.076214
1097.532676,-62.861254,-400.456493,11.091253,-0.599464,-4.003933,0.000000,0.000000,0.000000,0.867463
812.637395,622.308403,276.443571,8.249828,6.104620,2.762230,0.000000,0.000000,0.000000,0.990617
208063.837820,65493.710103,51022.270776,2080.791022,654.979569,510.225993,0.000000,0.000000,0.000000,0.852733
-311345991911.012573,-17139582328.124781,439534949594.061584,-3113459918.902810,-171395823.285772,4395349495.940047,0.000000,0.000000,0.000000,1.112751
1697.069929,-1209.278709,-1806.862399,17.174556,-12.128642,-18.065396,0.000000,0.000000,0.000000,0.971706
-691542174.559814,-15158351160.594233,6491684802.092217,-6915421.557165,-151583511.603897,64916848.016750,0.000000,0.000000,0.000000,0.863572
-24568.971504,-12027.973984,2705.930976,-246.587025,-120.725181,27.170273,0.000000,0.000000,0.000000,0.901633
-2828.826444,2249.157423,-9646.953637,-28.202079,22.546913,-96.466106,0.000000,0.000000,0.000000,1.076310
55113.405681,29168.060377,-10491.415884,551.428544,291.576036,-104.915292,0.000000,0.000000,0.000000,1.079740
-264.742352,7.066273,39.999811,-2.346980,0.065794,0.410991,0.000000,0.000000,0.000000,1.131573
489857.080342,3570640.429857,-619362.150711,4898.774006,35706.475496,-6193.617298,0.000000,0.000000,0.000000,0.949219
2062543.489900,-1293649.576302,-1064542.527737,20625.574814,-12936.469149,-10645.422619,0.000000,0.000000,0.000000,1.028994
-2670765.673668,1325655.892573,6786493.447166,-26707.397891,13256.587576,67864.933213,0.000000,0.000000,0.000000,0.888145
275845.764008,403429.382086,163731.717922,2758.711113,4034.345353,1637.312436,0.000000,0.000000,0.000000,1.109194
-714651.397751,171630.805798,-392221.758732,-7146.350488,1716.301771,-3922.213791,0.000000,0.000000,0.000000,0.870110
-98.043260,-3.571712,31.215943,-0.725413,-0.048218,0.289044,0.000000,0.000000,0.000000,1.027614
63.236848,3.535779,41.971351,0.852657,0.064013,0.399349,0.000000,0.000000,0.000000,0.878708
-1.248126,-92.599161,-43.229373,0.101815,-0.808764,-0.429982,0.000000,0.000000,0.000000,0.932374
2155.983036,-959.153590,-9126.808705,21.766791,-9.692793,-91.264905,0.000000,0.000000,0.000000,0.950720
1015581.974067,81997.941150,325731.203966,10155.965783,819.974565,3257.313026,0.000000,0.000000,0.000000,0.987029
-1742.879168,-1021.497869,709.752487,-17.142467,-10.092803,7.097353,0.000000,0.000000,0.000000,0.961445
-15615.293478,-6376.129327,-76468.182098,-155.963718,-63.765441,-764.683092,0.000000,0.000000,0.000000,0.803227
536781951.719533,-575298082.586642,-117794553.172998,5367819.722344,-5752980.828787,-1177945.530972,0.000000,0.000000,0.000000,0.945113
147.919157,144.627164,-416.142625,1.727228,1.490264,-4.157106,0.000000,0.000000,0.000000,0.965340
-8658.595702,-1719.247921,10285.002902,-86.401365,-17.272856,102.847232,0.000000,0.000000,0.000000,1.008691
29582593.193875,181488769.349068,177768547.374524,295826.146385,1814887.693988,1777685.474663,0.000000,0.000000,0.000000,1.081289
-569727.202056,1288118.091197,-276512.798422,-5697.147409,12881.219665,-2765.126309,0.000000,0.000000,0.000000,1.057274
-33780.562622,-102126.684361,213858.176095,-337.640090,-1021.256130,2138.577713,0.000000,0.000000,0.000000,1.011438
3294.777902,5033.211772,5605.365840,33.614571,51.071116,56.683624,0.000000,0.000000,0.000000,0.948328
-81676.592228,334291.914683,-18569.009151,-816.637078,3342.878719,-185.692683,0.000000,0.000000,0.000000,0.807111
115806.217039,964756.376985,345257.945131,1158.123780,9647.532531,3452.580396,0.000000,0.000000,0.000000,0.979161
-169151.671114,-88923.136345,107474.867707,-1691.334683,-889.144955,1074.744913,0.000000,0.000000,0.000000,0.944154
1322.307076,1477.341715,-2739.991291,13.536066,14.717879,-27.396034,0.000000,0.000000,0.000000,1.147512
28895.588168,-134885.576592,389051.838222,289.136284,-1348.782033,3890.519424,0.000000,0.000000,0.000000,0.814239
599424.106717,618702.672489,-1477160.639054,5994.425755,6186.998158,-14771.602419,0.000000,0.000000,0.000000,1.163616
417.331245,-447.610081,347.456065,4.640578,-4.559407,3.568737,0.000000,0.000000,0.000000,0.831347
1320.794092,-797.683234,-1925.841300,13.391140,-8.081629,-19.258404,0.000000,0.000000,0.000000,1.001711
-1843.716102,8344.938244,-12108.171297,-18.234045,83.581536,-121.078924,0.000000,0.000000,0.000000,0.914952
-606.319256,-873.741478,-1031.583947,-6.046243,-8.804123,-10.392020,0.000000,0.000000,0.000000,0.946323
46944288.484360,-45027094.091236,-1594942.232042,469443.143340,-450270.915386,-15949.417643,0.000000,0.000000,0.000000,0.867750
1535.183569,-401.254392,-642.475868,15.658951,-4.062512,-6.424082,0.000000,0.000000,0.000000,1.115972
-2757.422129,26471.775644,39575.856331,-27.426065,266.221077,398.146066,0.000000,0.000000,0.000000,0.837142
-39.137973,63.293407,107.411263,-0.277338,0.609727,1.152226,0.000000,0.000000,0.000000,1.199553
1904.187923,4138.450069,1850.699441,19.365093,41.401485,18.503513,0.000000,0.000000,0.000000,1.074319
-8399.664235,40771.132163,-1735.278914,-83.809104,407.708590,-17.348634,0.000000,0.000000,0.000000,1.126542
-4893940.269477,-547867.325178,-6631964.495638,-48939.295390,-5478.617981,-66319.640328,0.000000,0.000000,0.000000,1.012272
-64.742058,27.117482,-256.034778,-0.378425,0.197997,-2.559061,0.000000,0.000000,0.000000,1.144267
-362.801311,-571.925971,-181.013640,-3.290129,-5.763765,-1.810054,0.000000,0.000000,0.000000,1.073443
151.866730,383.403458,-20.511840,1.642964,3.866889,-0.195474,0.000000,0.000000,0.000000,0.995503
-498.394624,-571.639747,-61.713463,-4.764090,-5.652500,-0.615596,0.000000,0.000000,0.000000,1.112735
761.370590,1093.901163,-954.372162,7.936872,11.267020,-9.651138,0.000000,0.000000,0.000000,0.843669
-5686.083573,2858.618897,-12052.572056,-56.667738,28.585724,-120.525240,0.000000,0.000000,0.000000,1.195338
-200596912.405155,-4625138227.296206,2873195918.989801,-2005968.892210,-46251382.232316,28731959.193262,0.000000,0.000000,0.000000,0.886178
24310065.954360,115649358.493642,173646962.893941,243100.751915,1156493.673974,1736469.628640,0.000000,0.000000,0.000000,1.164964
1876.618635,-4355.358653,-1968.041260,18.892823,-43.663283,-19.678900,0.000000,0.000000,0.000000,1.142623
348.614348,-614.104175,611.476028,3.671353,-6.093538,6.119755,0.000000,0.000000,0.000000,0.942950
-35298.063885,205037.568715,125042.053461,-352.756651,2050.403673,1250.422698,0.000000,0.000000,0.000000,0.804799
-1903437.264368,3841742.329652,2877377.762102,-19053.260549,38455.768382,28802.582341,0.000000,0.000000,0.000000,0.954997
-224.649312,-444.450975,164.037385,-1.965162,-4.450259,1.639855,0.000000,0.000000,0.000000,1.103109
174785125.820008,115937184.361378,29289701.095665,1747851.507045,1159371.780740,292897.012573,0.000000,0.000000,0.000000,1.142902
2120605.274995,-1011314.026949,-5756193.766771,21206.310416,-10113.111035,-57561.935929,0.000000,0.000000,0.000000,1.041734
-74587.188509,-252811.801332,140383.325798,-745.526643,-2528.143817,1403.828987,0.000000,0.000000,0.000000,0.938065
-971.991943,-1322.046660,-1552.778335,-9.454890,-13.286921,-15.526711,0.000000,0.000000,0.000000,0.988095
-2344.556871,-4670.275361,-3289.742174,-23.201225,-46.699877,-32.893868,0.000000,0.000000,0.000000,0.905486
49931.663276,80041.604480,-49038.591737,499.561127,800.388289,-490.387289,0.000000,0.000000,0.000000,0.878215
-1654.734612,-7131.706328,5414.078500,-16.300262,-71.334046,54.140166,0.000000,0.000000,0.000000,1.181118
1420.549597,911.731106,-1880.410756,14.297121,9.118508,-18.803651,0.000000,0.000000,0.000000,0.959298
-59.292308,67.370217,116.085708,-0.396683,0.540404,1.169697,0.000000,0.000000,0.000000,1.194278
587.135479,252.496549,-2166.981382,6.001553,2.607422,-21.665589,0.000000,0.000000,0.000000,0.892655
-4355681.684382,-204778.121402,663201.879498,-43556.585304,-2047.796601,6632.016260,0.000000,0.000000,0.000000,0.983172
-272.785499,777.121962,646.527671,-2.484226,7.789246,6.466301,0.000000,0.000000,0.000000,1.050169
-3545685.778224,6344917.817447,-5634973.367173,-35456.651293,63449.170802,-56349.731710,0.000000,0.000000,0.000000,0.871078
-1071.423170,-2806.947387,842.786681,-10.515283,-28.098267,8.429448,0.000000,0.000000,0.000000,0.837749
203947881395.689331,-111298313873.877731,-474076785299.526245,2039478814.131351,-1112983138.676758,-4740767852.993640,0.000000,0.000000,0.000000,0.951689
1540.613538,-187.066549,-3522.278108,15.568316,-1.774091,-35.218066,0.000000,0.000000,0.000000,0.950231
-228361.721946,-151014.050555,432337.166201,-2283.443420,-1510.126043,4323.372162,0.000000,0.000000,0.000000,0.871993
-282162.989771,-47483.156887,88091.492378,-2821.376555,-474.970053,880.910695,0.000000,0.000000,0.000000,0.852751
610878.284615,148599.703680,-371922.921197,6108.967796,1485.998117,-3719.224786,0.000000,0.000000,0.000000,1.147153
-16.366910,-0.215917,51.326593,0.250861,0.128081,0.439347,0.000000,0.000000,0.000000,0.993805
-60.224521,-33.077777,33.264779,-0.274686,-0.285151,0.331428,0.000000,0.000000,0.000000,1.106077
11621.385943,1118.508572,-725.747338,119.097617,11.335726,-7.436648,0.000000,0.000000,0.000000,0.946183
27259.260231,-182029.482649,3126.595076,272.786226,-1820.296973,31.261527,0.000000,0.000000,0.000000,1.179822
-185193698802.201782,299532374661.015686,-359808268810.492126,-1851936987.889224,2995323746.624389,-3598082688.101539,0.000000,0.000000,0.000000,1.194290
0.428563,-37.078290,54.430452,0.231003,-0.304885,0.531049,0.000000,0.000000,0.000000,1.180160
-468042.714915,-86734.888661,-171757.074753,-4699.049879,-870.785349,-1724.468454,0.000000,0.000000,0.000000,0.975946
46.883328,2.321419,103.626676,0.886729,0.020641,1.120509,0.000000,0.000000,0.000000,0.824101
-5658.274140,6760.555226,7841.200233,-56.360033,67.578177,78.412369,0.000000,0.000000,0.000000,1.160362
648925111.623292,22969144.041172,-466681960.206445,6489251.347425,229691.322980,-4666819.601165,0.000000,0.000000,0.000000,1.024294
-31060.729356,974363.293979,86848.740282,-310.388585,9743.580282,868.483205,0.000000,0.000000,0.000000,0.874086
49339074.412853,70024708.447334,-5188420.907997,493390.946190,700247.077676,-51884.209797,0.000000,0.000000,0.000000,1.076029
271090.148427,445701.431937,1685217.973243,2711.114974,4457.081863,16852.179899,0.000000,0.000000,0.000000,0.973946
19717.263159,59298.847307,-43561.124967,197.317438,592.898513,-435.606671,0.000000,0.000000,0.000000,1.064150
-1763075.386688,-14134538.250381,6390571.429258,-17630.510653,-141345.402953,63905.717298,0.000000,0.000000,0.000000,0.923941
-28402.144426,-146954.032570,-149577.348260,-284.011270,-1470.987469,-1497.269721,0.000000,0.000000,0.000000,1.122373
781.709631,8437.102938,-821.656785,8.017556,84.589131,-8.248791,0.000000,0.000000,0.000000,1.071131
-404824.472377,-530027.397430,964792.221663,-4048.000420,-5300.275497,9647.921273,0.000000,0.000000,0.000000,1.071878
397441.671600,73835.236792,145708.570400,3990.548627,741.363803,1462.936240,0.000000,0.000000,0.000000,1.150206
36.289898,11.503389,90.061947,0.535777,0.218849,0.914751,0.000000,0.000000,0.000000,0.941464
5040157.713282,1808673.455695,-786004.198793,50401.849964,18086.802890,-7860.037978,0.000000,0.000000,0.000000,0.941387
3611929.201652,12220282.859400,3994270.253659,36119.562368,122202.871422,39942.705613,0.000000,0.000000,0.000000,0.967605
2918150.385649,1000886.151089,-4329741.236208,29181.700056,10008.851462,-43297.407834,0.000000,0.000000,0.000000,1.026309
13310.916067,-3136.917531,21.169047,133.370730,-31.439203,0.208208,0.000000,0.000000,0.000000,0.882430
-4709.033806,18312.065239,-7438.162789,-49.320928,192.643255,-78.321501,0.000000,0.000000,0.000000,0.993582
2864.599240,2583.109042,360.921012,28.769018,25.897063,3.653292,0.000000,0.000000,0.000000,1.078578
353207.428014,-128122.336809,163302.164291,3532.356150,-1281.136570,1633.017691,0.000000,0.000000,0.000000,1.011073
71947908186806.890625,168252828372147.000000,155901109222480.437500,719479081868.184570,1682528283721.425293,1559011092224.796631,0.000000,0.000000,0.000000,0.860433
-7.019437,-88.596395,146.869664,0.142371,-0.966534,1.510180,0.000000,0.000000,0.000000,0.817714
29955842.847505,1076820411.021408,294440498.313235,299558.489299,10768204.092140,2944404.985217,0.000000,0.000000,0.000000,0.821193
2966.991665,-5206.357036,1804.718056,29.754357,-52.119700,18.048039,0.000000,0.000000,0.000000,1.096169
722.636901,-22.360594,921.510491,7.347078,-0.169637,9.283820,0.000000,0.000000,0.000000,0.984807
-1219.741596,-474.352667,-962.765980,-11.936863,-4.623714,-9.623260,0.000000,0.000000,0.000000,1.022588
675.472796,767.010407,915.556966,6.857396,7.716529,9.212867,0.000000,0.000000,0.000000,1.196130
108356003.109363,71363071.713875,73500091.999345,1083560.233320,713630.724824,735000.916615,0.000000,0.000000,0.000000,0.879180
-4114550.940097,-14580007.739345,-52396909.834976,-41145.277245,-145800.205893,-523969.098583,0.000000,0.000000,0.000000,1.108554
2472.955722,7767.341094,1858.010915,24.985621,77.558772,18.578646,0.000000,0.000000,0.000000,1.056726
584345.940337,-99398.636173,24197.904216,5843.731946,-994.052904,241.978377,0.000000,0.000000,0.000000,0.886343
-984325.866760,234619.904904,-140654.834021,-9843.110539,2346.112104,-1406.546050,0.000000,0.000000,0.000000,1.186292
-142822.376468,-27214.264127,-103552.347093,-1428.065575,-272.077543,-1035.521252,0.000000,0.000000,0.000000,1.016252
261106.581283,38195.751437,-605110.844539,2611.252523,381.936704,-6051.107578,0.000000,0.000000,0.000000,1.054678
-250894114.921291,260680263.457317,158829659.326974,-2508940.949341,2606802.665621,1588296.589887,0.000000,0.000000,0.000000,1.098557
-2609838062.650993,382763731.112477,1394266602.822311,-26098380.436503,3827637.311583,13942666.023754,0.000000,0.000000,0.000000,1.112295
455324.313258,-723389.802509,-199191.170018,4553.470729,-7233.884419,-1991.910945,0.000000,0.000000,0.000000,1.155625
229338.178061,1090455.820989,-82416.306124,2293.587511,10904.580678,-824.159268,0.000000,0.000000,0.000000,0.995605
-13.841901,-8.839784,37.993858,-0.041019,-0.208265,0.369155,0.000000,0.000000,0.000000,0.925170
-3968.132589,454.755580,-6636.696446,-39.539075,4.481413,-66.365283,0.000000,0.000000,0.000000,0.822204
253.069116,-4051.456750,-1212.132535,2.759109,-40.429654,-12.118395,0.000000,0.000000,0.000000,1.073643
495884.270769,613499.855183,-123054.971881,4959.001693,6134.960145,-1230.552129,0.000000,0.000000,0.000000,0.872427
-685854.081038,-130430.702344,88578.358313,-6858.352159,-1304.305056,885.787867,0.000000,0.000000,0.000000,1.061290
-17737.715824,-26291.750921,-4931.159169,-177.594189,-263.337697,-49.409376,0.000000,0.000000,0.000000,1.176053
-47067263.818011,35882859.638162,109524683.903558,-472088.684571,359908.258277,1098542.473537,0.000000,0.000000,0.000000,1.129608
-35479.504227,41132.104402,84139.495630,-354.544983,411.293596,841.394491,0.000000,0.000000,0.000000,1.112493
-3026.860339,-2737.772452,1076.582227,-30.030576,-27.293584,10.760864,0.000000,0.000000,0.000000,1.071082
-407.577156,-406.547366,123.417262,-3.813882,-3.965018,1.229530,0.000000,0.000000,0.000000,1.075690
236.588479,-1430.180656,1328.363957,2.477111,-14.278827,13.278926,0.000000,0.000000,0.000000,1.097371
-664.587448,-811.588847,160.438665,-6.567725,-8.223986,1.606175,0.000000,0.000000,0.000000,1.191502
-7072748799.956402,-1237555754.816555,-1436313692.413648,-70727487.798083,-12375557.534721,-14363136.924605,0.000000,0.000000,0.000000,0.803348
63046.016405,213823.810167,-118685.927101,630.804343,2138.208695,-1186.861541,0.000000,0.000000,0.000000,1.108765
-76212.075705,-514614.764800,-392181.578522,-764.943580,-5166.735194,-3937.568151,0.000000,0.000000,0.000000,0.960094
-23.834015,464.158162,2041.353291,-0.103856,4.598794,20.410486,0.000000,0.000000,0.000000,1.083925
-3907614.753023,-19942463.171450,746812.311974,-39075.998669,-199424.702127,7468.121756,0.000000,0.000000,0.000000,1.098847
-137.283873,24.916628,45.597815,-1.254864,0.196659,0.447894,0.000000,0.000000,0.000000,1.059239
412.938961,151.661298,-495.006542,4.302470,1.503776,-4.945202,0.000000,0.000000,0.000000,0.969303
2932199.814933,-23529606.531716,-39434260.586247,29322.216166,-235295.952602,-394342.606057,0.000000,0.000000,0.000000,1.140464
11.462554,61.842118,21.602917,0.210357,0.744531,0.205857,0.000000,0.000000,0.000000,1.136952
-11939.026540,19217.989796,1287.550259,-119.109602,192.265800,12.879541,0.000000,0.000000,0.000000,1.129021
-1461.983864,625.047940,29.899168,-14.300931,6.192266,0.303125,0.000000,0.000000,0.000000,1.174275
-139375.139245,451858.499807,105843.823081,-1393.629109,4518.593420,1058.437765,0.000000,0.000000,0.000000,0.892747
10282619.152475,-6006889.040276,56676834.549594,102826.405927,-60069.032679,566768.343572,0.000000,0.000000,0.000000,0.991313
2235276.614628,2306998.780695,1651899.595698,22352.970431,23070.075019,16518.993978,0.000000,0.000000,0.000000,1.040638
58.552800,223.156652,-225.803325,0.714886,2.222138,-2.258345,0.000000,0.000000,0.000000,1.107347
-27005350.128329,22381577.016530,20462139.806465,-270053.281423,223815.881319,204621.396491,0.000000,0.000000,0.000000,1.160856
-28.554271,2.986994,71.432659,-0.115791,0.173496,0.727235,0.000000,0.000000,0.000000,1.006083
-22.932375,14.239494,72.533405,0.090523,-0.138962,0.600390,0.000000,0.000000,0.000000,0.950264
353089.399895,69268.840510,192226.939377,3531.037951,692.669797,1922.270583,0.000000,0.000000,0.000000,1.002828
-66.492229,-21.430846,32.010536,-0.400786,-0.312194,0.328022,0.000000,0.000000,0.000000,1.126099
-423.230410,317.650979,-640.202692,-4.113423,3.284825,-6.399934,0.000000,0.000000,0.000000,1.083911
2121780232.954888,-1640685559.029808,41875453.065485,21217802.596305,-16406855.661882,418754.526889,0.000000,0.000000,0.000000,0.960880
-29329746.201339,5810716.973244,7822366.426337,-293297.244494,58107.149372,78223.661030,0.000000,0.000000,0.000000,0.808571
-88.788083,-68.854617,48.822394,-0.636356,-0.723382,0.486835,0.000000,0.000000,0.000000,1.187454
-6830.556833,6755.462334,11471.789476,-68.206665,67.518550,114.715403,0.000000,0.000000,0.000000,0.916252
655176.855372,359852.779184,-453718.421751,6551.897381,3598.472787,-4537.182310,0.000000,0.000000,0.000000,0.840400
149876854.926037,-135461409.514813,43530650.553451,1498768.756400,-1354614.089414,435306.508575,0.000000,0.000000,0.000000,0.907398
41.215777,10.454748,-45.491799,0.539984,0.115425,-0.623984,0.000000,0.000000,0.000000,0.809587
-41.061920,19.323093,48.218248,-0.137408,0.320279,0.556486,0.000000,0.000000,0.000000,0.847782
-115.575916,56.601952,28.668756,-1.007277,0.550280,0.280887,0.000000,0.000000,0.000000,1.180275
-200039582.285155,-132688768.063776,-33521599.929197,-2000395.572005,-1326887.742184,-335215.997341,0.000000,0.000000,0.000000,0.998614
1513.888709,9365.236700,-37.010320,15.398471,93.670589,-0.365259,0.000000,0.000000,0.000000,0.928766
3118990257.167794,-528693132.637915,1150542026.412163,31189902.766986,-5286931.312530,11505420.264763,0.000000,0.000000,0.000000,0.866197
-2338995636.640355,1808644494.364737,-46159712.240409,-23389956.098073,18086444.870846,-461597.126138,0.000000,0.000000,0.000000,0.871651
-139.449543,24.874578,87.978873,-1.139606,0.139039,0.888899,0.000000,0.000000,0.000000,1.123621
698654.820580,813510.917441,-2246719.928772,6986.752303,8135.099449,-22467.195168,0.000000,0.000000,0.000000,0.863915
31607.240201,458157.221036,167931.730601,316.303805,4581.552874,1679.313680,0.000000,0.000000,0.000000,0.955058
-38202.763561,-85535.560047,59043.797295,-381.781342,-855.379760,590.434220,0.000000,0.000000,0.000000,0.834440
37.469349,8.531254,83.196493,0.810833,0.250923,0.766809,0.000000,0.000000,0.000000,1.015190
-2059.559072,-2485.612538,1459.862808,-20.463725,-24.772888,14.596767,0.000000,0.000000,0.000000,1.190213
709.166965,-369.990597,365.160277,7.683280,-3.830074,3.742603,0.000000,0.000000,0.000000,1.010340
257.560523,-853.753607,243.652478,2.842199,-8.509411,2.432697,0.000000,0.000000,0.000000,0.812301
-473554.129402,-318590.215880,-212366.552530,-4735.356085,-3185.900369,-2123.666447,0.000000,0.000000,0.000000,1.025505
353.083495,1359.409732,1710.292340,3.799045,13.598593,17.101156,0.000000,0.000000,0.000000,0.837771
-36510632.292240,-64821897.262532,35002950.610714,-365106.119627,-648218.977339,350029.504340,0.000000,0.000000,0.000000,1.046956
418855951.966352,-50430227.821637,91913129.956434,4188559.691594,-504302.325099,919131.301429,0.000000,0.000000,0.000000,1.066873
-71.678507,61.309305,32.478262,-0.560867,0.787591,0.204032,0.000000,0.000000,0.000000,0.984859
-291754.327094,-394090.063804,-313944.943605,-2917.401760,-3940.942001,-3139.447168,0.000000,0.000000,0.000000,0.822774
-60641967.637633,-114166123.820282,37212921.714586,-606419.472609,-1141661.223384,372129.216274,0.000000,0.000000,0.000000,1.142448
34939.967810,-30093.129630,-43560.778024,349.489702,-300.854395,-435.607495,0.000000,0.000000,0.000000,1.156151
-126.292821,-32.801439,100.107168,-1.018580,-0.358661,1.009072,0.000000,0.000000,0.000000,1.138209
119424.669127,-25351.580704,154801.214616,1203.994265,-255.633048,1560.491549,0.000000,0.000000,0.000000,0.920994
6570969.659532,-911927.405376,-4061193.936231,65907.726050,-9146.713817,-40734.147659,0.000000,0.000000,0.000000,1.097459
-49.840292,-50.065929,-65.648652,-0.265163,-0.539211,-0.721095,0.000000,0.000000,0.000000,0.962119
128558.040673,662536.979051,358592.034491,1285.788020,6625.264516,3585.916204,0.000000,0.000000,0.000000,0.825075
5954502.661393,-2721390.193832,8805469.278819,59545.176289,-27213.906609,88054.694834,0.000000,0.000000,0.000000,1.081014
7211.883582,8512.920301,6372.891312,72.262233,85.107160,63.725678,0.000000,0.000000,0.000000,1.043635
7004.431381,-67317.532980,-13957.168208,70.369247,-673.148559,-139.572064,0.000000,0.000000,0.000000,0.836206
-649684.236239,-304074.015906,397331.537793,-6496.710589,-3040.793550,3973.315249,0.000000,0.000000,0.000000,0.887222
-190.880129,-681.413754,-556.993746,-1.592638,-6.953952,-5.594021,0.000000,0.000000,0.000000,0.829103
9218024940.297600,56530005724.132004,100305830790.011383,92180249.615768,565300057.229530,1003058307.895958,0.000000,0.000000,0.000000,0.815176
1486827062967.200928,1017374107618.149780,-471145204919.704102,14868270629.902517,10173741076.182596,-4711452049.200404,0.000000,0.000000,0.000000,0.844437
21897102.924395,22682003.834377,-12005314.631298,218971.205178,226820.035917,-120053.150187,0.000000,0.000000,0.000000,0.928135
-540.185873,5949.149131,-5014.877946,-5.173042,59.570703,-50.147602,0.000000,0.000000,0.000000,1.174177
384642.910339,-68707.180094,24524.536560,3846.713637,-687.191324,245.243767,0.000000,0.000000,0.000000,1.045710
-107.371814,-306.210407,-111.046250,-0.848645,-3.201245,-1.108463,0.000000,0.000000,0.000000,1.160726
98852666805.607620,-124966854986.686539,-26057980311.681435,988526668.262045,-1249668549.888391,-260579803.112229,0.000000,0.000000,0.000000,1.058136
-5515.345836,609.447363,1679.986669,-54.953506,6.030036,16.796675,0.000000,0.000000,0.000000,0.846378
-45965.745475,50278.861722,38182.304818,-459.924224,503.348141,382.208474,0.000000,0.000000,0.000000,1.182231
-1933.242064,5480.291322,4337.329669,-19.105373,54.732775,43.373006,0.000000,0.000000,0.000000,1.180357
92.985150,-23.180166,107.360601,1.232419,-0.177674,1.111153,0.000000,0.000000,0.000000,1.063029
-53.364477,-70.094872,101.288942,-0.313812,-0.651551,1.003642,0.000000,0.000000,0.000000,0.848960
29.303477,-1069.700217,-891.120437,0.416951,-10.785754,-8.907402,0.000000,0.000000,0.000000,0.864947
612.960881,1155.054223,833.625864,6.363870,11.512568,8.331782,0.000000,0.000000,0.000000,0.999556
-37286.082150,123782.785247,262670.647015,-372.621522,1237.769633,2626.705554,0.000000,0.000000,0.000000,1.096175
-23.823405,2.360832,89.303525,-0.004005,0.130027,0.900595,0.000000,0.000000,0.000000,0.918964
-409564.016391,165505.601073,391665.942965,-4095.331250,1655.114210,3916.661188,0.000000,0.000000,0.000000,0.885209
-101775.218926,-112250.828971,43046.170556,-1017.548560,-1122.477007,430.462574,0.000000,0.000000,0.000000,0.897048
-1167.900721,-16509.075769,-381.503243,-11.526122,-164.969044,-3.810966,0.000000,0.000000,0.000000,1.000404
6078860.198087,39797996.077530,9605469.321386,60788.752759,397980.038060,96054.695063,0.000000,0.000000,0.000000,0.982238
21.915917,-72.851851,158.653059,0.390428,-0.678924,1.585167,0.000000,0.000000,0.000000,0.949265
-29361.580101,-26017.853675,16388.542570,-293.401367,-260.227372,163.883175,0.000000,0.000000,0.000000,0.999438
19.952181,-27.490319,67.190424,0.326293,-0.182290,0.697405,0.000000,0.000000,0.000000,1.144124
-75.928526,-131.365530,134.548170,-0.515588,-1.234245,1.359169,0.000000,0.000000,0.000000,0.899783
1069.681430,-8117.685964,1492.372190,10.968984,-81.232175,14.921951,0.000000,0.000000,0.000000,1.130132
32.425005,224.689694,150.585566,0.665911,2.242891,1.530531,0.000000,0.000000,0.000000,0.946264
-104.671446,797.276314,393.706544,-0.705800,7.921866,3.934518,0.000000,0.000000,0.000000,0.876357
1828704.395214,-3695520.073959,-2768598.716052,18305.513585,-36992.301229,-27713.696851,0.000000,0.000000,0.000000,0.992490
-7743955.527048,13696506.515158,-3049683.791618,-77439.365479,136965.047501,-30496.841843,0.000000,0.000000,0.000000,0.919839
1578618.369674,277954.126733,-3201706.553703,15786.386523,2779.546397,-32017.062502,0.000000,0.000000,0.000000,0.889647
-1709252.705146,-1962695.843672,1950591.031076,-17092.357610,-19626.960522,19505.908063,0.000000,0.000000,0.000000,1.196938
21133.771563,-19549.176959,8953.749573,211.584326,-195.441245,89.534591,0.000000,0.000000,0.000000,1.077054
-11128.753623,-2881.472995,30924.073695,-111.090007,-28.873980,309.238246,0.000000,0.000000,0.000000,1.087227
1038472.195871,-1481162.978081,1996371.741494,10384.948999,-14811.612178,19963.718387,0.000000,0.000000,0.000000,0.873973
1321.624343,3796.784436,-1161.274631,13.463083,37.936639,-11.608331,0.000000,0.000000,0.000000,0.974196
-1788114.017408,-652068.615645,668193.659290,-17880.994285,-6520.660075,6681.936629,0.000000,0.000000,0.000000,0.866828
7088.342108,-7920.992056,-8007.233710,71.103224,-79.234079,-80.068672,0.000000,0.000000,0.000000,1.042817
5443.574996,14.536878,-2656.787792,54.638324,0.137579,-26.609712,0.000000,0.000000,0.000000,1.160956
-36536.987106,18842.166289,-18212.935531,-365.245183,188.446718,-182.130897,0.000000,0.000000,0.000000,0.891919
21080.627169,-43444.735902,-22436.748519,210.977167,-434.416172,-224.362597,0.000000,0.000000,0.000000,0.891456
47.385231,54.126419,-34.757507,0.647571,0.627069,-0.428196,0.000000,0.000000,0.000000,1.187455
358.458265,-173.854069,803.118234,3.700226,-1.627859,8.027773,0.000000,0.000000,0.000000,1.192895
11537812307.898394,4787088450.516391,4198652448.200518,115378123.358274,47870884.474127,41986524.486126,0.000000,0.000000,0.000000,0.976825
1206672.688500,-64812.154522,-1428441.857209,12066.897659,-648.130698,-14284.420222,0.000000,0.000000,0.000000,1.062141
-20.489908,161.854110,260.709327,0.070543,1.549227,2.627428,0.000000,0.000000,0.000000,1.177009
-3699804.929918,-494979.870058,6699577.241234,-36997.752459,-4949.890167,66995.774058,0.000000,0.000000,0.000000,1.186791
19567.795451,9412.617509,-2051.079585,196.548572,94.539506,-20.590375,0.000000,0.000000,0.000000,1.124175
-16121522.347238,31909940.416437,-3660408.895870,-161215.012034,319099.393280,-36604.086593,0.000000,0.000000,0.000000,1.172772
-9.568057,415.272854,282.721114,-0.033477,4.217609,2.869964,0.000000,0.000000,0.000000,0.850789
-311803.734911,-455424.803458,-183096.174490,-3117.781726,-4554.193362,-1830.965225,0.000000,0.000000,0.000000,0.985556
-11190926.194409,6537442.841395,-61682434.756084,-111909.047057,65374.285854,-616824.346809,0.000000,0.000000,0.000000,0.910865
171951.991443,11604.463645,-300376.019135,1719.706252,116.057838,-3003.759524,0.000000,0.000000,0.000000,0.940245
-58.644249,-85.326143,96.056034,-0.532119,-0.923293,1.016401,0.000000,0.000000,0.000000,1.104931
-638284.963571,-597908.184130,1439246.088599,-6382.663642,-5979.109103,14392.461746,0.000000,0.000000,0.000000,1.182283
-7291.299360,6992.289599,28725.664345,-72.696146,69.883668,287.255303,0.000000,0.000000,0.000000,1.180009
-5250.589295,-7938.366296,-8782.767052,-52.284895,-79.388465,-87.826754,0.000000,0.000000,0.000000,1.101541
-68174331.810712,-498832289.201867,-159976207.786961,-681743.113438,-4988322.905846,-1599762.079008,0.000000,0.000000,0.000000,1.066494
110675.882089,-91994.039414,-26467.784459,1106.938358,-919.916667,-264.674111,0.000000,0.000000,0.000000,0.893703
559591.641874,1554956.541206,183987.663577,5596.104543,15549.544692,1839.873835,0.000000,0.000000,0.000000,0.889287
-152.304562,-156.363064,-23.856704,-1.244681,-1.678636,-0.234924,0.000000,0.000000,0.000000,0.801348
-2143187.320091,1089117.487344,-322277.258271,-21431.652634,10891.159651,-3222.769661,0.000000,0.000000,0.000000,0.897921
-1102473.571008,170622.547658,1381462.277309,-11024.562687,1706.215982,13814.618313,0.000000,0.000000,0.000000,1.125234
158914626215.315277,51156075784.786430,185330278516.959961,1589146262.376579,511560757.887784,1853302785.166852,0.000000,0.000000,0.000000,0.952242
-17129.151015,-5981.812177,14975.039729,-175.314675,-61.166572,153.487210,0.000000,0.000000,0.000000,1.137772
-265974.228062,-319490.849232,-704672.147103,-2659.540899,-3194.897128,-7046.717539,0.000000,0.000000,0.000000,1.181822
616018.094458,476893.584253,-804525.870409,6160.423147,4768.932796,-8045.256901,0.000000,0.000000,0.000000,1.053305
-52.561525,36.018885,16.491799,-0.401518,0.326166,0.138954,0.000000,0.000000,0.000000,0.944790
327359.987513,-16275.928352,990948.639416,3273.798137,-162.746275,9909.482002,0.000000,0.000000,0.000000,1.095001
17555.578723,-6127.086171,16308.253047,175.766417,-61.334565,163.079614,0.000000,0.000000,0.000000,1.041333
274216.725374,704315.361221,146008.613139,2742.403383,7043.142968,1460.081284,0.000000,0.000000,0.000000,1.159337
-50.739856,-4.437779,60.507629,-0.241882,-0.116958,0.582418,0.000000,0.000000,0.000000,1.143483
27057.938974,-19892.732540,-11465.072180,270.779872,-198.791185,-114.650753,0.000000,0.000000,0.000000,0.954676
-41396.220726,-4658.208174,3703.402290,-413.659736,-46.576182,37.033998,0.000000,0.000000,0.000000,1.160653
-145.996443,759.839023,-524.765118,-1.285260,7.485454,-5.244306,0.000000,0.000000,0.000000,0.830318
-179040.710578,-197145.923168,-61113.833690,-1790.138071,-1971.458502,-611.133670,0.000000,0.000000,0.000000,1.005126
-2007164.139290,-2071626.938020,-1483268.456082,-20071.434985,-20716.179977,-14832.684971,0.000000,0.000000,0.000000,1.158877
-113209.937487,-932008.835463,-780476.696473,-1131.877541,-9320.191293,-7804.766302,0.000000,0.000000,0.000000,1.020097
230948.699522,39739.862499,-72676.342076,2309.736296,397.259460,-726.766388,0.000000,0.000000,0.000000,1.037147
-14244.895689,-58919.195611,57047.222663,-142.309751,-589.260858,570.469651,0.000000,0.000000,0.000000,0.976821
-143500.770030,435608.238957,239690.356509,-1434.726185,4356.200213,2396.904591,0.000000,0.000000,0.000000,0.913593
30.685879,87.360852,28.018593,0.461524,1.005455,0.268852,0.000000,0.000000,0.000000,0.942740
-496.944116,83.752393,98.504858,-5.099796,0.980997,0.916612,0.000000,0.000000,0.000000,0.958484
-29.937054,9.355539,1.703024,-0.000856,0.209789,-0.032583,0.000000,0.000000,0.000000,1.170001
-20912.882298,3212.997775,-11275.359695,-208.931313,32.088401,-112.755939,0.000000,0.000000,0.000000,0.945104
-25164203.360564,-26067093.387606,13882108.570703,-251641.855805,-260670.934370,138821.080809,0.000000,0.000000,0.000000,0.806143
108677513.900628,-184279762.021824,19105715.313120,1086775.317049,-1842797.534655,191057.151443,0.000000,0.000000,0.000000,0.887157
3207903968.390998,3564025788.283104,-2944855299.094103,32079039.883324,35640257.897673,-29448552.988567,0.000000,0.000000,0.000000,1.031721
-3966.645885,4705.984376,-3072.018382,-39.488954,47.070876,-30.716970,0.000000,0.000000,0.000000,1.185306
184314339.137192,-186704887.914675,-54403862.381624,1843143.591000,-1867048.849913,-544038.621006,0.000000,0.000000,0.000000,0.804055
210687.605417,-93228.035316,679225.629599,2107.042970,-932.258614,6792.253186,0.000000,0.000000,0.000000,0.857400
-50856.197374,-26891.582377,9753.101003,-508.263319,-269.018188,97.529080,0.000000,0.000000,0.000000,1.172317
14311362224.621681,9588389396.744455,-1097057910.267420,143113622.352658,95883893.860542,-10970579.107560,0.000000,0.000000,0.000000,0.839125
-182.136583,-607.740766,442.988568,-1.523187,-6.173912,4.437422,0.000000,0.000000,0.000000,1.044693
-12400927.791297,-201318.126280,62596832.461998,-124009.070555,-2013.167002,625968.323719,0.000000,0.000000,0.000000,1.198128
-157.316976,1428.146619,-1115.777548,-1.461401,14.299956,-11.158133,0.000000,0.000000,0.000000,1.184516
-2693.625797,1484.854537,2187.402915,-26.728106,14.810200,21.873804,0.000000,0.000000,0.000000,0.856857
-37.332549,-70.026159,92.332122,-0.044236,-0.662657,0.953006,0.000000,0.000000,0.000000,0.962641
10637.402719,29547.881726,-4952.256782,106.555908,295.494491,-49.519309,0.000000,0.000000,0.000000,1.080431
5394458.433339,19115861.812372,68697848.774106,53944.816284,191158.488897,686978.484894,0.000000,0.000000,0.000000,0.845513
1421789.756305,325756.413731,-857430.246165,14218.192060,3257.568788,-8574.300192,0.000000,0.000000,0.000000,0.911640
2107669424712.347900,-23248566267878.585938,-6743690090127.855469,21076694247.331150,-232485662678.757812,-67436900901.281952,0.000000,0.000000,0.000000,0.981403
-18.608040,-19.348786,98.668444,-0.095262,-0.133658,1.057077,0.000000,0.000000,0.000000,1.135734
-2516369.922990,-3247430.813103,3337736.088794,-25163.430950,-32474.360205,33377.363215,0.000000,0.000000,0.000000,1.089831
-11089.497795,-684.285958,3815.528067,-110.686043,-6.768077,38.157140,0.000000,0.000000,0.000000,0.947485
7967.691179,-6368.326318,2447.888598,82.751079,-65.872774,25.295635,0.000000,0.000000,0.000000,1.053785
20079378.631768,-3967062.411588,-5352215.137033,200794.001056,-39670.643927,-53522.153862,0.000000,0.000000,0.000000,1.181194
-135870.410152,27982.963648,-170210.351488,-1369.542094,282.013003,-1715.831279,0.000000,0.000000,0.000000,0.832507
-99145.750575,-825608.685902,-295375.165102,-991.395466,-8256.114519,-2953.749426,0.000000,0.000000,0.000000,1.144125
93.229510,-607.958544,-356.513202,1.032341,-6.130778,-3.574539,0.000000,0.000000,0.000000,0.819656
236142.040671,380464.239539,-468067.559293,2361.541211,3804.632450,-4680.677210,0.000000,0.000000,0.000000,0.978073
3.851480,-48.557238,89.902530,0.323550,-0.375097,0.936189,0.000000,0.000000,0.000000,0.927466
-12568.631954,-2968.206613,-3562.299370,-125.694815,-29.642646,-35.659559,0.000000,0.000000,0.000000,1.029083
-5352.943431,3835.559698,-1170.135371,-53.295772,38.435899,-11.704855,0.000000,0.000000,0.000000,1.152193
-352514.942548,8992.666044,-211491.104432,-3524.984291,89.934873,-2114.911570,0.000000,0.000000,0.000000,1.048803
-5968.839775,2475.018179,-6002.518851,-59.600781,24.689807,-60.021826,0.000000,0.000000,0.000000,1.076297
2074981.277977,14858303.036083,-4549609.324917,20750.047603,148582.934736,-45496.094036,0.000000,0.000000,0.000000,1.151527
-1714640396.279523,-5174811904.756480,-974274762.065488,-17694947.015501,-53403631.687664,-10054435.129657,0.000000,0.000000,0.000000,0.847945
-14806.301493,-21148.994008,1142.046049,-147.819440,-211.400501,11.420964,0.000000,0.000000,0.000000,1.111519
-12.495206,73.662816,23.734446,-0.072233,0.771318,0.232049,0.000000,0.000000,0.000000,1.031342
-34.149086,59.108062,3.425999,-0.188992,0.607119,0.340913,0.000000,0.000000,0.000000,0.875287
254892075.206520,161904763.774111,324200230.567332,2548920.988184,1619047.650107,3242002.308773,0.000000,0.000000,0.000000,1.119452
9926.822219,86557.729149,-123675.800788,99.432968,865.582804,-1236.754878,0.000000,0.000000,0.000000,0.832110
-99502.948500,1708044.547495,-512119.969597,-994.825223,17080.553408,-5121.196573,0.000000,0.000000,0.000000,0.968123
-55045253.382643,-65298095.864651,53794484.452026,-550452.251109,-652980.940171,537944.840165,0.000000,0.000000,0.000000,1.047359
-3605839055.702370,-3998624948.745639,3259195466.853864,-36058390.356544,-39986249.471434,32591954.669948,0.000000,0.000000,0.000000,0.925759
-221.096083,320.569372,-160.994337,-1.955307,3.380157,-1.684878,0.000000,0.000000,0.000000,0.987086
-270.430443,504.194836,646.665299,-2.577178,5.038907,6.469512,0.000000,0.000000,0.000000,1.061423
4713.551151,3743.598197,-10333.755743,47.238453,37.405421,-103.334197,0.000000,0.000000,0.000000,1.150372
8245007.747047,-215050386.706381,170752292.962920,82450.285338,-2150503.832852,1707522.924984,0.000000,0.000000,0.000000,1.190815
-474.676325,191.703064,-500.127019,-4.478033,1.921242,-5.015651,0.000000,0.000000,0.000000,0.867286
13280462.011896,-120846304.612113,43809619.181353,132804.831478,-1208463.069864,438096.192145,0.000000,0.000000,0.000000,0.840931
-249.969231,-58.659148,33.967818,-2.315014,-0.544591,0.315222,0.000000,0.000000,0.000000,0.844658
-49.190058,-72.859718,89.801367,-0.218319,-0.814666,0.962713,0.000000,0.000000,0.000000,1.021148
-49.372333,-29.878966,58.071262,-0.339025,-0.323583,0.541799,0.000000,0.000000,0.000000,0.911438
-378567.241529,115439.226940,-118887.114794,-3785.394372,1154.381125,-1188.869425,0.000000,0.000000,0.000000,1.164890
53.102189,-4973.097065,8694.219373,0.774575,-49.638763,86.937868,0.000000,0.000000,0.000000,1.065780
-77.466211,17.938761,232.776160,-0.540682,0.214868,2.324048,0.000000,0.000000,0.000000,0.818145
-174460.609767,-148119.259285,94042.289324,-1744.358750,-1481.214306,940.425380,0.000000,0.000000,0.000000,1.022969
1330817.019009,-1255736.027240,179162.372825,13308.402774,-12557.450570,1791.621718,0.000000,0.000000,0.000000,1.021750
4819.380730,-4206.522994,9156.138991,48.393051,-42.040534,91.557932,0.000000,0.000000,0.000000,1.128971
18.047178,34.352633,65.174886,0.566269,0.357731,0.676693,0.000000,0.000000,0.000000,0.828819
-1245.607014,8870.877232,8885.965068,-12.197339,88.702137,88.855498,0.000000,0.000000,0.000000,1.187988
-56219.851803,-7047.993522,38036.627194,-561.918629,-70.409993,380.367131,0.000000,0.000000,0.000000,0.992612
-738535627.833429,-26139840.761392,531122641.416258,-7385356.045365,-261398.524982,5311226.413784,0.000000,0.000000,0.000000,0.900015
236341157.990276,-252245565.019660,-183404079.035868,2363411.667132,-2522455.660006,-1834040.794095,0.000000,0.000000,0.000000,1.066297
-119.113033,-242.969689,307.712671,-1.103863,-2.393835,3.074543,0.000000,0.000000,0.000000,0.986453
4112.926443,3252.810440,6009.893530,41.430486,32.606722,60.096941,0.000000,0.000000,0.000000,0.865427
303615285.793857,484701532.545515,-524656344.480781,3036153.061929,4847015.309395,-5246563.445593,0.000000,0.000000,0.000000,0.898110
-110.870722,-992.844789,987.649976,-0.780915,-9.979759,9.892540,0.000000,0.000000,0.000000,0.964653
-4491.466542,-5723.720036,51947.011985,-44.731437,-57.136799,519.469528,0.000000,0.000000,0.000000,0.961394
-9557001663.965639,-3965241540.033557,-3477828025.523554,-95570016.358842,-39652415.430740,-34778280.250559,0.000000,0.000000,0.000000,1.179285
-158238.366635,-132723.303632,-24303.770052,-1582.157047,-1327.198610,-243.032814,0.000000,0.000000,0.000000,1.141455
5832.549746,5324.190091,3217.776185,58.671791,53.300003,32.240495,0.000000,0.000000,0.000000,1.005335
-342792.778235,-879812.201903,-182021.815523,-3427.690275,-8798.129127,-1820.222271,0.000000,0.000000,0.000000,0.928633
-157816.239688,82039.695752,-191675.830324,-1577.991742,820.416847,-1916.754533,0.000000,0.000000,0.000000,1.097397
-2419235.159489,-2725029.037474,982395.900158,-24192.164428,-27250.300825,9823.959918,0.000000,0.000000,0.000000,1.029214
-12037.901960,56836.472886,29955.539744,-120.220607,568.405041,299.556821,0.000000,0.000000,0.000000,0.894533
-223764.491715,89430.527854,-164988.358900,-2237.397534,894.302379,-1649.881977,0.000000,0.000000,0.000000,1.089561
1662.711799,-461.180501,2978.848232,16.888938,-4.502184,29.809184,0.000000,0.000000,0.000000,1.175445
6253.561831,-7457.742865,30353.002220,62.726245,-74.484663,303.529389,0.000000,0.000000,0.000000,1.064853
-302765553457.970154,111421306803.857635,-152654998587.748383,-3027655534.290978,1114213067.948574,-1526549985.875960,0.000000,0.000000,0.000000,1.025197
-188513.273754,104562.050407,9844.826926,-1884.805411,1045.616607,98.446953,0.000000,0.000000,0.000000,1.156436
-41.933460,-67.734000,72.991665,-0.241417,-0.588972,0.753406,0.000000,0.000000,0.000000,1.031836
2281.990265,-527.041564,801.378195,23.002217,-5.254144,8.009365,0.000000,0.000000,0.000000,0.896157
5008195.771300,-3644283.063287,6919510.770608,50082.129474,-36442.835305,69195.106704,0.000000,0.000000,0.000000,1.181418
566.275210,-2915.747107,1298.111563,5.940605,-29.135010,12.976843,0.000000,0.000000,0.000000,1.110292
10807.653161,10695.789290,16747.402594,108.383343,106.890794,167.470381,0.000000,0.000000,0.000000,0.887501
553398.539478,246198.502181,978069.793663,5534.166990,2461.985587,9780.695818,0.000000,0.000000,0.000000,1.039350
2548.138880,-1244.727419,-3694.210494,25.633371,-12.381074,-36.937383,0.000000,0.000000,0.000000,1.039584
201396715974.306915,1712981146646.369385,-853481377316.908936,2013967159.906348,17129811466.500095,-8534813773.170730,0.000000,0.000000,0.000000,1.198868
9648.387632,-9505.108294,-38785.923369,96.699528,-95.089150,-387.855816,0.000000,0.000000,0.000000,0.871438
129.694088,19.449584,24.707530,1.551491,0.290161,0.215746,0.000000,0.000000,0.000000,1.057511
-10666.418064,20131.082592,22501.317321,-106.489408,201.334634,225.012564,0.000000,0.000000,0.000000,0.847838
-59924696723.686783,-31249248935.329998,357747221904.059143,-599246967.019529,-312492489.366828,3577472219.042420,0.000000,0.000000,0.000000,1.066998
8.251062,-23.593443,34.104600,0.303990,-0.338626,0.355966,0.000000,0.000000,0.000000,0.847053
2478.044774,-7147.497169,-5578.282315,25.005920,-71.540748,-55.779708,0.000000,0.000000,0.000000,0.905289
215.529113,151.343599,235.533212,2.360993,1.448654,2.369751,0.000000,0.000000,0.000000,0.864598
-204326.932683,264320.889771,42249.862563,-2043.073694,2643.203109,422.493953,0.000000,0.000000,0.000000,1.022130
-30442540.711414,-144823181.772606,-217451277.117738,-304425.314462,-1448231.727355,-2174512.769474,0.000000,0.000000,0.000000,0.930288
-41244994.898017,-36216993.309235,14596652.255300,-412449.734069,-362169.874458,145966.526699,0.000000,0.000000,0.000000,1.042631
1104968.676077,324182.825616,-248165.691667,11049.831534,3241.753923,-2481.657381,0.000000,0.000000,0.000000,1.096076
-6662.366888,-13094.440691,-392777.271585,-66.455584,-130.923174,-3927.772048,0.000000,0.000000,0.000000,0.948953
2952.754549,-11361.130482,5935.682216,29.595420,-113.646724,59.353381,0.000000,0.000000,0.000000,1.145340
149305.618326,824406.719018,418163.228685,1493.273473,8243.986740,4181.631265,0.000000,0.000000,0.000000,1.084248
799.722399,-692.491480,-2654.947379,8.206012,-6.877091,-26.546440,0.000000,0.000000,0.000000,1.008535
2476862995.116582,-1725457476.604202,-426453672.624512,24768630.125943,-17254574.760538,-4264536.730576,0.000000,0.000000,0.000000,0.940286
-1662883.793124,-11003310.727097,-6617324.667832,-16628.535845,-110033.014551,-66173.243393,0.000000,0.000000,0.000000,1.122959
27.595777,30.589301,138.306289,0.537339,0.410760,1.476608,0.000000,0.000000,0.000000,1.034345
-20587.781249,-7069.283077,-2207.386991,-205.754663,-70.712435,-22.072953,0.000000,0.000000,0.000000,1.096461
9426736.139622,2063454.005287,-13276259.209388,94267.640957,20634.556471,-132762.592582,0.000000,0.000000,0.000000,0.922344
-5075.076051,3322.062069,-4468.621147,-50.485042,33.136708,-44.681580,0.000000,0.000000,0.000000,1.182083
-21623748.445862,-777306257.088028,-212542746.835942,-216237.423577,-7773062.586863,-2125427.465703,0.000000,0.000000,0.000000,1.137618
-24955.992546,-494002.242103,-6473.879401,-249.438758,-4940.010138,-64.738402,0.000000,0.000000,0.000000,0.977799
-43039.978266,-27176.137537,-17312.552317,-430.166030,-271.835746,-173.128057,0.000000,0.000000,0.000000,0.905500
-74.236341,33.532582,18.796665,-0.517428,0.289093,0.146360,0.000000,0.000000,0.000000,0.970647
-51903.052706,-182618.634129,-278989.256487,-526.227905,-1852.139466,-2829.575784,0.000000,0.000000,0.000000,1.041833
8529368159.171305,-168402100564.222900,-228094277515.195160,85293681.760622,-1684021005.570185,-2280942775.151720,0.000000,0.000000,0.000000,0.839044
260300.149272,-217334.608872,-399668.010666,2603.194967,-2173.330694,-3996.676211,0.000000,0.000000,0.000000,1.134157
152779224.307617,3522617791.822031,-2188296217.980191,1527792.474849,35226177.957262,-21882962.175441,0.000000,0.000000,0.000000,1.163537
-2974012.410818,-1029645.716035,1781818.143559,-29739.889937,-10296.475864,17818.181905,0.000000,0.000000,0.000000,0.967401
-50.747482,-135.686393,29.420830,-0.269256,-1.342801,0.290490,0.000000,0.000000,0.000000,1.051263
210.263968,108.587114,-298.020490,2.399396,1.028549,-3.017161,0.000000,0.000000,0.000000,0.896020
445841.792989,464283.756239,100893.765592,4458.595871,4642.806338,1008.937355,0.000000,0.000000,0.000000,0.804705
-477.339540,628.440786,-437.316383,-4.559654,6.165337,-4.370134,0.000000,0.000000,0.000000,0.942999
-5224176.923122,-142306730.077991,-91473341.580987,-52241.574052,-1423067.307016,-914733.412716,0.000000,0.000000,0.000000,1.010987
-32855.118523,-25429.960229,37614.907887,-328.246117,-254.342755,376.144356,0.000000,0.000000,0.000000,0.942820
229686461953.376984,-371495313811.479736,446252513271.361267,2296864619.666075,-3714953138.099766,4462525132.716005,0.000000,0.000000,0.000000,0.962942
-9532.657530,-16832.812859,1829.328345,-95.158763,-168.312575,18.289013,0.000000,0.000000,0.000000,0.807800
133335.934914,-398528.913740,-220284.750044,1333.639725,-3985.167889,-2202.844584,0.000000,0.000000,0.000000,0.996413
148081.006261,-264472.377130,-86073.634052,1480.973305,-2644.711792,-860.736167,0.000000,0.000000,0.000000,0.931207
15626.353052,-39662.623379,-33677.325239,156.489714,-396.605425,-336.768370,0.000000,0.000000,0.000000,0.940354
-33.365471,-61.463195,23.872690,-0.076398,-0.729657,0.234159,0.000000,0.000000,0.000000,1.135388
4841394.303526,-273243.153418,-843778.593280,48414.171243,-2732.446735,-8437.787881,0.000000,0.000000,0.000000,0.883397
94594.839119,-289060.645979,-961568.257059,946.089707,-2890.565602,-9615.679428,0.000000,0.000000,0.000000,1.058488
-185693433.691034,-273152041.102159,312049051.435217,-1856934.076816,-2731520.515631,3120490.516789,0.000000,0.000000,0.000000,0.996876
302344248869.329651,17189652301.797966,-427197300681.434998,3023442488.899899,171896523.013415,-4271973006.813911,0.000000,0.000000,0.000000,1.144424
154.751858,1818.176202,1967.961740,1.757430,18.187086,19.675408,0.000000,0.000000,0.000000,0.916588
-271368504.252431,-172219074.690811,-344952439.030684,-2713684.805091,-1722190.733708,-3449524.385536,0.000000,0.000000,0.000000,1.052027
310901.072799,-123904.293736,-299384.923162,3109.316844,-1238.983623,-2993.844779,0.000000,0.000000,0.000000,1.164678
5879799999.047771,679955039.173835,1197795022.806365,58798000.190162,6799550.404971,11977950.227233,0.000000,0.000000,0.000000,1.061098
-68214.606527,-27465.585821,-3538.617715,-682.006967,-274.783889,-35.381341,0.000000,0.000000,0.000000,0.951685
-6208496.502780,15644140.198742,-9801935.270943,-62084.786048,156441.434203,-98019.352196,0.000000,0.000000,0.000000,0.840609
-2333615533.213681,1653422288.157624,416140423.662479,-23336155.155757,16534222.885963,4161404.232018,0.000000,0.000000,0.000000,0.988357
-6114.694796,-4484.321368,12586.819559,-61.041738,-44.872092,125.866897,0.000000,0.000000,0.000000,0.945544
-1380.525252,-743.554929,-1041.678197,-13.533952,-7.426697,-10.414994,0.000000,0.000000,0.000000,0.951091
-2117.379961,680.419205,-866.667136,-21.268967,6.800830,-8.787643,0.000000,0.000000,0.000000,0.839014
-21.971326,14.996481,72.235170,-0.231559,0.494261,0.909331,0.000000,0.000000,0.000000,1.148896
145.469871,-2428.386206,3029.340542,1.596260,-24.345819,30.290565,0.000000,0.000000,0.000000,0.878896
-25878.281664,120981.606526,-349051.886337,-258.602121,1209.888428,-3490.513871,0.000000,0.000000,0.000000,0.907304
39303.013108,24975.980042,15983.475574,393.259953,249.682939,159.830632,0.000000,0.000000,0.000000,0.987589
19712939.216935,144902342.921683,-38886771.251981,197129.580641,1449023.442451,-388867.715479,0.000000,0.000000,0.000000,0.917638
48239.965575,171217.283408,263152.517786,489.420717,1736.457822,2668.815990,0.000000,0.000000,0.000000,1.108671
1442.468088,865.975519,-205.663269,14.769661,8.683180,-2.066843,0.000000,0.000000,0.000000,0.961355
-111538.539763,-773836.244008,-16266.736952,-1115.166800,-7738.411234,-162.671228,0.000000,0.000000,0.000000,1.099488
-6089821731.674987,-11290774331.222366,-16648645114.593821,-60898217.095659,-112907743.271440,-166486451.149463,0.000000,0.000000,0.000000,0.911037
13193.188190,12281.542099,13335.135785,132.144277,122.746094,133.348974,0.000000,0.000000,0.000000,1.100910
642805494.734718,6027664748.193856,-6794726941.479709,6428055.151449,60276647.490307,-67947269.416413,0.000000,0.000000,0.000000,1.073747
202304.933438,27964.686658,5459.788798,2023.177239,279.661081,54.600401,0.000000,0.000000,0.000000,0.876352
3049.797592,1276.287728,-730.146614,30.854990,12.790808,-7.363521,0.000000,0.000000,0.000000,1.178540
-401249.721263,-2985175.336088,512498.688885,-4012.293547,-29851.678791,5124.990514,0.000000,0.000000,0.000000,1.135274
322959000.893332,-335561888.957053,-204432575.347169,3229590.207339,-3355618.856999,-2044325.755927,0.000000,0.000000,0.000000,0.853435
285.054822,-726.735048,3715.626861,3.116682,-7.324056,37.152046,0.000000,0.000000,0.000000,1.128172
-17546693.195492,-130832280.168876,35317371.287942,-175466.743153,-1308322.786024,353173.709264,0.000000,0.000000,0.000000,1.014671
-1759.771741,-195.826518,611.348317,-17.381873,-1.950963,6.110803,0.000000,0.000000,0.000000,0.993887
3091.846226,-977.684755,-2621.546263,31.189935,-9.909017,-26.243731,0.000000,0.000000,0.000000,0.876248
-32130.082314,-6818.880899,11627.393493,-321.087919,-68.289693,116.269964,0.000000,0.000000,0.000000,1.118398
9367.798297,-11758.952294,14878.707253,93.938473,-117.662122,148.941409,0.000000,0.000000,0.000000,1.036875
-121.792791,75.583849,21.609605,-1.022151,0.655868,0.224016,0.000000,0.000000,0.000000,1.032530
43511881.623794,59033078.030026,-39067286.737397,435119.097539,590330.797095,-390672.870345,0.000000,0.000000,0.000000,1.126932
-3591588.759226,2821256.923820,17866444.157719,-35915.692055,28212.510394,178664.443680,0.000000,0.000000,0.000000,1.181770
-2892.976440,-1691.523733,1409.698706,-28.820268,-16.879166,14.092693,0.000000,0.000000,0.000000,0.926611
-4719.973949,-13671.379829,-9623.409334,-47.028878,-136.711683,-96.233377,0.000000,0.000000,0.000000,1.080725
20198.813297,-20659.195119,18638.876991,202.222963,-206.622981,186.385565,0.000000,0.000000,0.000000,1.047504
-11298.251031,10514.505100,-5736.245052,-112.787972,105.173503,-57.363213,0.000000,0.000000,0.000000,1.180399
-2911.602639,4169.196670,2011.401556,-28.987236,41.577346,20.113250,0.000000,0.000000,0.000000,1.059858
39510864230401.476562,114995556941776.328125,-1444149835776477.500000,395108642304.204041,1149955569417.757080,-14441498357764.498047,0.000000,0.000000,0.000000,0.899240
-2365328377596.848145,-4169152004456.728027,-1498857092450.210449,-23653283775.767609,-41691520044.446152,-14988570924.498957,0.000000,0.000000,0.000000,0.800287
-43.448746,11.522230,69.045706,-0.138137,0.185332,0.743908,0.000000,0.000000,0.000000,1.167949
101.914858,141.559965,134.268511,1.282496,1.548027,1.488744,0.000000,0.000000,0.000000,1.038922
-511.700726,538.346538,-417.069852,-4.917250,5.319389,-4.166652,0.000000,0.000000,0.000000,1.121563
118229.063840,974658.682356,816348.757596,1182.512123,9746.481015,8163.485835,0.000000,0.000000,0.000000,0.975422
-74.888798,8.068763,65.980523,-0.563562,-0.066992,0.662985,0.000000,0.000000,0.000000,1.126032
147865.572401,369913.876923,-245376.194133,1480.374909,3702.756149,-2456.215440,0.000000,0.000000,0.000000,0.934643
1688.722281,-22112.445672,-33522.804670,17.303466,-222.550996,-337.248768,0.000000,0.000000,0.000000,0.989983
10605.678292,-22695.028175,35479.015655,106.260947,-226.816123,354.787144,0.000000,0.000000,0.000000,0.937532
468078.726375,-71226.128318,-603223.840634,4680.969258,-712.260152,-6032.236722,0.000000,0.000000,0.000000,1.196614
11391.611225,-61684.684934,5012.020735,114.138325,-617.390242,50.165155,0.000000,0.000000,0.000000,0.869027
181200.616907,111606.762036,-327396.791199,1812.178090,1116.080905,-3273.963968,0.000000,0.000000,0.000000,1.141255
123.581961,8.139769,129.352490,1.466073,0.140336,1.364965,0.000000,0.000000,0.000000,0.932021
-54074.712333,145152.593453,-145764.190589,-540.498216,1451.500323,-1457.638316,0.000000,0.000000,0.000000,1.045511
-24468.852946,-27040.814731,1798.226891,-244.463810,-270.421098,17.983676,0.000000,0.000000,0.000000,1.006000
-83.536691,34.202524,48.212783,-0.683688,0.326124,0.440385,0.000000,0.000000,0.000000,1.044041
-148936694.639287,-97567198.889422,251627702.061023,-1489366.678666,-975672.002641,2516277.017944,0.000000,0.000000,0.000000,0.821489
22471.140777,-9174.760004,-2724.243744,224.895600,-91.664314,-27.238042,0.000000,0.000000,0.000000,0.842214
-6614922.613749,5034698.904532,-8326437.728784,-66149.052632,50346.983037,-83264.376094,0.000000,0.000000,0.000000,1.050042
-228.305268,63.769914,-88.444633,-2.419700,0.641052,-1.053326,0.000000,0.000000,0.000000,0.927245
-441463.230188,-810733.250162,-293347.009858,-4414.404070,-8107.328760,-2933.471081,0.000000,0.000000,0.000000,0.963850
613671520.992282,2842825577.859239,993501829.525085,6136715.438287,28428255.787053,9935018.294333,0.000000,0.000000,0.000000,0.939808
2029.622309,1430.283799,7558.667598,20.440418,14.297138,75.582354,0.000000,0.000000,0.000000,1.123234
115.899106,45.249288,93.229120,1.389476,0.627209,0.949123,0.000000,0.000000,0.000000,1.194903
-19978.032327,39707.733592,-23097.694255,-199.573112,397.207991,-230.978216,0.000000,0.000000,0.000000,1.060793
-7749641519.094709,16708149767.383978,45485282016.333763,-77496414.875761,167081497.723874,454852820.165836,0.000000,0.000000,0.000000,1.196936
-4073500.837035,-13782049.786150,-4504591.697080,-40734.737182,-137820.452202,-45045.912968,0.000000,0.000000,0.000000,0.857963
-302.617042,-116.707557,97.905485,-2.818040,-1.217600,0.978079,0.000000,0.000000,0.000000,0.856542
37.038076,30.136654,62.959377,0.658029,0.192898,0.683748,0.000000,0.000000,0.000000,0.889516
20298.173952,-5746.541762,19486.982615,203.146221,-57.369573,194.868941,0.000000,0.000000,0.000000,1.197501
1277485628.839133,-443515434.843960,-666728412.557980,12774856.480667,-4435154.344531,-6667284.120596,0.000000,0.000000,0.000000,1.079987
-6022558.976095,-40870428.027339,-6978891.061796,-60225.408642,-408704.305852,-69788.909820,0.000000,0.000000,0.000000,0.872782
-3212.886436,5133.076191,-579.188006,-31.854954,51.270142,-5.793031,0.000000,0.000000,0.000000,1.184339
362.659792,-2213.287378,2061.972326,3.934644,-22.070152,20.617391,0.000000,0.000000,0.000000,1.033409
-286183.749429,-376497.633674,90130.240258,-2861.646278,-3764.957500,901.298028,0.000000,0.000000,0.000000,1.034618
155191.275529,-134734.889176,-204575.312076,1552.125874,-1347.412076,-2045.751230,0.000000,0.000000,0.000000,0.850624
-10064.085147,63560.102040,11754.937796,-100.315405,635.623069,117.548034,0.000000,0.000000,0.000000,0.817141
74.617586,547.440882,-489.607159,1.061761,5.499924,-4.903148,0.000000,0.000000,0.000000,1.168598
61.424315,-55.859022,-135.893467,0.896740,-0.520922,-1.425918,0.000000,0.000000,0.000000,1.047303
-334.969055,-107.051904,572.104047,-3.029545,-1.040065,5.716888,0.000000,0.000000,0.000000,0.975596
-43.136383,296.504643,382.675528,-0.331369,2.950422,3.842465,0.000000,0.000000,0.000000,1.010250
6497700.677538,-2109396.579680,-3120317.999396,64977.178773,-21094.101017,-31203.180068,0.000000,0.000000,0.000000,1.160936
-4402792.775826,-7400927.041733,-1059712.507130,-44027.661516,-74009.272764,-10597.121357,0.000000,0.000000,0.000000,0.853880
2428404.570086,3124741.371244,-3236421.103920,24284.312407,31247.359609,-32364.206625,0.000000,0.000000,0.000000,1.127411
66.962329,159.829150,200.384518,0.811343,1.622571,2.025180,0.000000,0.000000,0.000000,0.866887
-3510248.165102,-14806398.068488,4730643.281321,-35102.246429,-148064.073457,47306.431153,0.000000,0.000000,0.000000,1.069055
-68550475924891.968750,59576219596231.210938,94209153505516.406250,-685504759248.688721,595762195962.302856,942091535055.183472,0.000000,0.000000,0.000000,1.032493
2928063.221841,1039777.001673,-1833824.821494,29280.863586,10397.750319,-18338.245997,0.000000,0.000000,0.000000,0.970348
189.184258,133.674077,399.602464,2.054732,1.404445,3.993338,0.000000,0.000000,0.000000,0.934396
-6402609.360924,2078890.423499,3075198.467689,-64025.918845,20788.768116,30751.983274,0.000000,0.000000,0.000000,1.178252
-42.741601,-66.782260,28.404512,-0.095897,-0.733128,0.272008,0.000000,0.000000,0.000000,0.837976
-593699.958392,1967323.932082,535636.720208,-5936.856935,19673.264220,5356.368449,0.000000,0.000000,0.000000,0.964006
-8643.071269,-11411.386050,10876.399269,-86.211494,-114.129094,108.760751,0.000000,0.000000,0.000000,1.066733
-4982364.049505,-1801899.430922,746274.719680,-49823.364550,-18018.924859,7462.750721,0.000000,0.000000,0.000000,0.941113
4532460.251994,606472.155828,-8208017.737750,45324.897823,6064.629886,-82080.172948,0.000000,0.000000,0.000000,0.968685
13467.321612,-21669.489518,-1439.937655,134.951146,-216.604602,-14.395033,0.000000,0.000000,0.000000,1.003737
-165508.697008,175201.146113,43431.361617,-1654.895545,1752.021628,434.309895,0.000000,0.000000,0.000000,0.952999
-417737.638704,151462.285547,-192896.329891,-4177.090965,1514.708366,-1928.965609,0.000000,0.000000,0.000000,0.854990
-31116419.341091,-186601026.749957,-181563520.842435,-311163.978680,-1866010.265296,-1815635.205846,0.000000,0.000000,0.000000,1.055596
99.187584,100.204387,19.831941,1.067511,1.031318,0.212826,0.000000,0.000000,0.000000,0.971811
-4433.933699,-5923.873481,-5253.911966,-44.608612,-59.826862,-53.224556,0.000000,0.000000,0.000000,0.874854
4203.790434,7213.357567,9811.689861,42.256684,72.125444,98.114140,0.000000,0.000000,0.000000,1.001737
-217.790548,-1789.193419,2169.075329,-1.967639,-17.838868,21.690958,0.000000,0.000000,0.000000,1.083715
-290.977042,-1119.046956,5535.748969,-2.804236,-11.227756,55.469157,0.000000,0.000000,0.000000,1.103459
-30277.346403,16264.556241,44773.455318,-302.625902,162.619115,447.734434,0.000000,0.000000,0.000000,0.884125
5276766.000181,3396330.186554,-11513862.959629,52767.887170,33963.309732,-115138.627732,0.000000,0.000000,0.000000,1.153185
29189.740261,-3588.120819,10453.381681,291.979175,-35.849866,104.535718,0.000000,0.000000,0.000000,1.091282
2487.702827,801.459332,1453.724077,25.382849,8.029062,14.719236,0.000000,0.000000,0.000000,0.870198
-131583.065246,-184793.087404,53371.146197,-1315.545135,-1847.909561,533.712558,0.000000,0.000000,0.000000,0.992842
227664.624520,-29598.665730,-85776.345368,2276.869580,-295.954982,-857.759069,0.000000,0.000000,0.000000,0.934861
2451.769619,901.008980,692.720406,24.696403,8.996825,6.927826,0.000000,0.000000,0.000000,0.807511
-90.418632,-12.086948,26.729423,-0.684300,-0.229649,0.256620,0.000000,0.000000,0.000000,0.951073
6399.264887,17674.761622,7126.303769,64.257900,176.689300,71.264559,0.000000,0.000000,0.000000,0.931604
9631.574472,42793.911142,-23763.401518,96.462939,427.834298,-237.632727,0.000000,0.000000,0.000000,0.950585
-205.105799,-38.006831,196.628939,-1.825830,-0.316675,1.962976,0.000000,0.000000,0.000000,1.157927
87685.447912,-28988.304310,-10385.699895,876.996121,-289.886443,-103.855529,0.000000,0.000000,0.000000,1.015634
6572.263371,-6102.321819,-10590.822985,65.819049,-61.056827,-105.906540,0.000000,0.000000,0.000000,0.978569
16456.643988,57309.464703,-49669.695790,164.704686,573.022257,-496.696511,0.000000,0.000000,0.000000,1.049067
452.913342,790.780263,-976.296613,4.868099,7.887715,-9.781211,0.000000,0.000000,0.000000,0.930630
-2361.464437,-2004.055802,-797.757070,-23.432415,-20.033306,-7.975923,0.000000,0.000000,0.000000,1.056607
144.709956,-374.953300,0.897077,1.716745,-3.760178,-0.012888,0.000000,0.000000,0.000000,0.974102
46546.033459,48626.532652,-113.107587,465.653089,486.255960,-1.134220,0.000000,0.000000,0.000000,1.002826
-20540.580784,-1281.355360,-3403.544054,-205.194614,-12.793759,-34.034977,0.000000,0.000000,0.000000,0.855105
51263977.971533,45014111.497914,-18143381.123773,512639.992646,450141.171875,-181433.806391,0.000000,0.000000,0.000000,0.838867
53732.711801,337922.582904,157563.202522,537.474921,3379.319404,1575.631087,0.000000,0.000000,0.000000,0.973391
15964.357531,27992.401428,-10215.937079,159.884759,280.009266,-102.157350,0.000000,0.000000,0.000000,1.026758
8168199043.837684,-17610390959.351871,-47941486872.178360,81681990.753321,-176103909.542970,-479414868.717857,0.000000,0.000000,0.000000,1.135614
140.330232,77.607388,114.445933,1.708343,0.833594,1.159121,0.000000,0.000000,0.000000,0.827707
54977.445529,14990.678189,12459.912335,549.930283,149.901472,124.598206,0.000000,0.000000,0.000000,0.832518
-2109214.823058,1695717.743864,159994.650144,-21091.921718,16957.278974,1599.950552,0.000000,0.000000,0.000000,1.058104
-120531.108140,365580.707463,-109597.187655,-1205.110567,3655.792456,-1095.967841,0.000000,0.000000,0.000000,0.873224
-4.931198,-67.722766,85.146688,0.683543,-0.657731,0.980609,0.000000,0.000000,0.000000,0.857006
16190.798260,17673.513279,-2716.796349,162.161017,176.723400,-27.165411,0.000000,0.000000,0.000000,1.003894
72548373793.053070,37829938214.968224,-433096340398.209839,725483738.147664,378299382.136037,-4330963403.979059,0.000000,0.000000,0.000000,0.881364
-743.531012,-28093.480190,39315.666981,-7.243429,-282.284068,395.129071,0.000000,0.000000,0.000000,1.062840
6506165084.646255,11823941507.212317,17528109324.809715,65061651.067057,118239415.112008,175281093.243239,0.000000,0.000000,0.000000,0.867158
28323.376368,162994.752992,164054.767950,283.811183,1631.599979,1642.187847,0.000000,0.000000,0.000000,1.022530
26115645.416576,-3716217.105105,23675763.612288,261156.670102,-37162.058045,236757.634033,0.000000,0.000000,0.000000,1.073452
-9125.534960,8475.861368,15472.612888,-91.030183,84.781955,154.725849,0.000000,0.000000,0.000000,0.937182
757320266.029201,-660830724.839839,-662589897.250875,7573202.828594,-6608307.153552,-6625898.970122,0.000000,0.000000,0.000000,1.090042
-5852136.771614,-2258170.395540,5515312.554198,-58521.186475,-22581.670844,55153.123904,0.000000,0.000000,0.000000,0.876130
-56.700199,-240.508186,-126.288873,-0.327784,-2.341145,-1.296053,0.000000,0.000000,0.000000,1.186175
9486.350607,-10401.093681,-23297.445859,95.388408,-104.261738,-233.667302,0.000000,0.000000,0.000000,1.198969
-419.820380,336.931310,253.188866,-3.956936,3.270447,2.527389,0.000000,0.000000,0.000000,0.953716
-16953.533678,-4350.940222,14340.605806,-169.353906,-43.555151,143.403702,0.000000,0.000000,0.000000,0.945146
-66.296026,-51.266715,69.662240,-0.456276,-0.531666,0.739520,0.000000,0.000000,0.000000,0.995258
-69988553.874593,39318096.701063,109220543.198737,-699885.328080,393180.958634,1092205.435106,0.000000,0.000000,0.000000,0.906235
-565090.319426,-678082.036722,1396343.649904,-5650.697348,-6780.823669,13963.432284,0.000000,0.000000,0.000000,0.869644
-3101.776850,-2520.659455,-4428.693930,-30.713542,-25.125539,-44.284570,0.000000,0.000000,0.000000,1.153020
-23400619.341381,-12254245.737715,-10716677.917357,-234006.014657,-122542.451721,-107166.782679,0.000000,0.000000,0.000000,0.961667
-37.797960,-52.697617,-8.619097,-0.072230,-0.586835,-0.219725,0.000000,0.000000,0.000000,0.891950
3293.566546,1304.569341,-2105.758918,33.332260,13.204433,-21.274874,0.000000,0.000000,0.000000,1.175423
-14489.677694,-25848.751650,615.035825,-144.713233,-258.440862,6.149691,0.000000,0.000000,0.000000,1.050285
-18.818205,-75.403323,-76.560477,0.079579,-0.696237,-0.771620,0.000000,0.000000,0.000000,1.187342
-8.411883,29.583103,-7.500334,0.119518,0.147446,-0.082337,0.000000,0.000000,0.000000,1.109482
-341558.612515,358594.324115,82630.720282,-3415.456889,3585.892997,826.304291,0.000000,0.000000,0.000000,1.029596
-206.898098,-172.353130,-257.839118,-1.934964,-1.592604,-2.580109,0.000000,0.000000,0.000000,0.886542
-30653243.747794,16818973.235245,11045333.941655,-306532.227029,168189.714773,110453.341794,0.000000,0.000000,0.000000,1.003011
3405121.671504,23819476.934447,-605911.791400,34051.365009,238194.696032,-6059.119169,0.000000,0.000000,0.000000,0.905086
189447.843947,2102968.719083,1800263.231381,1894.683862,21029.676728,18002.633062,0.000000,0.000000,0.000000,1.175238
-13949.884064,9926.993612,2205.753420,-139.530458,99.417963,22.073757,0.000000,0.000000,0.000000,0.949407
45956991.884861,-1858420.283534,-8954902.519317,459570.069463,-18584.150104,-89549.029207,0.000000,0.000000,0.000000,0.877148
-1800696.598572,491222.151356,2526012.580124,-18006.801768,4912.262701,25260.120996,0.000000,0.000000,0.000000,1.138156
434.199074,-830.715922,528.209122,4.608335,-8.293427,5.283048,0.000000,0.000000,0.000000,0.852140
-2449249813548.688477,27016530477695.996094,7836331266074.490234,-24492498135.279503,270165304776.988373,78363312660.739838,0.000000,0.000000,0.000000,0.844537
-150.091057,936.720363,32.593625,-1.291003,9.425464,0.333107,0.000000,0.000000,0.000000,0.944213
-82.385319,-58.897395,39.255208,-0.727369,-0.831103,0.391022,0.000000,0.000000,0.000000,1.141452
-201517087486.337860,-1714005189335.028809,853991149478.133667,-2015170874.700006,-17140051893.313553,8539911494.779491,0.000000,0.000000,0.000000,1.198152
-1320.681612,770.744675,1869.154173,-13.020280,7.600688,18.686634,0.000000,0.000000,0.000000,1.083250
-238160729.291453,115670624.100003,766131341.835249,-2381607.088067,1156706.225517,7661313.415520,0.000000,0.000000,0.000000,0.838829
191.536939,1285.620775,577.160524,2.136130,13.769188,6.116075,0.000000,0.000000,0.000000,1.049758
-16.201035,-1.104420,51.536279,-0.428540,-0.016083,0.566641,0.000000,0.000000,0.000000,0.972331
-188796755406.441986,103030049227.639587,438857997851.340271,-1887967553.889420,1030300492.338153,4388579978.513722,0.000000,0.000000,0.000000,1.028063
41686.918107,150087.561288,-125223.415297,417.152303,1500.893461,-1252.232087,0.000000,0.000000,0.000000,1.000767
2121.154507,2736.158953,-6045.653417,21.391441,27.357191,-60.453228,0.000000,0.000000,0.000000,1.071612
-119.010758,477.513568,-327.544657,-0.900910,4.855889,-3.389878,0.000000,0.000000,0.000000,1.190287
445.664219,34.396542,-273.912059,4.701158,0.362646,-2.747225,0.000000,0.000000,0.000000,1.068178
-59.958046,-65.511174,2.054373,-0.476235,-0.588586,-0.009049,0.000000,0.000000,0.000000,1.161866
16632.645737,-2206.335733,-8881.569571,166.507545,-22.144419,-88.814364,0.000000,0.000000,0.000000,0.802607
61.981276,889.161874,-214.235988,0.694712,9.111218,-2.207977,0.000000,0.000000,0.000000,1.180255
-18.747443,140.955101,63.888448,-0.098309,1.567126,0.649339,0.000000,0.000000,0.000000,1.101630
20486.625989,29614.615531,7854.734787,205.047343,296.188348,78.546798,0.000000,0.000000,0.000000,0.808742
50.543996,-253.074923,-114.573902,0.616477,-2.498256,-1.140020,0.000000,0.000000,0.000000,0.820701
1167984.251467,489966.212153,641028.292119,11679.988878,4899.758247,6410.284811,0.000000,0.000000,0.000000,1.085718
-672835437.009302,-5886373733.011850,7227694012.221667,-6728354.165868,-58863737.320621,72276940.119224,0.000000,0.000000,0.000000,1.041853
-594.182046,-1304.070954,-545.057705,-5.828428,-13.269246,-5.518471,0.000000,0.000000,0.000000,0.995666
37.743983,7.824320,82.797578,0.136897,-0.135128,1.039447,0.000000,0.000000,0.000000,0.824760
-22.386693,63.545924,183.832556,-0.114017,0.580355,1.846883,0.000000,0.000000,0.000000,1.025234
-264285071.981848,282071158.116882,205089655.425805,-2642850.631190,2820711.569865,2050896.549436,0.000000,0.000000,0.000000,0.953551
-26133221.843802,-43885041.049906,-6492774.174172,-261332.012968,-438850.296692,-64927.739318,0.000000,0.000000,0.000000,0.888580
-954.049489,-6562.090208,754.352206,-9.409174,-65.999574,7.573999,0.000000,0.000000,0.000000,1.060313
-1177484716530.205566,-805703389798.033325,373121171979.617188,-11774847165.070621,-8057033897.978215,3731211719.792493,0.000000,0.000000,0.000000,1.066283
-5701632.060945,-7405308.244332,1757120.856204,-57016.135906,-74053.059358,17571.210991,0.000000,0.000000,0.000000,1.000945
-34.899222,59.831285,3.461406,-0.164253,0.485840,-0.297187,0.000000,0.000000,0.000000,1.134218
5440.759679,-3713.679435,5029.991287,54.669562,-37.218199,50.301153,0.000000,0.000000,0.000000,1.075745
-1538583048.005324,-158322519.477119,-304613601.793282,-15385830.310367,-1583225.247833,-3046136.020322,0.000000,0.000000,0.000000,0.868933
-214.178039,-17.615668,-58.547750,-1.830322,-0.203225,-0.580503,0.000000,0.000000,0.000000,0.962804
-922413088452.278320,156724576385.045258,351948932303.994751,-9224130884.314688,1567245763.827623,3519489323.043964,0.000000,0.000000,0.000000,0.922450
1196.680326,225.371580,2708.126228,12.167830,2.326311,27.079415,0.000000,0.000000,0.000000,0.988361
4201.414433,58591.282539,209.851224,42.163961,586.568515,2.095385,0.000000,0.000000,0.000000,0.878847
-118.622673,-1584.225440,-1765.017443,-0.947974,-15.872008,-17.646045,0.000000,0.000000,0.000000,1.005695
-631.240603,-1080.622523,-1006.456142,-6.094007,-10.794975,-10.063049,0.000000,0.000000,0.000000,0.858551
-120428.400779,-302079.732433,200201.841550,-1205.249154,-3023.903360,2004.023005,0.000000,0.000000,0.000000,1.145449
-32.414351,49.028861,-52.837627,-0.251259,0.493237,-0.554092,0.000000,0.000000,0.000000,1.039033
4403047.803215,-3450033.200752,-21860005.642095,44030.672992,-34500.390399,-218600.051448,0.000000,0.000000,0.000000,0.967435
-27152.403951,-58043.458738,78102.858855,-271.363773,-580.437571,781.026547,0.000000,0.000000,0.000000,0.960485
-695.033685,-1379.127490,400.707521,-6.717650,-13.788429,4.012094,0.000000,0.000000,0.000000,1.143574
-132.569403,-354.080872,213.065311,-1.016815,-3.500681,2.130504,0.000000,0.000000,0.000000,1.168897
-443.662212,-5.293785,-365.642771,-4.161098,0.057761,-3.653323,0.000000,0.000000,0.000000,0.838668
-54873751594372.296875,-128324285853011.250000,-118903786987998.875000,-548737515943.600403,-1283242858530.135498,-1189037869879.978271,0.000000,0.000000,0.000000,1.128160
2371893.659150,3388406.924695,-435626.487190,23719.121575,33884.056300,-4356.263119,0.000000,0.000000,0.000000,0.965061
9.355225,90.331683,103.661883,0.366388,0.782919,1.035600,0.000000,0.000000,0.000000,1.188821
186.318002,40.648222,-352.946323,2.046220,0.468083,-3.531930,0.000000,0.000000,0.000000,1.098564
-41.096150,53.035330,55.364181,-0.285183,0.403035,0.556132,0.000000,0.000000,0.000000,1.096919
563.019128,1443.162864,-6299.416184,5.752251,14.444284,-63.114100,0.000000,0.000000,0.000000,1.116244
-1174202.680810,-888910.732365,-1099108.504096,-11741.878105,-8889.009428,-10991.080962,0.000000,0.000000,0.000000,0.936039
-11.690317,16.818124,-50.539902,0.038289,0.073870,-0.680101,0.000000,0.000000,0.000000,1.016946
-106.289178,227.071603,70.971673,-0.991381,2.271332,0.706761,0.000000,0.000000,0.000000,0.862081
-12141630260.125189,-8134702731.330680,930734095.390611,-121416302.493383,-81347027.419250,9307340.948911,0.000000,0.000000,0.000000,0.989079
6478060.038957,-8309774.736571,19456295.860038,64780.800806,-83097.738129,194562.957481,0.000000,0.000000,0.000000,1.194641
-5215297.404465,-34141816.644322,-8240779.932537,-52152.822854,-341418.086453,-82407.796824,0.000000,0.000000,0.000000,1.145137
18837.957503,8315.933061,4739.914604,189.898645,83.533078,47.541915,0.000000,0.000000,0.000000,0.863949
10829.953786,-822.276172,-6429.330901,108.510431,-8.291233,-64.289246,0.000000,0.000000,0.000000,1.021176
-46844460.197166,1894371.580202,9127898.678186,-468444.448601,18943.768422,91278.982231,0.000000,0.000000,0.000000,0.860530
-60664285.352454,4452139290.123155,-8119823653.251707,-606642.595694,44521392.791840,-81198236.532393,0.000000,0.000000,0.000000,0.853743
-79904377.357608,185085732.425221,263688409.461983,-799043.464204,1850857.259651,2636884.094877,0.000000,0.000000,0.000000,1.170574
-298.062900,-212.004485,6.324006,-2.832444,-2.125984,0.029846,0.000000,0.000000,0.000000,1.096211
1858308.657851,12296512.757218,7395187.997161,18583.388271,122965.217688,73951.881690,0.000000,0.000000,0.000000,1.004855
-9272915986.486353,-56863087980.642166,-100894572366.839401,-92729159.651955,-568630879.817475,-1008945723.671253,0.000000,0.000000,0.000000,0.810410
-4676.733048,-8165.763969,7190.575476,-46.608104,-81.610641,71.906368,0.000000,0.000000,0.000000,1.088580
-9.200780,-1748.908588,-571.758859,-0.002715,-18.536426,-6.118736,0.000000,0.000000,0.000000,1.121250
7405.756572,2224.739469,4113.700323,74.331965,22.264184,41.134127,0.000000,0.000000,0.000000,1.036524
24325.355948,36781.134802,6752.110154,243.876737,368.651002,67.656695,0.000000,0.000000,0.000000,0.857043
-57820.384286,74765.490092,-34538.487007,-578.014804,747.647807,-345.380887,0.000000,0.000000,0.000000,0.882167
-2328.551657,563.103961,-3099.886012,-23.102986,5.584003,-30.995114,0.000000,0.000000,0.000000,1.122901
343570.145882,191433.180786,-279906.480124,3435.905814,1914.313668,-2799.062159,0.000000,0.000000,0.000000,1.017835
-61.521456,17.323101,68.674028,-0.556039,0.159576,0.684796,0.000000,0.000000,0.000000,0.997220
174458.317365,98663.251935,-104184.072460,1744.701003,986.642724,-1041.838346,0.000000,0.000000,0.000000,0.847091
85355.381103,4205836.439144,-3625217.983530,853.772034,42058.474472,-36252.178038,0.000000,0.000000,0.000000,1.114930
-1483645350.992341,106046799.762554,2626083807.550127,-14836453.306775,1060467.991390,26260838.077380,0.000000,0.000000,0.000000,1.122911
8081.456218,-13226.595450,5832.209166,81.055229,-132.282052,58.323016,0.000000,0.000000,0.000000,0.856832
-97594.298469,294462.808384,983070.586587,-975.801311,2944.667850,9830.705377,0.000000,0.000000,0.000000,1.035512
-699.798636,-1214.804727,1356.253377,-6.783850,-12.123985,13.558858,0.000000,0.000000,0.000000,0.819653
2733.314024,-2135.007373,9416.152043,27.417804,-21.293545,94.159753,0.000000,0.000000,0.000000,1.113768
-23841.215881,47428.194557,18029.564870,-238.221013,474.359205,180.297900,0.000000,0.000000,0.000000,1.090717
21.958692,2.991288,69.003687,0.447428,-0.335707,0.650813,0.000000,0.000000,0.000000,0.901490
-426625.370617,77150.472857,-27055.736799,-4265.965121,771.384482,-270.558709,0.000000,0.000000,0.000000,0.942367
1215873316.752400,3669523672.631870,690870781.215243,12547712.561109,37869181.286659,7129729.403341,0.000000,0.000000,0.000000,1.195784
1123.973494,15333.977964,449.922123,11.392336,153.456114,4.503134,0.000000,0.000000,0.000000,1.077158
8169506026.150860,1640938701.570889,-9299798559.452705,81695060.435669,16409386.968556,-92997985.592166,0.000000,0.000000,0.000000,1.091971
-36116.474784,31517.109719,45945.239703,-361.072107,315.245743,459.449416,0.000000,0.000000,0.000000,1.096610
53.173371,329.816561,754.636088,0.754589,3.214095,7.543083,0.000000,0.000000,0.000000,1.192966
31601.288383,-16438.563456,16919.729345,316.133512,-164.358490,169.193723,0.000000,0.000000,0.000000,1.000032
-4138.323964,15850.187644,-8131.054290,-41.314143,158.461775,-81.311564,0.000000,0.000000,0.000000,0.824119
-173.355261,-481.710017,797.841628,-1.422150,-4.807647,7.992117,0.000000,0.000000,0.000000,0.885948
-7970.134096,17820.980921,2012.500439,-79.528458,178.236990,20.127820,0.000000,0.000000,0.000000,1.177809
256985.291442,275147.548360,181929.281540,2570.015520,2751.480979,1819.290525,0.000000,0.000000,0.000000,1.032353
-2074936.733399,-3218939.728586,1580119.652413,-20749.155451,-32189.398925,15801.199200,0.000000,0.000000,0.000000,1.026992
2374585.615213,-1901958.598920,-180611.605793,23746.079935,-19019.482260,-1806.111801,0.000000,0.000000,0.000000,0.929951
-8038.664125,470371.598370,421047.892164,-80.223317,4703.749163,4210.474580,0.000000,0.000000,0.000000,0.867581
-19370.209475,19636.353718,-8961.678619,-193.451933,196.410754,-89.618179,0.000000,0.000000,0.000000,1.128076
-2412.290714,-6163.181619,6625.362491,-23.974666,-61.650916,66.249495,0.000000,0.000000,0.000000,0.870115
28128.188803,21074.921471,-31834.720892,281.584093,210.703845,-318.348654,0.000000,0.000000,0.000000,1.103878
-4420.587797,1727.603733,-2857.276297,-44.053320,17.255312,-28.573343,0.000000,0.000000,0.000000,1.171799
55.669013,42.054599,167.478017,0.675238,0.418486,1.739429,0.000000,0.000000,0.000000,0.946411
357.828394,-45.553370,-101.209160,4.414358,-0.370540,-1.299600,0.000000,0.000000,0.000000,1.035227
-627.207125,855.708841,-2096.334177,-6.031945,8.677234,-20.988030,0.000000,0.000000,0.000000,1.125308
-82.834745,67.403369,-25.957818,-0.723759,0.660220,-0.269681,0.000000,0.000000,0.000000,1.059288
-8.518210,25.547529,26.696229,0.125673,0.358444,0.209723,0.000000,0.000000,0.000000,0.870182
-217364.108815,-28301.974034,176515.357009,-2173.490004,-282.925737,1765.149969,0.000000,0.000000,0.000000,1.017779
275342994232.992126,-101329480509.731049,138828489412.856995,2753429942.617560,-1013294805.186872,1388284894.129555,0.000000,0.000000,0.000000,1.127300
-29941853045726.343750,-87145308469132.046875,1094397499664281.750000,-299418530457.062317,-871453084691.314087,10943974996643.095703,0.000000,0.000000,0.000000,1.186622
-83098500.132934,141213049.918993,-14720526.964499,-830984.822036,1412130.582630,-147205.271113,0.000000,0.000000,0.000000,1.158315
-3283790.849564,-6227227.300752,-1673662.479541,-32837.698363,-62272.277125,-16736.620747,0.000000,0.000000,0.000000,1.037564
64.111346,1974.821024,-1077.855537,0.948240,19.776119,-10.780970,0.000000,0.000000,0.000000,1.186762
-68064623.537184,64395067.999908,-4845064.101679,-680646.037319,643950.689511,-48450.639212,0.000000,0.000000,0.000000,0.818528
-4.553302,-67.568519,85.901999,-0.082586,-0.608052,0.791907,0.000000,0.000000,0.000000,1.121757
-5146335137.438215,11713048364.130568,-9137642900.793232,-51721961.025370,117719078.950590,-91835607.048082,0.000000,0.000000,0.000000,1.073467
-91.147869,14.262079,65.132544,-0.724626,0.163850,0.666987,0.000000,0.000000,0.000000,1.014512
-13.797014,-2.341922,136.533318,0.073108,0.002936,1.489658,0.000000,0.000000,0.000000,0.943921
868.593405,2264.150128,-4718.583113,8.859416,22.739721,-47.327524,0.000000,0.000000,0.000000,1.095259
2680979.873724,1111985.661260,-1581697.944841,26809.965403,11119.853364,-15816.980049,0.000000,0.000000,0.000000,1.136821
1944581.418752,-632324.341237,-2696788.710998,19445.976427,-6323.201654,-26967.889152,0.000000,0.000000,0.000000,1.053030
-4196.872564,-7810.888452,5775.339442,-41.752957,-78.037126,57.750538,0.000000,0.000000,0.000000,0.824072
21.584874,2.519043,69.768287,0.779377,0.555257,0.812758,0.000000,0.000000,0.000000,0.835675
1568835963.153115,-119369644.576764,-2820241689.363101,15688359.833735,-1193696.451932,-28202416.890053,0.000000,0.000000,0.000000,1.056174
426336.981021,-128997.482864,131902.325937,4263.644126,-1289.984836,1319.023816,0.000000,0.000000,0.000000,1.031222
771.901923,-150.267257,1053.095475,7.942981,-1.489082,10.526052,0.000000,0.000000,0.000000,0.995006
272884.593519,374448.363087,295381.195382,2728.985407,3744.439513,2953.812027,0.000000,0.000000,0.000000,0.868310
-14564.475011,14073.264048,33064.767331,-145.841622,141.216430,331.646442,0.000000,0.000000,0.000000,0.841950
150036.915509,-149458.291826,8295.600727,1500.623779,-1494.550645,82.957555,0.000000,0.000000,0.000000,1.164382
24564.081879,1051.861396,1679.162299,245.906384,10.511342,16.788033,0.000000,0.000000,0.000000,0.904045
353.072109,-1037.334689,-789.858379,3.671434,-10.433217,-7.894543,0.000000,0.000000,0.000000,0.855006
114.566856,-8.003625,-18.599845,1.360780,-0.171765,-0.201162,0.000000,0.000000,0.000000,0.966268
1.291555,15.081126,10.062729,0.125869,0.264527,0.084577,0.000000,0.000000,0.000000,1.128423
64.142144,-36.031362,49.657924,1.009631,-0.254019,0.458301,0.000000,0.000000,0.000000,1.066786
-21248.391327,-3606.013512,1089.885886,-212.213138,-36.067046,10.895534,0.000000,0.000000,0.000000,0.982279
-127.863319,-6.281368,94.607156,-1.162366,-0.197735,0.981057,0.000000,0.000000,0.000000,0.972173
822646029450.267700,-13601073937.828682,-327482575536.910217,8226460294.709579,-136010739.400926,-3274825755.364722,0.000000,0.000000,0.000000,0.907171
-139696.831087,-772547.558937,-391853.482684,-1396.750413,-7725.552673,-3918.534141,0.000000,0.000000,0.000000,1.157134
468089.014904,-497864.214126,-69602.503389,4681.016647,-4978.689469,-696.027538,0.000000,0.000000,0.000000,0.806333
24.572418,-41.114399,65.014752,0.532431,-0.424293,0.571140,0.000000,0.000000,0.000000,1.141493
17039.000559,-7378.597585,-1787.950274,170.663690,-73.809044,-17.902686,0.000000,0.000000,0.000000,0.876037
-9281.033346,-40811.546080,22781.243717,-92.662184,-408.216051,227.811374,0.000000,0.000000,0.000000,0.995454
-6247369785.428621,-1464102843.785313,10522188977.310535,-62473697.678958,-14641028.484789,105221889.774211,0.000000,0.000000,0.000000,0.856559
434.233026,35090.898773,-49255.244288,4.593376,352.731952,-495.026842,0.000000,0.000000,0.000000,0.845643
13424344.562673,12783206.684851,-84310391.361741,134243.652535,127832.081094,-843103.911887,0.000000,0.000000,0.000000,0.863715
-52.826443,20.143250,76.236459,-0.435567,0.085259,0.800003,0.000000,0.000000,0.000000,1.166219
28.938513,13.592273,151.367373,0.425136,0.114351,1.619510,0.000000,0.000000,0.000000,0.816255
-10698.492373,7374.958900,-3037.990291,-110.276430,76.246696,-31.433951,0.000000,0.000000,0.000000,0.824722
-229.897411,-1.817292,127.009764,-2.132671,-0.104048,1.276914,0.000000,0.000000,0.000000,1.120337
-306.732848,-761.453919,-477.956213,-3.029146,-7.775335,-4.762150,0.000000,0.000000,0.000000,1.105116
2218.687212,971.504383,-1547.668971,22.376126,9.707344,-15.492905,0.000000,0.000000,0.000000,1.170362
84595586.012096,-195981261.680662,-279212083.622382,845956.168932,-1959812.680108,-2792120.834115,0.000000,0.000000,0.000000,1.105545
-21185.189459,12819.445767,-10777.427878,-211.636205,128.124255,-107.772392,0.000000,0.000000,0.000000,0.842723
-79627.492335,13218.263946,33352.664662,-795.955453,132.231994,333.527456,0.000000,0.000000,0.000000,1.182668
4304205.695995,7121350.790172,1055493.812157,43042.321544,71213.502811,10554.941429,0.000000,0.000000,0.000000,0.915218
-344.004778,-3099.835371,6404.983798,-3.302714,-31.058843,64.237520,0.000000,0.000000,0.000000,0.824622
24032.387020,35130.732377,52260.801023,240.511760,351.300381,522.603110,0.000000,0.000000,0.000000,1.086065
20.994224,70.729597,5.103126,0.325900,0.851418,0.041776,0.000000,0.000000,0.000000,1.105222
28294.422314,-25058.233277,-3667.420615,283.182898,-250.581878,-36.671883,0.000000,0.000000,0.000000,1.095226
-942962994.396654,822803214.209240,824962382.484299,-9429629.774340,8228032.235783,8249623.826070,0.000000,0.000000,0.000000,0.875471
-174850915.579214,194962679.593372,-30986704.849222,-1748508.947027,1949626.799855,-309867.045163,0.000000,0.000000,0.000000,0.801765
-54.991271,57.740525,59.365535,-0.323796,0.723691,0.628505,0.000000,0.000000,0.000000,1.052456
814.895827,1035.942438,-2.836551,8.286130,10.394373,-0.027784,0.000000,0.000000,0.000000,1.141113
466.758613,-1998.127422,-1233.245653,4.868943,-19.959970,-12.332085,0.000000,0.000000,0.000000,1.065021
14816.895353,19164.014626,4337.022929,148.366618,191.644665,43.368223,0.000000,0.000000,0.000000,0.945873
-43.383236,-1381.517648,329.600295,-0.385394,-14.146852,3.364140,0.000000,0.000000,0.000000,0.991486
266605.271758,282886.507834,25570.326494,2714.993375,2880.686724,260.380113,0.000000,0.000000,0.000000,0.958720
-143543.706850,81314.920196,-34457.811930,-1435.204894,813.163474,-344.574088,0.000000,0.000000,0.000000,1.155730
1384.129978,4808.564560,-114.214564,14.039645,48.015667,-1.145169,0.000000,0.000000,0.000000,1.181506
5731002.395118,40814422.037451,6971585.781117,57310.204659,408144.192028,69715.858135,0.000000,0.000000,0.000000,0.864553
59075675268829.164062,-51341796186107.101562,-81187905371526.546875,590756752688.542358,-513417961861.097961,-811879053715.268066,0.000000,0.000000,0.000000,1.198089
34.771199,-11.204411,46.565085,0.780487,-0.018119,0.095198,0.000000,0.000000,0.000000,1.140690
33.771796,-10.628621,46.578899,0.449537,-0.052289,0.948112,0.000000,0.000000,0.000000,0.919415
-4111.808539,-1725.425985,2888.797342,-41.464742,-17.399707,29.172100,0.000000,0.000000,0.000000,0.886350
-89333.835230,113500.916487,-137531.582015,-893.117992,1135.116609,-1375.311386,0.000000,0.000000,0.000000,1.120723
-179959135.740303,182533331.664593,53087766.568452,-1799591.156091,1825333.344173,530877.667997,0.000000,0.000000,0.000000,0.822960
550658.832461,-1245479.694775,267488.653364,5506.711468,-12454.754875,2674.887496,0.000000,0.000000,0.000000,1.093680
-5311.269874,3966.350471,-3452.721046,-52.927491,39.579390,-34.523205,0.000000,0.000000,0.000000,0.899880
81064.938624,544482.291637,414799.604543,814.142439,5466.766231,4164.650158,0.000000,0.000000,0.000000,0.907983
-199.575526,-45.284825,130.641689,-1.718202,-0.541397,1.323120,0.000000,0.000000,0.000000,0.871534
6427560.597684,-14138448.406361,3353423.999981,64275.794536,-141384.499005,33534.235430,0.000000,0.000000,0.000000,0.990089
-381738341.819429,124470269.705059,-204928566.822629,-3817383.214786,1244702.709422,-2049285.668280,0.000000,0.000000,0.000000,0.961192
-32166.520972,-26480.642693,-41296.262621,-321.541289,-264.899892,-412.962891,0.000000,0.000000,0.000000,1.034270
423.544149,-457.426526,537.654563,4.372047,-4.449082,5.377573,0.000000,0.000000,0.000000,0.875531
152.580008,-39.853590,-0.693575,1.608866,-0.426410,-0.023535,0.000000,0.000000,0.000000,0.844017
-1967.896639,-1625.114185,3718.445052,-19.366135,-16.303048,37.183543,0.000000,0.000000,0.000000,1.053551
321.471567,-459.261466,486.175666,3.425466,-4.707261,4.860543,0.000000,0.000000,0.000000,1.142860
1405.235751,-2797.632504,-1952.104537,14.327478,-27.938751,-19.522851,0.000000,0.000000,0.000000,1.051468
2671224.033854,15238604.130858,17783312.088097,26712.451510,152386.028618,177833.120969,0.000000,0.000000,0.000000,1.093388
-222965.700850,-1002631.234429,60776.126778,-2229.450499,-10026.286174,607.764817,0.000000,0.000000,0.000000,1.093652
200.786150,4533.919981,3006.018226,2.187372,45.329917,30.055317,0.000000,0.000000,0.000000,0.999280
588.699699,94.861695,246.149993,6.129878,0.808686,2.456355,0.000000,0.000000,0.000000,1.139585
-360831.225373,-77260.937543,-204936.427721,-3608.164775,-772.627232,-2049.361095,0.000000,0.000000,0.000000,0.980556
-10783.215041,32185.855869,12959.779666,-107.560223,321.967532,129.594317,0.000000,0.000000,0.000000,1.084633
-68.954141,-518.183152,-621.138810,-0.590937,-5.184270,-6.215556,0.000000,0.000000,0.000000,1.008290
-79572.416283,-588828.660415,-328689.666117,-795.515882,-5888.388429,-3286.898934,0.000000,0.000000,0.000000,0.913202
2171.903411,-2120.841304,371.141426,21.980939,-21.165089,3.706991,0.000000,0.000000,0.000000,1.090817
1492.170571,6150.542299,2256.023943,15.071214,61.577363,22.560234,0.000000,0.000000,0.000000,0.966068
999277.507678,-2157194.935141,-298938.852776,9992.981068,-21571.924091,-2989.391129,0.000000,0.000000,0.000000,0.824455
1150249.440642,-342448.767966,214078.325716,11502.638929,-3424.573679,2140.784969,0.000000,0.000000,0.000000,0.996795
-1215.766400,2934.650564,-5833.570177,-11.975446,29.386173,-58.331274,0.000000,0.000000,0.000000,1.192100
-7974.495297,4684.662624,-5841.115371,-79.678520,46.896927,-58.465462,0.000000,0.000000,0.000000,1.024388
-10943789.261992,11354760.739421,-23044983.788477,-109437.691568,113547.615651,-230449.836352,0.000000,0.000000,0.000000,1.084571
-22701.434628,-5603.121095,487.461240,-227.997583,-56.496195,4.761266,0.000000,0.000000,0.000000,0.924416
-71726.194426,27146.897248,114368.348891,-717.053741,271.480735,1143.678765,0.000000,0.000000,0.000000,0.928617
12202.394109,-5216.347681,9603.115977,122.252088,-52.082216,96.027020,0.000000,0.000000,0.000000,0.808000
-30883.526861,14008.726779,-1096.924640,-309.216241,140.320849,-10.990713,0.000000,0.000000,0.000000,0.956997
4114588.633500,-38317006.776978,-17209234.269823,41146.093197,-383170.059461,-172092.338501,0.000000,0.000000,0.000000,0.876427
7309.333861,567.034930,4751.852971,73.359090,5.783301,47.513748,0.000000,0.000000,0.000000,1.094605
-75.113967,61.067330,84.616619,-0.606103,0.506804,0.869955,0.000000,0.000000,0.000000,0.829318
1257592692.725884,129408306.807308,248982369.764414,12575927.094898,1294083.014801,2489823.694850,0.000000,0.000000,0.000000,1.063083
24300145.666132,38915802.114245,6529349.053020,243001.660718,389158.132575,65293.492602,0.000000,0.000000,0.000000,0.959562
76594.402184,30922.059938,4087.996932,766.078699,309.090786,40.884572,0.000000,0.000000,0.000000,0.846626
353642075.710997,161917453.455792,2839809.841305,3536420.966928,1619174.528525,28398.093421,0.000000,0.000000,0.000000,0.884445
670660.258825,-9966864.451045,-2412391.973164,6706.809290,-99668.627216,-24123.917290,0.000000,0.000000,0.000000,1.077336
-27772.525935,3729.237538,-10134.476603,-277.638754,37.323121,-101.341167,0.000000,0.000000,0.000000,1.143288
-4217648.630632,9040009.836066,-8789155.567124,-42176.334814,90400.092935,-87891.551226,0.000000,0.000000,0.000000,1.163000
-3875228780.480746,-466942274.518399,1007449766.225845,-38752287.627640,-4669422.791898,10074497.662885,0.000000,0.000000,0.000000,1.036448
-94.288993,-28.454014,179.754726,-0.771446,-0.376666,1.941594,0.000000,0.000000,0.000000,1.093057
34.322612,375.237865,249.845224,0.567437,3.606506,2.497007,0.000000,0.000000,0.000000,0.957869
1862712441018.246582,3283236010027.257812,1180360316803.812744,18627124410.383301,32832360100.392315,11803603168.040512,0.000000,0.000000,0.000000,1.016228
20262455.198244,8660090.899198,40098136.742179,202624.749658,86600.920189,400981.367048,0.000000,0.000000,0.000000,1.159158
-472824.659212,-585025.051307,117446.255705,-4728.085156,-5850.285888,1174.459539,0.000000,0.000000,0.000000,0.914799
-4249085.703759,1026609.041938,1634188.102852,-42490.657918,10266.079594,16341.884036,0.000000,0.000000,0.000000,0.946914
3118.401317,2178.087271,-2459.173544,31.410886,21.700355,-24.617431,0.000000,0.000000,0.000000,1.151416
28.245637,-2374.643587,1214.512360,0.588970,-23.711680,12.140677,0.000000,0.000000,0.000000,1.075848
-2427936631.924464,412711585.338018,-910262372.398008,-24279366.122111,4127115.866920,-9102623.722665,0.000000,0.000000,0.000000,1.096484
-46512106.204205,44646581.565793,1533517.820951,-465120.801572,446465.839289,15335.182822,0.000000,0.000000,0.000000,0.876089
34.813061,221.540683,478.645047,0.467344,2.435198,5.049377,0.000000,0.000000,0.000000,0.852677
-7621.585351,43814.162571,2159.836211,-76.034420,438.137263,21.596020,0.000000,0.000000,0.000000,1.074863
-556.964129,-239.357461,-874.971097,-5.340302,-2.478446,-8.750533,0.000000,0.000000,0.000000,0.932659
-9431.784692,13776.485915,-16870.465452,-94.243272,137.945005,-168.864357,0.000000,0.000000,0.000000,0.968753
-52.741689,-87.383275,-69.270125,-0.508128,-1.105360,-0.871186,0.000000,0.000000,0.000000,0.955005
3020812221.110734,10930820444.535244,-6176875596.704846,30208122.399417,109308204.445826,-61768755.970517,0.000000,0.000000,0.000000,1.158609
-255764036.084311,-141610130.658711,-263857289.722998,-2557640.156321,-1416101.296277,-2638572.897677,0.000000,0.000000,0.000000,0.918582
-6930833.321315,961271.862678,4282912.082813,-69516.573952,9641.643561,42957.987264,0.000000,0.000000,0.000000,1.040780
153968.639673,31475.731124,117533.294610,1539.841063,314.821729,1175.332598,0.000000,0.000000,0.000000,0.927107
534850.978163,-92312.741248,226824.512214,5348.669889,-923.132897,2268.247077,0.000000,0.000000,0.000000,1.128084
32.880190,33.704063,-16.745118,0.517613,0.314081,-0.227946,0.000000,0.000000,0.000000,0.946045
158797.455690,21992.501124,-65623.057060,1588.184975,219.875613,-656.231154,0.000000,0.000000,0.000000,1.127063
-248.177224,21.129680,540.908568,-2.296033,0.276358,5.404648,0.000000,0.000000,0.000000,0.884658
27992140.646514,-15634535.005231,-10241983.566609,279921.614543,-156345.366331,-102419.832433,0.000000,0.000000,0.000000,1.087730
-611359524.293566,-2802629019.647581,-964143268.803058,-6113595.014174,-28026290.186188,-9641432.688319,0.000000,0.000000,0.000000,0.954176
2632521.149412,-41381994.597760,-15640870.073488,26325.416122,-413819.941371,-156408.700650,0.000000,0.000000,0.000000,1.047518
-143851839650.248718,-46247102010.490715,-167690231914.440460,-1438518396.278161,-462471020.064692,-1676902319.146167,0.000000,0.000000,0.000000,1.052604
39715.598783,34013.188310,52239.445395,397.277314,340.036201,522.390783,0.000000,0.000000,0.000000,0.834774
-3373705.274938,37137799.656635,16060777.737398,-33736.847891,371377.998637,160607.776363,0.000000,0.000000,0.000000,1.193051
47897.930592,-159508.866030,-338396.583456,479.218071,-1595.145100,-3383.962975,0.000000,0.000000,0.000000,0.850615
-40.300434,2.446198,32.062324,-0.348389,0.064402,0.222211,0.000000,0.000000,0.000000,0.985159
-81.772845,20.761244,54.385465,-0.645992,0.093380,0.592634,0.000000,0.000000,0.000000,0.970887
-26996609.994532,8731963.867609,10515228.030763,-269965.957621,87319.715439,105152.283419,0.000000,0.000000,0.000000,0.913613
1734.751235,-2788.745615,-1460.671055,17.465337,-27.892573,-14.605834,0.000000,0.000000,0.000000,0.851217
19231.138979,6254.368519,-17268.442803,197.225440,64.202804,-176.872977,0.000000,0.000000,0.000000,1.013071
79980157.259242,-74934741.645192,-115418185.613984,799801.782055,-749347.423486,-1154181.851286,0.000000,0.000000,0.000000,1.028262
5000012055.507453,-11380017885.576109,8877837436.094933,50251377.596639,-114372039.135637,89224496.839248,0.000000,0.000000,0.000000,1.104882
6495.339686,-37184.693952,-15040.278699,65.142446,-371.765629,-150.398962,0.000000,0.000000,0.000000,1.173870
-2959315.573926,-8598024.399653,431119.113453,-29593.003251,-85980.246362,4311.195361,0.000000,0.000000,0.000000,0.886806
-747832.427502,1623438.780136,235830.698742,-7478.116775,16234.409806,2358.303929,0.000000,0.000000,0.000000,1.093609
168.140069,600.210286,670.049449,1.794645,5.994553,6.709772,0.000000,0.000000,0.000000,0.962762
685.854565,55.085208,-544.430482,7.121725,0.557932,-5.441167,0.000000,0.000000,0.000000,0.894744
-459779.206156,81361.736072,-19231.227914,-4597.515545,813.550118,-192.312778,0.000000,0.000000,0.000000,1.125705
-18733.797388,-18550.850742,601.014937,-187.081449,-185.516425,6.012105,0.000000,0.000000,0.000000,0.809324
47160380.011934,-35950476.498106,-109742876.978984,473023.088088,-360586.586890,-1100730.953338,0.000000,0.000000,0.000000,1.127365
114.441758,-48.798287,11.110215,1.359569,-0.432117,0.199625,0.000000,0.000000,0.000000,1.136320
3234.392612,-1205.714412,76.407047,32.473452,-12.154422,0.766512,0.000000,0.000000,0.000000,0.819373
-1084842.410886,793008.922514,1735831.267636,-10848.226742,7930.079301,17358.312235,0.000000,0.000000,0.000000,1.126828
-8049515120.269732,158927972244.555084,215261929170.075836,-80495151.033747,1589279722.516776,2152619291.699958,0.000000,0.000000,0.000000,0.889062
954.983994,-13206.715957,-7828.705805,9.807927,-132.069710,-78.287687,0.000000,0.000000,0.000000,1.027043
189613.250775,-370873.340072,-484685.384295,1896.316431,-3708.743948,-4846.849151,0.000000,0.000000,0.000000,1.160073
23326974.308723,-7544976.145889,-9085769.903590,233269.882820,-75449.683858,-90857.694915,0.000000,0.000000,0.000000,1.057339
28997.418231,-22900.083041,-2545.414412,290.788599,-229.504792,-25.504813,0.000000,0.000000,0.000000,0.803405
23039.285980,-3562.845765,12559.750162,230.585734,-35.669339,125.592682,0.000000,0.000000,0.000000,0.851926
-711.870728,-146.861748,-586.840135,-6.891265,-1.494247,-5.863514,0.000000,0.000000,0.000000,1.016284
-716.799105,479.159602,477.909007,-6.918517,4.699138,4.774301,0.000000,0.000000,0.000000,0.811855
-13814136.313684,125389637.233062,-45412290.435566,-138141.151511,1253896.346164,-454122.903146,0.000000,0.000000,0.000000,0.810598
-1298297.363069,-303455.431889,808841.689699,-12982.676030,-3034.548957,8088.417295,0.000000,0.000000,0.000000,0.961358
-24.464058,-33.729114,62.945491,-0.196950,-0.226459,0.655979,0.000000,0.000000,0.000000,0.986693
5669.152479,-21538.851841,9079.067866,59.921846,-226.835100,95.542036,0.000000,0.000000,0.000000,0.825082
-301940.973418,-493992.482158,-1895238.528887,-3019.195687,-4939.856365,-18952.381621,0.000000,0.000000,0.000000,0.868226
-84.807781,-20.060228,2.319151,-0.627653,-0.222238,-0.054380,0.000000,0.000000,0.000000,1.153287
1476.405134,2544.171697,-709.164680,14.961091,25.407213,-7.088173,0.000000,0.000000,0.000000,0.870447
3315.618905,3704.631434,4798.499159,33.240332,36.984162,47.983961,0.000000,0.000000,0.000000,0.987682
2011.778976,-2396.988013,-2265.317828,20.390609,-23.947695,-22.653307,0.000000,0.000000,0.000000,0.878281
2891.008870,-716.574418,753.122816,29.135949,-7.281212,7.530699,0.000000,0.000000,0.000000,1.176964
-614689.189906,487533.466892,-1987123.178531,-6146.663417,4875.350904,-19871.227811,0.000000,0.000000,0.000000,0.985321
5027.603846,6395.506527,-57675.009318,50.458845,64.054929,-576.745830,0.000000,0.000000,0.000000,0.864344
-177417.062146,108928.213362,177304.827584,-1773.955005,1089.216979,1773.047260,0.000000,0.000000,0.000000,0.892454
244371.079021,460598.161028,1339583.625766,2493.639021,4700.162869,13669.222212,0.000000,0.000000,0.000000,1.115895
-327538212.909432,-149905816.925090,-2596382.889951,-3275381.917136,-1499058.174303,-25963.833875,0.000000,0.000000,0.000000,0.955103
-85.534347,771.856635,1013.263906,-0.560109,7.707440,10.151805,0.000000,0.000000,0.000000,0.913098
-198.671916,475.248446,-125.687444,-2.022048,5.123000,-1.373940,0.000000,0.000000,0.000000,0.890366
-54.554005,103.980285,125.697601,-0.469845,1.091290,1.376811,0.000000,0.000000,0.000000,0.980274
-133412.262811,-85442.127091,-81058.134252,-1333.965913,-854.377498,-810.577040,0.000000,0.000000,0.000000,1.109128
52.527239,107.758206,-342.259293,0.651572,1.039925,-3.417796,0.000000,0.000000,0.000000,1.108792
1252.554662,38.286647,1511.330652,12.730342,0.430711,15.111429,0.000000,0.000000,0.000000,1.171583
-21345.126123,21551.281191,-18037.218185,-213.213436,215.478802,-180.372633,0.000000,0.000000,0.000000,1.020912
-2686.739732,-2649.399576,1857.517218,-26.722443,-26.536105,18.589550,0.000000,0.000000,0.000000,1.076698
-207129.377209,-329002.127335,408695.613493,-2071.171508,-3290.028897,4086.951637,0.000000,0.000000,0.000000,1.124017
4336944.774331,485308.009182,5877049.182350,43369.553147,4853.135150,58770.493875,0.000000,0.000000,0.000000,1.142295
1971.610671,1395.428462,-493.379330,19.925164,14.018417,-4.932232,0.000000,0.000000,0.000000,0.864710
9403918.723459,-10154330.009624,3097382.580825,94039.364201,-101543.265694,30973.825649,0.000000,0.000000,0.000000,1.100182
-136.344756,-16.154494,-13.326814,-1.392369,-0.091999,-0.002083,0.000000,0.000000,0.000000,0.897377
-39.016609,52.059011,-17.721074,-0.157674,0.498012,-0.207758,0.000000,0.000000,0.000000,1.039522
667579.384829,441978.953690,-73845.317038,6676.018892,4419.791156,-738.453806,0.000000,0.000000,0.000000,1.185663
-10.913098,20.203275,65.837434,0.247687,0.195667,0.698811,0.000000,0.000000,0.000000,0.833635
-1193915101.822493,414244730.880235,622900909.168427,-11939150.824197,4142447.312102,6229009.095754,0.000000,0.000000,0.000000,1.155855
18724.160037,-7536.695364,5071.515870,187.431447,-75.336592,50.713132,0.000000,0.000000,0.000000,1.125171
-2045.284344,674.364106,638.265575,-20.902537,6.782916,6.436966,0.000000,0.000000,0.000000,0.805200
12.351245,-441.478648,-269.755057,-0.081864,-4.531514,-2.692407,0.000000,0.000000,0.000000,1.010085
-1980.669702,5397.504180,-3366.090398,-20.125577,54.165727,-33.760262,0.000000,0.000000,0.000000,1.094638
-821.653920,-728.321866,271.913704,-8.372038,-7.379677,2.729773,0.000000,0.000000,0.000000,1.078279
3428820030.937856,873521374.922024,12705297115.860954,34288200.114468,8735213.754954,127052971.160069,0.000000,0.000000,0.000000,1.152899
-4095.434503,-8431.698876,-585.210888,-41.120378,-84.216834,-5.855811,0.000000,0.000000,0.000000,1.085728
-3671.408428,-828.390813,651.347571,-36.804117,-8.256789,6.511022,0.000000,0.000000,0.000000,0.848772
-6.937471,79.879085,-87.183158,-0.329998,0.785881,-0.895890,0.000000,0.000000,0.000000,0.980531
-522.168530,-862.463258,675.232861,-5.330423,-8.656348,6.749684,0.000000,0.000000,0.000000,1.000139
-11075481.156289,2618550.744543,-29708319.893269,-110755.031668,26185.509167,-297083.195816,0.000000,0.000000,0.000000,1.010837
21029909.556083,29502921.355622,-25133843.944702,210298.923957,295029.178107,-251338.441747,0.000000,0.000000,0.000000,0.954164
-23968.379630,10410.948876,21581.583517,-239.951664,104.103487,215.812462,0.000000,0.000000,0.000000,1.044827
62.046569,-259.116286,113.715074,0.545901,-2.556430,1.132836,0.000000,0.000000,0.000000,0.940580
-276649528.496172,-463489572.783402,12011560.576003,-2766495.475657,-4634895.720654,120115.608429,0.000000,0.000000,0.000000,0.898207
1301.192787,2165.575814,-918.703078,12.981422,21.839578,-9.234246,0.000000,0.000000,0.000000,0.966543
-447325.198743,36177.444619,290633.130923,-4473.438153,361.842448,2906.332160,0.000000,0.000000,0.000000,1.179068
2.538916,130.277104,-44.451166,-0.215292,1.284285,-0.438836,0.000000,0.000000,0.000000,1.143497
-20.055794,20.467876,0.795080,-0.549342,0.164756,0.001211,0.000000,0.000000,0.000000,1.020994
243.949183,-255.088923,-300.219545,2.323839,-2.502417,-3.035816,0.000000,0.000000,0.000000,1.156391
-26.521240,-1565.432190,-2446.961129,-0.348199,-15.696735,-24.465473,0.000000,0.000000,0.000000,0.965299
25466.659620,-10159.151915,1932.299120,254.395553,-101.499693,19.326692,0.000000,0.000000,0.000000,1.030297
72761.958186,-129395.652619,-61919.767828,727.406989,-1293.899735,-619.199180,0.000000,0.000000,0.000000,1.162622
-311.888671,119.280991,189.767852,-3.430084,1.176279,1.887425,0.000000,0.000000,0.000000,0.963892
60313.540203,102024.165856,8844.332418,602.859634,1020.169077,88.443465,0.000000,0.000000,0.000000,0.803676
-128661.761508,-76042.903023,-26252.469295,-1286.833231,-760.471407,-262.521295,0.000000,0.000000,0.000000,0.978531
-115.103724,139.262950,121.286771,-1.409351,1.345290,1.270788,0.000000,0.000000,0.000000,1.185931
-797.157582,-880.022605,-255.740558,-8.135977,-8.896473,-2.581869,0.000000,0.000000,0.000000,0.975066
-377146.741090,157536.517873,291061.766563,-3779.322855,1578.444210,2916.448997,0.000000,0.000000,0.000000,1.173821
67.165854,45.229127,-112.172707,0.510943,0.513722,-1.132067,0.000000,0.000000,0.000000,0.806426
37.451073,554.396804,73.287350,0.183921,5.626165,0.770807,0.000000,0.000000,0.000000,0.906176
940652.312698,605374.126376,-30256.051502,9406.389776,6053.716840,-302.564245,0.000000,0.000000,0.000000,1.158930
1026.796501,-328.843322,259.534457,10.106530,-3.388213,2.604452,0.000000,0.000000,0.000000,1.161871
-4567.163926,-5220.895549,-1520.604316,-45.851367,-52.123705,-15.202122,0.000000,0.000000,0.000000,0.996467
-1885079.746611,1046530.312258,-580030.012263,-18851.100831,10465.277888,-5800.303433,0.000000,0.000000,0.000000,1.113007
-1609494780672.132080,2588811590707.810059,2415478343780.384766,-16094947806.897778,25888115906.960232,24154783437.801323,0.000000,0.000000,0.000000,1.103689
-4865.093890,4078.069554,-1748.505754,-48.859270,40.908734,-17.486475,0.000000,0.000000,0.000000,1.034387
-344837.398395,-661064.756585,127596.470502,-3448.583616,-6610.638508,1275.967361,0.000000,0.000000,0.000000,0.951720
202000.135461,12635.484843,277682.169691,2019.855931,126.408537,2776.816951,0.000000,0.000000,0.000000,0.850262
6234.815010,3912.651704,-1041.351130,62.040655,39.071228,-10.414191,0.000000,0.000000,0.000000,1.178905
4017.095220,390.191055,2048.795597,40.016878,3.844840,20.487506,0.000000,0.000000,0.000000,1.132187
48281.148999,256280.809082,-142166.034263,482.616848,2562.809828,-1421.655527,0.000000,0.000000,0.000000,0.821755
-300227.761336,-124044.787095,216042.107902,-3002.493296,-1240.423067,2160.423040,0.000000,0.000000,0.000000,0.979187
74.797718,31.745531,-67.206983,0.309439,0.281681,-0.871732,0.000000,0.000000,0.000000,0.852776
610.412227,-212.152567,964.713454,5.917553,-2.170939,9.646420,0.000000,0.000000,0.000000,1.154541
734.400865,438.086069,4828.552156,7.162720,4.395077,48.283885,0.000000,0.000000,0.000000,1.067602
204.167011,-1.067775,-2115.469693,1.788120,-0.094059,-21.149810,0.000000,0.000000,0.000000,1.154992
-10885.258206,10181.589865,3968.555478,-109.161948,101.767672,39.684667,0.000000,0.000000,0.000000,1.042995
-20874089.617862,-7173020.271303,-4771680.471603,-208741.055191,-71730.343791,-47716.806188,0.000000,0.000000,0.000000,1.020038
39.557220,41.086144,-46.148588,0.235989,0.513076,-0.477335,0.000000,0.000000,0.000000,1.137709
1053.178434,-3887.572625,3328.414059,10.303033,-38.960036,33.382524,0.000000,0.000000,0.000000,1.042319
-96.300803,-452.743862,1136.868906,-1.061210,-4.586473,11.365862,0.000000,0.000000,0.000000,1.125389
-12452543.198763,-8476041.632764,-708729.805454,-124525.484669,-84760.442591,-7087.294235,0.000000,0.000000,0.000000,0.894271
10708.322774,1429.182347,-1665.111369,107.101866,14.221852,-16.677975,0.000000,0.000000,0.000000,1.128531
654410.186009,12786923.899576,-5921395.963357,6543.862986,127869.360011,-59213.956733,0.000000,0.000000,0.000000,0.968596
474.755741,9071.915243,2495.174618,4.487002,90.782717,24.947010,0.000000,0.000000,0.000000,0.924299
452505206.360996,197912418.192357,191532432.609970,4525051.836804,1979124.275643,1915324.330191,0.000000,0.000000,0.000000,1.078567
-1269780.417661,1574144.458804,3421222.171204,-12697.897781,15741.378912,34212.218312,0.000000,0.000000,0.000000,0.911689
777.259744,35377.796909,-5387.858714,7.627544,353.826712,-53.882450,0.000000,0.000000,0.000000,1.111671
-279853.459814,196360.104563,65336.908578,-2798.735203,1963.595855,653.369745,0.000000,0.000000,0.000000,1.044103
-52.570261,-120.018536,-409.943509,-0.777481,-1.308906,-4.149912,0.000000,0.000000,0.000000,0.835333
-81.445896,37.471872,153.333155,-1.201788,0.386895,1.629237,0.000000,0.000000,0.000000,0.826927
1420.228017,-2141.274497,810.261176,13.909689,-21.327963,8.098478,0.000000,0.000000,0.000000,0.975929
-2055.277875,3129.797999,3886.908981,-20.697500,31.339401,38.867114,0.000000,0.000000,0.000000,0.855713
-1344.741822,2861.917317,-876.183095,-13.738259,28.601881,-8.757470,0.000000,0.000000,0.000000,0.998780
170.039217,66.439271,-86.876244,1.525841,0.551309,-0.891222,0.000000,0.000000,0.000000,0.849696
-27225288.264315,19036800.253218,-1411630.986428,-272798.653751,190749.510825,-14144.581505,0.000000,0.000000,0.000000,1.170608
-1584.324734,-14711.264975,9015.493183,-15.976320,-147.251091,90.245781,0.000000,0.000000,0.000000,0.841411
4842.379454,-33735.432306,-28511.628219,48.078673,-337.345936,-285.117698,0.000000,0.000000,0.000000,0.817673
-46742799.253108,66455374.310680,-131882880.305118,-467428.158877,664553.684518,-1318828.798473,0.000000,0.000000,0.000000,0.877842
-101740.819326,188463.491904,-496641.675505,-1017.572556,1884.608214,-4966.414166,0.000000,0.000000,0.000000,1.130582
3388893.418062,-228969.574596,2728528.305732,33888.799281,-2289.815798,27285.280266,0.000000,0.000000,0.000000,0.804761
63.228077,-25.829531,-35.735784,0.476681,-0.344624,-0.191696,0.000000,0.000000,0.000000,0.971646
14931.861472,11078.751517,-6958.525198,149.162138,110.848823,-69.585731,0.000000,0.000000,0.000000,1.175206
2056365.536275,-2822333.283383,-1124705.441678,20563.426841,-28223.423211,-11247.052779,0.000000,0.000000,0.000000,0.895610
255575.263843,227738.675256,94371.797516,2555.530799,2277.407594,943.721107,0.000000,0.000000,0.000000,1.124766
-462001.159856,-208736.710789,-14296.938977,-4620.147644,-2087.377706,-142.967776,0.000000,0.000000,0.000000,0.917030
-325031.380499,2715872.087714,-2475906.322939,-3250.486222,27158.740816,-24759.058774,0.000000,0.000000,0.000000,1.110419
128583.019042,-885229.169524,-64523.485319,1285.678847,-8852.167763,-645.237536,0.000000,0.000000,0.000000,1.182938
159.278218,2856.629009,3412.425274,1.351598,28.537350,34.120265,0.000000,0.000000,0.000000,0.870615
18872012.661170,22577120.212860,3452941.639800,188719.915474,225771.199072,34529.413186,0.000000,0.000000,0.000000,1.124942
-140775512.296669,-93604461.655839,-100955857.506289,-1407755.326409,-936044.612770,-1009558.577031,0.000000,0.000000,0.000000,1.097224
18.811098,51.113714,283.000564,-0.001461,0.502663,3.089326,0.000000,0.000000,0.000000,0.936291
117.005602,873.675405,2573.883678,0.964202,8.843859,25.844657,0.000000,0.000000,0.000000,0.816094
9609.285208,1035.236814,-11588.276219,95.953902,10.382507,-115.881538,0.000000,0.000000,0.000000,1.110992
15790.173229,2613.247230,26291.734717,157.682327,26.191241,262.916290,0.000000,0.000000,0.000000,0.993451
33.126579,-2506.502985,1591.520832,0.139127,-24.955097,15.916769,0.000000,0.000000,0.000000,1.003036
-2949163.378457,3893217.924864,-800466.485955,-29491.738205,38932.192617,-8004.660019,0.000000,0.000000,0.000000,1.101751
19800941.558920,18604955.981050,1255040.159664,198009.197477,186049.551792,12550.406315,0.000000,0.000000,0.000000,0.997930
-131754.884134,-123874.035669,9310.767905,-1317.760817,-1238.727693,93.103616,0.000000,0.000000,0.000000,0.882918
312424.326811,-191730.837350,-287364.367207,3124.029341,-1917.316887,-2873.643478,0.000000,0.000000,0.000000,1.040275
4048.467922,7221.936243,2408.003259,40.193036,72.163894,24.077565,0.000000,0.000000,0.000000,0.822449
-182.218265,-37.071014,-87.901502,-2.136878,-0.530013,-0.868764,0.000000,0.000000,0.000000,1.015110
385332.622839,13900488.831128,27240811.331214,3853.130079,139004.860830,272408.114143,0.000000,0.000000,0.000000,0.835719
69.726917,52.811894,-89.625089,0.410913,0.592801,-0.928187,0.000000,0.000000,0.000000,0.874795
-35491658.279136,41015941.714345,-6106090.336265,-354916.778444,410159.430220,-61060.899105,0.000000,0.000000,0.000000,0.843767
74.406653,30.887098,-67.286899,0.782357,0.181838,-0.582896,0.000000,0.000000,0.000000,1.158408
-168.492997,392.609613,310.595700,-1.994546,3.869937,3.141345,0.000000,0.000000,0.000000,0.820242
65795692.714633,-79285307.799367,-2770653.459113,657956.660866,-792852.988069,-27706.530516,0.000000,0.000000,0.000000,1.047587
814.059290,444.471133,55.402427,8.041227,4.396088,0.557537,0.000000,0.000000,0.000000,1.193608
-18192.681565,-12230.214016,-6178.395899,-182.155356,-122.243041,-61.780750,0.000000,0.000000,0.000000,0.839774
-1376452.203177,-213629050.088381,-227324141.987607,-13764.645197,-2136290.463218,-2273241.418740,0.000000,0.000000,0.000000,0.802157
18.931063,-36.058146,52.788600,0.023730,-0.316981,0.609425,0.000000,0.000000,0.000000,0.810005
3898.738256,-3035.612437,6225.731435,39.042808,-30.564673,62.678394,0.000000,0.000000,0.000000,1.156415
-23746223.616059,30651014.017449,95826901.580667,-237462.579726,306510.126280,958269.013078,0.000000,0.000000,0.000000,1.178320
-82717451230.521683,-120289570011.388428,42087759396.941864,-827174512.512131,-1202895700.112348,420877593.973133,0.000000,0.000000,0.000000,0.849203
131.953020,-23.513881,32.893980,1.082043,-0.164025,0.331075,0.000000,0.000000,0.000000,0.811737
-36057.593285,13823.880497,-12788.837244,-360.747637,138.226557,-127.891140,0.000000,0.000000,0.000000,1.007577
2531.112216,260669.870503,-153630.576264,25.081966,2606.664319,-1536.301667,0.000000,0.000000,0.000000,0.907589
16868.059638,-27307.147118,-318073.179843,168.508348,-272.986988,-3180.731147,0.000000,0.000000,0.000000,1.118950
7.623594,-42.064362,-25.875492,0.033255,-0.432979,-0.229358,0.000000,0.000000,0.000000,1.058072
-4513.606985,-9579.942399,-1176.769956,-45.345529,-95.688622,-11.767760,0.000000,0.000000,0.000000,0.979610
17936.732058,-5437.885723,-281897.415950,179.094905,-54.417165,-2818.971863,0.000000,0.000000,0.000000,1.015808
-4178.083754,-8619.965819,2170.084245,-41.955002,-86.312124,21.697174,0.000000,0.000000,0.000000,1.172563
-233920.941551,-108374.588063,264555.735585,-2339.359243,-1083.847034,2645.555774,0.000000,0.000000,0.000000,0.963067
102726.108116,17292.926156,23144.590568,1027.071769,172.919026,231.446462,0.000000,0.000000,0.000000,0.931933
-321.009752,-73.090081,1183.040786,-3.382078,-0.721553,11.833794,0.000000,0.000000,0.000000,0.810177
-100927.034735,519673.683490,-297477.378633,-1009.459806,5196.788185,-2974.775526,0.000000,0.000000,0.000000,1.048074
243.681737,30180.793591,9370.688558,2.263091,301.929336,93.707954,0.000000,0.000000,0.000000,1.088974
-52498980.616319,-55492076.320142,-119540640.792778,-524989.993011,-554920.782492,-1195406.403687,0.000000,0.000000,0.000000,1.149844
-82.631466,-522.020162,-257.082197,-1.053613,-5.276995,-2.574884,0.000000,0.000000,0.000000,1.190474
-455.342027,444.680473,8058.171827,-4.760572,4.468683,80.576857,0.000000,0.000000,0.000000,0.941091
5345.528295,-1607.698436,4186.642136,53.195558,-16.065058,41.863056,0.000000,0.000000,0.000000,1.111548
-13521081608401.935547,-12731298459657.437500,8472932761167.691406,-135210816084.300140,-127312984596.623734,84729327611.681351,0.000000,0.000000,0.000000,0.909709
5987361680.272244,-5121181673.254239,306172956.278345,59873616.576093,-51211816.723662,3061729.565287,0.000000,0.000000,0.000000,0.810550
-232.797791,-267.227559,218.022548,-2.542696,-2.710385,2.187062,0.000000,0.000000,0.000000,1.023740
3555.963377,-14604.698514,7868.387448,35.336971,-146.133716,78.683695,0.000000,0.000000,0.000000,0.920904
-1210.900065,-43065.881749,14500.136603,-12.304269,-430.630846,145.000560,0.000000,0.000000,0.000000,1.139613
18691.395761,-16673.992749,-5956.503195,186.792117,-166.820359,-59.564435,0.000000,0.000000,0.000000,0.804975
-44308397079.856560,8692733646.089897,36351365434.380226,-443083970.993720,86927336.449994,363513654.343281,0.000000,0.000000,0.000000,0.889098
53230.898130,34049.652186,10197.171471,532.201472,340.557326,101.966793,0.000000,0.000000,0.000000,1.009288
101087.114272,41999.830316,103365.336123,1013.775861,421.311324,1036.758221,0.000000,0.000000,0.000000,1.077554
47947504.304522,28828622.520692,-30030049.520357,479474.844396,288286.230883,-300300.490513,0.000000,0.000000,0.000000,0.998451
455793.376457,-2348448.159702,-2613085.805687,4557.858520,-23484.546197,-26130.860469,0.000000,0.000000,0.000000,0.870427
12656331.251241,8614670.785317,720226.779543,126563.257284,86146.679857,7202.271470,0.000000,0.000000,0.000000,0.879874
-21223.069839,6133.056403,2565.915886,-212.355704,61.266066,25.657628,0.000000,0.000000,0.000000,1.180466
-967750.557157,671629.590815,3297200.791079,-9677.591573,6716.213168,32972.003518,0.000000,0.000000,0.000000,1.041296
-81070.389198,3692.366709,-29824.580568,-810.794029,36.859002,-298.244930,0.000000,0.000000,0.000000,0.901040
1525417.468113,966239.653992,1590234.288103,15253.977581,9662.401829,15902.339519,0.000000,0.000000,0.000000,0.921799
-126919.397093,67802.984577,27822.798352,-1269.413468,677.985240,278.230910,0.000000,0.000000,0.000000,0.931945
-982.888197,549.397996,706.634563,-10.235921,5.451076,7.180953,0.000000,0.000000,0.000000,1.171765
-6159.515445,34298.801540,37013.230961,-62.085589,344.395495,371.622962,0.000000,0.000000,0.000000,0.932916
23.781495,85.835557,50.849549,-0.016979,0.855615,0.530658,0.000000,0.000000,0.000000,0.856158
139639491.176264,-85953469.886950,-53956993.387740,1396394.717880,-859534.702715,-539569.929254,0.000000,0.000000,0.000000,0.805981
-33.616038,425.633251,148.753451,-0.540620,4.134562,1.487474,0.000000,0.000000,0.000000,1.002399
-532223.445699,-10364196.543718,4801617.918160,-5322.473189,-103641.841629,48016.180789,0.000000,0.000000,0.000000,1.194210
-40611656.538424,-83474839.291021,-134926462.337849,-406116.810784,-834748.511237,-1349264.622569,0.000000,0.000000,0.000000,0.848603
1145741.767680,-795098.061202,-3904764.950938,11457.330725,-7951.062693,-39047.650664,0.000000,0.000000,0.000000,0.879236
451732.262166,231104.626130,15983.941037,4517.182861,2311.033979,159.840922,0.000000,0.000000,0.000000,0.914770
-236.828857,250.541575,-659.178441,-2.532526,2.498439,-6.716700,0.000000,0.000000,0.000000,0.803288
1441.907788,-684.842451,-726.147286,14.209268,-6.902776,-7.301198,0.000000,0.000000,0.000000,1.033023
19.227214,-85.881300,11.991307,0.118871,-0.936850,0.154554,0.000000,0.000000,0.000000,0.957055
-113.996826,5.394291,1.481209,-1.539823,0.058103,0.044827,0.000000,0.000000,0.000000,0.870589
-40910.971329,-85621.045952,-173816.175416,-409.263697,-856.185942,-1738.159934,0.000000,0.000000,0.000000,0.856782
-1299.545801,-3768.133782,-459.614070,-13.261243,-37.554901,-4.597973,0.000000,0.000000,0.000000,1.008505
-9552.162546,1750.997872,-16325.280244,-95.627260,17.398492,-163.252917,0.000000,0.000000,0.000000,1.051318
74401727.041757,83457159.785691,4911847.981702,744017.152493,834571.513892,49118.479535,0.000000,0.000000,0.000000,0.829319
60136.887673,87014.536411,-1957.246192,601.038502,870.079622,-19.568599,0.000000,0.000000,0.000000,1.105101
-494745458.008286,-44975335.489877,-1084503692.173097,-4947454.678473,-449753.374471,-10845036.921731,0.000000,0.000000,0.000000,0.803975
1600421.580807,-1341002.459855,-81145.432773,16004.086805,-13410.027554,-811.450974,0.000000,0.000000,0.000000,1.156677
214868845.700906,-251088226.773851,-228741477.179301,2148688.240926,-2510882.257314,-2287414.774833,0.000000,0.000000,0.000000,1.087580
4284336.215405,51845114.851389,-73051986.474383,42843.176435,518451.181025,-730519.866194,0.000000,0.000000,0.000000,0.835413
-77159.857702,-7399746.862352,6050701.116043,-771.794651,-73997.533839,60507.007349,0.000000,0.000000,0.000000,1.076250
637404.789221,-130440.848071,-914151.662348,6373.792007,-1304.383289,-9141.517769,0.000000,0.000000,0.000000,0.854089
188962.085137,-555312.897058,52256.252397,1891.233480,-5558.703309,523.090832,0.000000,0.000000,0.000000,0.978424
157.391439,-41.281160,123.721775,1.412026,-0.397909,1.243246,0.000000,0.000000,0.000000,0.814313
-2118951.464385,-1192066.920564,888727.740301,-21189.806684,-11920.600408,8887.279883,0.000000,0.000000,0.000000,1.156732
143939550.495775,-1507136.831666,-309384552.667291,1439395.327890,-15071.422456,-3093845.525244,0.000000,0.000000,0.000000,0.967532
-1243475.758204,-515738.927874,4088.281850,-12434.899943,-5157.519753,40.879164,0.000000,0.000000,0.000000,0.841535
-2234.580853,-262.992128,-205.410298,-22.552220,-2.679988,-2.058332,0.000000,0.000000,0.000000,0.832770
-612.667581,-1208.875133,1134.725015,-6.323366,-12.136390,11.345042,0.000000,0.000000,0.000000,1.098945
26867.539598,162341.609465,103765.768955,268.438976,1623.450454,1037.653417,0.000000,0.000000,0.000000,1.004478
-837130.469755,-1437520.430080,-614416.972307,-8371.508712,-14375.207441,-6144.168084,0.000000,0.000000,0.000000,0.917441
6533876.843149,-3099545.139057,3706189.180568,65338.497646,-30995.461756,37061.887411,0.000000,0.000000,0.000000,0.876738
121.614768,125.954475,-1.432188,0.983329,1.428196,0.016642,0.000000,0.000000,0.000000,0.966446
-320913387.121423,677981765.002982,733883880.092344,-3209134.041913,6779817.625009,7338838.798583,0.000000,0.000000,0.000000,1.117363
58684457.325034,62030438.908762,133591308.778140,586844.385475,620304.368816,1335913.089911,0.000000,0.000000,0.000000,1.028863
-1793401.845167,-29972911.904976,59620961.454742,-17934.213350,-299729.112152,596209.613528,0.000000,0.000000,0.000000,0.836461
26296.545847,200193.817660,20996.779951,263.327010,2005.927558,210.407325,0.000000,0.000000,0.000000,1.152251
1663474.816635,-338992.994871,9394.797155,16634.618962,-3389.947869,93.945872,0.000000,0.000000,0.000000,1.002167
5.715813,-53.877321,-21.615853,-0.161104,-0.507506,-0.254996,0.000000,0.000000,0.000000,0.838406
983.361076,-271.469539,158.506770,9.560445,-2.743988,1.584923,0.000000,0.000000,0.000000,0.945995
47.468940,141.313889,-11.482811,0.360344,1.415849,-0.062634,0.000000,0.000000,0.000000,1.045414
-71.591419,300.435316,-509.796584,-0.842515,2.944632,-5.112949,0.000000,0.000000,0.000000,1.155078
-297.156655,-125.568399,29.048544,-3.172341,-1.128442,0.286271,0.000000,0.000000,0.000000,1.198135
98078327.815667,77646549.287079,-114001750.677288,980783.087691,776465.528549,-1140017.504221,0.000000,0.000000,0.000000,0.929944
556129.965406,435553.753785,-219679.576513,5600.427876,4386.264788,-2212.275251,0.000000,0.000000,0.000000,1.033498
-84165825.364297,-109219925.028105,301544718.001504,-841658.416421,-1092199.262802,3015447.175832,0.000000,0.000000,0.000000,1.152693
-1555.827881,-3063.413261,976.764466,-15.758468,-30.760762,9.832893,0.000000,0.000000,0.000000,0.809414
-79820.706409,-272461.216470,8077.896687,-821.325921,-2803.042239,83.104764,0.000000,0.000000,0.000000,1.195861
380.761321,-141.839100,-32.251666,3.474868,-1.436688,-0.320329,0.000000,0.000000,0.000000,0.824312
-141499184.646211,75166808.216494,50275795.364750,-1414992.038267,751668.077082,502757.957495,0.000000,0.000000,0.000000,0.831466
-112647.659728,153151.230503,-4410.021283,-1126.584277,1531.517494,-44.099110,0.000000,0.000000,0.000000,0.886855
151.106133,66.080813,-15.057915,1.237053,0.626541,-0.154852,0.000000,0.000000,0.000000,1.011782
-835.072414,391.028449,-1336.883563,-8.508953,3.917916,-13.367743,0.000000,0.000000,0.000000,0.978179
497171.440998,-39608.563650,-323517.168538,4971.524917,-396.017366,-3235.168670,0.000000,0.000000,0.000000,1.061153
-48.222061,-297.075076,274.642280,-0.591479,-3.004212,2.758435,0.000000,0.000000,0.000000,1.008906
8727.166105,-2541.600990,-8365.070308,86.958518,-25.460672,-83.650227,0.000000,0.000000,0.000000,0.980591
-87998.718023,-341930.033131,499501.498489,-880.170957,-3419.306949,4995.010207,0.000000,0.000000,0.000000,1.007109
-139.511588,393.679428,-22.368499,-1.609054,3.980237,-0.235042,0.000000,0.000000,0.000000,0.874747
4.080191,163.117515,-150.334218,-0.121814,1.640307,-1.544138,0.000000,0.000000,0.000000,1.009182
5966.915022,2051.272299,-13877.881466,59.597218,20.472067,-138.773995,0.000000,0.000000,0.000000,0.871542
-94.748202,-14.162818,-127.754658,-1.296540,-0.263474,-1.296965,0.000000,0.000000,0.000000,1.014160
-84890937.752990,102269723.972604,3570774.229872,-848909.642154,1022697.327656,35707.746304,0.000000,0.000000,0.000000,0.812252
-2699751.503261,224778.894504,-2194844.797306,-26997.647248,2247.668712,-21948.448604,0.000000,0.000000,0.000000,0.986785
-96184.307254,-38465.974721,-122506.091982,-962.170155,-384.615596,-1225.059380,0.000000,0.000000,0.000000,0.967353
-2929256.032971,-1640201.821635,792460.609432,-29292.768204,-16402.017006,7924.601264,0.000000,0.000000,0.000000,1.058365
-24602.279193,-18274.394110,-26067.995301,-246.239549,-182.684568,-260.676679,0.000000,0.000000,0.000000,0.897868
-67.303680,-509.580088,570.471168,-0.952340,-5.063951,5.701029,0.000000,0.000000,0.000000,1.134777
-23.934408,-7.388474,-58.331419,-0.373260,-0.159271,-0.587222,0.000000,0.000000,0.000000,0.836290
698923420.395755,708873237.525358,130547129.200588,6989233.943625,7088732.444270,1305471.288808,0.000000,0.000000,0.000000,0.864157
1876870.691034,-774857.407094,204391.018003,18768.371930,-7748.535259,2043.906199,0.000000,0.000000,0.000000,1.043791
276957651.638230,311192269.632655,-739969573.717454,2769576.282430,3111922.666296,-7399695.738211,0.000000,0.000000,0.000000,0.971444
-467.345239,-159.057564,-512.633890,-4.865692,-1.678599,-5.123757,0.000000,0.000000,0.000000,0.803007
-7835.620132,6570.138028,-9966.284142,-78.566720,65.695439,-99.658801,0.000000,0.000000,0.000000,0.926664
-36719.675673,25018.698573,67206.633222,-367.359895,250.192804,672.063656,0.000000,0.000000,0.000000,1.144067
-42.329740,-39.887653,-83.714418,-0.749969,-0.491119,-0.865940,0.000000,0.000000,0.000000,0.976764
-114.039852,-252.697599,-2468.615275,-1.281837,-2.583861,-24.684703,0.000000,0.000000,0.000000,0.889098
434.965647,523.466180,-288.532431,4.058401,5.250766,-2.882339,0.000000,0.000000,0.000000,0.891783
195.446431,-150.322712,308.620978,1.656669,-1.568647,3.082094,0.000000,0.000000,0.000000,0.995825
-6.802349,8.010008,-68.623489,-0.247386,-0.059215,-0.705554,0.000000,0.000000,0.000000,0.819459
-601625.907424,-1643876.509625,-93165.834161,-6016.453841,-16438.768060,-931.657798,0.000000,0.000000,0.000000,1.121507
1954475995202.730469,-3143700830677.709961,-2933215123401.333496,19544759951.850292,-31437008306.894028,-29332151234.015854,0.000000,0.000000,0.000000,0.908878
115.739772,-84.115152,-42.064782,1.275056,-0.582895,-0.522558,0.000000,0.000000,0.000000,1.164952
266933627.292451,-361248964.785774,144529009.750987,2669336.075947,-3612489.628273,1445290.098719,0.000000,0.000000,0.000000,1.103829
-12443.672806,-3616.346595,-3437.717964,-124.619841,-36.178817,-34.373421,0.000000,0.000000,0.000000,1.019504
89.526156,64.688727,-107.658546,0.630618,0.761918,-1.097219,0.000000,0.000000,0.000000,0.944565
-5188858985.175273,2129121163.099356,-5020523774.106350,-51888590.041887,21291211.636083,-50205237.744537,0.000000,0.000000,0.000000,0.910022
-7948.152022,21528.919391,-5837.477947,-79.719060,215.302892,-58.375376,0.000000,0.000000,0.000000,0.803507
179.988176,32.730539,89.061512,1.599385,0.308386,0.961142,0.000000,0.000000,0.000000,0.923965
-9621.908924,-950.402240,23436.179424,-96.369980,-9.595215,234.361021,0.000000,0.000000,0.000000,0.939871
-405.116984,719.089229,-209.017009,-4.442404,7.509959,-2.170916,0.000000,0.000000,0.000000,0.966995
2808.531398,-7648.274499,3545.566214,27.770407,-76.522590,35.453885,0.000000,0.000000,0.000000,1.096231
1389.637535,-2584.328774,1130.607993,13.583133,-25.917023,11.302261,0.000000,0.000000,0.000000,0.840062
-2255199113.983469,-1989929799.633877,1421730612.671902,-22551991.251357,-19899298.098400,14217306.129573,0.000000,0.000000,0.000000,1.170553
176.355433,-556.902401,389.146468,1.695285,-5.596329,3.889681,0.000000,0.000000,0.000000,0.811813
-1929.274444,8625.199993,-6434.035697,-19.481200,86.299004,-64.338894,0.000000,0.000000,0.000000,1.145674
-186368.073735,1061271.414417,93679.331586,-1863.831546,10612.834314,936.790350,0.000000,0.000000,0.000000,0.907146
213049.924389,-583944.829597,-1572214.309833,2130.306545,-5839.591298,-15722.139388,0.000000,0.000000,0.000000,0.846820
12156.040317,10753.955524,-12495.434228,121.273891,107.578006,-124.950787,0.000000,0.000000,0.000000,1.185405
323051.319409,-1958419.208573,-1540013.526045,3230.356874,-19584.207343,-15400.131851,0.000000,0.000000,0.000000,0.955268
1301.806595,11569.142758,-6607.254811,12.913310,115.811353,-66.135469,0.000000,0.000000,0.000000,1.138260
447.664448,-1228.527809,2645.976820,4.247992,-12.373126,26.455612,0.000000,0.000000,0.000000,0.927767
-43188.222457,5826.558761,21376.662496,-432.158505,58.332820,213.764643,0.000000,0.000000,0.000000,1.155436
70422.894198,-63334.132940,-45257.754427,704.112366,-633.220448,-452.575590,0.000000,0.000000,0.000000,1.161849
4623.570018,-781.777743,-2650.343836,46.200032,-7.836420,-26.601036,0.000000,0.000000,0.000000,1.006901
77975255395.068909,113043435494.072739,-39553317107.231232,779752553.742973,1130434354.941143,-395533171.068206,0.000000,0.000000,0.000000,0.902154
5174062.521320,13124637.746040,-90202003.745517,51740.439292,131246.374057,-902020.035379,0.000000,0.000000,0.000000,0.984989
-58754.212870,34480.779761,-39812.691393,-590.070684,346.232551,-399.733862,0.000000,0.000000,0.000000,0.941679
-48488.412022,-35066.125396,36411.275677,-485.078323,-350.649703,364.110571,0.000000,0.000000,0.000000,0.968550
625.748753,-330.299231,-1064.716286,6.155826,-3.360479,-10.644402,0.000000,0.000000,0.000000,0.991250
-246.812998,1082.234721,-37.200002,-2.611336,10.760651,-0.372092,0.000000,0.000000,0.000000,1.098281
-1665.395979,-2060.103755,-987.347817,-16.773272,-20.558607,-9.872059,0.000000,0.000000,0.000000,1.031808
-3932713395.515813,6475891462.476929,-20670233543.416824,-39327134.143515,64758914.631520,-206702335.436778,0.000000,0.000000,0.000000,1.049797
1438347.053799,-1681081.668074,-3616171.165287,14383.375827,-16810.880994,-36161.712094,0.000000,0.000000,0.000000,0.855235
297361.746066,-113330.090124,261553.187702,2973.462050,-1133.401996,2615.530757,0.000000,0.000000,0.000000,1.094591
-1579700.231701,8261730.521151,403215.027908,-15797.197202,82617.285998,4032.148941,0.000000,0.000000,0.000000,0.857193
-120.086442,1.388998,-182.892365,-1.272947,0.043433,-1.825704,0.000000,0.000000,0.000000,1.120642
721.439090,765.158481,-808.086144,6.918413,7.699840,-8.081587,0.000000,0.000000,0.000000,0.868762
666.553685,706.537573,-522.792309,6.416144,7.123176,-5.215770,0.000000,0.000000,0.000000,1.041343
4749.442974,-14776.056230,-247.113386,47.384103,-147.836386,-2.472298,0.000000,0.000000,0.000000,1.187912
867.685182,109.534025,-438.706183,8.378903,1.200276,-4.385548,0.000000,0.000000,0.000000,1.141518
-63.946126,-10.755143,169.590670,-0.892296,0.016725,1.804455,0.000000,0.000000,0.000000,0.817906
-8488336.947188,-26300506.018497,-12218169.769150,-84883.580724,-263005.070379,-122181.700051,0.000000,0.000000,0.000000,0.967201
144040.378472,144786.714497,-107553.832388,1440.248680,1447.760218,-1075.535358,0.000000,0.000000,0.000000,1.039648
-8151.078094,32092.974445,63204.824122,-81.710140,320.907256,632.044106,0.000000,0.000000,0.000000,1.006053
108.324805,1.491519,-140.230443,1.003027,-0.076214,-1.404191,0.000000,0.000000,0.000000,0.831222
-111.015503,19.986897,10.531895,-0.969353,0.095990,0.176452,0.000000,0.000000,0.000000,1.120992
538.589294,249.662443,147.095433,5.232975,2.536369,1.469470,0.000000,0.000000,0.000000,0.928904
117657.664611,-87880.249469,-53445.333263,1176.377328,-878.825650,-534.449442,0.000000,0.000000,0.000000,1.028103
109876.610384,41206.533261,140455.488276,1098.436341,412.108411,1404.553012,0.000000,0.000000,0.000000,0.836554
91.540539,-30.509517,-48.665827,0.758673,-0.190802,-0.493000,0.000000,0.000000,0.000000,1.102035
-1116.568256,442.790536,-306.834093,-11.432799,4.397264,-3.065025,0.000000,0.000000,0.000000,0.811120
131.033624,4.709510,-67.800372,1.203016,0.128806,-0.682627,0.000000,0.000000,0.000000,1.158241
-2173.159586,-2522.272630,2036.886930,-21.865068,-25.093638,20.367448,0.000000,0.000000,0.000000,0.890457
119516.861071,144908.927460,710570.425592,1195.064250,1449.131593,7105.705211,0.000000,0.000000,0.000000,1.188700
-17.344557,1874.375043,2996.338370,-0.392350,18.795254,29.962596,0.000000,0.000000,0.000000,1.041086
103.156769,-49.724676,-29.408217,0.735763,-0.455954,-0.295389,0.000000,0.000000,0.000000,0.808992
-3772.553558,5381.547010,5613.803741,-38.611563,54.952722,57.232198,0.000000,0.000000,0.000000,1.094174
-3936915.319651,-1727487.655000,1645391.739561,-39369.239241,-17274.819581,16453.913415,0.000000,0.000000,0.000000,1.073638
126.548400,102.899183,148.379999,1.004267,1.016659,1.567666,0.000000,0.000000,0.000000,0.827773
36163954.583221,-16598009.541026,-68378744.358400,361639.343086,-165980.089316,-683787.439576,0.000000,0.000000,0.000000,0.889053
-20026.986080,-10050.532623,30699.699095,-200.492275,-100.409538,306.997730,0.000000,0.000000,0.000000,1.185254
1244989.930866,493359.966620,35167.780860,12449.753444,4933.467748,351.674150,0.000000,0.000000,0.000000,0.847754
65.040269,7.303550,-7.420811,0.508578,0.191705,-0.069424,0.000000,0.000000,0.000000,1.102478
-1660216345.436646,2319007880.065951,-4142924725.189912,-16602163.681983,23190078.791540,-41429247.250633,0.000000,0.000000,0.000000,1.151411
52328.774236,-30955.006473,35390.221309,525.216808,-310.751143,355.313085,0.000000,0.000000,0.000000,1.066719
-207070.036410,567253.381777,1527031.254146,-2070.892595,5672.389532,15270.312796,0.000000,0.000000,0.000000,0.871816
62690.976092,18039.329486,28462.025300,626.793530,180.439971,284.617838,0.000000,0.000000,0.000000,1.064302
-71.052153,-48.111043,-275.279601,-0.955622,-0.587214,-2.823729,0.000000,0.000000,0.000000,1.083585
-291094.691350,-38702.226778,169475.557386,-2911.125658,-387.053324,1694.753841,0.000000,0.000000,0.000000,1.004985
730907.838613,92334.639162,95735.633931,7308.879236,923.447432,957.359719,0.000000,0.000000,0.000000,0.805786
11768.906366,11199.624143,116149.904935,117.448737,112.125132,1161.495559,0.000000,0.000000,0.000000,1.095958
559544.013813,207571288.901538,222203137.336859,5595.316965,2075712.925026,2222031.372742,0.000000,0.000000,0.000000,0.819543
-541035.135564,-423060.523813,213210.368129,-5448.563130,-4260.402353,2147.138933,0.000000,0.000000,0.000000,1.063840
126068.868620,214510.951900,829.002565,1260.488993,2145.169442,8.292968,0.000000,0.000000,0.000000,0.925326
39876.806929,56462.274124,2595.610918,398.646409,564.572602,25.955536,0.000000,0.000000,0.000000,1.185133
737.256321,-671.173686,354.033460,7.404700,-6.906223,3.667520,0.000000,0.000000,0.000000,0.855007
8349661574.916817,1019266540.673867,9207739921.475163,83496615.562242,10192665.403570,92077399.212945,0.000000,0.000000,0.000000,1.081940
175201.888157,-507377.308881,107628.090096,1751.813699,-5073.726261,1076.282482,0.000000,0.000000,0.000000,1.120414
199.325696,-71.164075,-138.275349,1.762817,-0.645800,-1.379591,0.000000,0.000000,0.000000,1.024909
88376.595184,-59129.409523,-57287.414614,883.534482,-591.300347,-572.871694,0.000000,0.000000,0.000000,1.084246
805290.875900,-611111.304629,1982884.966546,8052.696815,-6111.006965,19828.846896,0.000000,0.000000,0.000000,1.074895
-41032.987990,57554.930965,-70427.870793,-410.595169,575.593473,-704.275911,0.000000,0.000000,0.000000,1.150690
16516.903927,1068.547829,-17770.750739,164.924288,10.660156,-177.703004,0.000000,0.000000,0.000000,0.974919
-32782835.793385,-90834062.688282,55901112.320103,-327828.440612,-908340.671802,559011.121362,0.000000,0.000000,0.000000,1.053586
22985.080239,96314.594222,-7120.245010,229.698910,963.261568,-71.205083,0.000000,0.000000,0.000000,0.885200
-3199519056.746347,-7016811283.955202,3400945679.803123,-31995190.691474,-70168112.781019,34009456.795214,0.000000,0.000000,0.000000,0.922503
73966821.827748,-86793484.688781,-80654493.117096,739668.016922,-867934.865454,-806544.929753,0.000000,0.000000,0.000000,1.071649
122193.206911,-626289.132646,360221.420791,1221.741949,-6262.836584,3602.210517,0.000000,0.000000,0.000000,0.885610
188935880.146943,451745784.169333,-3662225.100844,1889358.609603,4517457.846908,-36622.248289,0.000000,0.000000,0.000000,0.953759
-19289720.238236,-27061603.198084,23053864.775053,-192897.372648,-270616.065554,230538.643852,0.000000,0.000000,0.000000,1.040246
124.940802,31.124606,-36.773304,1.163370,0.328591,-0.370914,0.000000,0.000000,0.000000,1.144493
-25951674358137040.000000,2630453764409338.000000,388073706936999.812500,-259516743581371.875000,26304537644093.640625,3880737069369.996094,0.000000,0.000000,0.000000,0.977780
-8212.972134,9528.522248,-1979.527527,-82.235344,95.246180,-19.790565,0.000000,0.000000,0.000000,0.851596
-311.825883,2197.597708,-88.026121,-3.272382,22.243592,-0.856837,0.000000,0.000000,0.000000,0.800099
-2567012.431140,304946.055909,1855593.248189,-25670.316721,3049.561826,18555.934405,0.000000,0.000000,0.000000,1.119573
-983229.620376,-596438.377785,48812.447717,-9832.426405,-5964.406174,488.120646,0.000000,0.000000,0.000000,1.096420
55.463287,186.675618,-240.795719,0.299244,1.849340,-2.409099,0.000000,0.000000,0.000000,1.083795
2913787.494777,-1683302.785144,-3966334.253715,29137.619074,-16833.099874,-39663.339257,0.000000,0.000000,0.000000,0.946685
551.603703,-70.291329,-218.117777,5.348914,-0.830526,-2.175454,0.000000,0.000000,0.000000,0.880569
-11873.816665,-26118.004697,2355.761890,-119.195478,-261.663854,23.607961,0.000000,0.000000,0.000000,0.996733
2.611805,-36.799322,-34.849896,-0.238348,-0.253486,-0.464826,0.000000,0.000000,0.000000,1.003403
647368863844.303589,-38425970034.850906,-649469832933.202026,6473688638.258792,-384259700.267602,-6494698329.328857,0.000000,0.000000,0.000000,1.189955
396.055008,480.173297,1087.551564,3.810333,4.741278,10.871035,0.000000,0.000000,0.000000,1.031382
-13218.398239,-674.281435,809.839904,-134.882378,-6.994715,8.264272,0.000000,0.000000,0.000000,0.970448
-26.816637,290.303800,-530.101363,-0.563019,2.834455,-5.298689,0.000000,0.000000,0.000000,0.966858
284870349.318860,-381573528.238622,293218677.477858,2848703.305326,-3815735.242988,2932186.778372,0.000000,0.000000,0.000000,0.916667
-5851.720606,-2075.698454,13566.026694,-58.586996,-20.796890,135.660112,0.000000,0.000000,0.000000,0.885629
6474.421070,12091.261530,5493.729200,64.471720,120.953484,54.939888,0.000000,0.000000,0.000000,0.955112
-3266.282871,7452.352218,9762.213282,-32.738446,74.444505,97.618761,0.000000,0.000000,0.000000,1.005957
14806.940843,-15383.188260,-18755.517312,147.799269,-153.786557,-187.550519,0.000000,0.000000,0.000000,0.885273
-250084029.089381,-281004897.749189,668189872.166141,-2500840.524132,-2810049.006720,6681898.718718,0.000000,0.000000,0.000000,1.075807
-1074476.296032,-1281802.629077,200632.929513,-10744.921458,-12818.101874,2006.329901,0.000000,0.000000,0.000000,1.005960
6687774.899309,-705577.444692,1178921.150216,66877.529712,-7055.764124,11789.208883,0.000000,0.000000,0.000000,1.156750
-4539587525.649010,1908984862.830123,1741745739.801462,-45395875.522752,19089848.674971,17417457.396982,0.000000,0.000000,0.000000,1.095993
-118081.599770,-235454.698035,34969.273793,-1181.014130,-2354.533140,349.692438,0.000000,0.000000,0.000000,0.913352
-695920.214187,1121255.803258,-439504.718918,-6959.445769,11212.436354,-4395.045625,0.000000,0.000000,0.000000,0.804534
698483.149944,-661659.338983,-437912.655915,6984.515639,-6616.573927,-4379.126500,0.000000,0.000000,0.000000,1.025495
295085.406194,266434.110872,473267.073740,2968.372396,2680.386319,4761.242898,0.000000,0.000000,0.000000,1.015924
153711329.744825,61586410.878445,56118615.690961,1537113.100955,615864.115840,561186.160673,0.000000,0.000000,0.000000,0.933560
-3461007240216.549316,22508178085163.031250,27914645134969.054688,-34610072402.420242,225081780851.640015,279146451349.697205,0.000000,0.000000,0.000000,1.134775
12445.275041,-28161.375739,3324.941225,124.224078,-281.600200,33.251357,0.000000,0.000000,0.000000,0.951143
1624722622.865124,-2269475875.766014,4054581717.610835,16247226.000421,-22694758.765922,40545817.175841,0.000000,0.000000,0.000000,1.176513
6784.858291,-135532.793482,-323106.124711,67.629710,-1355.304448,-3231.056986,0.000000,0.000000,0.000000,0.993908
4128.113407,-3109.207362,921.924675,41.076637,-31.075917,9.218598,0.000000,0.000000,0.000000,0.999758
36061218.718299,-25211632.342276,1867381.123119,361334.680432,-252621.555647,18711.251136,0.000000,0.000000,0.000000,0.883884
-75043733.768830,-84142907.076590,-4951558.474918,-750437.453867,-841429.152773,-49515.584916,0.000000,0.000000,0.000000,0.822428
-5290.612880,-7066.317581,2157.340679,-53.137591,-70.760435,21.568753,0.000000,0.000000,0.000000,1.046457
-788553227.881641,147329423.570403,13921343.421255,-7885532.487306,1473294.288549,139213.430964,0.000000,0.000000,0.000000,1.179048
7389.291183,7657.830358,12021.884158,73.697590,76.677002,120.216943,0.000000,0.000000,0.000000,0.964761
26717567.322146,-13579569.867440,-6505941.459416,267175.441526,-135795.672954,-65059.412969,0.000000,0.000000,0.000000,1.132106
-263.406460,913.698270,-626.273114,-2.773318,9.126362,-6.270424,0.000000,0.000000,0.000000,0.902754
-9081796.228271,25080943.227282,2747220.687650,-90818.220763,250809.420050,27472.202984,0.000000,0.000000,0.000000,0.897586
1325.776066,235.065845,7671.690061,13.008812,2.310680,76.714308,0.000000,0.000000,0.000000,1.012607
456840523.732468,372596100.700627,-91287243.480723,4568405.028249,3725961.011231,-912872.431398,0.000000,0.000000,0.000000,0.892705
44.521476,-52.009023,-30.108993,0.241688,-0.716721,-0.265643,0.000000,0.000000,0.000000,1.048317
9.741104,-27.638765,-85.294275,-0.035901,-0.240331,-0.866790,0.000000,0.000000,0.000000,1.118778
-11196.911992,22042.848515,-11053.737674,-112.177371,220.397327,-110.538893,0.000000,0.000000,0.000000,1.016125
-9053819.758891,-37860368.569626,-42940866.010886,-90538.408671,-378603.686559,-429408.661694,0.000000,0.000000,0.000000,1.104287
1831.104364,1981.618087,-1718.734029,18.174145,19.941421,-17.185528,0.000000,0.000000,0.000000,1.111704
-4160490181.042760,3558616509.813738,-212756184.722886,-41604902.035655,35586165.105819,-2127561.844654,0.000000,0.000000,0.000000,1.166465
21609289275.833469,236603110.076429,-9543635936.094889,216092892.505358,2366031.100170,-95436359.356624,0.000000,0.000000,0.000000,0.907668
-50316.356218,125577.383581,15594.766505,-504.422049,1258.222687,156.246934,0.000000,0.000000,0.000000,1.121709
-22821458.476508,-21464799.656752,-1460043.465862,-228214.800760,-214648.002596,-14600.429805,0.000000,0.000000,0.000000,0.865140
1294.384394,285.465594,896.797485,12.738968,2.955985,8.968206,0.000000,0.000000,0.000000,0.857302
-545.159762,-567.340483,-264.960412,-5.724547,-5.669254,-2.642894,0.000000,0.000000,0.000000,1.029970
-3807431.851319,-44344009.335994,50172643.890251,-38074.504100,-443440.059265,501726.435299,0.000000,0.000000,0.000000,1.134529
395698975.583022,2171322634.115493,-1201759063.103419,3956989.571060,21713226.331004,-12017590.629110,0.000000,0.000000,0.000000,1.051662
101835795.328515,1007270.261029,78032946.934927,1018357.670443,10072.699917,780329.472783,0.000000,0.000000,0.000000,1.081546
3478425286087.409668,-22621453949624.660156,-28055129882299.917969,34784252860.618416,-226214539496.234924,-280551298822.996765,0.000000,0.000000,0.000000,1.129093
73.562607,6.478747,-77.620919,0.473698,0.185543,-0.875756,0.000000,0.000000,0.000000,1.117173
-14964.353326,-12921.210765,13984.677575,-149.926832,-129.170878,139.847326,0.000000,0.000000,0.000000,1.004589
5507881817.016849,-2316229158.111146,-2113146225.536369,55078817.902287,-23162291.533762,-21131462.255775,0.000000,0.000000,0.000000,0.903321
14381.327458,623578.450555,423271.821952,143.648781,6235.827770,4232.716782,0.000000,0.000000,0.000000,0.803210
-10238.370444,18177.112674,-38297.199510,-102.527914,181.637313,-382.971250,0.000000,0.000000,0.000000,0.868585
7234831.371160,-72495697.066641,21899096.348940,72348.123258,-724956.932430,218990.965233,0.000000,0.000000,0.000000,1.002621
121.336682,-29.227763,78.591683,1.117138,-0.220416,0.815983,0.000000,0.000000,0.000000,1.079506
-26085.834231,-9784.849477,11238.773560,-261.166208,-97.926039,112.384940,0.000000,0.000000,0.000000,1.150887
612.959516,-322.155475,11.963901,6.187271,-3.416800,0.149355,0.000000,0.000000,0.000000,0.992110
-1388.032769,537.322789,-3838.369084,-14.074486,5.402212,-38.436763,0.000000,0.000000,0.000000,0.965016
8427346.771379,-9614035.214330,-1350325.331458,84273.287706,-96140.351960,-13503.253602,0.000000,0.000000,0.000000,0.886461
-6729266.568153,7553523.221193,1339288.448957,-67292.843637,75535.230058,13392.883868,0.000000,0.000000,0.000000,1.117090
1039.157094,7429.705352,12951.546040,10.173980,74.206453,129.512398,0.000000,0.000000,0.000000,0.873952
-655.493944,296.125209,454.021739,-6.770012,2.899506,4.536125,0.000000,0.000000,0.000000,0.876709
2929.214571,-3327.855136,-3835.578943,29.134985,-33.249351,-38.352655,0.000000,0.000000,0.000000,0.944259
160.357777,-365.009225,-195.809447,1.512094,-3.729670,-1.958438,0.000000,0.000000,0.000000,1.197541
607193.182922,121847.449883,254707.963801,6071.805050,1218.509729,2547.077510,0.000000,0.000000,0.000000,0.969329
425.183084,593.746700,295.859137,4.010136,5.962794,2.960337,0.000000,0.000000,0.000000,0.931600
-11225.293879,35079.649340,33776.569333,-112.322833,350.853738,337.763199,0.000000,0.000000,0.000000,0.886262
61689.245993,-59102.719365,38277.629763,616.707852,-590.889044,382.777257,0.000000,0.000000,0.000000,0.909000
1070362.976179,-11334.361551,1411114.617102,10703.433012,-113.348322,14111.143956,0.000000,0.000000,0.000000,0.942965
-4314.736372,-1673.745965,3196.308726,-43.414766,-16.830053,31.962577,0.000000,0.000000,0.000000,0.819906
1978800.252917,-219810.769356,-1735215.688188,19787.807309,-2198.006156,-17352.152978,0.000000,0.000000,0.000000,1.195090
-23523.849761,144602.080579,123632.095690,-235.482092,1446.040129,1236.320544,0.000000,0.000000,0.000000,0.979567
-106810.594289,4020.076759,46125.256512,-1068.345271,40.219295,461.250670,0.000000,0.000000,0.000000,0.919312
279971.575091,-331723.440519,-9957.323859,2799.629424,-3317.174393,-99.571036,0.000000,0.000000,0.000000,0.932492
-6.652343,-11.521284,-159.081396,-0.202402,-0.038823,-1.586745,0.000000,0.000000,0.000000,1.017042
-1723793889.483058,-3052813755.035226,1160031258.850639,-17237939.153410,-30528137.558226,11600312.584310,0.000000,0.000000,0.000000,0.967793
856.796383,-444.580959,-7272.104806,8.360335,-4.423515,-72.720226,0.000000,0.000000,0.000000,1.037726
-6129957864.730327,-17548331213.496811,4198996418.062373,-61299578.940542,-175483312.150002,41989964.175862,0.000000,0.000000,0.000000,0.897974
-2266774.514483,939726.954770,-246075.715700,-22668.076819,9397.306993,-2460.760778,0.000000,0.000000,0.000000,0.863685
-53.805230,22.327013,-211.058430,-0.704735,0.330096,-2.166711,0.000000,0.000000,0.000000,0.879242
39.697706,-8.907560,-3.223632,0.139494,0.022401,-0.015616,0.000000,0.000000,0.000000,0.879825
-2209.784945,-1354.983678,1701.287150,-22.272062,-13.548304,17.009018,0.000000,0.000000,0.000000,1.196461
99258630.778770,-31805787.320952,-8897595.937817,992586.092923,-318057.895870,-88975.960887,0.000000,0.000000,0.000000,0.833566
20947.663625,3614.877207,-12847.639329,209.260301,36.130026,-128.474404,0.000000,0.000000,0.000000,1.189773
-23021.217499,1221.813128,-62369.749607,-230.367765,12.266823,-623.694003,0.000000,0.000000,0.000000,1.121791
-22908.347765,33855.154137,-40260.698316,-229.353238,338.565661,-402.608199,0.000000,0.000000,0.000000,0.882932
-228426.309951,662279.978513,-140902.930414,-2284.467008,6622.842917,-1409.026937,0.000000,0.000000,0.000000,0.858811
-3301.754726,-2196.459668,1259.651339,-33.224730,-22.034107,12.592962,0.000000,0.000000,0.000000,1.145748
-375059315674065.312500,-3739935632918380.000000,2091186332966512.250000,-3750593156740.889160,-37399356329183.273438,20911863329665.324219,0.000000,0.000000,0.000000,1.176957
-356136.256367,1549989.418097,279016.365266,-3561.484948,15499.926591,2790.162369,0.000000,0.000000,0.000000,0.823481
-680.646779,5083.032373,-1218.350473,-7.031923,50.942682,-12.184864,0.000000,0.000000,0.000000,1.062576
5065.218240,6785.159032,-1930.112302,50.417538,67.749876,-19.304690,0.000000,0.000000,0.000000,1.120249
517.815829,339.225877,73.629083,4.966798,3.283810,0.737159,0.000000,0.000000,0.000000,1.025032
-21913529290.573257,-13392194804.473068,4435493956.355581,-219135293.154469,-133921948.009751,44354939.561189,0.000000,0.000000,0.000000,1.195124
-34745.346386,-92485.054124,-201596.247496,-347.696389,-924.829426,-2015.958996,0.000000,0.000000,0.000000,0.999323
-283082.984413,373695.336504,79351.004999,-2831.008892,3737.085292,793.512234,0.000000,0.000000,0.000000,0.806351
-741579119.634416,-752146111.423668,-138517457.179136,-7415791.455159,-7521461.043680,-1385174.574706,0.000000,0.000000,0.000000,0.814451
-1601.715497,-1203.431430,960.265566,-16.304949,-11.961622,9.602567,0.000000,0.000000,0.000000,1.090365
-55549.830808,-79242.982643,-3706.461080,-555.617253,-792.476120,-37.065003,0.000000,0.000000,0.000000,0.846291
-15.342866,68.576838,2.160058,-0.386118,0.647979,0.010962,0.000000,0.000000,0.000000,1.171386
1932270.595576,5715376.493517,4558102.959562,19322.463144,57153.727102,45581.028741,0.000000,0.000000,0.000000,0.801445
348755.373662,-3016731.433845,2720790.338746,3487.381027,-30167.291882,27207.905568,0.000000,0.000000,0.000000,1.004728
-612.497146,-2369.438634,-1090.286571,-6.289776,-23.702237,-10.902899,0.000000,0.000000,0.000000,0.957529
-639237.334469,-13710426.842120,-27170130.303305,-6392.569448,-137104.294576,-271701.299597,0.000000,0.000000,0.000000,0.839667
275373806.144660,5001373544.309230,8134301491.846400,2753737.865659,50013735.435940,81343014.919196,0.000000,0.000000,0.000000,0.886175
31701.151762,10489.438730,-13220.106869,316.841924,104.938511,-132.202236,0.000000,0.000000,0.000000,1.127776
2801580629.229267,2472042828.622149,-1766182496.268372,28015806.179466,24720428.183010,-17661824.959008,0.000000,0.000000,0.000000,0.942264
2355.763447,214.143440,-1052.738119,23.654312,2.049688,-10.676553,0.000000,0.000000,0.000000,0.908114
50400054.458567,-71682916.522839,142232477.063724,504000.377472,-716829.222726,1422324.773049,0.000000,0.000000,0.000000,0.813906
-3389.535897,-2786.849366,-2426.022179,-34.084005,-27.848385,-24.256129,0.000000,0.000000,0.000000,0.824164
168.822055,-96.291054,-120.069307,1.578410,-0.909337,-1.194264,0.000000,0.000000,0.000000,0.872297
1120.828344,-258.847711,-1033.841443,10.993085,-2.647754,-10.342750,0.000000,0.000000,0.000000,0.836343
-4329290.415950,28375075.419128,-40867259.586240,-43293.071293,283750.759191,-408672.591768,0.000000,0.000000,0.000000,0.947381
-9312.204451,-637.542571,-7060.686260,-93.473897,-6.489670,-70.676907,0.000000,0.000000,0.000000,0.923338
-432806.413608,2229925.699949,2481612.241955,-4328.138933,22299.190088,24816.117435,0.000000,0.000000,0.000000,0.916584
105.681563,-57.006647,-80.385773,0.954930,-0.532190,-0.826807,0.000000,0.000000,0.000000,0.956938
3261.114512,134.905380,113.490724,32.478029,1.422853,1.137328,0.000000,0.000000,0.000000,1.156898
9491.372441,575.219614,-21868.819153,94.760752,5.660880,-218.684189,0.000000,0.000000,0.000000,1.004058
-14852.683403,-7747.137435,18125.550037,-148.688842,-77.495084,181.250626,0.000000,0.000000,0.000000,1.084822
290826887.351184,140445306.128796,-728433980.237235,2908268.716312,1404453.089157,-7284339.805351,0.000000,0.000000,0.000000,1.070284
-46.424529,49.644665,-106.096382,-0.786339,0.484669,-1.098739,0.000000,0.000000,0.000000,1.096838
404248.267138,-161738.884581,-265444.770016,4042.356240,-1617.349895,-2654.444446,0.000000,0.000000,0.000000,0.873530
-176327.862485,22343.200214,-19350.410662,-1763.419675,223.485075,-193.508199,0.000000,0.000000,0.000000,0.922016
108833.703478,86743.510373,70497.968887,1092.452347,870.790847,707.827880,0.000000,0.000000,0.000000,0.944205
3351968.795137,-4425044.346192,909710.304542,33519.581549,-44250.427477,9097.107348,0.000000,0.000000,0.000000,0.969357
9032853336.226984,39180285804.705307,58141441959.897171,90328533.185664,391802858.038563,581414419.595484,0.000000,0.000000,0.000000,0.992513
-45787.915288,2445.624504,-48326.217930,-458.025972,24.444248,-483.257868,0.000000,0.000000,0.000000,0.848419
-12372792386.592440,-1076753891.769571,3375325764.762970,-123727924.074781,-10767538.769242,33753257.645389,0.000000,0.000000,0.000000,0.860345
-157.444674,55.250032,-273.398190,-1.708314,0.419924,-2.735127,0.000000,0.000000,0.000000,1.084198
-387.264076,50.030235,-8.967063,-4.035266,0.612925,-0.088296,0.000000,0.000000,0.000000,0.808275
34.922162,-248.600704,37.951437,0.079291,-2.563393,0.382504,0.000000,0.000000,0.000000,0.931321
-55.541467,-20.815055,-121.286121,-0.836386,-0.082647,-1.201481,0.000000,0.000000,0.000000,0.847679
40.694086,31.084894,-24.207780,0.326030,0.399670,-0.227975,0.000000,0.000000,0.000000,1.069603
-127136.361839,-54098.836512,-129160.874418,-1275.323205,-542.565703,-1295.497614,0.000000,0.000000,0.000000,0.861356
30287.042556,-6783.688780,23517.999978,303.383641,-68.025616,235.653458,0.000000,0.000000,0.000000,1.156015
-1339.928517,-1417.281763,-182.519120,-13.586735,-14.149872,-1.824163,0.000000,0.000000,0.000000,1.164483
226.489931,-195.575901,-682.317730,2.095174,-1.919078,-6.821731,0.000000,0.000000,0.000000,0.985132
-4996.123969,-1715.249385,-1740.205346,-50.079656,-17.245337,-17.400366,0.000000,0.000000,0.000000,0.920192
19521.095374,-28675.528047,34083.597834,194.939232,-286.738269,340.831321,0.000000,0.000000,0.000000,1.039670
-6252832.855125,-99478.232899,2370978.819965,-62591.044026,-995.750688,23733.523065,0.000000,0.000000,0.000000,1.191544
-236.769808,-35254.396859,-11055.874277,-2.541394,-352.417739,-110.556169,0.000000,0.000000,0.000000,0.931642
-10245642.981385,-226886599.301049,-113313352.541413,-102456.626208,-2268865.983772,-1133133.520565,0.000000,0.000000,0.000000,0.883217
-570.980423,-1161.518601,2234.857678,-5.849381,-11.670892,22.343783,0.000000,0.000000,0.000000,0.842383
-1992799.032219,346554.633384,-33391.449160,-19928.115918,3465.527782,-333.916532,0.000000,0.000000,0.000000,0.842656
686012.081938,-15152120.334601,21194211.085703,6866.862163,-151672.855555,212154.266161,0.000000,0.000000,0.000000,0.978410
628.851371,-3317.198578,-5296.418756,6.108147,-33.155496,-52.960341,0.000000,0.000000,0.000000,0.890721
39.980651,3527.326994,542.891390,0.289652,35.273325,5.431182,0.000000,0.000000,0.000000,0.967262
25092.581369,-224562.692929,88711.533833,250.708730,-2245.714228,887.116712,0.000000,0.000000,0.000000,0.871048
-397.655232,-198.763708,-787.221065,-4.158722,-1.968876,-7.865457,0.000000,0.000000,0.000000,1.182573
-169403.403803,86181.032849,-86658.944434,-1694.257226,861.805174,-866.591132,0.000000,0.000000,0.000000,1.100934
6289210.486360,-1007560.398658,2900143.327854,62891.933592,-10075.677824,29001.428857,0.000000,0.000000,0.000000,1.140723
91.058033,-96.097843,274.968145,0.598182,-0.927741,2.789251,0.000000,0.000000,0.000000,1.060528
-335169492.517026,-2061045242.520209,1077350468.916747,-3351695.109647,-20610452.433646,10773504.690116,0.000000,0.000000,0.000000,1.107152
-41052839477.043854,-24139479900.690712,6968524619.587681,-410528394.964870,-241394798.988348,69685246.197577,0.000000,0.000000,0.000000,0.876661
43.545828,7.830281,-98.079470,0.354117,0.125760,-0.994800,0.000000,0.000000,0.000000,1.030936
-127.501154,-122.322071,-38.896355,-1.450264,-1.256764,-0.362547,0.000000,0.000000,0.000000,1.121565
7350.578793,-10577.005257,-17419.947892,73.351082,-105.809589,-174.198745,0.000000,0.000000,0.000000,1.000221
21946009993737256.000000,-2224440844325265.500000,-328174126265667.562500,219460099937371.031250,-22244408443253.007812,-3281741262656.717285,0.000000,0.000000,0.000000,1.156248
11482.775884,-10580.324978,6830.337245,114.604805,-105.798012,68.298602,0.000000,0.000000,0.000000,1.134824
6012838133.375663,17213050613.668880,-4118769892.198218,60128381.039969,172130506.120087,-41187698.926370,0.000000,0.000000,0.000000,0.915465
201111.011695,-289000.261844,-116066.253381,2010.928601,-2889.867434,-1160.659652,0.000000,0.000000,0.000000,0.857303
-2797.698424,-788.651740,-2226.226015,-28.123603,-7.761459,-22.261379,0.000000,0.000000,0.000000,1.154023
-120903.734861,-147008.527824,-720250.874582,-1209.141080,-1470.042196,-7202.504046,0.000000,0.000000,0.000000,1.172900
190.131800,2.428417,-71.169826,1.619653,-0.040045,-0.708569,0.000000,0.000000,0.000000,0.910688
-126.264510,21.894302,-45.048422,-1.439854,0.085563,-0.453435,0.000000,0.000000,0.000000,0.964605
1507.839770,-1378.614703,-15133.750811,14.778441,-13.755275,-151.333290,0.000000,0.000000,0.000000,0.992010
6112.993764,3470.155311,5561.814636,61.017031,34.664831,55.618003,0.000000,0.000000,0.000000,0.811978
1093333.778561,1304296.724398,-204249.236258,10933.176951,13042.888872,-2042.491320,0.000000,0.000000,0.000000,0.988590
2731.685918,1396.920253,-337.353289,27.505404,14.241342,-3.408641,0.000000,0.000000,0.000000,1.141112
-16971037.526287,-6082119.459138,8289271.051152,-169710.565148,-60821.198676,82892.707037,0.000000,0.000000,0.000000,0.830858
-19768.751838,-14801.814724,9148.298570,-197.840071,-147.953913,91.480684,0.000000,0.000000,0.000000,0.882321
26.963920,3.552170,-165.448783,-0.050150,0.114107,-1.664775,0.000000,0.000000,0.000000,1.003544
7863329.067039,23321542.854990,11055805.736700,78633.078583,233215.415854,110558.053825,0.000000,0.000000,0.000000,1.090557
-278604580.167679,-134547215.782068,697824708.817884,-2786045.958080,-1345472.129566,6978247.083204,0.000000,0.000000,0.000000,1.117236
70.364465,196.991241,-369.008967,0.387992,2.041481,-3.734705,0.000000,0.000000,0.000000,0.921839
-649.250056,425.081959,-1104.899224,-6.651897,4.341552,-11.044158,0.000000,0.000000,0.000000,1.064942
-45133.314004,-28863.231219,-8623.775592,-451.436657,-288.568951,-86.241909,0.000000,0.000000,0.000000,1.190728
949857876.005251,-177331596.520617,-16692496.098619,9498578.549436,-1773315.911964,-166924.964198,0.000000,0.000000,0.000000,0.978843
4140.270284,384.046666,-15739.896699,41.174422,3.921566,-157.396520,0.000000,0.000000,0.000000,0.826292
-26093929.288179,13191303.896726,6331561.729311,-260939.522091,131913.063431,63315.618315,0.000000,0.000000,0.000000,1.161362
-433844470.936511,-146647963.723463,130193535.432944,-4338444.874679,-1466479.629957,1301935.355528,0.000000,0.000000,0.000000,1.090252
34.325605,85.377770,-272.204659,0.253546,0.851507,-2.739754,0.000000,0.000000,0.000000,1.169779
410532263449311.562500,4093658244007361.000000,-2288970651967234.000000,4105322634492.853516,40936582440072.546875,-22889706519672.039062,0.000000,0.000000,0.000000,1.075259
76.754356,42.084986,-20.255397,0.447957,0.451783,-0.223645,0.000000,0.000000,0.000000,0.824259
-50487.653306,-85082.552853,-7397.424460,-505.149935,-850.894120,-73.973760,0.000000,0.000000,0.000000,0.962516
39542666.815710,12878069.653779,-84408821.229246,395426.471427,128780.689926,-844088.207667,0.000000,0.000000,0.000000,1.199109
10823.738882,-33734.706589,-32506.173169,108.166382,-337.286344,-325.060877,0.000000,0.000000,0.000000,0.923813
53693.061582,-112585.949619,-28384.745441,538.448527,-1129.315927,-284.703757,0.000000,0.000000,0.000000,1.146033
-74112.027048,-22298.104586,-32455.608097,-741.232315,-222.933112,-324.556667,0.000000,0.000000,0.000000,0.909728
11640218.303330,-2741936.407547,29371786.305532,116401.961929,-27419.362118,293717.863494,0.000000,0.000000,0.000000,0.994752
72.358207,-66.741561,-78.230950,0.481990,-0.613991,-0.801686,0.000000,0.000000,0.000000,1.092672
177.066937,3.131800,25.393801,1.527384,0.150850,0.246177,0.000000,0.000000,0.000000,0.917199
-15332.710339,-3111.652627,-1341.068767,-153.558663,-31.224238,-13.405696,0.000000,0.000000,0.000000,0.970720
-3291.324027,-311.541561,12786.940042,-33.140132,-3.034186,127.866545,0.000000,0.000000,0.000000,1.009326
5300491.566495,2151483.693993,-1982761.702378,53004.826687,21514.892716,-19827.619904,0.000000,0.000000,0.000000,0.820667
2250.676352,3447.289331,76.105803,22.336373,34.470487,0.764065,0.000000,0.000000,0.000000,1.157497
-1547.294499,4469.495161,287.908149,-15.658244,44.627577,2.876580,0.000000,0.000000,0.000000,1.095574
-1021770.693399,56623.858609,-88802.983806,-10217.893531,566.239579,-888.027999,0.000000,0.000000,0.000000,0.984745
-6821454.228020,1092793.881471,-3145666.195625,-68214.710657,10927.864513,-31456.665042,0.000000,0.000000,0.000000,1.051727
-9.281489,44.037430,-37.227299,-0.195378,0.447933,-0.387311,0.000000,0.000000,0.000000,1.135512
371239610.008506,-784286386.088200,-848950943.102753,3712395.928736,-7842863.884529,-8489509.431881,0.000000,0.000000,0.000000,0.965913
3589.478963,7007.999224,-1253.864934,35.663891,70.040043,-12.533980,0.000000,0.000000,0.000000,0.878008
1318878.202133,4329296.776565,-2037533.402513,13188.609902,43292.905367,-20375.333166,0.000000,0.000000,0.000000,0.923908
6.915300,51.254171,56.249740,-0.020524,0.505364,0.583101,0.000000,0.000000,0.000000,0.969764
-132617.255066,-48694.297327,-22899.734223,-1326.354348,-486.932778,-228.994010,0.000000,0.000000,0.000000,0.944591
109.697541,-101.008015,-231.686654,0.866536,-0.955575,-2.354830,0.000000,0.000000,0.000000,0.809814
17.893812,83.495990,-109.545121,0.004893,0.958689,-1.124587,0.000000,0.000000,0.000000,1.155113
1345.899421,-1295.043955,1007.666502,13.232743,-12.832430,10.073965,0.000000,0.000000,0.000000,1.029983
5724.793911,3153.131500,25153.968264,57.059824,31.605838,251.539582,0.000000,0.000000,0.000000,0.835258
-32758.185007,7599.549784,-25662.317771,-328.328217,76.094113,-257.132308,0.000000,0.000000,0.000000,1.066468
4781.512735,784.644172,12572.142232,47.655307,7.894291,125.717291,0.000000,0.000000,0.000000,1.169296
783967622.921561,686363078.636093,278610765.059461,7839676.021106,6863630.764583,2786107.648340,0.000000,0.000000,0.000000,1.119005
-1400.618325,-999.293796,-1714.039660,-14.240524,-10.057771,-17.238685,0.000000,0.000000,0.000000,1.038952
-415.837977,-3423.290598,86.493613,-4.383831,-34.108926,0.862033,0.000000,0.000000,0.000000,1.176150
-10771208.850057,313286816.215600,99492518.583556,-107712.240889,3132868.057900,994925.186764,0.000000,0.000000,0.000000,0.902790
3313060.212204,810773.371556,1393454.441849,33130.391434,8107.733425,13934.546984,0.000000,0.000000,0.000000,1.051618
-40359742.540682,206539658.430281,91813673.004230,-403597.601579,2065396.573598,918136.725579,0.000000,0.000000,0.000000,0.905255
41.103219,110.898293,-48.205410,0.075415,1.149311,-0.490796,0.000000,0.000000,0.000000,0.893379
-109.377395,-4.255372,-97.553712,-1.016104,0.073398,-1.119663,0.000000,0.000000,0.000000,1.000914
186933082.511745,-38393259.837618,-94179148.764674,1869330.612651,-383932.613942,-941791.486399,0.000000,0.000000,0.000000,0.982572
-420.963946,163.179164,-1250.261636,-4.392385,1.580855,-12.498215,0.000000,0.000000,0.000000,1.056024
-368153.933790,-334105.595385,-594116.758252,-3704.053661,-3361.258901,-5977.021965,0.000000,0.000000,0.000000,0.809312
32744032795.377373,-8406345113.999250,-31850961286.161507,327440327.757520,-84063451.150615,-318509612.861072,0.000000,0.000000,0.000000,1.158956
-11.946227,192.350564,535.688629,-0.288127,1.919609,5.354279,0.000000,0.000000,0.000000,1.156830
100.650787,72.589655,19.943721,0.717165,0.816834,0.260828,0.000000,0.000000,0.000000,0.873434
93959.160781,-64189.467072,66621.976119,974.441900,-665.716499,691.116431,0.000000,0.000000,0.000000,1.153578
115.749242,-84.270875,-42.920338,0.788539,-0.926899,-0.297345,0.000000,0.000000,0.000000,0.970115
-817.786734,9190.786478,7704.355685,-8.404067,91.997380,77.044001,0.000000,0.000000,0.000000,0.894150
288.029592,1038.910750,361.383340,2.738144,10.304967,3.612897,0.000000,0.000000,0.000000,1.177652
385.837142,-2570.862399,5720.803498,3.681421,-25.709954,57.244772,0.000000,0.000000,0.000000,1.171372
171.871198,5.474207,-162.230885,1.459964,0.048694,-1.685338,0.000000,0.000000,0.000000,1.036042
-31.092129,-118.485278,22.511010,-0.447995,-1.238604,0.222504,0.000000,0.000000,0.000000,0.920117
14.250217,-112.676925,-88.896114,0.061560,-1.165111,-0.905385,0.000000,0.000000,0.000000,1.041553
-19926.551197,19534.986233,-73786.664428,-199.519882,195.372464,-737.864045,0.000000,0.000000,0.000000,0.852513
-49.218731,-73.470806,-100.341022,-0.695359,-0.706482,-0.994214,0.000000,0.000000,0.000000,1.121206
-86518.564218,-25219.237602,7765.623529,-865.426942,-252.079155,77.656433,0.000000,0.000000,0.000000,1.015589
-117978.998021,-242958.317463,-18379.070271,-1179.987488,-2429.519519,-183.787724,0.000000,0.000000,0.000000,0.852184
-739725440284.152710,43907996149.436371,742126148588.381958,-7397254403.024995,439079961.575216,7421261485.886341,0.000000,0.000000,0.000000,1.041386
84.547244,51.569585,-32.147891,0.511898,0.573578,-0.337512,0.000000,0.000000,0.000000,0.842234
29103802091.712246,23089515137.072590,7891567428.593927,291038020.689633,230895151.276838,78915674.286216,0.000000,0.000000,0.000000,0.891092
24977.291270,11700.440324,-12145.561197,249.460723,116.925093,-121.456457,0.000000,0.000000,0.000000,1.156470
254.428295,-161.035567,89.380369,2.227905,-1.537169,0.899447,0.000000,0.000000,0.000000,0.940498
41647.101964,74922.759311,-277157.887320,416.292288,749.224523,-2771.575430,0.000000,0.000000,0.000000,1.099871
1962.367047,-3215.182246,-503.345905,20.151476,-33.581440,-5.234885,0.000000,0.000000,0.000000,0.935047
-3718372192.340496,-4358388411.284776,1550661134.487983,-37183722.139861,-43583884.204069,15506611.348070,0.000000,0.000000,0.000000,1.082900
6466.853205,868.310201,-3890.555715,64.431722,8.574336,-38.901013,0.000000,0.000000,0.000000,1.048884
381262.968083,-158445.760760,-294463.628967,3819.969815,-1587.709629,-2950.536609,0.000000,0.000000,0.000000,1.160611
-196.842685,-241.157454,385.517398,-2.118921,-2.344884,3.861098,0.000000,0.000000,0.000000,0.880410
18809.168625,-17155.415971,20602.363297,187.890864,-171.409337,206.025210,0.000000,0.000000,0.000000,1.082227
-106.728978,1194.591712,-57.290936,-1.359626,12.213105,-0.462793,0.000000,0.000000,0.000000,0.888692
-22150275.777536,2475762.340938,48772413.834688,-221502.962811,24757.617513,487724.136084,0.000000,0.000000,0.000000,0.839384
-10827.273646,-1669.219475,1406.276467,-108.680296,-16.823448,14.096711,0.000000,0.000000,0.000000,1.170744
1874.833992,2156.286503,-3622.047180,18.477541,21.548528,-36.218793,0.000000,0.000000,0.000000,1.082462
69103540.990678,-41280352.760868,99048568.700662,691035.204802,-412803.523588,990485.683088,0.000000,0.000000,0.000000,1.158045
335539.347947,1270062.158139,352059.941664,3355.203221,12700.623586,3520.601346,0.000000,0.000000,0.000000,0.914463
-5097.371725,-3538.491614,-2727.655888,-51.223720,-35.359295,-27.271696,0.000000,0.000000,0.000000,0.975595
2436609.849794,1371261.112857,-1022345.014682,24365.803597,13712.678316,-10223.446467,0.000000,0.000000,0.000000,1.006657
56690861.642212,-24055992.448178,7854346.373074,566908.418845,-240559.909408,78543.467657,0.000000,0.000000,0.000000,0.863205
-73.588415,41.820330,-65.611250,-1.056162,0.313325,-0.713740,0.000000,0.000000,0.000000,1.032604
-1886.803774,-2356.277660,6103.610224,-19.053079,-23.579849,61.034167,0.000000,0.000000,0.000000,1.136900
-15728292.494221,29920876.771644,19427820.792714,-157283.134955,299208.762524,194278.203327,0.000000,0.000000,0.000000,1.181825
1065652.540352,-12366396.292832,17464745.746234,10656.314567,-123663.963329,174647.452805,0.000000,0.000000,0.000000,1.109992
-60.856283,-337.173812,951.747971,-0.759212,-3.279934,9.515587,0.000000,0.000000,0.000000,1.163210
1515.998094,4115.243854,383.179412,14.892086,41.273173,3.829088,0.000000,0.000000,0.000000,0.924382
82.740694,9.753865,-105.684277,0.636246,0.195427,-1.089989,0.000000,0.000000,0.000000,0.973842
-2391.108823,681.871380,1911.512907,-24.223862,6.857837,19.197012,0.000000,0.000000,0.000000,1.174824
-61676219.638137,17041153.505535,11706862.710262,-616762.394737,170411.539996,117068.628700,0.000000,0.000000,0.000000,0.819035
40637475.068817,112599222.198806,-69292191.448113,406374.667254,1125992.174973,-692921.915030,0.000000,0.000000,0.000000,0.849943
-698030.272765,206141.053028,97789.258526,-6980.510305,2061.398974,977.889591,0.000000,0.000000,0.000000,0.976608
285735.080968,455682.974932,16033.145544,2857.100936,4556.847497,160.329973,0.000000,0.000000,0.000000,1.013698
214851.131569,95947.731684,481079.958069,2150.472409,960.498047,4815.609473,0.000000,0.000000,0.000000,1.067462
-608.552035,-432.639164,225.382691,-6.330462,-4.277577,2.255368,0.000000,0.000000,0.000000,1.114062
-2873.966480,-4410.023212,1727.686054,-28.908592,-44.241675,17.296920,0.000000,0.000000,0.000000,1.066148
-1764.048069,1739.819706,18267.700305,-17.939919,17.428567,182.675875,0.000000,0.000000,0.000000,0.817497
-5819025.883149,2785603.200154,-3298828.839291,-58190.527005,27856.020388,-32988.291305,0.000000,0.000000,0.000000,0.983076
-437408.248253,63151.860302,695142.325442,-4374.336332,631.543501,6951.418874,0.000000,0.000000,0.000000,1.197002
8.186088,-11.220361,0.153304,-0.219329,-0.226253,0.024825,0.000000,0.000000,0.000000,0.942361
53.394085,75.698288,-73.690877,0.223935,0.800489,-0.733969,0.000000,0.000000,0.000000,1.104817
72866.377058,16136.603671,58277.028744,728.464086,161.337950,582.768236,0.000000,0.000000,0.000000,1.156099
180.175968,-285.493067,-80.895216,1.647963,-2.893559,-0.811187,0.000000,0.000000,0.000000,0.836249
204.661870,628.502051,294.300484,1.799696,6.272748,2.949538,0.000000,0.000000,0.000000,0.906427
9759.197145,15392.851850,17107.733152,97.417221,153.945547,171.078055,0.000000,0.000000,0.000000,0.936325
41930.258438,19158.669115,3416.672293,419.047920,191.604935,34.166554,0.000000,0.000000,0.000000,0.962051
-159335.872083,-417450.117824,52184.407914,-1593.554176,-4174.477861,521.844775,0.000000,0.000000,0.000000,1.075549
1758.203645,2283.707953,-1056.782930,17.306642,22.752375,-10.564658,0.000000,0.000000,0.000000,1.034069
-27029.900594,-197277.404929,-22189.983737,-271.005554,-1976.745760,-222.325319,0.000000,0.000000,0.000000,1.176354
66723.274424,25184.237409,17527.502810,667.083946,251.886513,175.276513,0.000000,0.000000,0.000000,1.024877
293.904059,66.338659,-256.623341,2.689823,0.629865,-2.576516,0.000000,0.000000,0.000000,0.982953
6402.225563,9606.367598,-5968.845162,63.802927,96.118386,-59.684145,0.000000,0.000000,0.000000,1.150424
19.586421,-327.790304,-254.714928,0.076543,-3.185260,-2.542643,0.000000,0.000000,0.000000,1.126163
-112424411.043240,2510921.968259,102528729.682988,-1124244.299021,25109.255434,1025287.297637,0.000000,0.000000,0.000000,0.844411
-10646.218216,-19933.601458,-121934.728169,-106.702057,-199.206684,-1219.346277,0.000000,0.000000,0.000000,1.036014
-158169.049332,-504944.407672,35998.429122,-1581.938030,-5049.423062,359.982848,0.000000,0.000000,0.000000,1.043285
65212.505400,1067746.181887,-2447351.399052,651.905709,10677.470727,-24473.513371,0.000000,0.000000,0.000000,0.988348
3829665.120191,5751048.090447,3432888.676801,38296.426933,57510.466919,34328.884669,0.000000,0.000000,0.000000,1.014765
519.116569,128.398934,247.645812,4.883895,1.251982,2.481324,0.000000,0.000000,0.000000,1.127865
13501835.489318,-8389912.801222,-353032.019059,135018.097001,-83899.220399,-3530.322506,0.000000,0.000000,0.000000,0.837587
-214832.094958,-226188.803091,-20398.412655,-2187.624574,-2303.376512,-207.733043,0.000000,0.000000,0.000000,1.198040
-1280.367476,-619.711421,-570.895444,-12.915586,-6.171057,-5.704481,0.000000,0.000000,0.000000,0.872062
119065.016610,-165344.638479,1410.949356,1190.539906,-1653.437593,14.110508,0.000000,0.000000,0.000000,0.835567
8117.686208,98486.248153,139697.326297,80.898079,984.734907,1396.969859,0.000000,0.000000,0.000000,1.050494
-19.396850,54.612842,-106.776265,-0.256381,0.525066,-1.060641,0.000000,0.000000,0.000000,0.896114
24.238139,37.958880,536.785954,0.063693,0.510886,5.363100,0.000000,0.000000,0.000000,1.006687
-9992.703092,4494.164504,2925.252573,-100.116981,44.956268,29.253587,0.000000,0.000000,0.000000,1.052623
1628.515544,-9532.086899,833.471762,16.131310,-95.323672,8.330773,0.000000,0.000000,0.000000,0.972416
-4011.811998,-7117.836086,-8968.013650,-40.323738,-71.193493,-89.677107,0.000000,0.000000,0.000000,0.927088
235.288041,329.705892,-842.779265,2.259392,3.379658,-8.427228,0.000000,0.000000,0.000000,1.063849
-1504818799.661549,618258866.228294,632437072.087012,-15048188.288050,6182588.678193,6324370.720624,0.000000,0.000000,0.000000,0.814390
463.529940,171.574020,-790.458316,4.362653,1.725315,-7.915557,0.000000,0.000000,0.000000,1.084872
-247528.597851,-467308.015976,-1355542.631910,-2525.744801,-4768.266306,-13832.062637,0.000000,0.000000,0.000000,1.102768
14.152012,244.128144,-86.108048,-0.149778,2.450187,-0.860218,0.000000,0.000000,0.000000,0.823580
-56931.683688,-82800.052335,1762.326970,-569.644618,-828.062498,17.627050,0.000000,0.000000,0.000000,1.162363
-1680651.307725,-1844645.536208,-434257.910717,-16806.732818,-18446.478544,-4342.577751,0.000000,0.000000,0.000000,0.821384
8503457.434616,133975.896348,-3224395.763146,85119.566470,1341.127435,-32276.231379,0.000000,0.000000,0.000000,0.876243
-4308487.013100,-6452467.214525,-3852855.432590,-43085.092798,-64524.683726,-38528.554989,0.000000,0.000000,0.000000,0.903588
9313.276231,36457.486128,19700.113815,92.933782,364.712825,197.003547,0.000000,0.000000,0.000000,0.992565
-60227.752456,112298.248388,80904.322316,-602.487899,1122.955528,809.039611,0.000000,0.000000,0.000000,1.050501
-61439052.132499,-55707959.856628,-37323395.242971,-614390.727417,-557079.727364,-373233.955647,0.000000,0.000000,0.000000,1.126806
-123791.674944,-386796.666726,188159.808580,-1238.156806,-3867.988208,1881.597038,0.000000,0.000000,0.000000,0.896502
4133483015.990427,4845183554.361911,-1723880539.551844,41334829.942293,48451835.451044,-17238805.391846,0.000000,0.000000,0.000000,0.974140
11196462.237907,-3283611.670366,1383792.991177,111964.408300,-32836.116702,13837.927862,0.000000,0.000000,0.000000,0.913226
345363850500.534790,-259734690796.328735,-780706459178.034668,3453638504.757108,-2597346907.979971,-7807064591.781789,0.000000,0.000000,0.000000,0.945531
3473.443172,-2498.581948,-1565.617362,34.459548,-24.913255,-15.655005,0.000000,0.000000,0.000000,1.186926
-114415526.632154,-1079615.815714,-87859174.534458,-1144155.547149,-10796.160831,-878591.740364,0.000000,0.000000,0.000000,0.962127
77162.137727,22477.179756,-7019.385341,771.375614,224.883717,-70.193252,0.000000,0.000000,0.000000,1.140163
1600.923382,3724.756650,10261.531548,15.862371,37.241698,102.610909,0.000000,0.000000,0.000000,1.033141
42.650151,-14.611523,-86.021891,0.172827,-0.091580,-0.837133,0.000000,0.000000,0.000000,1.136733
2101.657252,518.418091,1063.647925,20.889417,5.102457,10.634132,0.000000,0.000000,0.000000,1.114637
2023.478442,6053.738523,8944.171661,20.119168,60.972143,90.076706,0.000000,0.000000,0.000000,1.038443
93.723955,-0.290241,-6.393524,0.619113,0.052764,-0.059105,0.000000,0.000000,0.000000,1.193953
-295.477106,-1091.197346,-1207.660601,-3.276696,-11.010531,-12.150905,0.000000,0.000000,0.000000,1.192625
-6084.821506,9619.896819,-9562.756222,-60.923258,96.119834,-95.624863,0.000000,0.000000,0.000000,1.026543
716387.669561,-211626.760763,275440.931111,7163.672210,-2116.257487,2754.411476,0.000000,0.000000,0.000000,0.977905
-70665.794371,63513.068711,45308.720557,-706.771461,635.248818,453.087195,0.000000,0.000000,0.000000,1.157193
-383.802163,342.765330,2364.491945,-4.090627,3.343483,23.643651,0.000000,0.000000,0.000000,0.958091
-107.052420,-147.292093,-399.985149,-1.390941,-1.511523,-4.010118,0.000000,0.000000,0.000000,1.187200
40189.657986,179.882495,40350.676645,401.746354,1.786938,403.507622,0.000000,0.000000,0.000000,0.955924
91.257299,33.017632,-44.844213,0.717999,0.541943,-0.427196,0.000000,0.000000,0.000000,1.177776
10597.787646,3021.408076,6991.038441,105.820862,30.135201,69.978031,0.000000,0.000000,0.000000,0.943368
115424.556769,393414.813359,-11689.968763,1187.368992,4047.530077,-120.268215,0.000000,0.000000,0.000000,0.827079
10884924.094885,-324860660.403180,-103689961.592304,108849.088484,-3248606.706016,-1036899.614274,0.000000,0.000000,0.000000,0.870387
25.837690,136.517550,-5.559164,-0.075453,1.327037,-0.051658,0.000000,0.000000,0.000000,0.918610
75.740889,-139.382990,-91.861869,0.597947,-1.252397,-0.916174,0.000000,0.000000,0.000000,0.903879
-12464.140019,1257.178637,41280.892197,-124.858501,12.527549,412.807344,0.000000,0.000000,0.000000,0.895362
89185.505288,37781.657050,19114.391780,891.669087,377.825163,191.146577,0.000000,0.000000,0.000000,0.889664
-123.725668,39.413831,-77.244527,-1.292791,0.383428,-0.850509,0.000000,0.000000,0.000000,0.968999
-2757.583382,-1471.909091,303.614188,-28.048634,-14.792145,3.078020,0.000000,0.000000,0.000000,1.013257
33041045.726765,-44886031.401724,-135105701.624972,330410.113112,-448860.327150,-1351057.016598,0.000000,0.000000,0.000000,0.821278
1002102.194569,-3111108.227765,1978431.797362,10020.715736,-31111.105637,19784.313595,0.000000,0.000000,0.000000,0.988740
-179559.340814,-638625.802221,-1629265.889631,-1795.677067,-6386.201161,-16292.656772,0.000000,0.000000,0.000000,0.961047
1.828940,-79.191628,-87.282642,-0.121242,-0.988544,-0.885596,0.000000,0.000000,0.000000,1.172275
33500710195.389690,20080564789.034870,-5622482454.910469,335007101.758114,200805647.908120,-56224824.547178,0.000000,0.000000,0.000000,1.068235
57.505145,-24.094635,-38.824262,0.113103,-0.182495,-0.442142,0.000000,0.000000,0.000000,1.141943
427.146579,8.519876,393.492909,4.045860,0.143845,3.932024,0.000000,0.000000,0.000000,1.138489
618975.523785,781159.733511,904094.259906,6189.621702,7811.660101,9040.941015,0.000000,0.000000,0.000000,0.949375
-2772.976434,-6386.530047,-11196.541467,-28.182594,-64.304547,-112.745574,0.000000,0.000000,0.000000,0.845823
546.523350,109.913372,-112.930763,5.257286,1.224677,-1.129766,0.000000,0.000000,0.000000,0.914110
-633278.287902,13952925.923719,-19518940.266151,-6339.247568,139668.947131,-195384.784029,0.000000,0.000000,0.000000,1.062392
-217317.860400,-97559.302928,-490331.566901,-2175.541924,-976.508587,-4908.226005,0.000000,0.000000,0.000000,1.046150
21722.895351,-6376.589969,-2767.525259,217.099015,-63.828968,-27.676172,0.000000,0.000000,0.000000,1.146327
202837.531125,278183.829672,173602.867641,2028.174962,2781.849057,1736.026658,0.000000,0.000000,0.000000,0.944161
84.070492,-56.642340,-68.577808,0.781468,-0.511109,-0.696344,0.000000,0.000000,0.000000,0.928885
253376.288546,33731.190728,-147801.297346,2533.580546,337.280374,-1478.012613,0.000000,0.000000,0.000000,1.154002
57.980764,-74.195702,-78.259113,0.246763,-0.739241,-0.756048,0.000000,0.000000,0.000000,0.901690
609.549951,7066.929132,1045.583534,5.940917,70.657667,10.455024,0.000000,0.000000,0.000000,1.061761
-50.480321,-32.034829,7.790304,-0.782490,-0.392894,0.095997,0.000000,0.000000,0.000000,0.981113
2940713720.977075,6449229361.041882,-3125847194.124617,29407137.085070,64492293.667439,-31258471.943330,0.000000,0.000000,0.000000,1.003691
-21298.401370,6516.077351,335051.657674,-213.256160,65.122383,3350.514636,0.000000,0.000000,0.000000,0.854357
77.506605,-46.970717,-124.001684,0.594975,-0.361684,-1.284842,0.000000,0.000000,0.000000,1.171669
-86977.327709,-91232.446721,-103321.771177,-870.951540,-913.213225,-1034.255275,0.000000,0.000000,0.000000,0.809294
241816.281044,516641.768115,-189184.542518,2417.969376,5166.420469,-1891.847709,0.000000,0.000000,0.000000,1.177510
-196720.253305,580119.925204,-55160.461748,-1969.449301,5806.986824,-552.151194,0.000000,0.000000,0.000000,0.938571
1497056688.767971,2088495421.503260,4756749182.595545,14970566.691995,20884954.203403,47567491.823790,0.000000,0.000000,0.000000,0.965873
-10349492.512428,27931847.430050,144962244.054074,-103495.109422,279318.465366,1449622.438969,0.000000,0.000000,0.000000,0.806254
8284.349055,-1634.776766,14296.777022,82.735195,-16.458757,142.963111,0.000000,0.000000,0.000000,1.197061
-1555438.754195,-4716506.811393,-3757226.883060,-15554.629511,-47165.103455,-37572.267698,0.000000,0.000000,0.000000,0.972570
52947.556226,49476.479113,10623.512848,529.240499,494.787267,106.236015,0.000000,0.000000,0.000000,1.066617
-76404.176453,-45366.772654,-36396.728965,-764.170222,-453.785727,-363.966133,0.000000,0.000000,0.000000,0.827217
22856365.232389,7854193.020983,5224719.890118,228563.490585,78541.788195,52247.196805,0.000000,0.000000,0.000000,0.931572
1650248432.160972,2886193823.501679,-1107565955.495416,16502484.062126,28861938.225542,-11075659.558541,0.000000,0.000000,0.000000,1.015864
44.633044,374.671429,305.310887,0.208504,3.709097,3.105929,0.000000,0.000000,0.000000,0.865683
-319733.272451,1939856.094238,1525268.925887,-3197.488587,19398.542910,15252.690486,0.000000,0.000000,0.000000,0.964410
-45092.755575,22294.912559,-81213.319524,-451.089332,222.991578,-812.130749,0.000000,0.000000,0.000000,0.921414
156346.508928,-86660.699939,84608.715875,1563.238448,-866.610297,846.083643,0.000000,0.000000,0.000000,1.165302
-16358.648308,26582.968585,310103.301079,-163.758512,265.913813,3101.029513,0.000000,0.000000,0.000000,1.147375
120.425834,-102.611234,-215.219867,0.945464,-1.132007,-2.232245,0.000000,0.000000,0.000000,0.905243
-42851.000232,7250.124724,1628.461517,-428.746871,72.464998,16.285725,0.000000,0.000000,0.000000,0.887778
28843.488893,95668.800786,-18021.283723,288.178635,956.611101,-180.209993,0.000000,0.000000,0.000000,0.882672
-771.264242,3175.338633,2248.143081,-7.846423,31.741796,22.477297,0.000000,0.000000,0.000000,0.929124
135.771702,238.531344,565.267127,1.186511,2.418474,5.648119,0.000000,0.000000,0.000000,0.872177
16408.627098,43754.388293,13921.262233,163.922913,437.581819,139.213511,0.000000,0.000000,0.000000,0.809480
1315923.068294,67745.525258,-1191662.994504,13158.929593,677.419451,-11916.631677,0.000000,0.000000,0.000000,0.852665
477.261501,347.706247,681.749400,4.431165,3.503869,6.816210,0.000000,0.000000,0.000000,0.818536
-4611.658201,1091.251175,3601.191220,-46.404000,11.017048,36.007151,0.000000,0.000000,0.000000,1.140288
113789.920600,411981.732189,-185271.281374,1137.658007,4119.792212,-1852.712125,0.000000,0.000000,0.000000,0.833555
-59675.395743,125706.434291,31553.723433,-598.645439,1260.774234,316.483501,0.000000,0.000000,0.000000,1.027351
1343179729.057606,-566095667.856530,-581862363.296368,13431796.997338,-5660956.661914,-5818623.632452,0.000000,0.000000,0.000000,0.895092
-23691331044.871037,-18792725998.583088,-6421710061.369514,-236913310.674969,-187927260.078740,-64217100.613085,0.000000,0.000000,0.000000,1.094618
-10174.156618,-73723.881405,-219877.287562,-101.886678,-737.183774,-2198.773505,0.000000,0.000000,0.000000,0.964641
322656.030253,1015533.295037,-156746.377874,3226.338796,10155.353512,-1567.466813,0.000000,0.000000,0.000000,1.088460
185.670889,428.924597,-435.808131,1.764982,4.344752,-4.360343,0.000000,0.000000,0.000000,0.872413
-132562.685258,-553136.347737,300017.084752,-1325.812584,-5531.362771,3000.168044,0.000000,0.000000,0.000000,0.891384
-2152.149366,3881.783855,459.536222,-22.838437,40.572575,4.827054,0.000000,0.000000,0.000000,0.814934
-1401944.517321,-71995.739161,1269152.940348,-14019.743523,-719.993053,12691.525191,0.000000,0.000000,0.000000,0.800565
-155856.793754,109795.106197,28606.481249,-1558.779156,1097.957536,286.059839,0.000000,0.000000,0.000000,0.851082
6305.782606,-40243.079739,-43195.145827,63.067414,-404.013631,-433.678423,0.000000,0.000000,0.000000,0.802055
-822736.210181,-803003.159983,-214340.846307,-8227.562927,-8030.022079,-2143.405010,0.000000,0.000000,0.000000,1.030139
57.628839,-1485.037518,-2135.008025,0.367768,-14.835771,-21.427325,0.000000,0.000000,0.000000,1.053327
-122.750660,274.255750,382.741997,-1.402330,2.874989,3.893587,0.000000,0.000000,0.000000,0.829351
42482.331987,-4038.159128,-19961.000505,424.542659,-40.313931,-199.609926,0.000000,0.000000,0.000000,1.191348
-9252146.184708,44544846.286487,1594284.644206,-92521.614190,445448.418052,15942.842835,0.000000,0.000000,0.000000,0.964997
42072563.339838,84011762.390220,137965052.803920,420725.387361,840117.504293,1379650.526751,0.000000,0.000000,0.000000,0.832471
-12094.781225,-1606.383011,15006.653599,-121.083344,-16.033302,150.063643,0.000000,0.000000,0.000000,0.859998
-1809.937799,1400.987681,1803.844599,-18.212491,13.924016,18.034267,0.000000,0.000000,0.000000,1.189759
4728.593939,990.502114,-3039.588091,47.013950,9.810653,-30.392967,0.000000,0.000000,0.000000,0.837812
332619753.212307,30237029.650941,729120124.869106,3326197.432836,302370.276855,7291201.246725,0.000000,0.000000,0.000000,1.195844
-3773.247265,-1822.918956,-23715.550956,-37.919472,-18.153779,-237.150551,0.000000,0.000000,0.000000,0.907600
62654917.048894,127714605.912899,-3594714.478000,626548.965624,1277146.060850,-35947.147135,0.000000,0.000000,0.000000,1.175978
-7946.634035,-5416.321392,1243.958353,-79.769294,-54.215235,12.438145,0.000000,0.000000,0.000000,0.918034
-92748.395328,63469.948236,-65922.454559,-962.355177,658.549041,-683.823455,0.000000,0.000000,0.000000,1.162965
-1059405719.996899,-927448228.453811,-376435703.785229,-10594057.406537,-9274482.304967,-3764357.039560,0.000000,0.000000,0.000000,0.828171
8303877.903835,-40002910.664803,-1416008.072034,83038.626127,-400029.148726,-14160.084229,0.000000,0.000000,0.000000,1.074301
3989.160263,3143.511522,-1283.083749,39.679792,31.362349,-12.832325,0.000000,0.000000,0.000000,0.828123
-7493.810720,-14084.446790,19111.829776,-75.106087,-140.796873,191.113526,0.000000,0.000000,0.000000,0.945933
-15048.042011,-20008.035766,62284.620137,-150.635802,-200.030635,622.844961,0.000000,0.000000,0.000000,0.871053
-1307.432923,-132.361523,-1067.355975,-13.239269,-1.258091,-10.675370,0.000000,0.000000,0.000000,1.006606
-114971.259710,-90879.763182,-75525.785331,-1154.582302,-912.572852,-758.272016,0.000000,0.000000,0.000000,0.891709
967.757244,698.179469,885.690936,9.732564,7.059128,9.008511,0.000000,0.000000,0.000000,0.802266
-45475737.652524,-29403487.076305,-57338966.259981,-454757.559658,-294034.879417,-573389.659000,0.000000,0.000000,0.000000,0.808057
122692.835754,-204610.007360,541584.148498,1226.763244,-2046.125388,5415.840411,0.000000,0.000000,0.000000,0.997179
-54.527805,-39.144091,-80.458374,-0.682677,-0.407994,-0.849843,0.000000,0.000000,0.000000,0.826401
167489863.065586,35251713.337131,-52419481.760116,1674898.394632,352517.171397,-524194.819433,0.000000,0.000000,0.000000,1.092000
-503.987101,-581.521652,553.080815,-5.332292,-5.763511,5.525468,0.000000,0.000000,0.000000,1.064843
-1825837.326324,5459464.114162,-19068701.314825,-18258.642176,54594.711874,-190687.011482,0.000000,0.000000,0.000000,0.822479
153702.660473,1255330.839975,-31120.296256,1536.777917,12553.267420,-311.199805,0.000000,0.000000,0.000000,1.009438
26613.921368,-4413.223759,18825.221335,265.893220,-44.244613,188.249777,0.000000,0.000000,0.000000,0.979089
12838.461911,19806.155068,-2701.209992,128.419752,198.493713,-27.062547,0.000000,0.000000,0.000000,1.066492
-3367.730053,-5982.291565,-2123.979831,-33.966241,-59.873575,-21.240603,0.000000,0.000000,0.000000,0.981742
-337086988834.785461,253509985859.222656,761996338278.334595,-3370869888.595730,2535099858.575141,7619963382.780657,0.000000,0.000000,0.000000,0.968748
-54400.955637,-67030.386645,21328.342345,-544.288369,-670.303431,213.285258,0.000000,0.000000,0.000000,0.983512
440010907.887770,122620507.538811,-95264496.154285,4400108.911490,1226205.081966,-952644.959723,0.000000,0.000000,0.000000,1.084388
-464492116.209949,-384470817.149617,93773641.760785,-4644921.369447,-3844708.165840,937736.420668,0.000000,0.000000,0.000000,0.873257
-1953.553977,18171.837052,138624.787152,-19.817296,181.715901,1386.246779,0.000000,0.000000,0.000000,0.816476
-1027.842290,767.068531,860.725196,-10.525550,7.600179,8.626084,0.000000,0.000000,0.000000,1.047589
-341680.885518,-1075736.763523,169162.415589,-3417.029229,-10757.343512,1691.620563,0.000000,0.000000,0.000000,1.027319
3031.272236,-1153.033363,-1527.182392,30.097188,-11.421057,-15.270283,0.000000,0.000000,0.000000,1.173960
14824.383226,9845.006721,4618.660575,148.011021,98.506320,46.188466,0.000000,0.000000,0.000000,1.044913
-0.620017,58.201854,-1.991772,-0.219828,0.518559,0.024483,0.000000,0.000000,0.000000,0.914418
-3323.043017,23535.238182,19756.276139,-33.575008,235.356940,197.558118,0.000000,0.000000,0.000000,1.174704
24101994.104488,3323356.588156,5984536.027587,241019.644981,33233.582141,59845.360083,0.000000,0.000000,0.000000,0.964197
-77864.617315,11280.592686,145956.742314,-778.860301,112.681624,1459.564142,0.000000,0.000000,0.000000,0.803833
261098.389563,12252.099516,-39232.186109,2610.760162,122.476232,-392.318311,0.000000,0.000000,0.000000,0.974165
4646.259784,896.090357,-3779.336442,46.265081,8.928597,-37.788534,0.000000,0.000000,0.000000,1.077810
906550961.173279,-814889920.872500,-1124570944.041901,9065509.320184,-8148899.172265,-11245709.441006,0.000000,0.000000,0.000000,1.142695
65261.283712,-135120.798100,-16850.549712,653.668658,-1353.979488,-168.855913,0.000000,0.000000,0.000000,0.969278
-33351557.307841,31001767.098210,-20391496.005748,-333515.766855,310017.663289,-203914.956467,0.000000,0.000000,0.000000,1.019335
3838.452971,1296.349814,1252.203466,38.260127,12.868000,12.521869,0.000000,0.000000,0.000000,1.190436
-140.712276,156.199435,84.356063,-1.645872,1.433836,0.841916,0.000000,0.000000,0.000000,1.094258
8501.970456,12845.521539,-33804.282015,84.793984,128.585418,-338.040043,0.000000,0.000000,0.000000,0.907879
31441.482594,90181.415905,159770.641997,314.260038,901.836642,1597.704386,0.000000,0.000000,0.000000,0.928088
-68738.164788,-30118.973933,-22881.173737,-687.526248,-301.143814,-228.808937,0.000000,0.000000,0.000000,0.958425
-247401674.313003,-4381785831.053348,-6940300577.676361,-2474016.938866,-43817858.316740,-69403005.774496,0.000000,0.000000,0.000000,1.021077
-108.488618,1076.550473,-565.880279,-1.265441,10.669103,-5.663056,0.000000,0.000000,0.000000,0.887687
-1854.006743,-2386.536594,993.924282,-18.811870,-23.945571,9.940282,0.000000,0.000000,0.000000,0.970445
-135.302264,-461.483476,-758.109177,-1.576790,-4.717545,-7.632140,0.000000,0.000000,0.000000,0.988023
1188371.665558,1299365.382211,301486.348509,11883.494519,12993.628021,3014.864233,0.000000,0.000000,0.000000,1.172336
6123.646535,3440.162122,-3620.237410,61.003799,34.307817,-36.198483,0.000000,0.000000,0.000000,1.017928
-174.643598,5.003149,34.080216,-1.958929,0.143208,0.343226,0.000000,0.000000,0.000000,0.873146
-131344151.104595,208123983.917068,-73721397.280242,-1313441.717478,2081239.837599,-737213.967990,0.000000,0.000000,0.000000,0.818163
415.394194,1247.898916,-1402.774493,3.956079,12.426943,-14.025275,0.000000,0.000000,0.000000,1.022176
-86.945294,1604.234577,889.934573,-1.090152,15.997863,8.904234,0.000000,0.000000,0.000000,0.982968
4374.952613,-1210.231348,-3552.496284,43.457566,-11.996804,-35.526304,0.000000,0.000000,0.000000,1.031078
-8311.807753,-208204.253791,115550.329368,-83.347191,-2082.073231,1155.505277,0.000000,0.000000,0.000000,1.164925
-517.147324,-9150.363075,-9681.287887,-5.313755,-91.511369,-96.810671,0.000000,0.000000,0.000000,0.831382
282.139890,-292.960960,-205.902981,2.512255,-2.862737,-2.055529,0.000000,0.000000,0.000000,1.087354
55.610249,-158.246755,-220.564393,0.405758,-1.784120,-2.413073,0.000000,0.000000,0.000000,0.989456
971506752.500316,11388860446.253065,-11065932645.192038,9715067.246358,113888604.336667,-110659326.450702,0.000000,0.000000,0.000000,1.103315
-181930337.227226,37361511.901468,91631954.445475,-1819303.582582,373615.103006,916319.544616,0.000000,0.000000,0.000000,1.009699
-94451.510709,-171894.015142,-102461.078357,-944.707303,-1718.835387,-1024.605808,0.000000,0.000000,0.000000,0.923912
-111.937431,72.095937,-64.806016,-1.268383,0.693973,-0.644323,0.000000,0.000000,0.000000,1.013365
1179713.537697,-6145225.640300,-324220.049889,11796.939891,-61452.272427,-3242.201682,0.000000,0.000000,0.000000,1.125743
-6.240557,10.798524,-59.316718,-0.411502,0.168670,-0.604152,0.000000,0.000000,0.000000,1.192228
-84.590359,4275.821545,-3910.527613,-1.026511,42.783028,-39.102640,0.000000,0.000000,0.000000,0.911578
-166345806.698274,-35154162.395265,51958816.772208,-1663458.300697,-351541.585439,519588.165169,0.000000,0.000000,0.000000,1.099672
-44093.907892,44361.263460,27319.207831,-441.140571,443.603739,273.188301,0.000000,0.000000,0.000000,0.818657
-2378.062717,-730.447722,-2475.491127,-23.939491,-7.269328,-24.751100,0.000000,0.000000,0.000000,0.883056
86.419387,227.537469,179.530360,0.744333,2.361607,1.792629,0.000000,0.000000,0.000000,1.151102
3537.733678,-665.497814,-4034.902296,35.177343,-6.721847,-40.346497,0.000000,0.000000,0.000000,1.003370
670665.251293,6521777.200632,3854408.934155,6706.466628,65217.803116,38544.084473,0.000000,0.000000,0.000000,1.075824
-542.913999,-242.626610,509.797923,-5.551290,-2.430155,5.094713,0.000000,0.000000,0.000000,0.806125
-168274149.451368,1763526.527412,361691439.058514,-1682741.670585,17635.211124,3616914.389872,0.000000,0.000000,0.000000,0.827612
2016.707285,-329.649872,478.822829,20.000751,-3.267527,4.787153,0.000000,0.000000,0.000000,1.144365
4577.096138,-7032.343674,-5705.206842,46.499616,-71.586966,-58.146453,0.000000,0.000000,0.000000,1.032040
-1725805.915434,1446179.499910,86681.696923,-17258.185432,14461.789760,866.820185,0.000000,0.000000,0.000000,1.072494
12912390292.635590,1123704981.510397,-3522509752.844795,129123902.715803,11237049.963409,-35225097.530226,0.000000,0.000000,0.000000,0.824393
-703.771634,41.320500,-128.426127,-7.508695,0.361161,-1.312301,0.000000,0.000000,0.000000,1.118345
1257393.694509,2170513.492263,-1488230.530275,12573.629467,21705.108812,-14882.307813,0.000000,0.000000,0.000000,0.880674
-7678.273738,-11583.643237,140977.278731,-77.064107,-115.975851,1411.172914,0.000000,0.000000,0.000000,0.942182
89962546.239567,116744129.453134,-322312991.221820,899625.299025,1167441.281241,-3223129.914279,0.000000,0.000000,0.000000,1.078415
-8410234832.379220,-36805198182.156761,-54433856487.276627,-84102348.500207,-368051981.829214,-544338564.874998,0.000000,0.000000,0.000000,1.061641
432373.523316,-230610.511403,-20942.874561,4323.462145,-2306.105479,-209.429163,0.000000,0.000000,0.000000,1.072066
86331.155864,85420.983246,101360.792838,863.865695,855.086838,1014.616368,0.000000,0.000000,0.000000,0.831722
-5168.532728,5801.700159,-14414.556581,-51.892917,58.163393,-144.142776,0.000000,0.000000,0.000000,1.021611
-85.138743,-397.948890,-592.489437,-1.069658,-3.845066,-5.921369,0.000000,0.000000,0.000000,1.028821
-226194354.943267,255835182.189226,234220599.755333,-2261943.764256,2558351.830892,2342205.993209,0.000000,0.000000,0.000000,1.066508
16402048.156834,-755196.012314,-33692996.936268,164020.275377,-7551.965890,-336929.969090,0.000000,0.000000,0.000000,1.195953
6.638099,-54.239821,-21.885188,0.095079,-0.440301,-0.155669,0.000000,0.000000,0.000000,0.841150
2997.796925,-11943.485004,-4331.622446,29.868766,-119.469729,-43.312359,0.000000,0.000000,0.000000,0.850637
-2286.262947,-2526.606665,-710.346059,-23.106836,-25.347814,-7.109367,0.000000,0.000000,0.000000,0.936637
-311.159947,-356.066209,861.218869,-3.192488,-3.485815,8.608672,0.000000,0.000000,0.000000,0.906809
-18947.350004,19881.298353,-4505.556610,-189.655985,198.841120,-45.057476,0.000000,0.000000,0.000000,0.865894
219.542982,545.652522,-392.802529,1.985239,5.505796,-3.925163,0.000000,0.000000,0.000000,0.987967
-142.596359,366.072939,-400.196977,-1.492392,3.628649,-4.000323,0.000000,0.000000,0.000000,1.043584
902822.164254,6240749.727656,2221515.644573,9027.979823,62407.384258,22215.156881,0.000000,0.000000,0.000000,1.044146
-530146525.423287,-231878156.205142,-224454359.642533,-5301465.479111,-2318781.467489,-2244543.591518,0.000000,0.000000,0.000000,0.920562
193.533960,-60.568504,695.110906,1.734011,-0.546448,6.947603,0.000000,0.000000,0.000000,1.040714
-71.679071,99.133102,-268.575915,-0.857449,1.089334,-2.726996,0.000000,0.000000,0.000000,0.811833
-86251925.227548,27606102.512963,7672609.340253,-862519.464635,276061.001667,76726.091669,0.000000,0.000000,0.000000,0.957313
-354486.939460,84263.325876,735937.828717,-3545.088848,842.634863,7359.375250,0.000000,0.000000,0.000000,1.095972
-82601229.692536,96900087.050037,90071675.029867,-826012.496944,969000.850366,900716.750259,0.000000,0.000000,0.000000,0.959278
74.182134,139.400788,-8.362845,0.442905,1.403096,-0.080886,0.000000,0.000000,0.000000,0.998823
286.326302,-12.122092,-1.169253,2.563922,-0.111656,-0.015327,0.000000,0.000000,0.000000,1.141906
-43.900021,-304.479495,-65.427462,-0.576274,-3.017724,-0.656607,0.000000,0.000000,0.000000,0.806500
55.478766,-64.007909,-48.734589,0.438329,-0.764104,-0.481959,0.000000,0.000000,0.000000,0.986759
37.231535,-96.810700,-71.750239,0.219052,-0.857216,-0.726777,0.000000,0.000000,0.000000,1.102423
1713238.013677,-5137201.409490,17948432.486284,17132.110946,-51371.942531,179484.323624,0.000000,0.000000,0.000000,0.873852
-399.319292,197.690630,-538.776474,-4.362878,2.194578,-5.553678,0.000000,0.000000,0.000000,0.812619
-1494434.698019,-4945232.557951,2341347.519101,-14944.518203,-49452.385035,23413.474665,0.000000,0.000000,0.000000,0.807618
-5410.623230,2366.998518,3078.579631,-54.299008,23.635617,30.787802,0.000000,0.000000,0.000000,0.820576
2451.326621,4853.758118,-2045.232933,24.395130,48.483986,-20.467979,0.000000,0.000000,0.000000,1.027701
449.649776,-79.221217,-534.914420,4.279982,-0.863992,-5.345626,0.000000,0.000000,0.000000,0.934740
3400398052.235704,-5876618759.842484,18389604686.028526,34003980.333709,-58766187.591181,183896046.856118,0.000000,0.000000,0.000000,1.178723
-108596.606288,22728.767873,-1917.211799,-1086.170043,227.339573,-19.175276,0.000000,0.000000,0.000000,0.967271
70087339.958111,63549592.148850,42577023.426552,700873.191730,635495.791095,425770.229980,0.000000,0.000000,0.000000,0.987766
-1312020637.142724,-15380668944.276278,14944251848.019165,-13120206.649968,-153806689.567418,149442518.480230,0.000000,0.000000,0.000000,0.816974
10855366515104.154297,10221291091644.164062,-6802472852767.945312,108553665150.763229,102212910916.391998,-68024728527.675629,0.000000,0.000000,0.000000,1.133103
-412975.743826,195380.541438,-1117.053282,-4130.026961,1953.803162,-11.171131,0.000000,0.000000,0.000000,1.091993
-973177.697651,-6590121.100852,-2360224.054810,-9732.018344,-65901.320990,-23602.239023,0.000000,0.000000,0.000000,0.988177
159.560939,233.617287,-100.202352,1.342474,2.383421,-1.001861,0.000000,0.000000,0.000000,0.817647
77510.429010,-11207.672893,-145500.046428,774.888038,-112.200724,-1454.999761,0.000000,0.000000,0.000000,0.806913
-12360199.010172,7680525.614945,323064.220959,-123602.245373,76805.162133,3230.639825,0.000000,0.000000,0.000000,0.914951
4511262927.601254,-1685834926.178054,4278765011.934756,45112629.084594,-16858349.256210,42787650.114656,0.000000,0.000000,0.000000,1.073302
-775118.421868,598630.040673,-1909666.316651,-7751.394875,5986.405503,-19096.662765,0.000000,0.000000,0.000000,1.114679
-260334.042242,1243558.623700,1764858.656090,-2603.423904,12435.641259,17648.585546,0.000000,0.000000,0.000000,0.813495
-3770.360808,-1240.992959,-3305.507198,-37.853361,-12.465590,-33.051763,0.000000,0.000000,0.000000,0.993904
-36821.804522,-21605.353128,-51618.691742,-368.415924,-215.911313,-516.182174,0.000000,0.000000,0.000000,0.811627
44.240696,62.316944,-66.235076,0.198795,0.776350,-0.685887,0.000000,0.000000,0.000000,0.971544
-120.283342,-149.722925,-364.249838,-1.513501,-1.601372,-3.668101,0.000000,0.000000,0.000000,0.828819
-113.819294,-234.942971,-253.615126,-1.410816,-2.317740,-2.533449,0.000000,0.000000,0.000000,0.843591
-19420232061.870201,-212634794.638283,8576849507.165339,-194202320.870156,-2126347.946960,85768495.075306,0.000000,0.000000,0.000000,1.009980
-2831369.382812,-120422.588084,688374.361251,-28313.915054,-1204.093779,6883.740958,0.000000,0.000000,0.000000,1.165896
-13740.749909,7165.424234,11933.636314,-137.601380,71.715888,119.336143,0.000000,0.000000,0.000000,1.173099
-70274.089512,-23712.654318,-9115.742925,-702.900811,-237.079506,-91.156006,0.000000,0.000000,0.000000,0.980241
15231887.630843,5626151.095231,-5074428.969171,152318.683720,56261.505918,-50744.292255,0.000000,0.000000,0.000000,1.049528
-902479317.830356,811230954.608738,1119521438.779246,-9024793.468736,8112309.581544,11195214.385820,0.000000,0.000000,0.000000,1.147849
-703925.815619,666927.945360,441265.697946,-7039.571504,6669.296536,4412.655463,0.000000,0.000000,0.000000,1.017479
-5016109922.745534,-1095018064.775117,-18041733285.267838,-50161099.421919,-10950180.641907,-180417332.849567,0.000000,0.000000,0.000000,0.811464
9913.731480,-20931.300484,-6243.651157,98.991753,-209.316856,-62.435940,0.000000,0.000000,0.000000,0.816721
71029.109464,7125268.419859,-5822278.639162,710.094996,71252.616541,-58222.788206,0.000000,0.000000,0.000000,1.117804
-283376651.968716,372765719.964549,-290564733.398922,-2833766.706379,3727657.237503,-2905647.329196,0.000000,0.000000,0.000000,0.933819
-9564476342.728659,-1180328302.774891,-10446385807.819950,-95644763.613053,-11803283.030776,-104463858.078725,0.000000,0.000000,0.000000,0.945291
3093.988904,-2794.728531,-1390.179769,30.767589,-27.895835,-13.904585,0.000000,0.000000,0.000000,0.802871
-191633.287926,-1575621.147538,28520.668717,-1916.581110,-15756.248731,285.209770,0.000000,0.000000,0.000000,0.804158
2846678.915739,107615.060263,-664092.458761,28466.564573,1076.282566,-6640.926429,0.000000,0.000000,0.000000,1.159105
891905.920819,788920.799090,-2064592.461747,8918.713713,7889.193671,-20645.921866,0.000000,0.000000,0.000000,0.947227
-2099.903142,2838.838597,-5582.130518,-21.364570,28.591848,-56.227604,0.000000,0.000000,0.000000,1.178009
-338.249651,58.554491,-114.573895,-3.494088,0.537188,-1.143198,0.000000,0.000000,0.000000,0.804628
6047.232106,8228.406497,-116939.099099,60.328161,82.342640,-1170.568093,0.000000,0.000000,0.000000,1.123032
-2567871.320670,-1253396.661729,-1506921.964653,-25678.936753,-12534.058177,-15069.217437,0.000000,0.000000,0.000000,1.188309
24916714256.776100,15227556060.382254,-5043365251.289832,249167142.317667,152275560.637968,-50433652.514989,0.000000,0.000000,0.000000,1.051077
398.524549,-1439.251301,2517.376193,3.874314,-14.380898,25.169145,0.000000,0.000000,0.000000,0.835316
-29.446055,64.654811,-4.163798,-0.544962,0.598018,-0.019881,0.000000,0.000000,0.000000,1.077266
-2419954.542611,1311740.930744,3277855.591696,-24199.799412,13117.336228,32778.556634,0.000000,0.000000,0.000000,1.150362
542651.558217,209358.731583,-67932.718761,5426.302303,2093.594865,-679.324063,0.000000,0.000000,0.000000,1.104765
-636.843339,42.885966,-278.559272,-6.437102,0.362501,-2.782279,0.000000,0.000000,0.000000,0.862295
90435.980440,-513614.604259,-265436.210507,904.195308,-5136.099285,-2654.361585,0.000000,0.000000,0.000000,1.006393
-7672.082471,30697.823597,-43767.516507,-76.916025,306.964896,-437.670602,0.000000,0.000000,0.000000,1.078170
-494432.783697,-624166.862034,-722392.572580,-4944.459647,-6241.603676,-7223.924789,0.000000,0.000000,0.000000,1.188275
