x,y,z,vx,vy,vz,fx,fy,fz,mass
-25.830646,-3.920039,-0.286959,5.432576,-0.718314,-0.246575,0.000000,0.000000,0.000000,1.108544
328.539336,159.940027,-317.017327,433.427488,201.941243,-396.239614,0.000000,0.000000,0.000000,1.126065
-12.831395,-17.270796,-13.554024,8.120884,-24.067617,-16.181636,0.000000,0.000000,0.000000,0.994733
17760.658328,26173.885235,-29893.479544,22233.217164,32704.107387,-37366.347244,0.000000,0.000000,0.000000,0.822397
-5869.222257,-5949.656765,-7219.403142,-7310.567351,-7437.432766,-9023.992339,0.000000,0.000000,0.000000,0.898558
-25.580777,-15.679363,8.128816,-5.625513,-2.781353,9.734293,0.000000,0.000000,0.000000,0.846977
-25.788692,4.344577,0.424698,-1.891179,3.345146,1.844921,0.000000,0.000000,0.000000,1.116249
8123.132260,5340.064951,-13768.706622,10187.235290,6673.267308,-17210.970126,0.000000,0.000000,0.000000,1.187704
-6.777995,5.262264,3.227576,5.100189,2.739697,6.136370,0.000000,0.000000,0.000000,0.950589
4934.951863,-364025.798989,663935.446722,6200.917156,-455045.813734,829919.125212,0.000000,0.000000,0.000000,0.818971
-10.662581,-1.127136,2.453379,-0.147764,-2.301958,2.901685,0.000000,0.000000,0.000000,1.167247
-13.554040,0.939208,5.382056,0.342269,2.466026,7.201276,0.000000,0.000000,0.000000,0.972061
-21.760030,-9.715356,-11.459878,-3.351645,-0.919520,-14.087859,0.000000,0.000000,0.000000,1.081818
1091.706396,11261.134984,7672.662429,1389.009925,14075.379929,9591.042849,0.000000,0.000000,0.000000,0.989544
-11.992424,-0.278816,-7.249442,2.040955,-3.511486,-8.260796,0.000000,0.000000,0.000000,1.158531
-18.260861,-8.130044,-1.159046,2.977790,-3.525178,-1.898392,0.000000,0.000000,0.000000,1.162612
-17.792760,-10.033858,0.410759,0.046397,-1.074594,0.899372,0.000000,0.000000,0.000000,0.916922
-27.494790,-22.333343,-6.240881,-0.569000,-13.770074,-8.041981,0.000000,0.000000,0.000000,0.931872
-435.820568,-31.964692,-183.985262,-519.996952,-40.808559,-229.449507,0.000000,0.000000,0.000000,1.092022
-9.478468,-0.848915,0.845205,0.170730,0.787449,0.497645,0.000000,0.000000,0.000000,1.076214
-12.400137,-12.430831,-7.384126,-2.814452,-11.571564,-10.046132,0.000000,0.000000,0.000000,0.867463
-10.729065,12.620577,1.010151,2.027487,0.971951,0.988924,0.000000,0.000000,0.000000,0.990617
-2.402248,-14.286541,5.857722,15.258683,-13.810629,7.695693,0.000000,0.000000,0.000000,0.852733
-23918178.802543,-1316662.600147,33765861.252795,-29897697.588248,-1645828.815546,42207326.486542,0.000000,0.000000,0.000000,1.112751
-20.772132,2.276253,-1.875198,-0.560538,-1.604704,-1.916051,0.000000,0.000000,0.000000,0.971706
-53829.514500,-1186978.764472,508132.275998,-67263.339027,-1483723.199617,635164.823304,0.000000,0.000000,0.000000,0.863572
-7.844913,-4.793813,-0.666493,1.303426,-2.180135,-1.182902,0.000000,0.000000,0.000000,0.901633
-10.053073,-4.044037,-5.086461,-1.794332,1.884005,-5.943896,0.000000,0.000000,0.000000,1.076310
-21.868511,10.031399,3.394162,8.831464,-1.378181,4.884399,0.000000,0.000000,0.000000,1.079740
-30.735181,2.025892,-1.981368,0.096899,2.815849,-1.995083,0.000000,0.000000,0.000000,1.131573
-1898.668165,-5761.560731,-15578.400521,-2356.955330,-7221.448270,-19545.535509,0.000000,0.000000,0.000000,0.949219
149.774572,-105.416031,-85.850328,204.703595,-128.444546,-106.990509,0.000000,0.000000,0.000000,1.028994
-238.089622,102.211700,540.154537,-265.256322,131.345876,675.035811,0.000000,0.000000,0.000000,0.888145
-4.849185,25.474802,21.756523,25.600900,38.263182,26.673527,0.000000,0.000000,0.000000,1.109194
9.748089,-7.009480,-123.059426,33.724585,-10.326414,-153.487961,0.000000,0.000000,0.000000,0.870110
-29.098670,5.766885,-0.313173,0.770591,3.339815,-0.722638,0.000000,0.000000,0.000000,1.027614
-17.583231,-3.911001,3.442015,7.607193,1.244627,4.002337,0.000000,0.000000,0.000000,0.878708
-11.516221,-11.485375,0.004277,-0.311961,0.407340,0.230610,0.000000,0.000000,0.000000,0.932374
-16.515307,14.146090,-13.204360,5.261488,5.057363,-16.187668,0.000000,0.000000,0.000000,0.950720
12.252964,28.839307,-26.522071,33.986896,35.278871,-33.910183,0.000000,0.000000,0.000000,0.987029
-28.488290,-12.778683,0.426685,0.909648,-1.331332,0.309192,0.000000,0.000000,0.000000,0.961445
-2.034901,-61.679081,71.556501,21.238704,-77.512755,89.606422,0.000000,0.000000,0.000000,0.803227
42374.383287,-45424.473989,-9297.213605,52993.622731,-56780.957567,-11621.422265,0.000000,0.000000,0.000000,0.945113
-27.082870,-0.090479,-10.008268,-3.328114,5.785134,-12.751463,0.000000,0.000000,0.000000,0.965340
-25.285990,8.654186,4.258785,-12.167386,2.735349,4.044909,0.000000,0.000000,0.000000,1.008691
2318.202570,14354.818665,14062.299627,2924.559006,17943.585495,17577.989223,0.000000,0.000000,0.000000,1.081289
-36.615088,113.217623,-10.177346,-28.560401,147.451544,-11.774404,0.000000,0.000000,0.000000,1.057274
-14.346299,-3.566214,25.526630,3.184819,-3.079978,30.236238,0.000000,0.000000,0.000000,1.011438
-19.639319,-9.899710,0.988269,0.092033,-5.304598,2.445197,0.000000,0.000000,0.000000,0.948328
-12.185381,49.743117,3.069098,0.500433,59.498087,3.117810,0.000000,0.000000,0.000000,0.807111
3.142494,80.780906,27.963617,11.629511,97.072030,35.072621,0.000000,0.000000,0.000000,0.979161
-29.094480,-9.338070,14.106563,-13.483795,-0.476577,17.458247,0.000000,0.000000,0.000000,0.944154
-35.423016,5.471924,-2.755222,-14.804640,-1.326683,-3.283711,0.000000,0.000000,0.000000,1.147512
-15.287396,-20.132525,33.361302,3.440189,-15.953684,41.835018,0.000000,0.000000,0.000000,0.814239
28.801057,52.379052,-117.577810,59.087506,61.903411,-146.474729,0.000000,0.000000,0.000000,1.163616
-31.480835,-6.872445,0.401192,0.404079,-0.124849,0.614495,0.000000,0.000000,0.000000,0.831347
-17.061493,9.781571,-1.700923,1.595753,-0.825310,-2.108393,0.000000,0.000000,0.000000,1.001711
-19.874689,-10.364779,-5.482847,0.565895,3.570110,-6.524345,0.000000,0.000000,0.000000,0.914952
-6.476707,-0.106990,0.257369,2.100181,0.230537,0.927877,0.000000,0.000000,0.000000,0.946323
7517.039060,-5525.734138,-1255.020417,9434.586554,-6907.030372,-1569.956244,0.000000,0.000000,0.000000,0.867750
-30.120092,4.441813,-0.999340,-1.063749,-1.184021,-2.184433,0.000000,0.000000,0.000000,1.115972
-31.587974,9.327413,-0.881615,-0.657459,-0.418854,-0.883166,0.000000,0.000000,0.000000,0.837142
304.607502,-193.955480,476.077646,400.478247,-241.847508,596.003197,0.000000,0.000000,0.000000,1.199553
-32.197931,2.725771,6.147438,-8.746825,-0.567019,9.981932,0.000000,0.000000,0.000000,1.074319
-19.165436,-4.494618,-0.223888,-1.578229,-5.468016,-0.902625,0.000000,0.000000,0.000000,1.126542
-399.631482,-48.831164,-527.282687,-486.126219,-54.130078,-658.524834,0.000000,0.000000,0.000000,1.012272
-27.157102,7.231655,-0.067282,-0.423045,-0.143698,0.542148,0.000000,0.000000,0.000000,1.144267
-33.625978,5.213396,3.834763,0.623958,0.871703,4.981692,0.000000,0.000000,0.000000,1.073443
-15.230811,-4.423878,-8.604286,-6.846861,-2.542415,-12.049659,0.000000,0.000000,0.000000,0.995503
-20.231465,-4.850704,1.476063,2.054544,2.644045,3.228312,0.000000,0.000000,0.000000,1.112735
-30.674723,-3.658914,-0.494589,0.672390,0.003881,-0.809013,0.000000,0.000000,0.000000,0.843669
-20.912623,4.161435,-2.783294,0.997337,0.942213,-5.089993,0.000000,0.000000,0.000000,1.195338
-15781.468736,-363348.778420,225714.353248,-19697.855668,-454180.892336,282143.362138,0.000000,0.000000,0.000000,0.886178
1914.323457,9141.400355,13739.268906,2404.450743,11437.880157,17174.048707,0.000000,0.000000,0.000000,1.164964
-11.482349,7.781963,-1.280937,1.478380,-4.021142,-1.421332,0.000000,0.000000,0.000000,1.142623
-15.698603,-8.171476,2.153531,3.520151,-3.644496,1.945384,0.000000,0.000000,0.000000,0.942950
-27.898775,-24.675920,-11.545595,-7.763866,-27.174842,-14.695263,0.000000,0.000000,0.000000,0.804799
-16.931527,11.178240,0.391720,-0.566959,0.136864,1.045136,0.000000,0.000000,0.000000,0.954997
-28.152804,-0.122762,0.611899,0.034516,-0.767105,0.776284,0.000000,0.000000,0.000000,1.103109
13804.022782,9179.144493,2317.664476,17286.134149,11466.071359,2897.282583,0.000000,0.000000,0.000000,1.142902
142.971289,-83.603704,-457.605993,210.922373,-100.850192,-571.790350,0.000000,0.000000,0.000000,1.041734
-42.203184,-23.639781,15.223925,-9.600741,-32.786702,18.499625,0.000000,0.000000,0.000000,0.938065
6.339981,10.483277,-19.924798,41.395912,4.842630,-24.985497,0.000000,0.000000,0.000000,0.988095
-26.068085,-1.090954,-1.515713,-2.059575,-1.026728,-1.402865,0.000000,0.000000,0.000000,0.905486
-25.496501,3.631124,0.064980,-0.792253,-0.785424,-0.885328,0.000000,0.000000,0.000000,0.878215
-24.020637,-2.435221,5.586223,0.928387,-5.156251,7.020211,0.000000,0.000000,0.000000,1.181118
-6.946008,1.456692,-0.608924,3.331961,1.835357,-0.383976,0.000000,0.000000,0.000000,0.959298
-22.005999,13.073631,-4.059736,-4.097595,1.915712,-6.002369,0.000000,0.000000,0.000000,1.194278
-11.927533,-7.556037,-2.354513,1.319609,1.109883,-2.300837,0.000000,0.000000,0.000000,0.892655
-1198.003217,-256.049744,596.551942,-1471.370192,-322.348102,746.768281,0.000000,0.000000,0.000000,0.983172
-39.055800,-13.406834,32.325209,-14.213854,-14.038702,43.742472,0.000000,0.000000,0.000000,1.050169
-303.553128,504.458726,-447.824097,-353.630319,629.651858,-559.534935,0.000000,0.000000,0.000000,0.871078
-27.714874,0.164205,-100.736829,-9.502124,-2.821842,-126.350049,0.000000,0.000000,0.000000,0.837749
15686011.757885,-8560176.203084,-36462168.854535,19607536.507375,-10700212.501426,-45577710.876738,0.000000,0.000000,0.000000,0.951689
-17.448673,-10.476059,-6.347223,-1.512619,-1.669132,-7.968504,0.000000,0.000000,0.000000,0.950231
-31.673412,-15.070600,41.113922,-17.817012,-17.071911,51.542573,0.000000,0.000000,0.000000,0.871993
-54.742960,8.825515,9.926984,-36.771878,-6.275676,11.887570,0.000000,0.000000,0.000000,0.852751
-23.510529,13.444162,-87.106789,-6.347590,16.934786,-108.426780,0.000000,0.000000,0.000000,1.147153
-14.465177,-9.433035,-3.581610,-2.893609,-1.608003,-6.287035,0.000000,0.000000,0.000000,0.993805
-33.669106,-5.642638,0.112535,0.037937,0.026638,0.602735,0.000000,0.000000,0.000000,1.106077
-24.388011,10.973158,0.233212,0.716693,0.985724,0.234785,0.000000,0.000000,0.000000,0.946183
-20.614789,-33.271519,33.950504,-1.714671,-41.897716,42.052898,0.000000,0.000000,0.000000,1.179822
-14226648.855389,23010165.887619,-27640579.202206,-17783294.467852,28762709.141064,-34550723.584740,0.000000,0.000000,0.000000,1.194290
-18.082405,-12.794218,0.214303,-0.177982,-0.144217,1.243321,0.000000,0.000000,0.000000,1.180160
-18.379351,-7.025207,-1.703760,0.342156,-1.891806,-3.079466,0.000000,0.000000,0.000000,0.975946
-28.453697,3.576347,0.706148,-0.066010,0.201822,0.654375,0.000000,0.000000,0.000000,0.824101
-27.272085,4.688505,-0.976593,-9.762958,2.396570,-1.600875,0.000000,0.000000,0.000000,1.160362
51192.782408,1824.503909,-36832.390009,64019.877019,2265.950982,-46040.375087,0.000000,0.000000,0.000000,1.024294
-38.282105,19.386216,43.340487,-20.741030,16.568416,54.252801,0.000000,0.000000,0.000000,0.874086
3890.522376,5551.000292,-407.573979,4888.410694,6937.900697,-509.557133,0.000000,0.000000,0.000000,1.076029
1.245386,29.943787,134.415895,28.244309,45.875606,168.040636,0.000000,0.000000,0.000000,0.973946
-13.500546,14.341032,-5.594892,1.125262,6.581922,-6.568281,0.000000,0.000000,0.000000,1.064150
-164.679760,-1121.297399,508.477590,-175.448018,-1404.176555,635.973100,0.000000,0.000000,0.000000,0.923941
-33.678112,-6.553658,-5.182820,-5.572917,-6.482788,-7.558654,0.000000,0.000000,0.000000,1.122373
-18.471692,11.964244,3.885299,-2.169485,-0.545727,6.274795,0.000000,0.000000,0.000000,1.071131
-55.363182,-44.230180,79.376507,-38.663895,-55.480226,99.106284,0.000000,0.000000,0.000000,1.071878
-14.960284,-3.880596,-1.923642,3.312650,0.030796,-2.599320,0.000000,0.000000,0.000000,1.150206
-17.101151,-12.334105,2.831004,-0.661199,-2.099085,3.859710,0.000000,0.000000,0.000000,0.941464
141.649272,-301.431222,-141.099682,210.802290,-368.933019,-175.996294,0.000000,0.000000,0.000000,0.941387
260.133425,966.444312,317.465505,358.960657,1213.408819,397.216430,0.000000,0.000000,0.000000,0.967605
211.615978,81.070594,-344.557582,289.044835,100.082078,-430.130834,0.000000,0.000000,0.000000,1.026309
-4.953529,-33.461811,10.445061,27.088006,-51.453012,13.286035,0.000000,0.000000,0.000000,0.882430
-27.406529,14.091864,-2.066279,-4.460560,7.001113,-5.094014,0.000000,0.000000,0.000000,0.993582
-6.859532,-1.130849,-1.091789,3.560460,1.127520,-2.534985,0.000000,0.000000,0.000000,1.078578
3.088000,-20.214046,15.303882,39.089990,-14.431050,18.670258,0.000000,0.000000,0.000000,1.011073
5172742629.551842,12096648839.817097,11208613787.213697,6465928302.903232,15120811045.240349,14010767233.650768,0.000000,0.000000,0.000000,0.860433
-19.214004,10.178613,0.065257,-0.426074,-1.211799,0.430254,0.000000,0.000000,0.000000,0.817714
2357.531464,84967.863312,23232.820986,2954.517282,106207.569793,29041.286753,0.000000,0.000000,0.000000,0.821193
-5.618045,3.920506,1.844891,3.618816,-1.989804,2.422820,0.000000,0.000000,0.000000,1.096169
-6.240654,-5.571077,0.596418,0.013990,0.406284,0.664937,0.000000,0.000000,0.000000,0.984807
-27.222932,-13.273663,-2.575849,1.007422,-4.041941,-8.675259,0.000000,0.000000,0.000000,1.022588
-5.462088,0.791448,0.727021,-0.101391,0.511882,0.128760,0.000000,0.000000,0.000000,1.196130
8570.933207,5658.280422,5828.781711,10738.944754,7073.811127,7285.554886,0.000000,0.000000,0.000000,0.879180
-349.756391,-1143.428352,-4154.724774,-408.176031,-1445.347849,-5193.435062,0.000000,0.000000,0.000000,1.108554
-25.343993,12.760778,1.897227,0.786740,2.333830,3.852660,0.000000,0.000000,0.000000,1.056726
-27.459621,-11.114539,30.071064,-3.351179,-23.714538,39.015490,0.000000,0.000000,0.000000,0.886343
-53.674137,34.418279,-36.312652,-47.031262,32.431501,-46.077424,0.000000,0.000000,0.000000,1.186292
-32.830754,-9.515099,-12.552181,-21.266965,-3.766524,-15.389063,0.000000,0.000000,0.000000,1.016252
14.300743,19.212538,-35.847493,41.258408,21.463170,-44.656496,0.000000,0.000000,0.000000,1.054678
-19848.056267,20598.925542,12553.334621,-24785.086351,25752.537867,15691.245377,0.000000,0.000000,0.000000,1.098557
-205458.659068,30227.780801,109715.151069,-256799.572968,37784.783320,137143.380148,0.000000,0.000000,0.000000,1.112295
-16.815125,-12.714802,-20.589021,6.830098,-13.495033,-25.835217,0.000000,0.000000,0.000000,1.155625
14.156780,40.929042,-25.239381,50.555660,48.524965,-34.520617,0.000000,0.000000,0.000000,0.995605
-8.833953,7.950910,0.170496,-0.145949,0.543809,0.842343,0.000000,0.000000,0.000000,0.925170
-10.598042,13.935580,-5.280832,8.462994,10.119143,-7.167563,0.000000,0.000000,0.000000,0.822204
-22.385472,-11.944231,-0.752109,0.604086,-4.328874,-0.574067,0.000000,0.000000,0.000000,1.073643
-21.494133,10.247835,-2.692398,-4.297919,2.666524,-4.293197,0.000000,0.000000,0.000000,0.872427
-32.210638,-35.905661,-22.943263,-15.683503,-44.936573,-28.580347,0.000000,0.000000,0.000000,1.061290
-13.500225,-10.847966,0.178246,0.273172,0.362269,0.153158,0.000000,0.000000,0.000000,1.176053
-20.421467,-0.913214,-0.340966,2.350190,3.294425,-0.102400,0.000000,0.000000,0.000000,1.129608
28736.470461,24445.739792,19196.637164,36087.194641,30668.730050,24086.010039,0.000000,0.000000,0.000000,1.112493
-26.741184,-11.840206,2.188516,-3.757877,-4.330033,1.950014,0.000000,0.000000,0.000000,1.071082
-26.795154,-11.051548,1.005110,-0.692826,-1.333402,0.732666,0.000000,0.000000,0.000000,1.075690
-9.708890,-3.098746,3.819831,1.896308,-0.918429,4.394875,0.000000,0.000000,0.000000,1.097371
-11.497416,3.698726,-0.129317,5.588929,1.043676,-4.444525,0.000000,0.000000,0.000000,1.191502
-554779.938735,-97273.869562,-112670.563147,-693449.738244,-121590.656378,-140838.262545,0.000000,0.000000,0.000000,0.803348
-29.358621,21.529860,-15.792457,6.240303,23.038168,-20.322949,0.000000,0.000000,0.000000,1.108765
-24.244505,-9.083321,0.319728,2.165637,0.054277,-0.342943,0.000000,0.000000,0.000000,0.960094
-18.533009,-0.125763,3.896775,-6.410875,-5.413795,4.291554,0.000000,0.000000,0.000000,1.083925
-880.244471,-1503.537813,569.521817,-1083.436032,-1887.995659,713.328604,0.000000,0.000000,0.000000,1.098847
-16.846745,3.043911,-0.053121,-0.151217,0.338829,0.538780,0.000000,0.000000,0.000000,1.059239
-42.257255,-34.529328,20.641739,-31.838676,-46.991448,26.417986,0.000000,0.000000,0.000000,0.969303
210.606455,-1878.653933,-3127.845144,290.510182,-2334.228054,-3909.830687,0.000000,0.000000,0.000000,1.140464
-11.083113,-10.713755,0.143968,-0.006390,0.571910,0.700220,0.000000,0.000000,0.000000,1.136952
-31.768329,-3.885549,-2.269070,-4.600253,5.640318,-2.753030,0.000000,0.000000,0.000000,1.129021
-33.783630,5.680519,-0.635000,-2.233156,-0.383174,-0.465926,0.000000,0.000000,0.000000,1.174275
-34.025573,10.971915,25.956157,-27.146500,14.690707,33.461353,0.000000,0.000000,0.000000,0.892747
793.798044,-462.188860,4495.474349,1019.047809,-595.520640,5619.102493,0.000000,0.000000,0.000000,0.991313
157.472754,174.711458,132.471169,222.375697,229.290600,165.343349,0.000000,0.000000,0.000000,1.040638
-13.132035,1.231820,-0.066107,-0.361516,0.090718,0.284743,0.000000,0.000000,0.000000,1.107347
-2164.223997,1764.354879,1624.022687,-2677.797512,2219.337789,2029.831627,0.000000,0.000000,0.000000,1.160856
-18.033301,-13.563458,-0.047740,0.124726,-1.563694,0.076352,0.000000,0.000000,0.000000,1.006083
-13.091038,-6.315851,0.520638,0.413391,-0.795257,0.219409,0.000000,0.000000,0.000000,0.950264
11.611994,-5.565520,18.501036,31.996686,-10.344688,23.489535,0.000000,0.000000,0.000000,1.002828
-25.041797,11.408319,0.722129,-1.081242,0.002402,0.750581,0.000000,0.000000,0.000000,1.126099
-12.352671,-10.349363,-0.815416,-0.522260,0.444280,-0.500325,0.000000,0.000000,0.000000,1.083911
166958.070040,-129115.673899,3296.389900,208730.931997,-161403.540310,4120.016688,0.000000,0.000000,0.000000,0.960880
-2350.863446,463.022135,621.803598,-2911.389399,576.232656,776.850350,0.000000,0.000000,0.000000,0.808571
-34.945179,-6.516747,11.020219,-2.039652,-7.013993,13.934973,0.000000,0.000000,0.000000,1.187454
-13.134349,6.838159,5.731187,-4.085597,4.048039,6.860223,0.000000,0.000000,0.000000,0.916252
23.106170,27.521837,-52.015941,44.679230,27.394030,-65.082832,0.000000,0.000000,0.000000,0.840400
11840.043489,-10713.967718,3448.470543,14825.946780,-13391.742870,4310.968295,0.000000,0.000000,0.000000,0.907398
-11.000558,1.679160,-0.193938,-0.867019,4.754581,-0.376704,0.000000,0.000000,0.000000,0.809587
-29.653748,-11.587007,-0.114237,0.280100,-0.506345,0.433672,0.000000,0.000000,0.000000,0.847782
500.586744,-63.876315,-474.280554,646.639142,-83.869728,-594.429107,0.000000,0.000000,0.000000,1.180275
-15852.670858,-10492.526151,-2652.061079,-19784.482753,-13123.351019,-3314.832442,0.000000,0.000000,0.000000,0.998614
-65.320042,-2.054681,-5.057142,-51.604602,-0.314267,-6.049732,0.000000,0.000000,0.000000,0.928766
245365.143657,-41596.905886,90518.275631,306730.843061,-51994.401236,113147.924683,0.000000,0.000000,0.000000,0.866197
-184106.969488,142348.139880,-3632.018288,-230100.170562,177926.074696,-4540.489661,0.000000,0.000000,0.000000,0.871651
-26.641678,10.752338,-0.283535,0.444561,-0.727920,-0.211177,0.000000,0.000000,0.000000,1.123621
-61785.677571,52917.938609,-22559.520397,-77400.256335,66311.728027,-28268.998683,0.000000,0.000000,0.000000,0.863915
-40.778548,11.298126,58.615818,-22.971542,10.805654,74.435868,0.000000,0.000000,0.000000,0.955058
-31.407472,-6.299716,32.593300,-8.482462,-10.886843,40.388277,0.000000,0.000000,0.000000,0.834440
-6.376030,-3.345638,-0.035528,2.009102,2.012997,-1.500875,0.000000,0.000000,0.000000,1.015190
-15.003716,-10.543217,2.195195,-2.335216,-2.775237,2.553493,0.000000,0.000000,0.000000,1.190213
-19.655930,9.050409,1.633994,1.061867,-0.752556,1.308875,0.000000,0.000000,0.000000,1.010340
-24.849371,-2.987337,0.688135,1.471575,0.613995,0.829883,0.000000,0.000000,0.000000,0.812301
-71.171367,-35.111850,-61.159055,-66.435738,-43.246025,-77.171600,0.000000,0.000000,0.000000,1.025505
-26.814719,0.791903,2.443203,-0.048249,1.539017,2.814161,0.000000,0.000000,0.000000,0.837771
-2914.118062,-5137.464793,2775.472052,-3617.235620,-6422.420205,3469.119193,0.000000,0.000000,0.000000,1.046956
33083.388459,-3980.286771,7263.128582,41375.726840,-4981.218819,9079.143851,0.000000,0.000000,0.000000,1.066873
-6.661601,-8.319646,-0.663103,2.838222,-5.619501,-1.562772,0.000000,0.000000,0.000000,0.984859
-39.097466,-28.719475,-26.369763,-31.220513,-41.048179,-32.678351,0.000000,0.000000,0.000000,0.822774
-4826.777350,-9049.665061,2949.809989,-6008.000736,-11310.228923,3687.153560,0.000000,0.000000,0.000000,1.142448
-1.678347,-13.698019,-8.589333,9.165465,-7.527455,-10.713742,0.000000,0.000000,0.000000,1.156151
-26.622012,3.094344,0.042999,-0.115293,-0.259185,0.620708,0.000000,0.000000,0.000000,1.138209
-12.306296,5.606782,0.933485,-0.531303,0.140396,0.854872,0.000000,0.000000,0.000000,0.920994
-24.593308,-6.379511,-1.109653,3.089675,-7.455871,-2.854235,0.000000,0.000000,0.000000,1.097459
-28.288853,0.591384,-1.828759,-12.471817,-5.358205,-4.634707,0.000000,0.000000,0.000000,0.962119
-10.557357,64.600730,30.078654,12.755212,67.593579,37.081461,0.000000,0.000000,0.000000,0.825075
673.548071,-841.111280,296.063020,861.317872,-1053.917266,369.059139,0.000000,0.000000,0.000000,1.081014
-13.029185,12.123233,11.414233,1.603869,12.370255,14.185501,0.000000,0.000000,0.000000,1.043635
-38.006871,-9.797314,-5.555499,-7.442770,-8.310518,-7.166045,0.000000,0.000000,0.000000,0.836206
-92.219781,14.722751,24.572983,-98.946274,12.176594,30.857197,0.000000,0.000000,0.000000,0.887222
-30.107714,3.181513,0.793058,0.624304,0.295139,0.976880,0.000000,0.000000,0.000000,0.829103
715767.754641,4389616.728908,7788857.376170,894736.292101,5487019.438198,9736071.201573,0.000000,0.000000,0.000000,0.815176
113419240.360841,77608100.254704,-35940252.261010,141774079.248271,97010125.478945,-44925315.750658,0.000000,0.000000,0.000000,0.844437
1720.393648,1801.194980,-952.111920,2172.483850,2251.190411,-1190.624162,0.000000,0.000000,0.000000,0.928135
-23.261890,-3.887318,-2.655899,-0.723282,4.905182,-3.207692,0.000000,0.000000,0.000000,1.174177
-16.826864,0.520791,17.491682,13.962001,-14.437651,22.040193,0.000000,0.000000,0.000000,1.045710
-22.948668,13.120370,-0.185370,-0.514477,-1.058477,-0.001874,0.000000,0.000000,0.000000,1.160726
7652545.845450,-9673989.776061,-2017268.297818,9565708.051539,-12092489.914026,-2521584.798463,0.000000,0.000000,0.000000,1.058136
-18.737942,8.842115,1.503838,2.676896,1.661655,2.307322,0.000000,0.000000,0.000000,0.846378
-23.698151,-7.433510,-2.168358,-5.975476,-3.265127,-2.934242,0.000000,0.000000,0.000000,1.182231
-24.170061,10.204372,2.967651,-1.805761,4.088734,3.677514,0.000000,0.000000,0.000000,1.180357
-27.050409,-5.998266,-0.261673,-0.353861,-0.387596,0.171843,0.000000,0.000000,0.000000,1.063029
-25.592989,-5.113369,5.541730,-7.412927,0.194612,10.161822,0.000000,0.000000,0.000000,0.848960
-7.191183,0.040064,-4.280820,6.718240,-11.191318,-4.908389,0.000000,0.000000,0.000000,0.864947
-22.884116,5.158944,3.113879,1.661900,-2.907926,2.859292,0.000000,0.000000,0.000000,0.999556
-27.784723,17.475873,25.618854,-4.819518,14.570204,31.915110,0.000000,0.000000,0.000000,1.096175
-23.899868,-9.927208,-0.152017,0.305138,1.248853,-0.403949,0.000000,0.000000,0.000000,0.918964
-66.085393,9.046845,32.986863,-43.998903,18.590050,41.453434,0.000000,0.000000,0.000000,0.885209
-10.989975,-186.089113,-239.682226,11.767959,-229.242651,-300.255493,0.000000,0.000000,0.000000,0.897048
-14.812505,-18.315124,-1.964091,0.876173,-7.403466,-2.631946,0.000000,0.000000,0.000000,1.000404
231.665066,3827.560934,1214.066553,307.689593,4796.233817,1519.229267,0.000000,0.000000,0.000000,0.982238
-17.105018,-5.506170,0.788862,-0.198867,-0.711786,0.715812,0.000000,0.000000,0.000000,0.949265
-23.398018,8.906200,8.391218,-1.898160,6.195479,11.361714,0.000000,0.000000,0.000000,0.999438
-10.258428,-10.273598,0.563780,-0.127223,0.188387,0.345241,0.000000,0.000000,0.000000,1.144124
-25.012959,-8.484388,-0.035760,0.725304,0.156362,0.301862,0.000000,0.000000,0.000000,0.899783
-27.148086,-0.290044,0.570845,-0.019138,-7.328927,0.483710,0.000000,0.000000,0.000000,1.130132
-30.907624,6.942664,0.231267,-0.568098,-0.943587,0.143813,0.000000,0.000000,0.000000,0.946264
-34.363904,8.050166,1.716297,-0.338794,3.961377,1.811717,0.000000,0.000000,0.000000,0.876357
-17.190979,11.048529,1.794702,-3.755281,-0.386421,3.440105,0.000000,0.000000,0.000000,0.992490
-501.889065,608.215933,-410.954914,-603.052909,755.680591,-515.171938,0.000000,0.000000,0.000000,0.919839
106.439710,21.123548,-254.718380,158.402929,27.045753,-318.018568,0.000000,0.000000,0.000000,0.889647
-142.330540,-147.435631,96.257025,-156.368941,-184.297540,118.016589,0.000000,0.000000,0.000000,1.196938
-22.105050,-11.847773,4.434551,3.018271,-8.541041,5.177562,0.000000,0.000000,0.000000,1.077054
-18.676875,1.263438,2.361058,1.571445,-5.533499,2.257394,0.000000,0.000000,0.000000,1.087227
43.587575,-91.186826,267.215764,82.364821,-112.035132,336.988826,0.000000,0.000000,0.000000,0.873973
-23.095297,9.334332,-2.637298,2.774490,6.852555,-3.217211,0.000000,0.000000,0.000000,0.974196
-136.603058,-77.438935,32.409907,-152.245566,-93.859343,40.227597,0.000000,0.000000,0.000000,0.866828
-17.394640,-1.069367,-2.039112,6.040104,-4.185816,-2.176567,0.000000,0.000000,0.000000,1.042817
-4.325396,-12.367679,14.711852,21.316503,-11.084208,20.148460,0.000000,0.000000,0.000000,1.160956
-20.777604,3.153830,-6.936388,-9.944066,7.297050,-10.043790,0.000000,0.000000,0.000000,0.891919
-10.972376,-15.404766,-6.932670,7.657117,-15.381365,-8.105307,0.000000,0.000000,0.000000,0.891456
-13.429762,-6.546623,-0.954662,1.113903,-0.064260,-1.898602,0.000000,0.000000,0.000000,1.187455
-10.761530,-11.077464,2.053137,1.021733,0.046603,1.992977,0.000000,0.000000,0.000000,1.192895
903450.555530,374859.996796,328779.178763,1129348.105679,468571.116251,410974.488659,0.000000,0.000000,0.000000,0.976825
77.612751,-1.039450,-88.516117,118.361419,-2.430225,-110.710799,0.000000,0.000000,0.000000,1.062141
-27.968438,13.798557,-0.307662,-0.493594,7.196250,-0.643387,0.000000,0.000000,0.000000,1.177009
-323.955592,-30.389100,532.775525,-367.839407,-49.419732,666.175139,0.000000,0.000000,0.000000,1.186791
-8.198487,-2.848988,-0.029877,-0.573346,-0.598521,0.538018,0.000000,0.000000,0.000000,1.124175
-1300.371255,2529.994718,-291.629186,-1599.034286,3161.132899,-364.240786,0.000000,0.000000,0.000000,1.172772
-7.232930,-0.456528,0.336946,1.068063,1.101091,1.879053,0.000000,0.000000,0.000000,0.850789
-51.478772,-44.196029,-14.724287,-32.394653,-48.416521,-18.840226,0.000000,0.000000,0.000000,0.985556
-909.258732,532.695661,-4891.545550,-1109.712493,648.049571,-6114.337994,0.000000,0.000000,0.000000,0.910865
-5.900361,-10.032678,-8.624142,15.895581,-10.957909,-10.525545,0.000000,0.000000,0.000000,0.940245
-11.660134,-4.572777,0.538285,2.870242,1.790954,1.596115,0.000000,0.000000,0.000000,1.104931
-612.254164,5498.843395,-2931.199830,-743.768201,6887.510212,-3673.433757,0.000000,0.000000,0.000000,1.182283
-15.430966,1.431699,7.216593,9.298117,-2.391182,9.121099,0.000000,0.000000,0.000000,1.180009
-36.805472,33.585518,-15.855236,-20.574277,41.486228,-19.376689,0.000000,0.000000,0.000000,1.101541
-5411.593960,-39444.845279,-12651.447208,-6738.908842,-49307.785045,-15814.451313,0.000000,0.000000,0.000000,1.066494
-10.206429,-9.305967,-15.159274,10.212291,-6.133187,-18.620071,0.000000,0.000000,0.000000,0.893703
744.817259,-7241.571711,4070.812980,956.794463,-9077.635418,5100.860760,0.000000,0.000000,0.000000,0.889287
-22.269659,15.099771,-8.954361,7.940757,5.373694,-11.910155,0.000000,0.000000,0.000000,0.801348
-172.389911,103.862437,-57.633338,-187.687285,128.114632,-72.041524,0.000000,0.000000,0.000000,0.897921
-99.743885,15.890824,114.815737,-103.032997,18.680022,142.978775,0.000000,0.000000,0.000000,1.125234
12278654.930627,3952744.542124,14319864.811462,15348346.592134,4940935.669083,17899830.670170,0.000000,0.000000,0.000000,0.952242
-22.968090,-12.448583,-0.665088,0.825150,0.011779,-0.252017,0.000000,0.000000,0.000000,1.137772
-37.748406,-22.760055,-65.058352,-21.986404,-26.992425,-80.921613,0.000000,0.000000,0.000000,1.181822
22.487615,42.472958,-64.840603,58.379455,52.721551,-80.828068,0.000000,0.000000,0.000000,1.053305
-9.690405,-7.861626,7.696536,6.784087,-8.883568,10.812004,0.000000,0.000000,0.000000,0.944790
7.006080,-2.531916,79.785270,33.541276,-1.537612,99.181406,0.000000,0.000000,0.000000,1.095001
-23.093327,1.910150,4.803064,-3.072910,-5.822885,5.731234,0.000000,0.000000,0.000000,1.041333
745.265556,77.371612,-282.828549,962.785995,95.931133,-355.166146,0.000000,0.000000,0.000000,1.159337
-75.506226,21.217831,27.103668,-72.546327,20.688766,37.474366,0.000000,0.000000,0.000000,1.143483
-17.269967,-18.549349,-7.528161,2.128283,-5.748619,-10.106855,0.000000,0.000000,0.000000,0.954676
-154.305237,-6.451277,-21.178559,-155.215951,-7.184005,-26.836118,0.000000,0.000000,0.000000,1.160653
-17.846652,12.811345,-0.703239,-0.520487,2.055956,-0.360387,0.000000,0.000000,0.000000,0.830318
-34.189238,5.751777,2.082170,-10.515821,4.271316,4.534751,0.000000,0.000000,0.000000,1.005126
-180.006927,-173.779336,-117.564908,-199.207694,-206.048791,-147.007344,0.000000,0.000000,0.000000,1.158877
-31.494079,-64.135518,-61.942949,-11.637411,-93.036947,-77.349611,0.000000,0.000000,0.000000,1.020097
-14.642581,16.983387,-16.451661,12.498784,3.770332,-21.203095,0.000000,0.000000,0.000000,1.037147
-14.297011,1.201662,14.653567,-0.415243,-7.005290,18.063236,0.000000,0.000000,0.000000,0.976821
-46.247922,25.094947,19.390141,-24.633555,45.930962,23.813549,0.000000,0.000000,0.000000,0.913593
-15.731607,-4.613155,-0.990445,-5.057449,1.703188,-1.933130,0.000000,0.000000,0.000000,0.942740
-25.089238,-8.900352,1.223604,0.661925,-1.114784,1.354279,0.000000,0.000000,0.000000,0.958484
-31.176853,-13.897443,1.920598,-7.046466,-7.168574,5.470425,0.000000,0.000000,0.000000,1.170001
-17.168897,11.666878,-5.966850,5.265740,10.225858,-8.949562,0.000000,0.000000,0.000000,0.945104
-2015.139729,-2068.324242,1102.775719,-2496.699622,-2585.467004,1377.857436,0.000000,0.000000,0.000000,0.806143
8584.957040,-14595.148044,1512.844356,10753.451644,-18233.239656,1890.844358,0.000000,0.000000,0.000000,0.887157
251819.992593,279805.944822,-231224.589125,314799.917381,349759.286265,-289030.439684,0.000000,0.000000,0.000000,1.031721
50.394160,351.432980,182.597040,85.371855,441.204150,229.011843,0.000000,0.000000,0.000000,1.185306
14566.852172,-14778.306699,-4305.305756,18233.518778,-18469.229215,-5381.280973,0.000000,0.000000,0.000000,0.804055
1.572860,43.541820,78.750353,22.686156,58.054916,98.341493,0.000000,0.000000,0.000000,0.857400
-34.819712,8.792119,5.687131,-4.921185,-0.854809,7.473395,0.000000,0.000000,0.000000,1.172317
1120177.763969,750519.737716,-85868.772083,1400235.510028,938136.309303,-107336.575831,0.000000,0.000000,0.000000,0.839125
-30.249957,7.754940,0.775223,0.253996,0.278523,0.716313,0.000000,0.000000,0.000000,1.044693
-1003.726768,-17.684392,4962.827178,-1228.738672,-20.322897,6203.421300,0.000000,0.000000,0.000000,1.198128
-11.412135,0.030521,-1.012413,-0.207102,2.259466,-1.291631,0.000000,0.000000,0.000000,1.184516
-17.796104,1.237037,4.093929,5.618988,-4.014720,6.489354,0.000000,0.000000,0.000000,0.856857
-34.225131,-4.112287,0.123971,0.166690,-0.417895,0.537898,0.000000,0.000000,0.000000,0.962641
-7.388278,1.994065,2.332946,12.195621,4.740182,5.613080,0.000000,0.000000,0.000000,1.080431
404.341578,1528.772182,5448.510796,534.420766,1894.811875,6810.282571,0.000000,0.000000,0.000000,0.845513
83.821451,25.172705,-68.108305,141.589176,32.047217,-84.850964,0.000000,0.000000,0.000000,0.911640
156476995.814630,-1726012996.068221,-500664297.596507,195596270.760270,-2157516241.038610,-625830372.388307,0.000000,0.000000,0.000000,0.981403
-22.752802,-15.021375,-0.324684,-1.323180,-1.486964,-1.152479,0.000000,0.000000,0.000000,1.135734
-227.124026,-253.381392,265.589717,-250.369984,-323.236092,332.277999,0.000000,0.000000,0.000000,1.089831
-21.551872,-6.953602,0.795156,-0.703074,0.749482,1.540011,0.000000,0.000000,0.000000,0.947485
-33.630867,2.121108,0.523411,-0.267740,-0.348674,0.308599,0.000000,0.000000,0.000000,1.053785
1556.697369,-321.728578,-454.000794,1972.664896,-404.663419,-567.905635,0.000000,0.000000,0.000000,1.181194
-8.211026,23.922455,14.571547,4.696704,23.389442,21.022290,0.000000,0.000000,0.000000,0.832507
-13.989093,-63.206574,-23.661845,-9.724558,-82.469165,-29.301456,0.000000,0.000000,0.000000,1.144125
-8.241898,4.723249,-4.074104,1.764951,1.144735,-7.314218,0.000000,0.000000,0.000000,0.819656
-16.814525,35.719313,-33.213200,-6.153867,43.435797,-41.681991,0.000000,0.000000,0.000000,0.978073
-30.308490,-10.818214,0.141077,0.089872,-0.048951,0.587731,0.000000,0.000000,0.000000,0.927466
-11.654391,-7.374055,2.146873,0.396214,1.623264,3.273313,0.000000,0.000000,0.000000,1.029083
-15.178237,-13.956838,4.623568,10.352899,-7.708549,5.388075,0.000000,0.000000,0.000000,1.152193
-34.612148,-9.975205,-24.226630,-21.707045,-11.801628,-30.905300,0.000000,0.000000,0.000000,1.048803
-12.828578,7.838490,-3.958206,-5.111914,2.236563,-4.580097,0.000000,0.000000,0.000000,1.076297
141.050999,1189.627373,-360.890690,205.666696,1475.081115,-451.211745,0.000000,0.000000,0.000000,1.151527
-31.582966,6.812300,0.842765,-0.270352,-0.513895,0.602119,0.000000,0.000000,0.000000,0.847945
-148.155015,-14.167380,97.634570,-156.088928,-6.531792,123.176624,0.000000,0.000000,0.000000,1.111519
-4.436054,-2.963196,0.865380,1.558217,0.115895,1.188531,0.000000,0.000000,0.000000,1.031342
-10.068817,19.467020,1.592492,5.679589,10.510166,2.580157,0.000000,0.000000,0.000000,0.875287
20115.536154,12790.472687,25615.232206,25173.934987,15989.636538,32019.427691,0.000000,0.000000,0.000000,1.119452
-2.697384,7.428569,-38.626216,16.350705,8.887404,-48.899842,0.000000,0.000000,0.000000,0.832110
-25.398652,124.064017,-37.466022,-6.005864,168.485565,-46.183297,0.000000,0.000000,0.000000,0.968123
-4389.639271,-5175.973430,4263.171327,-5451.709418,-6467.657299,5328.419735,0.000000,0.000000,0.000000,1.047359
-283124.309411,-313953.195002,255885.733132,-353880.326847,-392439.490996,319857.342551,0.000000,0.000000,0.000000,0.925759
-38.843079,-6.199662,0.747586,-7.953425,-1.913600,0.489901,0.000000,0.000000,0.000000,0.987086
-15.885070,2.153646,5.038624,-6.987024,-0.026561,9.242110,0.000000,0.000000,0.000000,1.061423
-8.981940,13.028218,-5.866618,1.583882,13.233877,-6.986116,0.000000,0.000000,0.000000,1.150372
632.026801,-17015.552930,13506.953475,816.016936,-21265.164677,16883.111244,0.000000,0.000000,0.000000,1.190815
-30.028632,12.890438,0.869616,-1.234797,2.025000,0.976077,0.000000,0.000000,0.000000,0.867286
1030.533832,-9572.534939,3471.420146,1314.587185,-11968.636542,4339.316613,0.000000,0.000000,0.000000,0.840931
-42.290622,-11.511457,8.094657,-21.308096,-10.100393,14.412620,0.000000,0.000000,0.000000,0.844658
-33.025929,-6.231930,0.498969,0.342267,-0.305372,0.580714,0.000000,0.000000,0.000000,1.021148
-9.844903,-8.239053,-7.678168,21.409679,-6.421652,-11.073694,0.000000,0.000000,0.000000,0.911438
-60.373199,6.811549,-13.888816,-40.711869,7.072643,-17.192621,0.000000,0.000000,0.000000,1.164890
-20.312063,-15.227585,9.938006,5.113040,-7.551692,11.924146,0.000000,0.000000,0.000000,1.065780
-14.149329,8.621728,-15.811470,12.509415,17.170078,-22.599103,0.000000,0.000000,0.000000,0.818145
-739.382667,-793.746867,-919.509536,-896.614184,-998.563900,-1153.443418,0.000000,0.000000,0.000000,1.022969
551.231995,167.520480,2742.513773,744.383695,206.176558,3520.228083,0.000000,0.000000,0.000000,1.021750
-39.351368,-12.508611,4.553449,-24.010793,-12.788670,6.256341,0.000000,0.000000,0.000000,1.128971
-35.375580,-0.960115,1.295275,-0.935082,-2.160367,1.487572,0.000000,0.000000,0.000000,0.828819
410.383933,-308.806313,1873.404612,572.362768,-405.640590,2454.521803,0.000000,0.000000,0.000000,1.187988
4214.973305,5750.758018,8744.086308,5310.347433,7206.199281,10943.889747,0.000000,0.000000,0.000000,0.992612
-58312.199477,-2051.414660,41919.085409,-72861.128129,-2578.939365,52398.809383,0.000000,0.000000,0.000000,0.900015
18671.211642,-19935.750004,-14495.141953,23349.918171,-24920.913721,-18119.394422,0.000000,0.000000,0.000000,1.066297
-5.177773,-7.230135,2.269817,6.376995,-6.667325,4.632591,0.000000,0.000000,0.000000,0.986453
-17.504193,9.471957,-15.340049,15.948246,21.857020,-19.270236,0.000000,0.000000,0.000000,0.865427
23975.881054,38320.631415,-41459.607982,29995.350156,47898.781719,-51824.608136,0.000000,0.000000,0.000000,0.898110
-32.824181,2.334408,0.932303,0.517977,-1.145477,1.068530,0.000000,0.000000,0.000000,0.964653
-19.027842,-11.239073,12.116284,-0.881713,-1.499946,15.089442,0.000000,0.000000,0.000000,0.961394
-748397.664246,-310499.009603,-272334.472136,-935461.978480,-388127.562682,-340417.505618,0.000000,0.000000,0.000000,1.179285
-36.704689,-23.342179,-1.938653,-16.866555,-25.304232,-2.435980,0.000000,0.000000,0.000000,1.141455
-22.728437,5.287051,0.692540,0.300779,1.064609,0.350692,0.000000,0.000000,0.000000,1.005335
-28.164480,7.891962,11.257688,-5.176714,11.043503,14.224321,0.000000,0.000000,0.000000,0.928633
-47.554807,13.955896,-34.166674,-38.146704,19.948088,-42.272361,0.000000,0.000000,0.000000,1.097397
1806.831560,1473.708703,-1004.407319,2307.588990,1861.209657,-1268.596534,0.000000,0.000000,0.000000,1.029214
1330.716141,1533.577050,-535.720916,1685.304503,1924.408287,-670.315459,0.000000,0.000000,0.000000,0.894533
-46.671178,16.228443,-20.379401,-28.272692,21.719011,-26.046536,0.000000,0.000000,0.000000,1.089561
-24.613743,-11.849033,1.701008,0.778926,0.261447,2.351564,0.000000,0.000000,0.000000,1.175445
-18.888404,-17.046600,5.206945,0.110047,-10.061977,6.186008,0.000000,0.000000,0.000000,1.064853
-23333419.335976,8586972.574525,-11764741.877458,-29166738.081442,10733704.470703,-14705927.157039,0.000000,0.000000,0.000000,1.025197
-44.478834,3.456139,9.168011,-13.650982,2.893562,12.143179,0.000000,0.000000,0.000000,1.156436
-61.667081,1.693199,47.526005,-51.480496,15.193660,59.621101,0.000000,0.000000,0.000000,1.031836
-23.401157,-0.543445,-0.976151,-6.381839,1.582984,-1.933129,0.000000,0.000000,0.000000,0.896157
380.902824,-288.370647,550.549336,497.599163,-361.047194,688.061828,0.000000,0.000000,0.000000,1.181418
-32.527370,-0.049021,2.159883,-6.272951,3.052481,2.053220,0.000000,0.000000,0.000000,1.110292
-30.181439,7.409810,1.832187,0.489834,0.694290,1.443235,0.000000,0.000000,0.000000,0.887501
28.735628,12.786934,82.330693,58.774539,16.156523,102.776705,0.000000,0.000000,0.000000,1.039350
-14.103593,-6.676342,-1.518651,1.575585,-0.031383,-1.008959,0.000000,0.000000,0.000000,1.039584
15315118.476851,130262976.999266,-64902657.879705,19143918.502128,162828725.761647,-81128322.532709,0.000000,0.000000,0.000000,1.198868
-19.269112,0.929867,-10.915428,2.878178,-3.604941,-13.248200,0.000000,0.000000,0.000000,0.871438
-8.319280,-9.094046,0.067147,0.183790,0.293948,0.500004,0.000000,0.000000,0.000000,1.057511
-25.756061,7.083525,12.277725,-10.989473,11.868655,15.374536,0.000000,0.000000,0.000000,0.847838
-4616544.402909,-2407403.773186,27560404.202223,-5770653.334974,-3009256.408228,34450505.475393,0.000000,0.000000,0.000000,1.066998
-22.443381,10.431583,0.161293,-3.859141,0.732515,0.087069,0.000000,0.000000,0.000000,0.847053
-32.200562,16.370616,-5.107705,-13.024618,14.921325,-6.180357,0.000000,0.000000,0.000000,0.905289
-20.030871,9.515544,0.108330,-0.424613,0.777465,-1.100456,0.000000,0.000000,0.000000,0.864598
-44.040540,37.899048,15.350155,-28.290789,48.064003,17.607811,0.000000,0.000000,0.000000,1.022130
-2417.696489,-11467.165074,-17204.388107,-3010.539144,-14322.659902,-21505.272220,0.000000,0.000000,0.000000,0.930288
-3291.986976,-2878.090300,1157.607243,-4088.119848,-3590.283534,1447.527353,0.000000,0.000000,0.000000,1.042631
26.502682,56.613843,-34.673214,50.715677,61.373459,-44.078708,0.000000,0.000000,0.000000,1.096076
-6.283970,-1.878354,-15.487731,12.855464,0.447038,-19.367956,0.000000,0.000000,0.000000,0.948953
-4.746827,0.848340,4.102119,2.685652,-3.113186,4.821850,0.000000,0.000000,0.000000,1.145340
8152.215308,5949.631703,-433.450071,10294.526354,7482.483159,-546.355607,0.000000,0.000000,0.000000,1.084248
-17.825875,-5.725204,-2.641545,4.410219,-1.220343,-1.835935,0.000000,0.000000,0.000000,1.008535
194856.401734,-135754.535388,-33551.349983,243592.349230,-169692.481217,-41939.728804,0.000000,0.000000,0.000000,0.940286
-162.145621,-883.649813,-525.675019,-164.921210,-1092.972249,-656.683148,0.000000,0.000000,0.000000,1.122959
-24.427383,-7.781874,0.048575,-0.165588,-0.398307,0.544581,0.000000,0.000000,0.000000,1.034345
-9.867474,2.079035,-12.383139,4.580638,0.322137,-16.380632,0.000000,0.000000,0.000000,1.096461
721.044860,161.976303,-1054.266202,936.251218,204.522702,-1317.893763,0.000000,0.000000,0.000000,0.922344
-29.941746,10.211015,-2.709790,-4.226448,2.279637,-2.780458,0.000000,0.000000,0.000000,1.182083
-1712.324311,-61330.987107,-16770.414818,-2132.795160,-76665.731680,-20962.686484,0.000000,0.000000,0.000000,1.137618
-12.414880,-13.630739,12.330835,-0.517992,-15.064941,15.745446,0.000000,0.000000,0.000000,0.977799
-23.319436,10.675979,-11.213299,1.757716,6.484645,-15.932338,0.000000,0.000000,0.000000,0.905500
-15.789815,2.950516,-0.963746,-1.611646,-1.865357,-2.281558,0.000000,0.000000,0.000000,0.970647
-17.473056,9.846205,1.157019,-0.043977,-1.174710,1.201639,0.000000,0.000000,0.000000,1.041833
659016.421938,-13011819.846764,-17624008.028217,823791.641278,-16264765.802970,-22030010.002596,0.000000,0.000000,0.000000,0.839044
2.046232,-18.584158,-31.800355,26.742002,-21.304978,-39.264153,0.000000,0.000000,0.000000,1.134157
11979.277082,276727.805206,-171909.561390,15003.067909,345914.636705,-214886.406612,0.000000,0.000000,0.000000,1.163537
353.627676,1027.376729,905.095681,474.601848,1286.199428,1135.647970,0.000000,0.000000,0.000000,0.967401
870.483890,-556.555114,-6590.789034,1125.996614,-693.021756,-8279.357538,0.000000,0.000000,0.000000,1.051263
-28.546805,10.019190,2.901845,0.112782,5.440854,4.916639,0.000000,0.000000,0.000000,0.896020
-27.837497,11.635502,15.140762,-13.406023,8.598207,20.118146,0.000000,0.000000,0.000000,0.804705
-21.965830,12.321349,-2.491984,-0.655220,0.520557,-2.851937,0.000000,0.000000,0.000000,0.942999
-431.859547,-11265.339138,-7240.929251,-515.427012,-14082.453392,-9050.774822,0.000000,0.000000,0.000000,1.010987
-38.167806,-1.747421,9.675286,-9.423985,-7.420599,11.810935,0.000000,0.000000,0.000000,0.942820
17644569.404867,-28538382.773930,34281252.220532,22055728.299351,-35672976.591873,42851565.580767,0.000000,0.000000,0.000000,0.962942
-20.158462,-8.607542,-2.159290,-1.490049,-2.804205,-7.286557,0.000000,0.000000,0.000000,0.807800
-16.261535,-46.535182,-18.899319,14.721772,-43.016904,-23.262240,0.000000,0.000000,0.000000,0.996413
9.276823,-26.879067,-6.325388,32.347126,-32.009464,-7.767439,0.000000,0.000000,0.000000,0.931207
-31.531593,-21.128559,-25.679164,-11.234301,-23.999805,-31.754912,0.000000,0.000000,0.000000,0.940354
-26.531165,12.443779,0.458729,-0.920182,0.201714,0.109011,0.000000,0.000000,0.000000,1.135388
26900.901553,20248.207220,-6741.274440,33737.640252,25371.614421,-8448.067754,0.000000,0.000000,0.000000,0.883397
-6.355401,-26.940941,-76.918383,9.720311,-28.569147,-95.755727,0.000000,0.000000,0.000000,1.058488
-14700.663032,-21575.510214,24659.809340,-18343.316978,-26982.463998,30825.066299,0.000000,0.000000,0.000000,0.996876
23225792.549123,1321641.683839,-32817667.335057,29032266.510033,1652051.534407,-41022084.119378,0.000000,0.000000,0.000000,1.144424
-2308.570643,-1795.321331,1154.353870,-2888.364659,-2266.147455,1456.980214,0.000000,0.000000,0.000000,0.916588
-21464.475089,-13608.832078,-27254.846020,-26800.914746,-17009.390128,-34067.961204,0.000000,0.000000,0.000000,1.052027
-4.032491,-16.778347,-25.400696,33.221692,-13.558608,-31.192871,0.000000,0.000000,0.000000,1.164678
461460.216130,53352.685389,94023.441536,576850.230760,66692.510785,117529.198085,0.000000,0.000000,0.000000,1.061098
-16.933625,6.999731,-4.653608,7.929209,-6.695004,-5.723561,0.000000,0.000000,0.000000,0.951685
-414.363194,1156.155165,-902.478274,-495.431388,1449.089720,-1128.227240,0.000000,0.000000,0.000000,0.840609
-183604.559350,130095.628895,32749.066506,-229483.651724,162620.084502,40935.757289,0.000000,0.000000,0.000000,0.988357
-4.800447,-0.552550,24.208274,7.707945,-3.687930,31.527904,0.000000,0.000000,0.000000,0.945544
-29.287706,-1.376521,-2.241116,-2.626065,-0.287894,-3.017438,0.000000,0.000000,0.000000,0.951091
-67.909509,-22.238388,24.477563,-64.823502,-40.883618,31.819558,0.000000,0.000000,0.000000,0.839014
-12.696693,-6.695492,-1.938033,-1.150636,1.017475,-2.126983,0.000000,0.000000,0.000000,1.148896
-15.382447,1.088541,3.407170,-2.164043,-5.857908,3.340902,0.000000,0.000000,0.000000,0.878896
-20.108237,3.912458,-32.017854,-2.549212,13.938749,-39.404424,0.000000,0.000000,0.000000,0.907304
-14.042023,13.017360,4.613956,11.188997,6.664342,5.254634,0.000000,0.000000,0.000000,0.987589
1542.920759,11475.032446,-3078.933609,1952.209866,14345.444765,-3849.036921,0.000000,0.000000,0.000000,0.917638
-8.334220,-0.491384,0.913704,4.468754,-4.820213,2.005084,0.000000,0.000000,0.000000,1.108671
-29.890196,0.256829,0.735522,0.097789,-0.290249,0.522711,0.000000,0.000000,0.000000,0.961355
-37.586224,-11.203662,-3.750720,-20.056080,-15.092344,-4.680531,0.000000,0.000000,0.000000,1.099488
-476084.892900,-882879.373326,-1301737.958027,-595078.479938,-1103594.118746,-1627172.888207,0.000000,0.000000,0.000000,0.911037
1273.486169,-459.681345,2464.586540,1626.526402,-586.212523,3095.897673,0.000000,0.000000,0.000000,1.100910
50367.989059,472678.556997,-532500.822065,62985.499105,590849.242415,-665626.229384,0.000000,0.000000,0.000000,1.073747
-13.092911,-39.540416,-32.407420,-0.433167,-49.121625,-41.042846,0.000000,0.000000,0.000000,0.876352
-10.901299,7.479045,0.326940,-0.237417,0.241553,0.451978,0.000000,0.000000,0.000000,1.178540
540.146764,817.547127,457.230098,716.268678,1060.215063,583.785218,0.000000,0.000000,0.000000,1.135274
25504.716374,-26523.295810,-16156.028373,31905.696139,-33150.048363,-20195.342326,0.000000,0.000000,0.000000,0.853435
-26.110079,7.149033,3.357433,0.739390,3.982359,3.525140,0.000000,0.000000,0.000000,1.128172
-1407.846433,-10362.643786,2797.784127,-1736.207828,-12951.346678,3496.778270,0.000000,0.000000,0.000000,1.014671
15.635249,-299.551477,285.855524,46.625368,-374.478633,357.856648,0.000000,0.000000,0.000000,0.993887
-24.305971,11.893547,0.516515,0.621308,-0.873547,-0.083827,0.000000,0.000000,0.000000,0.876248
-29.710064,9.788421,4.431105,-10.568926,-0.346707,4.954796,0.000000,0.000000,0.000000,1.118398
-19.028387,-8.198853,-5.858169,-3.158602,-4.811010,-8.189252,0.000000,0.000000,0.000000,1.036875
-20.422190,10.400429,0.305707,-1.385508,2.863427,1.072615,0.000000,0.000000,0.000000,1.032530
3417.933302,4675.055596,-3092.442862,4307.579199,5845.918873,-3865.924938,0.000000,0.000000,0.000000,1.126932
-305.144230,229.947703,1418.944343,-356.988085,280.079090,1773.943273,0.000000,0.000000,0.000000,1.181770
-0.304163,-17.274611,24.286829,16.802025,-18.255744,32.488769,0.000000,0.000000,0.000000,0.926611
4.233323,-2.185520,23.426309,26.951456,-2.476798,29.737909,0.000000,0.000000,0.000000,1.080725
-23.383386,6.055165,-1.434310,-1.481809,4.169284,-1.954734,0.000000,0.000000,0.000000,1.047504
-21.644246,-2.402385,-2.182322,-2.763611,0.551813,-2.805064,0.000000,0.000000,0.000000,1.180399
-16.320958,14.162774,1.708609,-4.371116,3.428003,1.869791,0.000000,0.000000,0.000000,1.059858
2734947682.787105,7960008607.326268,-99964255181.131531,3418684627.962574,9950010760.470671,-124955318975.952988,0.000000,0.000000,0.000000,0.899240
-178992333.771531,-315493696.290049,-113423532.001968,-223740392.046620,-394367105.329336,-141779414.650744,0.000000,0.000000,0.000000,0.800287
-28.784147,4.016522,2.960515,-3.874616,-3.125684,6.307105,0.000000,0.000000,0.000000,1.167949
-8.408776,5.230719,-0.984780,-6.619393,-2.588138,-7.293800,0.000000,0.000000,0.000000,1.038922
-11.772198,2.877363,1.825756,6.649979,-5.211466,8.076334,0.000000,0.000000,0.000000,1.121563
-38.194200,48.450574,97.186103,-20.258154,48.829532,126.628285,0.000000,0.000000,0.000000,0.975422
-17.579176,13.797983,-1.015586,1.683565,-1.227996,-0.847446,0.000000,0.000000,0.000000,1.126032
-22.069891,9.385103,-1.429468,3.729042,1.029806,-2.354130,0.000000,0.000000,0.000000,0.934643
-27.470327,7.790602,1.424774,-0.628968,5.084875,4.216296,0.000000,0.000000,0.000000,0.989983
-18.067956,-18.481086,11.975966,2.945889,-6.342572,14.629457,0.000000,0.000000,0.000000,0.937532
6.964519,-11.392250,-49.819298,30.323509,-14.283023,-62.551257,0.000000,0.000000,0.000000,1.196614
-5.372649,-4.632576,2.166834,7.468972,-2.415574,4.728014,0.000000,0.000000,0.000000,0.869027
7.125605,6.664130,-11.272227,29.948656,10.431494,-14.170569,0.000000,0.000000,0.000000,1.141255
-12.144107,-7.110739,0.149597,1.932501,-0.200742,0.308130,0.000000,0.000000,0.000000,0.932021
-42.666537,-0.210010,-20.927694,-22.465205,-3.800913,-25.604709,0.000000,0.000000,0.000000,1.045511
-126.356385,-153.650936,-167.371676,-130.015838,-193.921320,-209.303779,0.000000,0.000000,0.000000,1.006000
-16.612823,6.534804,0.728221,0.227087,0.037071,1.355247,0.000000,0.000000,0.000000,1.044041
-11809.878286,-7717.948437,19908.034677,-14728.881999,-9649.153853,24884.710012,0.000000,0.000000,0.000000,0.821489
-6.672058,-9.021520,2.671462,13.970811,-1.169996,5.412215,0.000000,0.000000,0.000000,0.842214
-542.724499,401.331173,-661.842267,-656.716828,500.913061,-827.154348,0.000000,0.000000,0.000000,1.050042
-17.179487,4.209759,0.536792,2.377294,0.792916,1.092498,0.000000,0.000000,0.000000,0.927245
-34.942971,-64.988423,-27.883657,-14.903971,-80.757183,-35.007132,0.000000,0.000000,0.000000,0.963850
48254.111109,223657.961306,78175.033963,60346.184438,279573.509219,97718.677751,0.000000,0.000000,0.000000,0.939808
-11.806775,13.235501,41.489570,3.268329,15.833052,51.550022,0.000000,0.000000,0.000000,1.123234
-11.876181,-16.385725,3.065037,9.207699,-2.424259,4.736905,0.000000,0.000000,0.000000,1.194903
-619.666872,-1150.468589,-496.489727,-764.810492,-1452.896857,-634.111748,0.000000,0.000000,0.000000,1.060793
-603154.365078,1300322.103813,3539934.684086,-753903.558257,1625408.883588,4424918.667866,0.000000,0.000000,0.000000,1.196936
-350.630371,-1099.955287,-357.944776,-404.389465,-1369.236660,-446.930697,0.000000,0.000000,0.000000,0.857963
-20.303573,4.008649,0.411137,-1.634284,-0.815733,0.891358,0.000000,0.000000,0.000000,0.856542
-19.422380,12.872404,-0.842515,-1.762369,-0.212296,-1.719309,0.000000,0.000000,0.000000,0.889516
-15.497238,-9.311090,4.517073,1.160382,0.501155,5.528740,0.000000,0.000000,0.000000,1.197501
100640.835107,-34946.550683,-52535.217668,125825.078317,-43682.699834,-65668.399102,0.000000,0.000000,0.000000,1.079987
-588.878733,-3159.737871,-434.412429,-713.603173,-3952.743277,-542.729523,0.000000,0.000000,0.000000,0.872782
-28.165121,10.722737,-1.671278,0.007310,6.370290,-3.458472,0.000000,0.000000,0.000000,1.184339
-31.393733,-11.224462,3.046004,-1.386158,-8.486040,4.649798,0.000000,0.000000,0.000000,1.033409
-15.436136,-23.907792,18.765924,5.187807,-27.364281,23.157331,0.000000,0.000000,0.000000,1.034618
-820.699261,1041.156310,-2132.264660,-1004.197461,1299.202737,-2678.731575,0.000000,0.000000,0.000000,0.850624
-33.097813,1.591357,-0.101738,0.412339,4.837697,0.004390,0.000000,0.000000,0.000000,0.817141
-31.320358,-1.885867,0.233487,0.056593,-0.744149,0.925117,0.000000,0.000000,0.000000,1.168598
-717.079909,940.749434,6686.279683,-868.385828,1187.986737,8400.050071,0.000000,0.000000,0.000000,1.047303
-31.581552,-3.361360,2.827388,0.538537,-0.388669,3.016689,0.000000,0.000000,0.000000,0.975596
-15.926120,-4.618137,9.601480,-8.183694,-7.121631,13.846010,0.000000,0.000000,0.000000,1.010250
502.652499,-152.684290,-245.939266,649.820874,-207.755680,-307.430639,0.000000,0.000000,0.000000,1.160936
-384.406752,-608.023195,-92.772731,-447.245634,-760.361775,-115.542712,0.000000,0.000000,0.000000,0.853880
335.848353,651.782710,-399.635789,453.414073,808.588272,-499.215374,0.000000,0.000000,0.000000,1.127411
-15.398647,1.399793,-1.107733,-0.140977,2.124519,0.168408,0.000000,0.000000,0.000000,0.866887
-302.802713,-1166.598313,376.323781,-349.100534,-1469.844294,470.197219,0.000000,0.000000,0.000000,1.069055
-4964407280.314218,4314494044.252025,6822601859.542799,-6205509070.013257,5393117552.370313,8528252324.930329,0.000000,0.000000,0.000000,1.032493
211.514871,76.785176,-153.329330,293.319483,93.498035,-191.414154,0.000000,0.000000,0.000000,0.970348
-16.566131,-7.416725,-0.017438,-0.446557,-0.993295,-0.593874,0.000000,0.000000,0.000000,0.934396
-526.688250,178.914151,244.991696,-636.514831,206.627849,306.064283,0.000000,0.000000,0.000000,1.178252
-46.801300,14.807735,-9.959424,-16.456783,17.950762,-13.604722,0.000000,0.000000,0.000000,0.837976
-75.062658,91.371799,59.612469,-76.260488,114.236125,70.179687,0.000000,0.000000,0.000000,0.964006
-21913.454756,-16656.139001,5701.220251,-27433.004246,-20874.259979,7143.971520,0.000000,0.000000,0.000000,1.066733
-4903.311627,-6224.115717,-9159.659341,-6101.654581,-7780.965290,-11463.556404,0.000000,0.000000,0.000000,0.941113
330.572841,57.186248,-652.496402,450.128976,60.023745,-815.066803,0.000000,0.000000,0.000000,0.968685
-22.803993,-16.531251,-0.341651,6.403232,-9.234250,0.227197,0.000000,0.000000,0.000000,1.003737
-28.539590,0.635646,11.345496,-12.367940,1.447600,14.102949,0.000000,0.000000,0.000000,0.952999
-65.101301,4.257418,-16.280397,-45.703843,15.997716,-20.637132,0.000000,0.000000,0.000000,0.854990
-2482.731998,-14761.404316,-14361.767266,-3076.573677,-18451.479959,-17951.886819,0.000000,0.000000,0.000000,1.055596
-6.229595,-0.816723,0.789531,2.584522,-0.222988,1.877757,0.000000,0.000000,0.000000,0.971811
-24.509130,-12.673283,1.310319,-0.332673,-0.750350,1.206415,0.000000,0.000000,0.000000,0.874854
-27.534080,14.086609,5.428744,-10.170644,19.255100,6.147346,0.000000,0.000000,0.000000,1.001737
-23.019806,-7.392731,1.846471,-2.857531,-2.287355,2.340245,0.000000,0.000000,0.000000,1.083715
-10.833931,2.518076,-6.144877,1.451205,3.070267,-7.749357,0.000000,0.000000,0.000000,1.103459
-19.488188,14.375880,11.341972,-4.176852,14.772417,13.381609,0.000000,0.000000,0.000000,0.884125
396.827245,268.695140,-914.790148,524.430040,336.852217,-1143.254621,0.000000,0.000000,0.000000,1.153185
-1.780932,-5.273679,5.416557,7.411614,-3.056393,7.562447,0.000000,0.000000,0.000000,1.091282
-18.400920,6.361963,0.358769,-1.044644,-1.261791,0.560548,0.000000,0.000000,0.000000,0.870198
-43.763273,-21.743269,11.673451,-18.994704,-24.485431,14.889275,0.000000,0.000000,0.000000,0.992842
15.962369,-17.894421,-20.893376,48.003428,-18.522926,-25.690080,0.000000,0.000000,0.000000,0.934861
-15.835222,1.096444,-1.819163,0.190538,-0.956987,-4.598971,0.000000,0.000000,0.000000,0.807511
-25.898976,10.235062,-0.851643,-1.104896,2.734806,-0.891249,0.000000,0.000000,0.000000,0.951073
-25.802996,8.599837,-2.241590,0.843818,3.730209,-2.560869,0.000000,0.000000,0.000000,0.931604
-16.531158,13.960199,-7.199856,-2.560133,3.814555,-8.959611,0.000000,0.000000,0.000000,0.950585
-23.165094,-7.058544,0.566892,-2.242218,-4.079800,-1.074032,0.000000,0.000000,0.000000,1.157927
32.439280,15.185509,-26.398705,57.924983,19.423299,-33.084283,0.000000,0.000000,0.000000,1.015634
-5.745557,1.596844,-4.455821,4.912677,-2.189201,-5.369701,0.000000,0.000000,0.000000,0.978569
29.164198,25.787406,-27.029332,55.774165,25.308252,-34.725888,0.000000,0.000000,0.000000,1.049067
-32.286565,3.735398,0.113090,1.467646,-0.096325,0.262403,0.000000,0.000000,0.000000,0.930630
-32.026775,0.046723,8.755664,-16.803747,-1.553003,11.255741,0.000000,0.000000,0.000000,1.056607
-25.955470,-5.089008,-1.700167,0.526680,2.098832,-3.727760,0.000000,0.000000,0.000000,0.974102
-18.393964,44.088345,20.390707,1.138564,54.044521,25.179358,0.000000,0.000000,0.000000,1.002826
-28.120045,-2.315561,-10.883232,-8.807562,-0.338667,-13.488005,0.000000,0.000000,0.000000,0.855105
4044.516064,3564.009708,-1438.926579,5082.261448,4462.124142,-1798.052428,0.000000,0.000000,0.000000,0.838867
-19.079156,34.370462,20.954364,-5.793273,54.441646,26.285945,0.000000,0.000000,0.000000,0.973391
-23.446925,6.466051,14.169755,0.372343,18.283902,18.017563,0.000000,0.000000,0.000000,1.026758
635666.355869,-1370550.442969,-3731091.037863,794622.312639,-1713181.734588,-4663863.306798,0.000000,0.000000,0.000000,1.135614
-222.712197,-118.533338,-77.756042,-240.012269,-150.710459,-96.785936,0.000000,0.000000,0.000000,0.827707
20.849343,35.689341,-36.779603,45.629076,40.371524,-50.729832,0.000000,0.000000,0.000000,0.832518
-79.049636,90.432235,-117.722987,-69.292199,125.294272,-148.126567,0.000000,0.000000,0.000000,1.058104
-18.899123,24.375511,-15.404513,0.665140,29.047470,-18.579310,0.000000,0.000000,0.000000,0.873224
-31.963777,-3.219576,8.404382,-7.060764,8.136879,13.443936,0.000000,0.000000,0.000000,0.857006
-19.858568,5.462808,2.566119,-1.577766,2.443097,2.348788,0.000000,0.000000,0.000000,1.003894
5589017.932040,2914371.055040,-33365206.115877,6986299.556742,3642962.112991,-41706507.261223,0.000000,0.000000,0.000000,0.881364
1692.747885,5386.959584,13868.999107,2149.177562,6766.546444,17401.982252,0.000000,0.000000,0.000000,1.062840
508705.324864,924521.611750,1370543.758474,635909.230362,1155657.000056,1713179.090599,0.000000,0.000000,0.000000,0.867158
-27.987263,-4.247108,0.766917,-1.790755,-0.410141,0.247917,0.000000,0.000000,0.000000,1.022530
2051.118127,-306.267218,1879.370497,2590.889726,-368.708295,2348.951839,0.000000,0.000000,0.000000,1.073452
-42.513374,9.364121,13.074245,-25.117928,14.742116,16.426279,0.000000,0.000000,0.000000,0.937182
59688.677966,-52107.630221,-52236.794217,74631.885210,-65122.681940,-65295.694473,0.000000,0.000000,0.000000,1.090042
-482.959633,-182.431704,439.397810,-581.044277,-223.900423,549.043036,0.000000,0.000000,0.000000,0.876130
-24.682035,-10.519320,0.344759,0.880451,-0.219278,1.066040,0.000000,0.000000,0.000000,1.186175
-18.752250,-7.587154,3.384741,1.051526,-3.000634,5.150162,0.000000,0.000000,0.000000,1.198969
-22.304241,11.117164,1.359159,3.541945,3.102400,2.036476,0.000000,0.000000,0.000000,0.953716
-13.398646,7.223207,4.161856,15.250048,6.905723,6.579293,0.000000,0.000000,0.000000,0.945146
-26.129261,4.991024,2.923211,8.745764,5.607548,0.393996,0.000000,0.000000,0.000000,0.995258
-5560.584102,3105.548126,8645.197619,-6924.396940,3880.888125,10806.886836,0.000000,0.000000,0.000000,0.906235
-66.131671,-54.690701,112.049842,-56.933770,-68.776065,139.535265,0.000000,0.000000,0.000000,0.869644
-53.800043,-28.972266,-25.276899,-29.375403,-26.219342,-31.460179,0.000000,0.000000,0.000000,1.153020
-1875.391512,-972.671966,-850.305056,-2321.894473,-1215.132766,-1063.319852,0.000000,0.000000,0.000000,0.961667
-45.453219,-8.839576,-26.032767,-23.315563,-5.948508,-37.143564,0.000000,0.000000,0.000000,0.891950
-4.744767,-1.369631,-1.900995,2.114866,2.575347,-2.942534,0.000000,0.000000,0.000000,1.175423
-17.544807,-7.167737,5.091574,2.176210,-3.078327,7.699418,0.000000,0.000000,0.000000,1.050285
-28.460199,-5.924122,1.109641,-3.934554,0.092468,1.272177,0.000000,0.000000,0.000000,1.187342
-18.213548,14.599227,1.567071,1.493995,-0.374188,2.203802,0.000000,0.000000,0.000000,1.109482
-16.198539,35.399524,28.969762,-3.823840,38.375384,36.158139,0.000000,0.000000,0.000000,1.029596
-13.549297,-13.384170,0.071664,0.102791,-0.246100,0.231973,0.000000,0.000000,0.000000,0.886542
-2454.155081,1336.114509,876.675161,-3041.387693,1667.945685,1096.141168,0.000000,0.000000,0.000000,1.003011
258.329630,1895.267481,-47.926211,341.453989,2359.914777,-60.065240,0.000000,0.000000,0.000000,0.905086
-423.350226,323.071014,679.324999,-504.162419,402.773554,850.087907,0.000000,0.000000,0.000000,1.175238
-14.455479,-8.420064,2.175046,-3.695813,-2.283139,3.009277,0.000000,0.000000,0.000000,0.949407
3631.638035,-152.488144,-709.724842,4558.374330,-184.018796,-887.657741,0.000000,0.000000,0.000000,0.877148
-159.273946,35.383512,202.171674,-178.565492,49.374718,252.114524,0.000000,0.000000,0.000000,1.138156
-11.699534,3.264399,0.950754,23.275225,9.155467,-0.249986,0.000000,0.000000,0.000000,0.852140
-181836610.766170,2005754518.693834,581782876.067783,-227295737.455648,2507193152.302767,727228594.659778,0.000000,0.000000,0.000000,0.844537
-7.604550,-28.915490,-26.707587,16.629538,-33.080971,-35.513416,0.000000,0.000000,0.000000,0.944213
-15.395413,11.380341,0.009915,-0.271032,-0.099659,0.452945,0.000000,0.000000,0.000000,1.141452
-15324304.165126,-130340857.574868,64941423.254290,-19155359.785561,-162926067.330284,81176778.822142,0.000000,0.000000,0.000000,1.198152
-19.077673,21.111352,3.284976,-0.101715,14.078342,4.449544,0.000000,0.000000,0.000000,1.083250
-18842.065381,9158.423366,60556.421133,-23526.975775,11446.093859,75695.172339,0.000000,0.000000,0.000000,0.838829
-11.207536,-8.599687,0.076787,0.278782,0.146096,0.429222,0.000000,0.000000,0.000000,1.049758
-10.519090,-6.604491,-0.282560,-0.030588,0.029724,0.058044,0.000000,0.000000,0.000000,0.972331
-14520743.405354,7924235.760074,33753423.905796,-18150907.384717,9905302.418713,42191779.929660,0.000000,0.000000,0.000000,1.028063
-23.328322,6.178563,-18.645002,5.902093,8.552049,-23.810201,0.000000,0.000000,0.000000,1.000767
-15.526790,1.691105,-4.902782,3.105828,1.547594,-5.758262,0.000000,0.000000,0.000000,1.071612
-32.704767,7.199631,0.835621,-0.197769,0.918019,1.349008,0.000000,0.000000,0.000000,1.190287
-22.290502,-7.529451,-0.792118,2.920238,-7.971458,-2.202250,0.000000,0.000000,0.000000,1.068178
-17.805637,-12.022096,-0.184639,-0.533643,0.358793,-1.398525,0.000000,0.000000,0.000000,1.161866
-20.215950,7.852108,-1.619265,-7.466341,-0.415521,-0.932252,0.000000,0.000000,0.000000,0.802607
-5.430105,1.298120,0.046536,-0.148432,0.036844,0.845893,0.000000,0.000000,0.000000,1.180255
-10.772501,-0.770516,1.391338,-0.816946,1.375600,2.373772,0.000000,0.000000,0.000000,1.101630
-14.068842,3.567006,8.515769,4.948289,9.759677,10.690979,0.000000,0.000000,0.000000,0.808742
-6.061848,-14.356268,-22.347707,6.620512,-14.234663,-28.311321,0.000000,0.000000,0.000000,0.820701
94.052687,13.955813,39.004183,135.876788,29.433334,49.043400,0.000000,0.000000,0.000000,1.085718
-52791.098468,-461412.875085,566584.013342,-65963.344994,-576764.906859,708229.642790,0.000000,0.000000,0.000000,1.041853
-19.986261,27.005617,-16.117483,-2.900812,28.563523,-20.918512,0.000000,0.000000,0.000000,0.995666
-0.631346,-5.685745,6.078639,11.922652,-1.323112,9.067206,0.000000,0.000000,0.000000,0.824760
-9.200122,1.624325,-0.733480,2.986681,2.093586,-5.465069,0.000000,0.000000,0.000000,1.025234
-20897.482713,22295.784065,16210.776768,-26110.774834,27868.317154,20262.868224,0.000000,0.000000,0.000000,0.953551
-2093.487738,-3492.920626,-514.936294,-2591.175892,-4351.924906,-643.367439,0.000000,0.000000,0.000000,0.888580
13.174601,16.156658,9.691538,38.202117,15.542769,11.982913,0.000000,0.000000,0.000000,1.060313
-89821801.479683,-61461274.752446,28462711.974298,-112277222.935947,-76826593.200318,35578389.506580,0.000000,0.000000,0.000000,1.066283
-1227.122018,-693.942905,-3679.322753,-1511.997241,-864.704598,-4604.824695,0.000000,0.000000,0.000000,1.000945
-16.844593,12.704445,0.402938,-1.864779,3.094820,-0.350535,0.000000,0.000000,0.000000,1.134218
-23.009006,5.816487,3.302753,2.947353,1.215732,5.294210,0.000000,0.000000,0.000000,1.075745
-121302.625849,-12474.946523,-24011.822227,-151607.071449,-15600.315861,-30015.076380,0.000000,0.000000,0.000000,0.868933
-31.630518,2.086724,-0.340791,-0.659873,-0.674110,0.100345,0.000000,0.000000,0.000000,0.962804
-70649396.225917,12004062.455690,26956414.391519,-88311719.289585,15005075.215900,33695518.481229,0.000000,0.000000,0.000000,0.922450
-21.801417,-8.103344,1.441021,-4.978770,-1.668302,2.435996,0.000000,0.000000,0.000000,0.988361
-10.747276,-2.635691,-2.651276,3.451892,6.452120,-5.162811,0.000000,0.000000,0.000000,0.878847
-28.954391,1.546812,-3.596925,-7.212636,-2.076114,-4.252637,0.000000,0.000000,0.000000,1.005695
-23.042831,-1.581496,-0.336342,-3.646732,0.328046,-0.122231,0.000000,0.000000,0.000000,0.858551
-24.771319,11.288189,-5.843398,-0.977917,3.822000,-7.237945,0.000000,0.000000,0.000000,1.145449
-7.925305,-0.176598,-0.125225,-1.040133,1.366799,-0.633043,0.000000,0.000000,0.000000,1.039033
329.759504,-268.093978,-1735.999098,436.569314,-342.416389,-2169.377243,0.000000,0.000000,0.000000,0.967435
-6.755266,11.359876,46.038817,12.921126,13.739490,58.799729,0.000000,0.000000,0.000000,0.960485
-24.337526,-10.557301,9.519107,1.153757,-14.320843,14.547479,0.000000,0.000000,0.000000,1.143574
-28.980100,-4.668814,0.334539,3.232479,-0.673565,0.547825,0.000000,0.000000,0.000000,1.168897
-27.648321,-10.943263,-0.232218,0.288641,0.472854,0.054481,0.000000,0.000000,0.000000,0.838668
-3945184827.117024,-9225959752.149290,-8548666732.611808,-4931481017.903914,-11532449694.649590,-10685833416.068308,0.000000,0.000000,0.000000,1.128160
168.384952,272.677342,-35.294090,233.602937,339.229838,-43.902334,0.000000,0.000000,0.000000,0.965061
-7.811458,18.495921,-10.929932,25.004081,8.381948,-13.964128,0.000000,0.000000,0.000000,1.188821
-15.667924,-8.067948,-0.886334,3.670128,-2.406854,-0.926833,0.000000,0.000000,0.000000,1.098564
-12.871305,13.222553,0.576739,-0.515790,0.717547,0.428174,0.000000,0.000000,0.000000,1.096919
16.820859,-13.524402,-11.049376,36.352090,-20.070413,-14.008090,0.000000,0.000000,0.000000,1.116244
-102.506752,-81.268565,-92.333680,-109.515338,-89.354726,-114.936058,0.000000,0.000000,0.000000,0.936039
28.235338,21.005859,22.104968,52.063914,15.052754,27.730067,0.000000,0.000000,0.000000,1.016946
-6.862619,0.562583,-0.431436,0.535198,-0.126481,-1.278639,0.000000,0.000000,0.000000,0.862081
-950368.850789,-636714.178858,72851.942476,-1187947.579727,-795905.966693,91064.303670,0.000000,0.000000,0.000000,0.989079
495.386691,-660.468187,1544.807135,644.285426,-824.430593,1930.869007,0.000000,0.000000,0.000000,1.194641
-428.665949,-2716.843731,-653.727029,-516.933555,-3386.055929,-816.846061,0.000000,0.000000,0.000000,1.145137
1.552536,-5.904070,25.952119,32.382059,-6.552839,32.853247,0.000000,0.000000,0.000000,0.863949
-21.936677,5.405071,0.310185,-2.187229,-1.735857,1.113477,0.000000,0.000000,0.000000,1.021176
-3731.921630,145.284150,725.098997,-4645.730678,188.182639,905.804911,0.000000,0.000000,0.000000,0.860530
-4784.310378,349221.365831,-636890.713068,-5948.159160,436513.033312,-796113.375768,0.000000,0.000000,0.000000,0.853743
-6347.468074,14637.136159,20844.765955,-7895.663530,18288.345100,26055.989622,0.000000,0.000000,0.000000,1.170574
-18.901210,-4.159954,4.611571,-4.508828,-6.982321,6.073686,0.000000,0.000000,0.000000,1.096211
133.913621,976.647086,630.662251,205.129096,1232.087234,788.609772,0.000000,0.000000,0.000000,1.004855
-720074.981873,-4415480.929159,-7834569.901641,-900067.113826,-5519352.544141,-9793212.735561,0.000000,0.000000,0.000000,0.810410
-16.371724,-12.844276,6.132532,-0.497277,-9.992974,8.099980,0.000000,0.000000,0.000000,1.088580
-10.702901,-9.451485,-0.006945,0.342643,-0.453475,0.586808,0.000000,0.000000,0.000000,1.121250
-27.330632,-1.550652,4.538963,0.099245,-0.032012,5.606115,0.000000,0.000000,0.000000,1.036524
-13.198177,-9.696144,0.287911,0.742526,1.538106,0.489898,0.000000,0.000000,0.000000,0.857043
-26.488884,6.544523,-51.113236,-9.471150,6.927243,-63.838254,0.000000,0.000000,0.000000,0.882167
-18.331972,4.868582,-1.840267,-0.262378,-0.105519,-1.811095,0.000000,0.000000,0.000000,1.122901
-36.108538,4.636050,38.103520,-19.808893,3.383988,49.434785,0.000000,0.000000,0.000000,1.017835
-7.942198,-0.915626,0.636499,0.733308,-0.807484,0.041557,0.000000,0.000000,0.000000,0.997220
6.969993,10.547683,-10.983124,23.451153,14.470604,-13.430866,0.000000,0.000000,0.000000,0.847091
2299.986815,1578.842769,-1102.948997,2905.882556,1989.277570,-1379.736299,0.000000,0.000000,0.000000,1.114930
-116698.674496,8335.280299,206493.055695,-145847.949553,10418.320885,258116.554476,0.000000,0.000000,0.000000,1.122911
-31.705788,-16.433349,-11.832513,-9.565137,-22.561944,-14.763411,0.000000,0.000000,0.000000,0.856832
-21.912516,19.702099,79.232766,-9.682766,29.596500,98.981418,0.000000,0.000000,0.000000,1.035512
-1.090140,0.443340,34.362813,25.424378,3.555732,43.951149,0.000000,0.000000,0.000000,0.819653
-7.029402,-6.724035,5.547741,1.799147,-1.344151,6.725960,0.000000,0.000000,0.000000,1.113768
-15.619410,-2.113022,2.983116,6.483290,4.926071,3.713151,0.000000,0.000000,0.000000,1.090717
-40.638979,-2.374034,-1.303277,-9.479988,-0.832295,-1.611333,0.000000,0.000000,0.000000,0.901490
-67.323337,19.309129,-1.888718,-48.088589,9.110029,-2.529019,0.000000,0.000000,0.000000,0.942367
-30.121265,6.878868,0.601500,-0.212397,-0.244812,0.896094,0.000000,0.000000,0.000000,1.195784
-14.891608,-5.309816,-0.465615,-0.400073,6.924143,-1.947963,0.000000,0.000000,0.000000,1.077158
639238.381965,128503.211009,-728106.724438,799069.747335,160623.119660,-910133.110433,0.000000,0.000000,0.000000,1.091971
-10.216844,-2.187609,11.028195,-1.061006,6.581036,13.456387,0.000000,0.000000,0.000000,1.096610
-7096.912701,-5340.300107,454.631165,-8910.665241,-6736.387864,572.119764,0.000000,0.000000,0.000000,1.192966
-10.420905,-9.433741,20.355816,1.923142,-7.475073,26.639568,0.000000,0.000000,0.000000,1.000032
-8.805948,11.143442,-2.900508,-2.395353,8.956519,-3.722909,0.000000,0.000000,0.000000,0.824119
-33.428680,-1.814613,0.685241,-3.444701,0.893627,0.748759,0.000000,0.000000,0.000000,0.885948
-2.608812,-13.034190,1.998571,17.349098,-15.211751,3.795844,0.000000,0.000000,0.000000,1.177809
2.213347,1.895335,17.976428,20.646452,4.539303,22.541340,0.000000,0.000000,0.000000,1.032353
-222.857035,31.832747,-143.611867,-252.197478,40.485925,-180.034166,0.000000,0.000000,0.000000,1.026992
-121034.630456,212708.157386,16801.139483,-151454.929549,266231.188458,21028.263681,0.000000,0.000000,0.000000,0.929951
-37.717922,4.213446,38.567460,-26.839033,8.879316,48.382414,0.000000,0.000000,0.000000,0.867581
-33.868831,-3.718537,-4.894172,-6.071789,4.695954,-9.962818,0.000000,0.000000,0.000000,1.128076
-15.480739,-1.889714,5.206406,-0.809406,-4.778171,6.023245,0.000000,0.000000,0.000000,0.870115
-25.765477,3.455191,-7.222283,5.525675,-1.515353,-9.233498,0.000000,0.000000,0.000000,1.103878
-8.867327,4.113453,-10.713249,8.699111,2.548189,-14.169389,0.000000,0.000000,0.000000,1.171799
-8.006295,0.352984,0.619632,-1.554844,0.144177,0.847164,0.000000,0.000000,0.000000,0.946411
-18.864724,-12.632961,-0.023503,0.233885,-0.112837,0.416756,0.000000,0.000000,0.000000,1.035227
-24.023797,-10.843844,0.942229,0.623335,0.229783,1.155485,0.000000,0.000000,0.000000,1.125308
28.485672,-30.741884,-20.405469,52.296199,-48.249014,-26.479235,0.000000,0.000000,0.000000,1.059288
-19.641930,-14.994078,-0.033194,-0.102961,-0.069581,0.487169,0.000000,0.000000,0.000000,0.870182
-45.019357,-15.221509,24.135213,-37.419013,-7.286124,29.736766,0.000000,0.000000,0.000000,1.017779
21219972.703419,-7809202.974401,10699167.653518,26525001.828109,-9761514.914046,13373959.686247,0.000000,0.000000,0.000000,1.127300
-2072578899.604934,-6032210701.749763,75754348867.091675,-2590723600.025213,-7540263375.867826,94692936084.243683,0.000000,0.000000,0.000000,1.186622
-6595.167441,11169.476398,-1164.857209,-8221.547521,13972.275508,-1456.255271,0.000000,0.000000,0.000000,1.158315
-281.498828,-495.619785,-140.409365,-325.605326,-620.040552,-175.017017,0.000000,0.000000,0.000000,1.037564
-31.154977,-0.917615,1.546733,-0.675974,2.621470,2.375848,0.000000,0.000000,0.000000,1.186762
-5650.517180,4558.882534,-188.314857,-7038.755420,5698.934154,-234.861718,0.000000,0.000000,0.000000,0.818528
-33.639468,-22.486062,7.186213,-6.068338,-25.131830,10.707523,0.000000,0.000000,0.000000,1.121757
-21.037511,11.502033,-1.888655,-5.088042,-2.085650,-1.707038,0.000000,0.000000,0.000000,1.073467
-27.824887,-6.503027,0.080713,-0.002339,-6.197567,0.881213,0.000000,0.000000,0.000000,1.014512
-20.559156,-7.974001,2.308862,0.254112,-2.350578,3.187301,0.000000,0.000000,0.000000,0.943921
-10.090651,-14.036549,5.079460,7.815263,-14.107287,8.082759,0.000000,0.000000,0.000000,1.095259
-14686.271944,-2239.187727,-1435.707241,-18383.623390,-2806.627279,-1798.900380,0.000000,0.000000,0.000000,1.136821
-1009.099936,-1347.738256,246.523958,-1242.890836,-1681.476644,308.620111,0.000000,0.000000,0.000000,1.053030
-22.530103,-9.263744,1.388119,-1.142496,-2.488834,1.339110,0.000000,0.000000,0.000000,0.824072
-31.871840,-7.703932,0.297381,0.215722,-0.145338,0.518926,0.000000,0.000000,0.000000,0.835675
123350.059876,-9387.374855,-221780.868891,154212.850287,-11734.989106,-277225.638942,0.000000,0.000000,0.000000,1.056174
-9.755567,12.233013,-18.047263,21.064736,14.500110,-23.442423,0.000000,0.000000,0.000000,1.031222
-23.726648,-5.082664,1.005902,-1.746728,-4.805294,0.605916,0.000000,0.000000,0.000000,0.995006
-1.358584,14.772250,13.189967,15.497726,12.313691,16.148084,0.000000,0.000000,0.000000,0.868310
-24.213460,-6.070096,-0.399181,0.476085,0.281214,0.925084,0.000000,0.000000,0.000000,0.841950
-16.032011,-15.203972,-3.861848,10.704309,-15.194365,-5.628127,0.000000,0.000000,0.000000,1.164382
-892.023277,354.600524,-2491.351003,-1134.472611,463.780344,-3265.643419,0.000000,0.000000,0.000000,0.904045
-15.148096,11.179007,-3.601393,-1.689446,6.103188,-4.018723,0.000000,0.000000,0.000000,0.855006
-23.355278,16.137056,16.479490,-6.342345,7.989419,21.435506,0.000000,0.000000,0.000000,0.966268
-12.272615,-11.185059,0.277981,0.565465,0.516349,0.187734,0.000000,0.000000,0.000000,1.128423
-27.118472,-13.258079,-0.437305,3.067604,-5.169211,2.343960,0.000000,0.000000,0.000000,1.066786
-27.676225,-17.541864,22.501055,-0.738426,-22.922617,27.871514,0.000000,0.000000,0.000000,0.982279
-19.273975,14.096195,1.067685,-2.310624,2.885337,1.762970,0.000000,0.000000,0.000000,0.972173
62913229.687678,-922352.940938,-25057484.327680,78641562.961716,-1152944.005994,-31321854.864087,0.000000,0.000000,0.000000,0.907171
-36.834170,-45.389213,-33.391350,-18.783504,-66.313330,-41.703669,0.000000,0.000000,0.000000,1.157134
8.689772,1.570687,-20.947583,25.376827,-1.500918,-27.370633,0.000000,0.000000,0.000000,0.806333
-16.554202,8.973797,0.974572,-0.394085,0.057056,0.926680,0.000000,0.000000,0.000000,1.141493
6175.781508,15415.715344,-6324.831119,7741.933554,19300.323752,-7916.298738,0.000000,0.000000,0.000000,0.876037
-20.507651,3.269100,6.559170,-7.134431,-8.513527,8.058674,0.000000,0.000000,0.000000,0.995454
-487659.997392,-114439.391790,823360.915438,-609553.080606,-143055.106692,1029201.282335,0.000000,0.000000,0.000000,0.856559
-24.382530,17.553954,19.350324,-0.892505,29.645646,25.963971,0.000000,0.000000,0.000000,0.845643
1043.773495,1014.044891,-6683.034469,1330.580350,1269.336758,-8353.576762,0.000000,0.000000,0.000000,0.863715
-9.143546,8.904019,0.655491,-0.130913,-0.026286,0.341193,0.000000,0.000000,0.000000,1.166219
-18.169487,-4.183453,0.682002,2.112984,-1.498162,2.067334,0.000000,0.000000,0.000000,0.816255
-33.035159,5.454327,0.829365,-0.562190,0.055302,0.086005,0.000000,0.000000,0.000000,0.824722
-21.289295,10.625544,-0.032713,-0.060742,3.131243,-0.385180,0.000000,0.000000,0.000000,1.120337
-9.081770,-5.213501,0.500196,0.349937,0.167921,0.421857,0.000000,0.000000,0.000000,1.105116
-3.793572,7.749176,13.566625,15.877842,7.129322,17.481788,0.000000,0.000000,0.000000,1.170362
6656.215060,-15486.099209,-22071.356988,8358.870256,-19365.536637,-27588.932584,0.000000,0.000000,0.000000,1.105545
-997.716126,136.902344,-841.200413,-1226.321699,163.138164,-1056.525682,0.000000,0.000000,0.000000,0.842723
-33.559388,-3.281518,2.792487,-0.957742,2.259740,3.542774,0.000000,0.000000,0.000000,1.182668
-34656.838935,-29136.864339,-23228.659763,-43452.525084,-36561.476173,-29145.100452,0.000000,0.000000,0.000000,0.915218
-14.144632,-2.202821,2.391648,0.975645,1.682593,2.860798,0.000000,0.000000,0.000000,0.824622
-17.575322,24.162344,14.738681,0.091801,32.136371,19.010718,0.000000,0.000000,0.000000,1.086065
-10.680550,-9.672536,0.809798,0.276956,0.241510,0.516201,0.000000,0.000000,0.000000,1.105222
-8.063491,-38.640740,-11.155839,20.935639,-52.760782,-14.860714,0.000000,0.000000,0.000000,1.095226
-74357.529241,64858.480986,65038.248987,-92925.708175,81084.812551,81297.964634,0.000000,0.000000,0.000000,0.875471
-13858.294960,15428.200717,-2452.244256,-17296.773035,19285.741058,-3064.889182,0.000000,0.000000,0.000000,0.801765
-28.668332,-4.313319,-1.686781,0.561956,-1.089916,-2.004508,0.000000,0.000000,0.000000,1.052456
-9.162255,9.685873,-0.816389,1.366527,16.446720,-2.538091,0.000000,0.000000,0.000000,1.141113
-20.127518,1.256206,-2.628462,-0.388659,3.968016,-3.356925,0.000000,0.000000,0.000000,1.065021
-12.557179,-12.642072,-23.997706,9.650990,-16.289219,-31.528207,0.000000,0.000000,0.000000,0.945873
-5.952538,-1.768712,0.261398,-0.187043,0.319961,0.575512,0.000000,0.000000,0.000000,0.991486
-8.471382,1.198085,0.329642,-2.680798,-0.922381,0.771641,0.000000,0.000000,0.000000,0.958720
-40.956137,10.106000,-15.273419,-20.270751,13.461382,-18.825146,0.000000,0.000000,0.000000,1.155730
-17.524178,9.015129,0.938605,2.949918,2.265955,0.909684,0.000000,0.000000,0.000000,1.181506
435.763538,3241.989570,554.000851,567.292292,4048.943795,692.542243,0.000000,0.000000,0.000000,0.864553
4278244695.998035,-3718159201.059158,-5879606565.559396,5347805900.324543,-4647699004.222689,-7349508206.374980,0.000000,0.000000,0.000000,1.198089
-26.780823,-8.294629,0.928281,-1.848624,-1.557118,0.920882,0.000000,0.000000,0.000000,1.140690
-27.455811,-8.028776,0.602038,0.204493,-0.004778,0.668076,0.000000,0.000000,0.000000,0.919415
-5.979488,-1.155823,3.504392,4.594610,3.094965,4.471470,0.000000,0.000000,0.000000,0.886350
98238.741870,-177885.462472,-13153.580830,122979.707736,-222621.688701,-16461.982721,0.000000,0.000000,0.000000,1.120723
-14261.076659,14442.556658,4201.389858,-17801.181771,18056.636673,5252.026433,0.000000,0.000000,0.000000,0.822960
35.630965,-100.611110,23.954467,60.087877,-120.404482,30.156465,0.000000,0.000000,0.000000,1.093680
-23.399393,11.207950,-1.857686,-11.225513,6.069164,-0.786401,0.000000,0.000000,0.000000,0.899880
-10.239458,4.511561,-16.732557,17.806451,13.444787,-22.281197,0.000000,0.000000,0.000000,0.907983
-39.752046,2.995139,-2.315834,-11.590091,-8.943627,-4.051254,0.000000,0.000000,0.000000,0.871534
490.619022,-1120.689324,269.761512,636.842747,-1402.728428,336.634629,0.000000,0.000000,0.000000,0.990089
-30147.450283,9824.089409,-16198.688301,-37658.886829,12281.658187,-20248.367031,0.000000,0.000000,0.000000,0.961192
-13.460374,13.607701,21.056901,-1.294379,5.913142,29.011336,0.000000,0.000000,0.000000,1.034270
-12.647324,-13.178471,1.174335,1.015119,-0.940929,1.179346,0.000000,0.000000,0.000000,0.875531
-2.176773,3.613452,3.128108,16.123241,2.561720,6.109462,0.000000,0.000000,0.000000,0.844017
-33.925419,3.719465,4.084784,-3.418913,-1.723363,4.981830,0.000000,0.000000,0.000000,1.053551
-20.514859,10.768884,1.265521,0.674706,-0.959124,1.324569,0.000000,0.000000,0.000000,1.142860
-24.311176,-4.189536,2.054741,5.065534,-2.014355,2.877846,0.000000,0.000000,0.000000,1.051468
190.529462,1210.679893,1412.024793,264.558267,1511.763510,1765.042043,0.000000,0.000000,0.000000,1.093388
-2151042.738300,88442.667198,4168000.866005,-2692142.760819,110695.099123,5216522.170686,0.000000,0.000000,0.000000,1.093652
-19.211507,12.154134,5.796338,2.016941,12.245943,7.645047,0.000000,0.000000,0.000000,0.999280
-13.484638,14.934629,9.291735,13.660419,1.180921,11.124391,0.000000,0.000000,0.000000,1.139585
-42.985802,1.453498,-23.779803,-35.252995,-0.329435,-29.408626,0.000000,0.000000,0.000000,0.980556
-26.904948,-5.465580,3.908163,2.640191,4.332675,4.154721,0.000000,0.000000,0.000000,1.084633
-5.839641,-8.397439,-8.319105,5.660509,-10.054082,-13.886588,0.000000,0.000000,0.000000,1.008290
-16.860548,-35.668860,-27.492170,7.063118,-56.716933,-35.714768,0.000000,0.000000,0.000000,0.913202
361.187871,892.701965,-1189.667704,485.407465,1124.099658,-1491.361740,0.000000,0.000000,0.000000,1.090817
-13.884962,-6.118903,1.509421,2.558000,2.627931,3.732019,0.000000,0.000000,0.000000,0.966068
41.253985,14.164324,242.552477,77.260322,21.455109,303.694976,0.000000,0.000000,0.000000,0.824455
15.136577,8.373996,49.883901,-0.873829,15.174400,76.506948,0.000000,0.000000,0.000000,0.996795
-25.416488,-7.991947,-1.234412,-7.589898,-5.706846,-2.668570,0.000000,0.000000,0.000000,1.192100
-14.721290,0.120412,0.171906,0.059477,0.741582,0.752087,0.000000,0.000000,0.000000,1.024388
-888.388300,900.767662,-1828.983457,-1085.353868,1126.991627,-2286.037708,0.000000,0.000000,0.000000,1.084571
-24.932331,12.457401,0.905461,-0.730565,-0.479600,0.817876,0.000000,0.000000,0.000000,0.924416
51.019922,81.718343,36.201837,90.396560,104.228901,44.866400,0.000000,0.000000,0.000000,0.928617
-9.900186,-12.305789,7.916413,16.705952,-5.401364,9.195404,0.000000,0.000000,0.000000,0.808000
-21.881286,10.405456,0.951929,3.826818,6.758217,2.769391,0.000000,0.000000,0.000000,0.956997
306.455112,-3042.199465,-1366.313468,408.926516,-3801.710828,-1707.368190,0.000000,0.000000,0.000000,0.876427
-22.534335,-10.837067,3.196143,5.105915,0.580206,3.319046,0.000000,0.000000,0.000000,1.094605
-15.938661,13.999116,0.583851,-0.275689,-0.054115,0.734506,0.000000,0.000000,0.000000,0.829318
99117.981929,10206.682299,19627.765179,123918.432238,12751.693821,24534.357186,0.000000,0.000000,0.000000,1.063083
1907.880239,3076.094087,520.427290,2410.357603,3859.047358,650.796409,0.000000,0.000000,0.000000,0.959562
0.744899,18.854233,0.747515,17.789935,7.345941,1.515025,0.000000,0.000000,0.000000,0.846626
27940.398281,12802.416573,225.458742,34951.725038,16002.266661,281.199395,0.000000,0.000000,0.000000,0.884445
2183614.147043,-90660.315332,-4231311.548652,2732959.636770,-113463.824109,-5295758.529762,0.000000,0.000000,0.000000,1.077336
-10.198977,0.278719,-0.165057,0.495271,4.964617,1.414123,0.000000,0.000000,0.000000,1.143288
-350.253737,719.559701,-698.465788,-418.880653,898.771429,-872.526610,0.000000,0.000000,0.000000,1.163000
-304585.393312,-36693.772233,79179.963139,-380709.595678,-45873.054557,98975.032257,0.000000,0.000000,0.000000,1.036448
-25.294645,10.003823,0.222732,-1.407386,-0.059457,-0.264952,0.000000,0.000000,0.000000,1.093057
-22.502761,15.442972,1.044256,-0.098951,1.087104,1.119106,0.000000,0.000000,0.000000,0.957869
140957664.180546,248453444.301675,89321815.399990,176197105.329955,310566820.298359,111652269.561457,0.000000,0.000000,0.000000,1.016228
1589.441453,688.030099,3182.199649,2011.511306,861.437265,3977.702843,0.000000,0.000000,0.000000,1.159158
-23.332734,-16.758533,7.143337,-8.297942,-23.606502,7.770075,0.000000,0.000000,0.000000,0.914799
56557.726165,-48298.201288,19886.915167,70899.549165,-60525.369843,24921.951222,0.000000,0.000000,0.000000,0.946914
-23.294191,9.500372,-0.004123,-1.307020,0.099620,-1.381994,0.000000,0.000000,0.000000,1.151416
-30.743886,-6.187326,1.900462,-0.145464,-3.377055,1.748222,0.000000,0.000000,0.000000,1.075848
-191009.278081,32464.505474,-71615.510487,-238736.955854,40582.324369,-89519.223761,0.000000,0.000000,0.000000,1.096484
-3533.588222,3651.620318,195.003068,-4384.143053,4567.656811,244.445264,0.000000,0.000000,0.000000,0.876089
-11.487314,-9.471285,0.570518,-0.116879,0.162030,0.252726,0.000000,0.000000,0.000000,0.852677
-24.993931,4.775738,-0.563300,-8.547307,5.660985,-0.665456,0.000000,0.000000,0.000000,1.074863
-23.459352,3.903050,-12.768654,-0.894651,-5.576870,-15.855164,0.000000,0.000000,0.000000,0.932659
-18.984420,-8.648237,2.138781,-2.821801,-4.818062,3.706321,0.000000,0.000000,0.000000,0.968753
-10.705399,0.117114,1.961195,2.974869,3.910763,1.054504,0.000000,0.000000,0.000000,0.955005
237305.308742,855697.817640,-484044.961208,296655.174548,1069622.331195,-605056.635055,0.000000,0.000000,0.000000,1.158609
-20243.523497,-11181.352507,-20866.753256,-25278.839173,-13975.401859,-26083.497429,0.000000,0.000000,0.000000,0.918582
-30.861492,0.118266,1.203414,0.149765,-0.020246,1.032093,0.000000,0.000000,0.000000,1.040780
-6.355984,-0.227548,3.421027,8.356878,7.306488,0.899160,0.000000,0.000000,0.000000,0.927107
15009.519864,2311.693031,1366.834321,18828.846561,2896.184308,1713.028835,0.000000,0.000000,0.000000,1.128084
-0.019888,61.158034,-10.569002,27.179731,62.771387,-13.922438,0.000000,0.000000,0.000000,0.946045
3.968624,8.747476,-10.215275,31.281758,4.808175,-12.881055,0.000000,0.000000,0.000000,1.127063
-14.774568,-8.580848,4.159363,8.561397,-4.912075,7.150610,0.000000,0.000000,0.000000,0.884658
2199.826353,-1239.433066,-812.711308,2775.792662,-1551.326160,-1015.485031,0.000000,0.000000,0.000000,1.087730
-48123.275129,-220500.429515,-75852.667340,-60125.498685,-275624.251018,-94815.870203,0.000000,0.000000,0.000000,0.954176
188.989100,-3283.632518,-1239.155562,261.814944,-4103.964676,-1548.933017,0.000000,0.000000,0.000000,1.047518
-11115036.721621,-3573382.369396,-12956935.863524,-13893767.864385,-4466722.935341,-16196170.046744,0.000000,0.000000,0.000000,1.052604
-5.940856,54.216696,12.000319,7.658628,57.690229,14.585404,0.000000,0.000000,0.000000,0.834774
-287.592843,2944.637693,1274.547268,-333.883782,3681.056012,1593.057752,0.000000,0.000000,0.000000,1.193051
-19.577376,-9.769747,-32.318705,5.375355,-19.274636,-40.051275,0.000000,0.000000,0.000000,0.850615
-19.223027,3.899737,-2.043811,-1.795041,-0.131533,-2.093850,0.000000,0.000000,0.000000,0.985159
-16.281365,6.126601,-0.179357,0.130901,-0.242779,-0.428159,0.000000,0.000000,0.000000,0.970887
-2157.153739,685.705735,834.854256,-2678.651596,866.727523,1043.956790,0.000000,0.000000,0.000000,0.913613
-9.762304,8.675488,-11.007692,1.995408,9.671755,-14.609874,0.000000,0.000000,0.000000,0.851217
9.866290,-14.858391,20.667967,31.312396,-19.576757,26.557878,0.000000,0.000000,0.000000,1.013071
6311.535249,-5929.594711,-9139.312241,7915.601889,-7412.872655,-11423.533514,0.000000,0.000000,0.000000,1.028262
-15.454206,8.258328,0.705379,-0.502382,0.314388,0.474126,0.000000,0.000000,0.000000,1.104882
-21.168173,-13.054182,-0.985887,-2.783124,-5.943561,-0.548040,0.000000,0.000000,0.000000,1.173870
-683.344337,-420.944115,-609.384850,-835.796407,-526.065995,-762.209627,0.000000,0.000000,0.000000,0.886806
112.516995,106.758285,39.749486,180.339860,138.377555,51.082770,0.000000,0.000000,0.000000,1.093609
0.091551,12.112378,12.091426,14.867855,13.834871,15.907227,0.000000,0.000000,0.000000,0.962762
-30.099154,-3.855572,-3.571423,-5.202837,-4.238411,-4.370434,0.000000,0.000000,0.000000,0.894744
-871.304804,-184.537694,-2495.462044,-1081.615151,-245.733008,-3203.399923,0.000000,0.000000,0.000000,1.125705
-27.693466,-1.862333,-0.626414,-2.107175,-1.339613,-1.178319,0.000000,0.000000,0.000000,0.809324
-22.689314,5.810632,-1.548829,-0.622004,1.091594,-2.888709,0.000000,0.000000,0.000000,1.127365
-16.605668,-11.888720,0.058257,0.157948,0.137299,0.662810,0.000000,0.000000,0.000000,1.136320
-15.108456,14.572902,-2.131342,-2.604748,6.442807,-2.271286,0.000000,0.000000,0.000000,0.819373
-107.378231,64.823879,138.547591,-109.552776,79.790418,173.129079,0.000000,0.000000,0.000000,1.126828
-621973.097809,12279774.636858,16632500.377424,-777445.253273,15349727.200223,20790625.367203,0.000000,0.000000,0.000000,0.889062
-21.660559,-6.401483,1.589337,6.418968,-3.353304,4.414496,0.000000,0.000000,0.000000,1.027043
-3.660579,-27.352329,-38.995378,18.414555,-35.505328,-48.161341,0.000000,0.000000,0.000000,1.160073
1838.107667,-606.540645,-721.300126,2315.101198,-748.475664,-901.110006,0.000000,0.000000,0.000000,1.057339
-18.830190,10.158504,3.883096,5.359825,11.433238,7.841958,0.000000,0.000000,0.000000,0.803405
-12.428064,1.628177,5.787509,8.506972,-3.358850,6.687536,0.000000,0.000000,0.000000,0.851926
-24.291972,13.422085,-4.200969,-12.143016,12.521918,-4.698304,0.000000,0.000000,0.000000,1.016284
-29.672100,11.633888,3.542311,-7.732221,3.806324,5.071126,0.000000,0.000000,0.000000,0.811855
-1116.174234,9937.025581,-3597.741799,-1368.764531,12418.011098,-4497.026059,0.000000,0.000000,0.000000,0.810598
14.744764,-15.192688,80.301554,55.863084,-18.305543,100.451083,0.000000,0.000000,0.000000,0.961358
-16.144575,-14.837346,2.304283,-0.936018,-1.334384,3.468005,0.000000,0.000000,0.000000,0.986693
-43.024172,2.389298,8.937344,-25.769200,8.698085,11.171920,0.000000,0.000000,0.000000,0.825082
-4348.414284,776.514365,2472.729885,-5416.256212,978.718064,3097.821290,0.000000,0.000000,0.000000,0.868226
-27.206956,7.128603,0.929462,3.328348,1.863384,-1.429127,0.000000,0.000000,0.000000,1.153287
-19.519344,4.796504,-1.764834,-0.259508,2.103816,-1.631003,0.000000,0.000000,0.000000,0.870447
-6.328387,9.180917,3.709231,2.622391,3.725812,4.523634,0.000000,0.000000,0.000000,0.987682
-29.906347,-6.232593,-15.119037,-3.679361,-5.174513,-20.128428,0.000000,0.000000,0.000000,0.878281
-22.554373,11.418994,0.466939,0.036747,-0.457114,0.568789,0.000000,0.000000,0.000000,1.176964
-38.681369,20.709630,-178.804867,-19.739622,27.891235,-223.042228,0.000000,0.000000,0.000000,0.985321
-16.872453,-8.437252,-12.965554,1.761220,1.946165,-15.699242,0.000000,0.000000,0.000000,0.864344
-28.495138,76.898199,-16.206605,-8.124937,89.100959,-20.951207,0.000000,0.000000,0.000000,0.892454
-15.400336,-9.910699,3.250513,0.980165,0.507625,4.344031,0.000000,0.000000,0.000000,1.115895
-25919.417437,-11853.065782,-204.396220,-32372.776977,-14816.963795,-256.117183,0.000000,0.000000,0.000000,0.955103
-31.178953,7.731238,5.297798,-5.677390,8.627521,6.910383,0.000000,0.000000,0.000000,0.913098
-6.763730,-6.175187,0.706196,-0.123707,0.139988,0.220626,0.000000,0.000000,0.000000,0.890366
-3.007111,-15.405127,-4.270208,11.047326,-28.197839,-5.802869,0.000000,0.000000,0.000000,0.980274
-27.381861,-24.888139,-18.984983,-14.421212,-27.742466,-23.869123,0.000000,0.000000,0.000000,1.109128
-12.759445,4.077031,-0.201786,-0.460317,0.709807,-0.037719,0.000000,0.000000,0.000000,1.108792
-25.034450,2.355540,3.048427,-7.704335,11.247031,3.762831,0.000000,0.000000,0.000000,1.171583
-28.401618,7.283272,-2.470219,3.519646,3.575229,-2.534974,0.000000,0.000000,0.000000,1.020912
-21.328292,0.648000,1.248633,-2.854756,-3.025238,1.474766,0.000000,0.000000,0.000000,1.076698
-29.489016,-26.249941,34.765780,-21.579804,-33.767416,42.895618,0.000000,0.000000,0.000000,1.124017
-4409.522228,-11792.953939,5318.515720,-5506.148940,-14752.811830,6655.990468,0.000000,0.000000,0.000000,1.142295
-19.120209,-6.963553,0.518133,1.997484,-0.778673,2.035819,0.000000,0.000000,0.000000,0.864710
729.879088,-809.723273,247.100648,934.469773,-1007.853646,308.856834,0.000000,0.000000,0.000000,1.100182
-20.373837,-14.034624,0.157833,0.511582,-0.120340,0.527807,0.000000,0.000000,0.000000,0.897377
-8.440650,-1.772868,-1.127956,5.333780,5.952410,-1.932368,0.000000,0.000000,0.000000,1.039522
11.407500,2.263637,19.604882,41.075274,1.951136,24.714965,0.000000,0.000000,0.000000,1.185663
-35.189535,-0.443180,-0.720920,-0.330654,-0.879285,-0.523812,0.000000,0.000000,0.000000,0.833635
-94093.752909,32641.199587,49081.639725,-117592.937587,40801.911975,61352.558317,0.000000,0.000000,0.000000,1.155855
660.331368,86.243495,3397.654293,850.204708,111.739939,4252.128466,0.000000,0.000000,0.000000,1.125171
30.498915,1.829019,-0.373118,0.116690,-0.019749,-0.452664,0.000000,0.000000,0.000000,0.805200
20.388466,9.952493,-1.381144,-0.133902,-2.249869,-1.031776,0.000000,0.000000,0.000000,1.010085
30.494177,-6.592922,-0.036003,1.935393,1.766468,-0.286565,0.000000,0.000000,0.000000,1.094638
4.864626,9.264993,2.409626,-8.913625,3.389597,2.848344,0.000000,0.000000,0.000000,1.078279
268349.071254,68384.935128,994258.145622,335411.975298,85481.885629,1242822.864410,0.000000,0.000000,0.000000,1.152899
14.913906,-14.389382,0.783288,-0.688554,-4.805505,2.188432,0.000000,0.000000,0.000000,1.085728
5.735561,-3.537029,0.358085,-4.119310,-0.918656,0.113576,0.000000,0.000000,0.000000,0.848772
38.862431,-2.852178,12.093347,18.154177,-3.603059,16.277174,0.000000,0.000000,0.000000,0.980531
2.413307,-2.477305,1.031013,-11.169728,-7.436858,0.974237,0.000000,0.000000,0.000000,1.000139
-856.992163,208.344716,-2358.692874,-1098.753348,260.646164,-2947.976503,0.000000,0.000000,0.000000,1.010837
1685.366726,2344.087583,-1994.336241,2085.257909,2925.678285,-2493.207789,0.000000,0.000000,0.000000,0.954164
20.989783,19.539936,16.812361,-7.260110,23.740961,20.646391,0.000000,0.000000,0.000000,1.044827
-39.230081,11.295178,34.672134,-60.521388,19.233760,44.787040,0.000000,0.000000,0.000000,0.940580
-21840.027833,-36623.772881,948.426709,-27323.871740,-45778.818561,1185.867011,0.000000,0.000000,0.000000,0.898207
10.547615,-4.710960,-0.466494,-0.101246,-2.040754,0.124566,0.000000,0.000000,0.000000,0.966543
-18.788577,-4.760087,23.727297,-46.761024,2.542062,29.766795,0.000000,0.000000,0.000000,1.179068
17.236719,13.336042,-0.159129,-0.450886,-0.311946,-0.567704,0.000000,0.000000,0.000000,1.143497
32.798012,3.002983,-0.404394,0.301792,0.447848,-0.250874,0.000000,0.000000,0.000000,1.020994
-7.156073,1.150730,-24.701836,-29.428709,11.688276,-31.581078,0.000000,0.000000,0.000000,1.156391
24.669065,-13.265237,-12.596455,20.516889,-21.938156,-15.241207,0.000000,0.000000,0.000000,0.965299
27.581516,-9.019075,-1.033667,0.651341,0.342463,-0.558262,0.000000,0.000000,0.000000,1.030297
29.130865,-13.942966,6.339132,5.923330,-8.919817,9.666814,0.000000,0.000000,0.000000,1.162622
23.635648,-7.805725,8.829106,-5.278388,-7.156189,11.590984,0.000000,0.000000,0.000000,0.963892
25.157490,18.875525,2.779784,-5.006172,13.785742,3.692628,0.000000,0.000000,0.000000,0.803676
31.476189,-3.380833,-19.985885,15.409893,-9.048336,-25.317867,0.000000,0.000000,0.000000,0.978531
21.793325,9.965400,0.007018,-0.599093,-0.284338,0.106899,0.000000,0.000000,0.000000,1.185931
6.435823,-0.980326,-0.347275,-0.246296,-0.785700,-0.226909,0.000000,0.000000,0.000000,0.975066
25.577400,8.776073,-3.417389,-5.863645,1.823562,-5.206051,0.000000,0.000000,0.000000,1.173821
26.221427,2.832227,7.939726,12.802316,11.605737,10.558348,0.000000,0.000000,0.000000,0.806426
20.546079,9.567419,-0.155235,-0.719997,0.272177,-0.366574,0.000000,0.000000,0.000000,0.906176
40.296601,34.629828,45.510587,26.474757,38.473462,61.678540,0.000000,0.000000,0.000000,1.158930
19.648872,9.612904,0.063629,-1.399704,1.677598,-1.311050,0.000000,0.000000,0.000000,1.161871
24.961951,3.373372,-11.812716,11.544738,15.267350,-16.659959,0.000000,0.000000,0.000000,0.996467
-91.996336,-173.728851,114.994066,-152.576987,-222.781168,144.925391,0.000000,0.000000,0.000000,1.113007
-121721509.650001,195784492.560717,182675778.649755,-152151909.102263,244730600.945354,228344722.961580,0.000000,0.000000,0.000000,1.103689
11.302174,3.390380,-9.868235,-14.337310,19.884185,-11.393244,0.000000,0.000000,0.000000,1.034387
16.975520,19.641638,-80.863502,-10.290088,27.825063,-104.206356,0.000000,0.000000,0.000000,0.951720
39.028197,-9.192380,31.613267,30.628384,-4.798034,38.945667,0.000000,0.000000,0.000000,0.850262
34.407444,7.058284,0.994052,4.630907,0.620401,1.890376,0.000000,0.000000,0.000000,1.178905
19.879309,3.902175,1.993696,3.789773,-2.377872,0.944199,0.000000,0.000000,0.000000,1.132187
26.268244,14.744500,-24.014043,8.506951,18.640073,-29.434945,0.000000,0.000000,0.000000,0.821755
1.464973,-5.457172,29.381475,-24.542115,-3.050593,37.435307,0.000000,0.000000,0.000000,0.979187
17.845469,9.332252,-0.510063,-1.014432,-0.041576,0.402683,0.000000,0.000000,0.000000,0.852776
17.796415,3.712702,1.068115,-1.439152,-1.660838,0.978338,0.000000,0.000000,0.000000,1.154541
22.300932,-3.499586,8.605745,4.987100,-3.021238,10.805395,0.000000,0.000000,0.000000,1.067602
29.791959,17.673630,-4.586335,7.930414,12.577091,-7.025663,0.000000,0.000000,0.000000,1.154992
31.615849,19.951689,-10.728823,1.075354,22.284568,-16.142445,0.000000,0.000000,0.000000,1.042995
-1641.745194,-555.026704,-379.493737,-2072.057885,-711.417370,-474.551779,0.000000,0.000000,0.000000,1.020038
-11.209501,1.535572,39.668525,-37.395867,7.984110,53.611267,0.000000,0.000000,0.000000,1.137709
26.046336,-2.995223,-0.144132,0.156438,0.263389,-0.656352,0.000000,0.000000,0.000000,1.042319
8.782412,5.952401,1.226949,-1.330803,-0.090288,1.000141,0.000000,0.000000,0.000000,1.125389
-984.192599,-671.078953,-57.085522,-1236.825992,-842.131570,-70.879343,0.000000,0.000000,0.000000,0.894271
19.514595,10.012360,-0.619056,1.884569,0.106499,-2.588034,0.000000,0.000000,0.000000,1.128531
76.135662,1003.950338,-471.161462,65.310259,1270.064832,-588.589270,0.000000,0.000000,0.000000,0.968596
27.030523,-5.230804,0.230426,5.077751,0.559767,1.907697,0.000000,0.000000,0.000000,0.924299
35764.906160,15623.173454,15127.718282,44677.781900,19540.681748,18910.159231,0.000000,0.000000,0.000000,1.078567
-47.154268,91.422476,288.937438,-69.472255,105.023512,361.190384,0.000000,0.000000,0.000000,0.911689
6.565026,-4.067846,13.087208,-8.482514,0.986649,16.599125,0.000000,0.000000,0.000000,1.111671
832.085791,701.494599,-411.759892,1017.651542,878.361732,-515.919858,0.000000,0.000000,0.000000,1.044103
5.921531,90.880467,-22.357634,-23.424525,108.068580,-27.793463,0.000000,0.000000,0.000000,0.835333
33.553867,-0.915797,-0.461719,-0.426283,0.107158,-0.134728,0.000000,0.000000,0.000000,0.826927
31.657038,-11.953865,1.453920,3.043928,-4.398197,1.300947,0.000000,0.000000,0.000000,0.975929
3.401809,3.710800,15.638740,-14.355147,10.121766,20.100892,0.000000,0.000000,0.000000,0.855713
28.388614,4.262122,-1.760364,-0.011441,2.743814,-1.865648,0.000000,0.000000,0.000000,0.998780
24.145031,13.765506,-0.675719,-0.178436,-0.003108,-0.498454,0.000000,0.000000,0.000000,0.849696
11.239739,13.218236,4.954785,-7.228924,19.599597,6.697708,0.000000,0.000000,0.000000,1.170608
23.098512,13.005181,7.663651,14.809815,16.490131,12.807644,0.000000,0.000000,0.000000,0.841411
35.723936,-9.883298,-7.994615,1.498101,-11.336471,-10.179516,0.000000,0.000000,0.000000,0.817673
-3685.760251,5269.007902,-10446.109317,-4627.993559,6578.936285,-13057.064381,0.000000,0.000000,0.000000,0.877842
7.619202,18.118753,-42.314960,-11.022146,19.311527,-52.573142,0.000000,0.000000,0.000000,1.130582
282.894923,-6.333199,216.972446,336.756237,-22.923022,270.866650,0.000000,0.000000,0.000000,0.804761
27.216691,-9.667881,-0.290197,1.137309,0.388998,-0.709025,0.000000,0.000000,0.000000,0.971646
17.909402,-3.655983,-2.448419,0.436402,3.327519,-1.566704,0.000000,0.000000,0.000000,1.175206
186.111882,-215.676386,-90.300516,204.073332,-280.893268,-112.672740,0.000000,0.000000,0.000000,0.895610
33.976461,-5.718347,4.974132,16.110326,-6.314901,4.840707,0.000000,0.000000,0.000000,1.124766
-25.826548,-9.161452,-12.139153,-49.262747,-12.291775,-15.414010,0.000000,0.000000,0.000000,0.917030
-8.340643,213.638979,-197.858808,-31.977936,269.541100,-246.766631,0.000000,0.000000,0.000000,1.110419
20.371036,-83.934775,-2.648223,6.436288,-89.439502,-3.602211,0.000000,0.000000,0.000000,1.182938
21.924004,5.883858,10.590176,-2.767637,3.750889,12.849401,0.000000,0.000000,0.000000,0.870615
22457.938810,-12819.672006,1420.786985,28111.632154,-16070.750084,1779.180043,0.000000,0.000000,0.000000,1.124942
-11129.182204,-7412.472375,-7997.281979,-13936.908070,-9265.116960,-9996.848499,0.000000,0.000000,0.000000,1.097224
19.789995,14.080167,-0.682790,-0.306804,-0.167268,-0.385322,0.000000,0.000000,0.000000,0.936291
25.249175,-37.223169,-12.731639,6.072085,-39.880288,-16.771902,0.000000,0.000000,0.000000,0.816094
18.505886,-3.171188,-6.001007,5.854519,-0.227664,-7.407400,0.000000,0.000000,0.000000,1.110992
23.915849,-2.939742,9.489340,2.404730,3.789218,11.911274,0.000000,0.000000,0.000000,0.993451
15.909024,-23.042710,-8.814517,-4.660836,-16.830425,-13.275648,0.000000,0.000000,0.000000,1.003036
-223.938590,308.012827,-64.775974,-292.975270,386.687333,-80.365842,0.000000,0.000000,0.000000,1.101751
1583.627562,1478.803352,92.857117,1952.255565,1847.501854,116.651842,0.000000,0.000000,0.000000,0.997930
23.819644,-3.218846,2.856174,3.741645,-1.962261,3.016828,0.000000,0.000000,0.000000,0.882918
51.555757,-11.056810,-24.827562,38.483140,-13.209568,-33.306860,0.000000,0.000000,0.000000,1.040275
29.812421,15.982727,-0.442952,0.183023,14.083448,-0.724976,0.000000,0.000000,0.000000,0.822449
17.634795,10.596583,1.146643,-3.537288,1.671053,3.427894,0.000000,0.000000,0.000000,1.015110
49.616530,1106.313000,2162.259710,37.502009,1379.456119,2702.928568,0.000000,0.000000,0.000000,0.835719
26.943643,-5.916391,-0.392710,0.015849,0.440832,-0.376610,0.000000,0.000000,0.000000,0.874795
-2795.272429,3253.298527,-485.229698,-3518.547180,4068.257750,-606.004925,0.000000,0.000000,0.000000,0.843767
18.917124,10.128054,0.573851,0.119343,2.597425,1.010717,0.000000,0.000000,0.000000,1.158408
34.151884,15.014666,-6.139610,5.953016,8.286054,-9.538966,0.000000,0.000000,0.000000,0.820242
5239.892208,-6290.663205,-220.325974,6516.580273,-7852.088424,-274.898079,0.000000,0.000000,0.000000,1.047587
17.823690,9.522332,0.433983,5.350464,4.033695,0.236272,0.000000,0.000000,0.000000,1.193608
16.551923,-10.018168,-3.757489,-7.886441,-5.121449,-4.326421,0.000000,0.000000,0.000000,0.839774
-96.696436,-16905.439687,-17985.329975,-136.266242,-21127.091346,-22481.520471,0.000000,0.000000,0.000000,0.802157
22.438073,-11.158038,-2.046982,7.505882,3.385004,-1.929766,0.000000,0.000000,0.000000,0.810005
-506.623980,-224.266622,-38.997360,-653.803923,-286.098841,-49.484603,0.000000,0.000000,0.000000,1.156415
-1846.738498,2429.671295,7590.848481,-2351.368853,3035.352308,9488.219532,0.000000,0.000000,0.000000,1.178320
-6412799.372415,-9325664.183006,3262929.918880,-8016025.081377,-11657080.035464,4078662.863093,0.000000,0.000000,0.000000,0.849203
24.543656,-6.833936,-0.062184,0.431340,0.435544,-0.748788,0.000000,0.000000,0.000000,0.811737
600.629387,3874.321213,1190.859072,730.241410,4847.428809,1490.092721,0.000000,0.000000,0.000000,1.007577
17.015459,7.708065,-20.707828,-7.412968,5.165487,-25.430622,0.000000,0.000000,0.000000,0.907589
18.922611,-11.185471,-31.438228,2.119570,-3.421431,-39.225387,0.000000,0.000000,0.000000,1.118950
-0.022680,1.847311,-7.068773,-11.872726,2.693894,-9.414717,0.000000,0.000000,0.000000,1.058072
19.111062,-12.510588,-0.051999,-2.288536,-1.840549,-0.135600,0.000000,0.000000,0.000000,0.979610
28.837595,3.567112,-28.390270,1.996258,-0.329529,-35.209255,0.000000,0.000000,0.000000,1.015808
17.368220,11.134954,0.574470,0.170839,0.139965,0.321078,0.000000,0.000000,0.000000,1.172563
-4.242167,1.436769,20.930227,-24.030688,-10.848028,25.964359,0.000000,0.000000,0.000000,0.963067
8.261401,-0.140069,-23.098651,-14.162607,-1.580146,-29.920800,0.000000,0.000000,0.000000,0.931933
1711.611871,-222.423604,5576.820217,2183.440543,-285.203408,7186.360697,0.000000,0.000000,0.000000,0.810177
15.252271,-4.998068,-0.779624,-4.211816,-0.427675,0.530865,0.000000,0.000000,0.000000,1.048074
20.429290,-9.144191,0.187645,4.066968,3.138879,0.132471,0.000000,0.000000,0.000000,1.088974
-4138.513496,-4392.087008,-9465.636967,-5196.497807,-5492.520140,-11831.516069,0.000000,0.000000,0.000000,1.149844
22.653612,5.005136,0.029647,0.123424,-0.245304,-0.288385,0.000000,0.000000,0.000000,1.190474
18.246899,-9.729872,9.584291,-0.288274,-6.538860,9.584702,0.000000,0.000000,0.000000,0.941091
26.650568,0.003411,0.732453,0.889647,1.557476,0.488342,0.000000,0.000000,0.000000,1.111548
-1006877913.223495,-948064946.376974,630956112.060024,-1258597426.379951,-1185081188.971249,788695140.485360,0.000000,0.000000,0.000000,0.909709
469973.421256,-401964.064226,24030.995827,587438.447843,-502453.970163,30039.057681,0.000000,0.000000,0.000000,0.810550
27.371722,0.754867,0.963845,8.518395,-4.201283,0.768854,0.000000,0.000000,0.000000,1.023740
24.336741,6.992256,0.587728,3.115200,-1.403614,1.680692,0.000000,0.000000,0.000000,0.920904
32.031965,-39.003268,34.898879,17.407370,-47.027586,45.755220,0.000000,0.000000,0.000000,1.139613
11.587607,7.836690,-0.678657,-0.702471,-0.203939,-0.866839,0.000000,0.000000,0.000000,0.804975
-3450813.783694,675245.998598,2826689.132007,-4313541.624764,844056.135225,3533361.350820,0.000000,0.000000,0.000000,0.889098
19.665640,0.320661,3.096905,2.647261,-2.824061,10.164097,0.000000,0.000000,0.000000,1.009288
19.536438,-7.651054,3.317259,7.106763,-9.169077,4.514915,0.000000,0.000000,0.000000,1.077554
3823.319724,2285.061902,-2384.275852,4754.318444,2857.036878,-2979.758521,0.000000,0.000000,0.000000,0.998451
-712.632196,395.317575,-89.827940,-902.580843,487.867420,-112.263266,0.000000,0.000000,0.000000,0.870427
1833.454836,248.907334,-351.687700,2292.798888,303.361497,-443.057378,0.000000,0.000000,0.000000,0.879874
11.928697,6.370837,-2.085049,2.937118,0.014294,-4.026652,0.000000,0.000000,0.000000,1.180466
-107.643526,96.661601,247.658455,-146.329980,111.399473,308.635424,0.000000,0.000000,0.000000,1.041296
10.230494,6.324613,0.501905,-0.722610,0.185294,3.270764,0.000000,0.000000,0.000000,0.901040
-66975.260956,37743.443076,4379.752634,-83953.981719,47297.971579,5487.594946,0.000000,0.000000,0.000000,0.921799
17.830611,19.002547,-8.231852,-5.433175,17.905021,-10.478947,0.000000,0.000000,0.000000,0.931945
25.268561,15.478227,-0.994835,-0.967268,6.385454,-1.841641,0.000000,0.000000,0.000000,1.171765
25.627252,-5.827728,-1.271215,1.134808,-2.409503,-4.061225,0.000000,0.000000,0.000000,0.932916
47.508727,6.112676,13.431248,30.916925,7.017515,18.223862,0.000000,0.000000,0.000000,0.856158
11077.413149,-6808.861742,-4274.780796,13822.531069,-8511.557920,-5342.898096,0.000000,0.000000,0.000000,0.805981
19.689393,13.094349,-0.613287,-1.138604,1.284876,-0.677442,0.000000,0.000000,0.000000,1.002399
-18.403775,-836.363800,380.955671,-52.846550,-1029.979708,476.395513,0.000000,0.000000,0.000000,1.194210
-3191.863894,-6599.543862,-10686.322630,-4020.504862,-8264.220718,-13357.802110,0.000000,0.000000,0.000000,0.848603
95.090589,-57.973202,-311.344039,107.984894,-82.733133,-389.326901,0.000000,0.000000,0.000000,0.879236
65.582001,36.440335,-24.228700,64.646363,44.249400,-30.319171,0.000000,0.000000,0.000000,0.914770
-60.748001,11.674315,10.802794,-94.891274,9.601278,13.550377,0.000000,0.000000,0.000000,0.803288
31.925223,1.006590,-0.819889,-0.994258,-0.037723,-0.323960,0.000000,0.000000,0.000000,1.033023
7.935484,3.020558,-0.847660,-0.135281,-0.277520,-0.507719,0.000000,0.000000,0.000000,0.957055
33.203657,-2.185542,-0.327006,0.519178,0.290486,-0.767410,0.000000,0.000000,0.000000,0.870589
15.838463,-11.167213,-32.121324,0.814310,-10.967961,-40.262403,0.000000,0.000000,0.000000,0.856782
25.594910,-15.664187,-0.568970,-1.257029,-3.787745,-0.945079,0.000000,0.000000,0.000000,1.008505
6.553988,11.704384,-6.937392,-5.027670,0.697469,-8.713502,0.000000,0.000000,0.000000,1.051318
5907.918286,6622.184909,388.897097,7370.157269,8267.235499,486.086126,0.000000,0.000000,0.000000,0.829319
42.741582,20.872208,-1.096052,12.142947,17.891242,-0.887577,0.000000,0.000000,0.000000,1.105101
-39023.757909,-3546.716422,-85563.623743,-48791.996143,-4435.842115,-106954.529703,0.000000,0.000000,0.000000,0.803975
12.286227,-82.162576,-74.191454,-4.775317,-103.275556,-94.350116,0.000000,0.000000,0.000000,1.156677
16999.508357,-19843.808514,-18076.853754,21222.375050,-24803.457619,-22596.447230,0.000000,0.000000,0.000000,1.087580
358.641294,4106.467486,-5792.180374,425.086720,5137.148280,-7240.406766,0.000000,0.000000,0.000000,0.835413
13.102173,-581.625292,480.885679,-8.131475,-735.183548,600.630660,0.000000,0.000000,0.000000,1.076250
87.223150,-24.418520,-62.904242,77.069777,-27.402033,-78.751207,0.000000,0.000000,0.000000,0.854089
28.737904,-0.325358,-3.780767,1.094416,-2.587820,-4.480487,0.000000,0.000000,0.000000,0.978424
-1510.750034,289.768033,-5470.191186,-1968.985770,374.823910,-7049.143791,0.000000,0.000000,0.000000,0.814313
124.383643,13.283497,-90.714642,120.856622,25.305244,-114.028455,0.000000,0.000000,0.000000,1.156732
11399.314320,-113.914472,-24465.013939,14227.009417,-149.160550,-30581.088793,0.000000,0.000000,0.000000,0.967532
-80.722072,-27.205623,24.975616,-118.728971,-50.103615,31.114538,0.000000,0.000000,0.000000,0.841535
20.240707,3.660729,4.105274,3.371792,-3.580082,7.943202,0.000000,0.000000,0.000000,0.832770
15.979511,0.356442,2.981580,-4.968092,-6.203004,4.004519,0.000000,0.000000,0.000000,1.098945
21.019350,4.241191,14.538991,-3.487731,9.179820,18.515292,0.000000,0.000000,0.000000,1.004478
547.457261,-878.685549,439.651250,661.692591,-1102.361441,552.125792,0.000000,0.000000,0.000000,0.917441
546.532603,-245.051438,294.717073,649.317506,-307.610002,367.847013,0.000000,0.000000,0.000000,0.876738
31.394225,-8.907658,-0.109086,0.026075,-0.023284,-0.512866,0.000000,0.000000,0.000000,0.966446
-25290.124820,53467.047351,57873.134314,-31633.993347,66830.681622,72341.125292,0.000000,0.000000,0.000000,1.117363
4664.681951,4913.066482,10576.687707,5807.380577,6138.799187,13221.125855,0.000000,0.000000,0.000000,1.028863
-122.339793,-2378.851269,4727.875721,-177.286978,-2972.701855,5909.717280,0.000000,0.000000,0.000000,0.836461
15.581220,3.468679,-4.018794,-2.440183,-2.476037,-4.474298,0.000000,0.000000,0.000000,1.152251
122.569408,-14.969291,48.070810,136.782816,-20.775094,60.426788,0.000000,0.000000,0.000000,1.002167
5.827508,-12.267671,3.316317,-4.509610,-6.462709,4.134797,0.000000,0.000000,0.000000,0.838406
29.166114,3.133053,0.445541,2.999141,1.157497,2.410162,0.000000,0.000000,0.000000,0.945995
18.635185,12.525840,-0.519204,-0.609308,0.068189,-0.234633,0.000000,0.000000,0.000000,1.045414
12.439341,5.890314,-1.092371,-1.152444,-1.779395,-0.842093,0.000000,0.000000,0.000000,1.155078
19.037272,-6.258894,4.673546,-1.396178,8.764384,5.749674,0.000000,0.000000,0.000000,1.198135
7788.687502,6151.990761,-9032.636511,9712.051228,7694.448279,-11290.476683,0.000000,0.000000,0.000000,0.929944
7.005963,-1.712999,-0.428929,1.010151,-0.162818,-0.589772,0.000000,0.000000,0.000000,1.033498
-6637.350508,-8633.252349,23837.725556,-8317.035392,-10793.130593,29796.634031,0.000000,0.000000,0.000000,1.152693
9.076815,-8.513734,-1.077459,0.199512,-3.528148,0.646027,0.000000,0.000000,0.000000,0.809414
17.589723,15.866643,-15.871588,13.102454,25.050688,-20.502738,0.000000,0.000000,0.000000,1.195861
34.086724,1.604241,-0.374151,0.764357,0.163175,0.086908,0.000000,0.000000,0.000000,0.824312
-11189.455979,5950.778301,3980.707804,-14010.795637,7437.837455,4976.365658,0.000000,0.000000,0.000000,0.831466
11.922744,3.597524,-5.006222,3.492372,4.925142,-6.271836,0.000000,0.000000,0.000000,0.886855
-0.048662,5.326946,-23.095472,-33.201198,6.319539,-28.915029,0.000000,0.000000,0.000000,1.011782
-7.410574,-12.403313,-13.450306,-30.681728,-15.398624,-17.536407,0.000000,0.000000,0.000000,0.978179
43.481499,-24.759402,-44.280158,30.437605,-22.610987,-55.204110,0.000000,0.000000,0.000000,1.061153
10.051433,2.683921,0.005027,0.193484,-1.625068,-0.107424,0.000000,0.000000,0.000000,1.008906
27.054320,-2.682375,-11.640848,-6.378265,-10.066288,-15.323547,0.000000,0.000000,0.000000,0.980591
11.072783,-27.260787,39.828987,-9.132045,-34.903456,49.187296,0.000000,0.000000,0.000000,1.007109
23.224668,-3.332240,-6.419498,2.016597,1.413530,-8.497750,0.000000,0.000000,0.000000,0.874747
40.043217,-1.679047,-35.510476,22.882395,-13.436878,-52.004891,0.000000,0.000000,0.000000,1.009182
2.079049,9.169481,-2.393443,-17.918801,13.055491,4.015385,0.000000,0.000000,0.000000,0.871542
33.133051,5.382129,-0.871721,0.066593,0.083244,-0.529290,0.000000,0.000000,0.000000,1.014160
-6705.235965,8089.654010,289.524358,-8414.632267,10123.051484,362.417715,0.000000,0.000000,0.000000,0.812252
1376.692020,3465.212426,-667.662995,1706.807511,4321.860908,-835.428387,0.000000,0.000000,0.000000,0.986785
21.448469,-9.273437,-16.622941,-14.041795,-6.085999,-20.624709,0.000000,0.000000,0.000000,0.967353
58245.244294,-32936.734746,-3641.053970,72963.707573,-41273.546770,-4563.526125,0.000000,0.000000,0.000000,1.058365
19.089795,-13.279320,-15.432342,-1.786965,-8.696581,-20.265885,0.000000,0.000000,0.000000,0.897868
29.871574,-2.024910,3.735118,2.785402,1.788010,4.725727,0.000000,0.000000,0.000000,1.134777
13.377328,8.711294,-0.483447,0.256770,0.187806,-0.137890,0.000000,0.000000,0.000000,0.836290
55181.341145,55933.553873,10301.960585,68944.134856,69925.569455,12877.050977,0.000000,0.000000,0.000000,0.864157
182.959758,-65.318054,16.291531,186.827087,-76.796145,19.866807,0.000000,0.000000,0.000000,1.043791
21881.528641,24563.672385,-58401.166112,27322.666791,30700.836708,-73001.587159,0.000000,0.000000,0.000000,0.971444
17.913181,8.651112,-1.602330,-1.748047,0.260440,-1.458104,0.000000,0.000000,0.000000,0.803007
17.816655,-4.635675,-4.945381,-4.062550,-6.557255,-5.701418,0.000000,0.000000,0.000000,0.926664
15.029608,1.605978,11.339537,-1.522917,2.735595,14.312733,0.000000,0.000000,0.000000,1.144067
44.500200,8.427054,-14.172930,18.584901,4.457693,-18.370584,0.000000,0.000000,0.000000,0.976764
17.755967,4.302144,-8.681032,-4.330309,-2.722632,-20.344278,0.000000,0.000000,0.000000,0.889098
30.000639,-0.319418,-0.768016,0.528021,1.640026,-0.108213,0.000000,0.000000,0.000000,0.891783
-66.406796,-341.196716,465.799198,-120.676881,-436.326028,583.960821,0.000000,0.000000,0.000000,0.995825
15.949366,21.652232,-5.996910,-1.955743,8.885071,-7.946661,0.000000,0.000000,0.000000,0.819459
66.339093,706.880570,-708.394766,58.152907,886.792080,-888.210811,0.000000,0.000000,0.000000,1.121507
147811495.600882,-237749169.083997,-221830743.712171,184764347.405836,-297186476.021267,-277288429.907527,0.000000,0.000000,0.000000,0.908878
13.723397,-11.147882,-0.758829,0.324756,0.500326,-1.506441,0.000000,0.000000,0.000000,1.164952
21124.348956,-28550.779031,11421.822979,26380.814006,-35686.025725,14277.429869,0.000000,0.000000,0.000000,1.103829
20.890945,4.464258,-8.311777,3.187867,3.713893,-9.962244,0.000000,0.000000,0.000000,1.019504
36.285320,-5.355056,-12.363858,15.278245,4.314289,-19.272158,0.000000,0.000000,0.000000,0.944565
-407058.050655,167179.760543,-393948.080399,-508846.330015,208975.336889,-492435.534704,0.000000,0.000000,0.000000,0.910022
24.624930,6.917548,-0.253862,-2.343292,10.573608,-0.796864,0.000000,0.000000,0.000000,0.803507
31.266410,0.956996,-0.252753,0.053210,0.594948,-0.781382,0.000000,0.000000,0.000000,0.923965
12.172968,8.131606,8.045961,-3.649698,-1.249715,9.986344,0.000000,0.000000,0.000000,0.939871
7.229212,-6.689278,4.724843,-8.928646,0.448736,7.625647,0.000000,0.000000,0.000000,0.966995
30.017528,-0.391849,2.202683,-2.073009,-5.456375,2.484072,0.000000,0.000000,0.000000,1.096231
31.444270,10.038281,4.025402,-0.080252,4.962377,5.817810,0.000000,0.000000,0.000000,0.840062
-177267.640026,-156416.045876,111759.918939,-221598.490339,-195532.814954,139700.255373,0.000000,0.000000,0.000000,1.170553
7.949709,-0.097036,2.372889,1.394315,-3.480116,2.751860,0.000000,0.000000,0.000000,0.811813
10.174468,31.970965,-30.551044,-10.877540,45.998894,-38.137175,0.000000,0.000000,0.000000,1.145674
-29.595512,-9.466809,17.459520,-55.894159,3.057844,21.466844,0.000000,0.000000,0.000000,0.907146
36.350948,-32.260684,-125.243683,21.361258,-58.202454,-156.070846,0.000000,0.000000,0.000000,0.846820
33.090453,0.426077,-4.907013,5.513078,5.365176,-5.667298,0.000000,0.000000,0.000000,1.185405
42.748807,-156.237829,-125.576717,33.910665,-197.218369,-156.566235,0.000000,0.000000,0.000000,0.955268
11.825298,-0.614392,-0.560527,0.007883,-0.238866,-0.254658,0.000000,0.000000,0.000000,1.138260
26.705453,6.318446,2.479624,5.057715,-3.396918,2.620039,0.000000,0.000000,0.000000,0.927767
-153.544564,2.428159,97.768041,-228.530131,11.523681,123.089646,0.000000,0.000000,0.000000,1.155436
23.180244,-22.348132,-7.809850,14.411391,-12.810287,-9.511741,0.000000,0.000000,0.000000,1.161849
20.316038,-7.946089,3.034329,6.980507,-10.436065,3.898597,0.000000,0.000000,0.000000,1.006901
6045373.818041,8763595.028187,-3066340.728956,7556691.308901,10954493.836315,-3832925.396944,0.000000,0.000000,0.000000,0.902154
428.403801,1039.842054,-7149.769261,512.264643,1299.377167,-8936.952045,0.000000,0.000000,0.000000,0.984989
15.088395,2.665369,3.915137,4.705502,5.504729,5.226747,0.000000,0.000000,0.000000,0.941679
14.677432,10.942506,15.820914,-5.493933,15.829945,19.952309,0.000000,0.000000,0.000000,0.968550
10.822597,4.976055,-2.387241,0.693236,-0.797539,-2.714375,0.000000,0.000000,0.000000,0.991250
-172.102390,-35.368209,97.972359,-236.006229,-52.521705,123.623551,0.000000,0.000000,0.000000,1.098281
12.527245,-2.456931,-2.863470,0.569502,2.284226,-3.400914,0.000000,0.000000,0.000000,1.031808
-307346.419380,505915.982573,-1615110.622394,-384206.568787,632395.821995,-2018888.604444,0.000000,0.000000,0.000000,1.049797
123.775351,-127.500614,-288.158753,142.880214,-167.414753,-360.253795,0.000000,0.000000,0.000000,0.855235
34.367928,3.213649,24.611908,23.348003,-8.533093,30.787756,0.000000,0.000000,0.000000,1.094591
38.419530,1210.866130,301.765005,23.960822,1512.772737,378.129140,0.000000,0.000000,0.000000,0.857193
-11.019326,10.060704,3.104816,-19.966577,18.799272,9.526468,0.000000,0.000000,0.000000,1.120642
31.042983,29.511399,26.231450,1.790542,43.869238,33.585288,0.000000,0.000000,0.000000,0.868762
19.572491,1.159841,0.545386,-9.546735,8.285709,2.310534,0.000000,0.000000,0.000000,1.041343
4.806094,4.747500,-3.169661,-4.685099,-2.888753,-4.126561,0.000000,0.000000,0.000000,1.187912
33.777925,-9.628199,-2.214102,5.082685,1.164890,-2.620324,0.000000,0.000000,0.000000,1.141518
16.780871,-3.897005,3.100619,9.627715,4.199298,4.406971,0.000000,0.000000,0.000000,0.817906
-653.120488,-2086.143062,-969.969414,-842.807172,-2608.953095,-1212.756695,0.000000,0.000000,0.000000,0.967201
26.742408,22.120671,-9.259639,14.040576,14.282474,-11.204014,0.000000,0.000000,0.000000,1.039648
19.913375,19.363378,15.405956,-0.567248,21.948798,19.178195,0.000000,0.000000,0.000000,1.006053
10.683131,9.503304,2.872386,0.236661,0.875731,4.894424,0.000000,0.000000,0.000000,0.831222
610.467173,-736.658262,-178.057239,755.183520,-930.857871,-222.816275,0.000000,0.000000,0.000000,1.120992
12.548362,28.662383,19.325936,-3.938483,45.781766,25.003075,0.000000,0.000000,0.000000,0.928904
25.405952,3.564202,-9.352111,6.679778,1.980114,-11.427324,0.000000,0.000000,0.000000,1.028103
47.095456,1.226002,17.633593,17.662908,6.924908,21.821401,0.000000,0.000000,0.000000,0.836554
20.809182,-13.277460,-1.707108,6.160965,-6.317770,-2.286764,0.000000,0.000000,0.000000,1.102035
26.713561,8.416078,-0.451265,-5.748336,7.733294,1.026083,0.000000,0.000000,0.000000,0.811120
14.280422,-9.587602,2.795435,1.071638,-2.880564,3.545158,0.000000,0.000000,0.000000,1.158241
11.534086,-15.289137,1.638894,-2.287139,-2.994040,1.886892,0.000000,0.000000,0.000000,0.890457
5.644773,19.138920,62.803283,-14.888666,36.443099,81.990632,0.000000,0.000000,0.000000,1.188700
23.002793,-6.134032,2.780309,1.424888,-1.342055,3.396010,0.000000,0.000000,0.000000,1.041086
32.880714,-6.990008,-0.403142,-0.275504,0.586485,-0.733631,0.000000,0.000000,0.000000,0.808992
15.094881,-8.749829,-0.218110,0.556503,-0.452436,-0.492668,0.000000,0.000000,0.000000,1.094174
-304.486299,-143.774494,131.138738,-391.363616,-172.597699,163.426215,0.000000,0.000000,0.000000,1.073638
46.800322,-0.694288,-14.014765,24.123653,-9.577572,-20.835189,0.000000,0.000000,0.000000,0.827773
2891.199845,-1316.882095,-5426.206380,3588.656553,-1645.340851,-6782.256922,0.000000,0.000000,0.000000,0.889053
20.850694,-10.554791,1.920321,-1.724671,-1.227145,2.461007,0.000000,0.000000,0.000000,1.185254
115.514184,46.780200,9.410096,126.220470,41.753531,11.517800,0.000000,0.000000,0.000000,0.847754
14.689033,-11.335345,-0.298218,0.604887,0.268872,-0.116313,0.000000,0.000000,0.000000,1.102478
-130328.922031,182077.796627,-325281.222616,-162939.604518,227596.105827,-406601.370034,0.000000,0.000000,0.000000,1.151411
8.948252,-4.174752,6.010680,-14.787416,2.206994,8.681941,0.000000,0.000000,0.000000,1.066719
2.478759,59.595333,121.207877,-20.930369,56.458420,151.541670,0.000000,0.000000,0.000000,0.871816
1.365738,-5.776600,13.584575,-16.532159,-1.852318,17.391382,0.000000,0.000000,0.000000,1.064302
53.902039,23.910198,19.473238,35.425873,27.548045,27.514541,0.000000,0.000000,0.000000,1.083585
45604.518421,11665.199471,15921.378325,57559.246961,14724.915737,20102.333963,0.000000,0.000000,0.000000,1.004985
-661.977385,317.036818,-343.275322,-854.880303,409.868882,-429.939706,0.000000,0.000000,0.000000,0.805786
26.305705,-10.437246,17.446244,2.840401,3.068052,21.389471,0.000000,0.000000,0.000000,1.095958
56.512260,16417.441309,17579.186731,55.243725,20526.302980,21973.905132,0.000000,0.000000,0.000000,0.819543
18.278452,-5.381086,-3.787492,6.169120,-1.775358,-7.368543,0.000000,0.000000,0.000000,1.063840
19.846120,-6.895010,-2.322066,-1.396998,-3.364103,-2.595527,0.000000,0.000000,0.000000,0.925326
14.313283,11.987625,3.865188,1.296690,5.738910,7.465814,0.000000,0.000000,0.000000,1.185133
25.080220,-6.181464,-0.694214,0.004095,-0.239414,-0.378628,0.000000,0.000000,0.000000,0.855007
653733.266304,79800.128939,720897.273907,817143.216984,99749.765053,901121.366487,0.000000,0.000000,0.000000,1.081940
19.526034,-19.376921,9.813486,-1.688947,-16.572531,12.967165,0.000000,0.000000,0.000000,1.120414
22.150890,-6.931369,-5.435807,-1.928235,-0.672899,-7.680828,0.000000,0.000000,0.000000,1.024909
29.441981,22.400244,-12.428956,7.473211,28.708152,-15.773602,0.000000,0.000000,0.000000,1.084246
85.190930,-61.087902,159.852120,79.993795,-63.108671,199.478931,0.000000,0.000000,0.000000,1.074895
21.701257,1.919275,-6.310633,-5.893210,7.937079,-7.612758,0.000000,0.000000,0.000000,1.150690
1.561655,-48.019039,-53.780497,-28.923257,-63.660863,-67.097920,0.000000,0.000000,0.000000,0.974919
-2588.885496,-7191.634265,4428.275654,-3246.441629,-8995.157711,5535.114652,0.000000,0.000000,0.000000,1.053586
14.335189,-13.334038,1.000907,-6.153306,-5.975575,1.098615,0.000000,0.000000,0.000000,0.885200
-250960.445235,-550410.821334,266772.996191,-313716.057906,-688006.210067,333465.893110,0.000000,0.000000,0.000000,0.922503
5876.736278,-6871.114250,-6387.418352,7320.750890,-8591.213602,-7984.095687,0.000000,0.000000,0.000000,1.071649
29.356562,-56.820293,29.959701,12.929800,-64.182805,36.992151,0.000000,0.000000,0.000000,0.885610
14927.616345,35696.935751,-288.550562,18635.537096,44621.821541,-360.348217,0.000000,0.000000,0.000000,0.953759
-1513.796345,-2144.063196,1829.134200,-1913.528698,-2684.275579,2285.930397,0.000000,0.000000,0.000000,1.040246
7.905486,-1.816730,-0.119192,-0.115852,0.560764,0.637958,0.000000,0.000000,0.000000,1.144493
-1639802097634.526367,166209838360.898010,24521118619.681381,-2049752622068.274658,207762297951.801575,30651398274.797935,0.000000,0.000000,0.000000,0.977780
7.435245,5.301396,-5.543847,-3.703406,-0.270266,-8.193889,0.000000,0.000000,0.000000,0.851596
-657.662271,-233.228021,137.513327,-843.362104,-295.939012,173.758891,0.000000,0.000000,0.000000,0.800099
-184.090462,14.212963,148.192974,-254.161431,30.425693,185.486341,0.000000,0.000000,0.000000,1.119573
-19.703034,-50.324283,35.304385,-38.203796,-66.178376,45.363478,0.000000,0.000000,0.000000,1.096420
1396.744952,186.899103,1124.720787,1717.833819,232.053703,1409.637773,0.000000,0.000000,0.000000,1.083795
257.095592,-126.506812,-316.202771,289.385240,-167.136370,-394.843393,0.000000,0.000000,0.000000,0.946685
17.896393,12.140766,-0.690318,-0.003048,0.152275,-0.278250,0.000000,0.000000,0.000000,0.880569
18.812468,5.844471,1.283771,-0.503982,0.636370,1.718718,0.000000,0.000000,0.000000,0.996733
34.084560,-8.822566,6.195763,12.071350,-1.187827,10.642265,0.000000,0.000000,0.000000,1.003403
49521308.686103,-2939450.733328,-49682006.913410,61901612.826923,-3674303.303668,-62102508.231152,0.000000,0.000000,0.000000,1.189955
19.590057,3.166723,8.678181,5.769695,-3.630646,10.428898,0.000000,0.000000,0.000000,1.031382
11.229299,15.373916,-6.901779,-4.159127,21.979409,-9.535273,0.000000,0.000000,0.000000,0.970448
26.573824,8.778095,-4.189242,-3.635079,2.450263,-4.923875,0.000000,0.000000,0.000000,0.966858
22523.155862,-30150.990432,23163.275562,28130.462044,-37683.813247,28954.543620,0.000000,0.000000,0.000000,0.916667
5.963571,5.145853,7.413872,-1.282129,1.404206,9.279175,0.000000,0.000000,0.000000,0.885629
28.795158,-4.624295,-0.376534,1.377908,-1.366021,-0.707023,0.000000,0.000000,0.000000,0.955112
5.889524,11.268712,4.918270,-2.096977,4.226151,5.753771,0.000000,0.000000,0.000000,1.005957
26.227420,-3.166568,-3.814850,1.294433,1.061157,-5.148350,0.000000,0.000000,0.000000,0.885273
-19714.444991,-22174.586149,52735.681932,-24672.211000,-27721.886176,65919.234436,0.000000,0.000000,0.000000,1.075807
121.267425,-22.247292,-91.185330,135.023716,-35.829545,-115.602499,0.000000,0.000000,0.000000,1.005960
554.006581,-56.621129,94.241913,665.098421,-69.485729,117.477698,0.000000,0.000000,0.000000,1.156750
-356410.525918,149884.397193,136757.426218,-445546.440145,187361.330130,170946.653658,0.000000,0.000000,0.000000,1.095993
40.468652,-51.151619,17.544880,27.194795,-62.857605,22.138787,0.000000,0.000000,0.000000,0.913352
-30.660949,102.964023,-38.898542,-68.776803,113.497084,-48.438307,0.000000,0.000000,0.000000,0.804534
87.526860,-54.611352,-35.411876,69.926692,-65.831538,-44.256827,0.000000,0.000000,0.000000,1.025495
-15.340236,267.586469,-179.829427,-56.162546,332.618893,-226.285592,0.000000,0.000000,0.000000,1.015924
12178.453015,4863.274551,4439.144213,15198.504661,6079.975075,5549.400671,0.000000,0.000000,0.000000,0.933560
-255164596.286907,1659427544.902835,2058022238.676337,-318955777.251302,2074284432.415464,2572527798.348345,0.000000,0.000000,0.000000,1.134775
18.142506,6.937194,-1.060782,-7.764726,9.488468,-1.124884,0.000000,0.000000,0.000000,0.951143
127587.300953,-178185.934672,318344.160903,159455.597423,-222733.451038,397930.167744,0.000000,0.000000,0.000000,1.176513
22.958644,-16.386573,-34.979173,1.339263,-17.554292,-43.207222,0.000000,0.000000,0.000000,0.993908
18.348711,-4.719134,-1.233356,-2.780876,-3.755436,-1.911070,0.000000,0.000000,0.000000,0.999758
11.717035,-2.912150,-2.031785,2.351176,-0.688185,-3.102923,0.000000,0.000000,0.000000,0.883884
-5935.791737,-6660.319272,-392.790592,-7434.261970,-8335.649955,-491.009084,0.000000,0.000000,0.000000,0.822428
19.809103,8.597928,1.148481,-2.760100,-1.900818,1.865389,0.000000,0.000000,0.000000,1.046457
-62194.488204,11618.865700,1098.307154,-77769.171480,14530.187690,1372.477812,0.000000,0.000000,0.000000,1.179048
18.731478,-29.986157,17.814063,-1.006248,-27.070050,24.774673,0.000000,0.000000,0.000000,0.964761
2143.823742,-1079.925655,-516.910866,2650.817760,-1346.691983,-645.935455,0.000000,0.000000,0.000000,1.132106
1418.425850,1917.531155,6618.697763,1780.791478,2426.554581,8389.159146,0.000000,0.000000,0.000000,0.902754
-694.928900,1990.883668,221.265426,-900.970475,2487.073213,276.100095,0.000000,0.000000,0.000000,0.897586
26.265524,14.952896,9.328944,1.805302,14.204252,11.993187,0.000000,0.000000,0.000000,1.012607
36112.459479,29432.906579,-7212.045669,45114.439948,36791.661358,-9014.630930,0.000000,0.000000,0.000000,0.892705
26.740026,13.112094,-0.006932,-0.355185,0.070423,-0.463075,0.000000,0.000000,0.000000,1.048317
11.729239,-1.896027,0.856285,1.563321,0.614793,0.784959,0.000000,0.000000,0.000000,1.118778
19.644493,8.260162,-3.123498,-0.558381,5.380156,-4.675055,0.000000,0.000000,0.000000,1.016125
-698.360345,-3000.871462,-3407.557601,-899.335750,-3751.197157,-4259.645086,0.000000,0.000000,0.000000,1.104287
14.311180,-10.583225,-2.606036,0.480530,2.420344,-3.111222,0.000000,0.000000,0.000000,1.111704
-326535.973730,279317.136339,-16699.979183,-408198.120680,349147.380681,-20874.652123,0.000000,0.000000,0.000000,1.166465
1688953.957805,18492.786820,-745907.836940,2111160.824860,23115.909238,-932384.255575,0.000000,0.000000,0.000000,0.907668
16.403428,-6.904023,1.210801,-2.035536,3.204576,0.687066,0.000000,0.000000,0.000000,1.121709
-1790.254853,-1702.811972,-117.396281,-2264.817643,-2129.268662,-146.140270,0.000000,0.000000,0.000000,0.865140
835.061824,-272.723349,428.879265,1020.773686,-329.065877,537.490759,0.000000,0.000000,0.000000,0.857302
29.601050,-0.121278,-2.093376,4.388219,-0.814691,-3.172191,0.000000,0.000000,0.000000,1.029970
-282.965737,-3520.401618,3976.960261,-376.905505,-4396.240179,4970.749887,0.000000,0.000000,0.000000,1.134529
31174.764952,170890.660684,-94558.491387,38945.359955,213612.057069,-118197.873746,0.000000,0.000000,0.000000,1.051662
8093.509886,80.381482,6179.285842,10081.532112,100.140220,7724.536579,0.000000,0.000000,0.000000,1.081546
256448802.247189,-1667778870.301652,-2068379553.188404,320560970.905640,-2084723586.520700,-2585474441.396380,0.000000,0.000000,0.000000,1.129093
28.471425,-8.163516,0.932944,1.949332,4.077541,0.927287,0.000000,0.000000,0.000000,1.117173
23.038151,-8.354901,4.605801,-6.607501,-4.997956,6.367190,0.000000,0.000000,0.000000,1.004589
432492.462800,-181869.162649,-165919.425614,540582.093384,-227330.534572,-207399.333491,0.000000,0.000000,0.000000,0.903321
19.010542,40.232922,46.259260,3.212410,55.664634,57.704848,0.000000,0.000000,0.000000,0.803210
12.809776,15.089842,-4.600900,-2.014596,2.132817,-5.656759,0.000000,0.000000,0.000000,0.868585
594.949079,-5752.339963,1735.783488,719.879676,-7185.645367,2169.947296,0.000000,0.000000,0.000000,1.002621
12.342445,-7.284298,-0.602352,1.154105,-0.539957,-0.568528,0.000000,0.000000,0.000000,1.079506
24.983570,4.827588,5.561368,-6.948604,-3.712097,6.898155,0.000000,0.000000,0.000000,1.150887
18.967114,4.248366,-1.331063,-0.692357,-0.524269,-1.426073,0.000000,0.000000,0.000000,0.992110
33.885590,16.427912,15.816744,19.190646,23.941011,19.952486,0.000000,0.000000,0.000000,0.965016
1747.695284,-1302.129452,617.563054,2163.777800,-1628.481646,773.053398,0.000000,0.000000,0.000000,0.886461
-1046.048856,-2892.917841,-968.989037,-1330.633132,-3621.880801,-1212.995995,0.000000,0.000000,0.000000,1.117090
21.110413,12.418711,3.321273,-0.994171,4.333121,3.755647,0.000000,0.000000,0.000000,0.873952
20.002755,6.639148,0.893451,-1.869394,0.547275,0.647697,0.000000,0.000000,0.000000,0.876709
2.766557,1.383059,-8.350118,-18.199531,2.597174,-11.234936,0.000000,0.000000,0.000000,0.944259
9.202056,6.834113,-0.406523,0.328782,-1.041925,-0.316510,0.000000,0.000000,0.000000,1.197541
46.352771,-17.533202,28.818477,41.856869,-17.894175,35.899437,0.000000,0.000000,0.000000,0.969329
18.401450,6.034828,-4.431265,-2.819961,6.605930,1.665802,0.000000,0.000000,0.000000,0.931600
4.174993,2.316110,7.978874,-3.531530,10.066162,9.678600,0.000000,0.000000,0.000000,0.886262
40.102747,-33.238705,15.379041,27.106978,-24.318892,19.397093,0.000000,0.000000,0.000000,0.909000
101.590281,-4.293632,123.797336,102.390034,-5.964964,154.501964,0.000000,0.000000,0.000000,0.942965
25.139126,10.426520,1.044117,-1.884185,0.059506,0.764867,0.000000,0.000000,0.000000,0.819906
92.942838,-52.867923,-212.552151,91.644200,-53.432182,-265.317516,0.000000,0.000000,0.000000,1.195090
32.156877,20.998950,10.262876,9.878297,28.756485,12.875849,0.000000,0.000000,0.000000,0.979567
0.278624,-1.418829,18.293661,-29.596036,0.568692,22.747538,0.000000,0.000000,0.000000,0.919312
8.172728,-17.996752,-6.639287,-4.834142,-11.052247,-9.577574,0.000000,0.000000,0.000000,0.932492
14.415176,-9.307986,-0.342850,0.172613,-0.849015,-0.773733,0.000000,0.000000,0.000000,1.017042
-135513.363733,-240036.952967,91211.453466,-169424.027039,-300047.175447,114013.792334,0.000000,0.000000,0.000000,0.967793
26.469013,3.412966,-2.074414,3.752328,-2.978086,-2.539264,0.000000,0.000000,0.000000,1.037726
-479484.455934,-1372710.029362,328465.050387,-599392.224926,-1715889.415887,410580.717804,0.000000,0.000000,0.000000,0.897974
-147.032052,34.982067,-66.504696,-225.251029,47.787926,-84.396722,0.000000,0.000000,0.000000,0.863685
13.088072,-9.692020,-0.559003,0.101460,0.336591,-0.677399,0.000000,0.000000,0.000000,0.879242
24.949574,-10.084669,-0.770083,0.329468,0.074792,-0.466910,0.000000,0.000000,0.000000,0.879825
17.279763,-0.053912,-5.029177,0.379833,0.262316,-7.412042,0.000000,0.000000,0.000000,1.196461
7888.001320,-2518.264051,-705.438726,9833.143593,-3150.662594,-881.987001,0.000000,0.000000,0.000000,0.833566
-63592.558424,-10189.455454,-3920.642790,-80015.120771,-12815.192478,-4931.020851,0.000000,0.000000,0.000000,1.189773
11.672451,-24.149354,-9.163995,-4.195233,-25.452205,-10.269520,0.000000,0.000000,0.000000,1.121791
22.409480,0.644414,-12.168357,-5.640569,2.027766,-15.675094,0.000000,0.000000,0.000000,0.882932
12.827497,17.800837,-26.290214,-5.866538,21.705971,-34.590145,0.000000,0.000000,0.000000,0.858811
15.592791,9.784136,3.403871,-6.902808,5.955477,4.416485,0.000000,0.000000,0.000000,1.145748
-25038048679.840927,-249669006530.051849,139602511463.917358,-31297560874.158531,-312086258160.444824,174503139330.404480,0.000000,0.000000,0.000000,1.176957
-12.248469,119.638141,27.273693,-30.588351,153.600662,33.959192,0.000000,0.000000,0.000000,0.823481
22.346975,-6.143459,-1.301021,-1.411644,5.962553,-1.097664,0.000000,0.000000,0.000000,1.062576
26.199323,14.295735,-1.206854,3.465369,5.356589,-1.906902,0.000000,0.000000,0.000000,1.120249
21.639646,11.943697,0.075976,0.432695,1.508512,0.377557,0.000000,0.000000,0.000000,1.025032
-1710127.225121,-1045142.591348,346149.938055,-2137690.123912,-1306423.866979,432687.126863,0.000000,0.000000,0.000000,1.195124
20.392804,-12.895522,-24.614969,-4.877751,-13.488046,-30.348147,0.000000,0.000000,0.000000,0.999323
25.621265,2.978332,11.874592,9.999297,20.147929,15.028232,0.000000,0.000000,0.000000,0.806351
-58495.099537,-59361.961454,-10931.117117,-73151.226299,-74193.632303,-13664.260719,0.000000,0.000000,0.000000,0.814451
-59.354349,-155.200775,85.226674,-110.377557,-185.275418,106.739994,0.000000,0.000000,0.000000,1.090365
7.646124,2.764744,-16.200610,-5.108420,-1.852006,-21.166684,0.000000,0.000000,0.000000,0.846291
16.251096,8.964790,11.401090,-8.912203,6.414781,14.218255,0.000000,0.000000,0.000000,1.171386
-29214.452939,20969.416776,-1249.642581,-36640.497889,26271.298556,-1567.209729,0.000000,0.000000,0.000000,0.801445
363.149747,-28.453808,394.040194,433.843315,-31.755307,493.661335,0.000000,0.000000,0.000000,1.004728
10.596605,-0.043362,-1.307422,-7.667860,-1.021605,-1.663860,0.000000,0.000000,0.000000,0.957529
-31.785391,-1085.964284,-2157.857214,-64.244641,-1360.724746,-2696.891974,0.000000,0.000000,0.000000,0.839667
21614.452057,392198.258768,637884.440170,26993.591666,490246.929459,797355.641630,0.000000,0.000000,0.000000,0.886175
23.638776,-1.093428,-5.064114,8.360166,4.149486,-6.483762,0.000000,0.000000,0.000000,1.127776
220240.099603,194334.583237,-138838.328413,275286.021190,242905.327603,-173547.451052,0.000000,0.000000,0.000000,0.942264
10.948024,-0.909330,0.194300,1.569226,-0.120288,0.220832,0.000000,0.000000,0.000000,0.908114
4008.115117,-5671.796643,11264.310167,4989.254690,-7096.932966,14080.689223,0.000000,0.000000,0.000000,0.813906
8.144156,5.047684,-11.533987,-2.157799,2.247144,-20.682674,0.000000,0.000000,0.000000,0.824164
11.232768,-7.948754,0.342291,0.496146,-1.974209,1.005632,0.000000,0.000000,0.000000,0.872297
23.633989,5.825034,-0.314638,2.160507,0.372647,-0.668840,0.000000,0.000000,0.000000,0.836343
-326.581217,2250.066677,-3242.919408,-429.118197,2813.208353,-4053.137483,0.000000,0.000000,0.000000,0.947381
25.632287,9.330463,-1.435760,1.714380,0.808733,-1.973949,0.000000,0.000000,0.000000,0.923338
-27.078076,183.911605,197.572436,-43.197093,221.525548,246.342589,0.000000,0.000000,0.000000,0.916584
43.994111,-53.433138,20.526952,38.884218,-62.999880,27.926568,0.000000,0.000000,0.000000,0.956938
18.160878,-8.477968,-0.520058,2.395521,-1.892639,-0.524795,0.000000,0.000000,0.000000,1.156898
18.248997,9.216558,-8.239031,3.698385,0.103056,-9.828392,0.000000,0.000000,0.000000,1.004058
-3.386321,-4.446002,14.443225,-24.559615,-8.546359,17.488310,0.000000,0.000000,0.000000,1.084822
22967.254676,11080.438032,-57486.221483,28689.418303,13854.031226,-71858.149205,0.000000,0.000000,0.000000,1.070284
23.529910,5.034422,-0.084306,0.348800,-0.520414,-0.131711,0.000000,0.000000,0.000000,1.096838
33.710247,3.760471,-34.491404,25.411128,11.290355,-43.751053,0.000000,0.000000,0.000000,0.873530
13.620877,-12.317016,-4.685350,2.052581,-10.731913,-5.809010,0.000000,0.000000,0.000000,0.922016
23.962075,12.027376,-0.944348,1.057034,0.616740,-1.300627,0.000000,0.000000,0.000000,0.944205
24873.937906,54128.326001,57485.540168,31156.228006,67833.094365,72037.339669,0.000000,0.000000,0.000000,0.969357
702469.951756,3046430.327734,4521008.516398,878065.363980,3808036.847974,5651260.210081,0.000000,0.000000,0.000000,0.992513
18.229530,-23.118479,-40.082771,4.589694,-30.768216,-50.006785,0.000000,0.000000,0.000000,0.848419
-969354.735946,-84375.682580,264447.775136,-1211719.527247,-105451.046577,330559.438809,0.000000,0.000000,0.000000,0.860345
8.793112,15.602867,-15.493342,-6.065820,3.355131,-19.392840,0.000000,0.000000,0.000000,1.084198
35.719432,-15.903800,11.283587,34.225308,-7.065174,15.796808,0.000000,0.000000,0.000000,0.808275
27.891865,6.197477,-0.261298,-0.843517,-0.347535,0.138603,0.000000,0.000000,0.000000,0.931321
28.049896,-10.807110,-0.589721,-0.654507,-0.030347,-0.508018,0.000000,0.000000,0.000000,0.847679
-4.438519,-10.867480,-18.411011,-15.668753,-8.902364,-23.105268,0.000000,0.000000,0.000000,1.069603
10.065065,3.477412,1.928487,-6.045541,8.056476,0.661212,0.000000,0.000000,0.000000,0.861356
8.820590,5.547023,0.297325,-1.020329,1.385722,0.706833,0.000000,0.000000,0.000000,1.156015
17.195517,-22.064197,-7.556777,4.658422,-27.103117,-9.703532,0.000000,0.000000,0.000000,1.164483
347.665017,383.481463,-692.495060,414.294109,485.046266,-867.557418,0.000000,0.000000,0.000000,0.985132
9.548866,7.800571,-2.928776,-2.384108,-1.969428,-3.781245,0.000000,0.000000,0.000000,0.920192
28.784934,-8.163757,6.115347,-0.225936,-7.893039,5.890259,0.000000,0.000000,0.000000,1.039670
9.468773,-3.074866,-4.190745,-2.916970,-0.325926,-5.029763,0.000000,0.000000,0.000000,1.191544
-12.161906,-2.840052,-14.904313,-37.248862,12.413242,-18.448858,0.000000,0.000000,0.000000,0.931642
-790.241578,-17955.199854,-8967.782498,-1012.351270,-22442.845068,-11209.121935,0.000000,0.000000,0.000000,0.883217
14.646054,-2.637916,2.281185,0.652677,-10.422612,2.346114,0.000000,0.000000,0.000000,0.842383
636.369892,336.927863,53.936145,791.441325,423.210001,67.994519,0.000000,0.000000,0.000000,0.842656
20.800637,-0.012898,13.106899,7.208588,4.018162,18.517853,0.000000,0.000000,0.000000,0.978410
14.042430,-25.361577,14.904366,-7.196973,-27.918760,18.757791,0.000000,0.000000,0.000000,0.890721
13.644083,12.100260,-0.004167,1.824323,13.569079,-4.360050,0.000000,0.000000,0.000000,0.967262
66.706538,21.952341,22.363387,62.021679,20.783098,32.242964,0.000000,0.000000,0.000000,0.871048
14.903179,-18.910981,-12.157683,-5.422184,-20.623675,-14.903382,0.000000,0.000000,0.000000,1.182573
175.082106,246.034850,-36.435680,191.767776,307.968618,-45.995890,0.000000,0.000000,0.000000,1.100934
516.782639,-72.869846,230.663859,624.569216,-100.317124,287.777355,0.000000,0.000000,0.000000,1.140723
31.411349,-3.881947,2.065046,0.300072,2.293379,2.078484,0.000000,0.000000,0.000000,1.060528
-26348.600451,-162207.625333,84739.765674,-32958.810095,-202760.587122,105924.825625,0.000000,0.000000,0.000000,1.107152
-3199762.640095,-1881470.704955,543174.885009,-3999727.604459,-2351836.060913,678968.818731,0.000000,0.000000,0.000000,0.876661
7.815626,-4.887480,0.417238,0.284854,0.435793,0.255464,0.000000,0.000000,0.000000,1.030936
17.694713,3.623912,-0.950319,-0.769137,-0.566774,-0.432551,0.000000,0.000000,0.000000,1.121565
-2.520096,38.152233,-18.705179,-28.203975,51.357160,-22.915127,0.000000,0.000000,0.000000,1.000221
1386697163930.921631,-140555199247.509430,-20736257571.239796,1733371454888.488770,-175693999058.700500,-25920321963.852570,0.000000,0.000000,0.000000,1.156248
-279.050896,-270.401582,184.333767,-377.155736,-337.769118,230.108447,0.000000,0.000000,0.000000,1.134824
470381.402676,1346486.597965,-322189.236884,587940.029965,1683106.172542,-402737.094450,0.000000,0.000000,0.000000,0.915465
19.733723,-24.560026,-24.318819,1.935930,-13.764017,-30.074263,0.000000,0.000000,0.000000,0.857303
12.892976,-13.609952,-2.232049,-9.293154,-4.125326,-5.786775,0.000000,0.000000,0.000000,1.154023
0.662943,-16.531232,-59.426493,-12.138113,-15.279150,-73.697471,0.000000,0.000000,0.000000,1.172900
30.823663,8.909371,-0.760651,14.182008,9.061908,-0.653754,0.000000,0.000000,0.000000,0.910688
16.685543,11.990286,-0.260493,0.689681,-1.545251,-0.765863,0.000000,0.000000,0.000000,0.964605
30.863492,-3.778482,-7.474716,1.142599,-0.880462,-8.887916,0.000000,0.000000,0.000000,0.992010
16.640475,-6.916975,6.125539,7.080605,-13.701444,7.540888,0.000000,0.000000,0.000000,0.811978
103.877379,123.697723,-20.629583,109.749422,144.838142,-25.676922,0.000000,0.000000,0.000000,0.988590
14.098902,-10.196279,-0.528616,-0.275420,-0.056142,-0.152900,0.000000,0.000000,0.000000,1.141112
-1328.865819,-483.381743,658.596604,-1684.817952,-604.737704,822.811426,0.000000,0.000000,0.000000,0.830858
6.896853,-11.992273,7.423754,-10.651526,-6.998996,9.387999,0.000000,0.000000,0.000000,0.882321
31.564320,-8.114737,-0.384412,0.735023,0.874194,-0.833805,0.000000,0.000000,0.000000,1.003544
644.909688,1853.030969,877.581436,779.626178,2314.701733,1096.534022,0.000000,0.000000,0.000000,1.090557
-21970.887476,-10621.294310,55070.623560,-27483.159785,-13273.086100,68837.657624,0.000000,0.000000,0.000000,1.117236
30.966105,-4.208557,-0.271220,-0.742694,0.473457,0.121336,0.000000,0.000000,0.000000,0.921839
15.471583,-8.450929,-2.438160,0.384346,0.688824,-2.448275,0.000000,0.000000,0.000000,1.064942
2.087799,-12.536268,-1.578951,-9.948844,-7.794337,-2.489535,0.000000,0.000000,0.000000,1.190728
74963.930204,-13996.348663,-1317.030376,93678.585625,-17488.780582,-1646.689407,0.000000,0.000000,0.000000,0.978843
24.888915,-7.827360,-7.591400,2.585956,0.388061,-9.221164,0.000000,0.000000,0.000000,0.826292
-2033.930217,1040.633719,517.410218,-2571.042476,1303.843549,646.914638,0.000000,0.000000,0.000000,1.161362
-34258.394161,-11586.993714,10285.279462,-42843.656867,-14482.832398,12856.749111,0.000000,0.000000,0.000000,1.090252
0.792013,14.931727,-29.561257,-11.836097,17.178854,-36.749413,0.000000,0.000000,0.000000,1.169779
27406135249.293343,273282668821.961182,-152806114421.860565,34257669037.252628,341603336029.518066,-191007643026.785034,0.000000,0.000000,0.000000,1.075259
33.380547,-6.207937,-0.288456,-0.406520,0.022991,-0.484601,0.000000,0.000000,0.000000,0.824259
38.566769,14.549063,-13.050360,17.470438,13.001678,-17.945261,0.000000,0.000000,0.000000,0.962516
3153.144319,1020.179574,-6689.222984,3916.839171,1274.398056,-8360.950514,0.000000,0.000000,0.000000,1.199109
6.682591,-6.908090,-8.164725,-0.693614,-0.627453,-10.111970,0.000000,0.000000,0.000000,0.923813
-176.164222,338.623122,-199.810642,-234.206613,415.624207,-250.807897,0.000000,0.000000,0.000000,1.146033
7.278088,-4.765525,-6.060651,-2.809062,0.599172,-8.019369,0.000000,0.000000,0.000000,0.909728
946.169012,-217.197606,2330.589849,1155.073238,-271.252267,2913.292091,0.000000,0.000000,0.000000,0.994752
41.967660,-12.251631,1.473682,22.267901,-9.894994,1.306903,0.000000,0.000000,0.000000,1.092672
24.749596,-12.020582,-0.067244,0.635058,-0.009930,-0.615127,0.000000,0.000000,0.000000,0.917199
17.798709,9.016610,-3.632159,-5.445588,-2.353430,-5.152544,0.000000,0.000000,0.000000,0.970720
16.100563,-11.848143,2.386936,-4.037863,-7.122035,4.191159,0.000000,0.000000,0.000000,1.009326
516.190155,109.428774,-156.805420,634.388192,143.591305,-196.372290,0.000000,0.000000,0.000000,0.820667
14.022397,14.552597,-7.467144,-3.803060,18.667038,-9.125362,0.000000,0.000000,0.000000,1.157497
16.325713,7.287556,-0.393972,-2.765158,0.517451,-0.990632,0.000000,0.000000,0.000000,1.095574
-7.587593,-15.324977,38.296803,-32.644759,-18.323921,48.690247,0.000000,0.000000,0.000000,0.984745
-511.744038,93.119336,-250.584459,-660.708352,107.119379,-313.625066,0.000000,0.000000,0.000000,1.051727
-28.365529,2.049804,6.292211,-48.902021,2.056466,8.560534,0.000000,0.000000,0.000000,1.135512
29292.378056,-61845.998528,-66947.670277,36594.053978,-77310.454033,-83684.694596,0.000000,0.000000,0.000000,0.965913
22.551304,-3.544867,11.026283,-4.944051,-12.416775,16.209623,0.000000,0.000000,0.000000,0.878008
121.440059,350.496308,-163.243487,130.276079,430.321751,-203.965231,0.000000,0.000000,0.000000,0.923908
-1.641661,8.989872,-39.845338,-13.139431,11.172109,-52.439597,0.000000,0.000000,0.000000,0.969764
-18.283909,24.182109,-97.065756,-45.961061,32.370104,-122.353177,0.000000,0.000000,0.000000,0.944591
22.941101,-25.216319,-5.900675,-1.099277,-24.289430,-8.132355,0.000000,0.000000,0.000000,0.809814
16.789816,-9.629954,12.150351,-5.597360,-4.163476,20.693997,0.000000,0.000000,0.000000,1.155113
13.992971,-16.498420,8.295676,-11.743230,-6.317088,10.738082,0.000000,0.000000,0.000000,1.029983
21.089253,-6.206674,8.128041,2.841399,1.569395,10.182455,0.000000,0.000000,0.000000,0.835258
-18.754730,310.747471,63.865617,-34.280505,382.911729,80.633611,0.000000,0.000000,0.000000,1.066468
24.898697,3.262940,8.147514,12.257878,10.874445,9.694966,0.000000,0.000000,0.000000,1.169296
61838.692609,54124.455671,21969.258517,77272.351992,67652.847336,27461.291268,0.000000,0.000000,0.000000,1.119005
13.290769,5.789930,-1.209304,0.262226,-2.633158,-1.419195,0.000000,0.000000,0.000000,1.038952
22.741823,-14.157592,-0.413460,0.943858,-0.739105,-0.919745,0.000000,0.000000,0.000000,1.176150
-837.021004,24788.360572,7868.475249,-1065.324788,30972.418774,9835.710111,0.000000,0.000000,0.000000,0.902790
109.518889,-181.919181,126.633766,109.747084,-228.597346,158.685585,0.000000,0.000000,0.000000,1.051618
-3176.858095,16347.333613,7266.897941,-3993.094120,20432.828954,9083.064577,0.000000,0.000000,0.000000,0.905255
33.019972,-0.210951,-0.128391,0.729726,0.388525,-0.843529,0.000000,0.000000,0.000000,0.893379
9.724833,-4.234033,-0.616706,-0.607340,-0.064323,-0.586765,0.000000,0.000000,0.000000,1.000914
14814.960934,-3036.551809,-7454.050002,18492.142902,-3797.635463,-9317.406543,0.000000,0.000000,0.000000,0.982572
17.053613,6.007548,-2.969756,-1.897924,1.516488,-3.609544,0.000000,0.000000,0.000000,1.056024
17.388529,1.668307,-0.900167,-0.211467,-0.582703,-0.570715,0.000000,0.000000,0.000000,0.809312
2549375.930258,-654497.934924,-2479847.465181,3186695.381446,-818123.746717,-3099809.263209,0.000000,0.000000,0.000000,1.158956
16.447641,6.247801,3.036219,0.297803,7.924126,3.666270,0.000000,0.000000,0.000000,1.156830
29.463857,-4.971965,-0.166171,1.771755,0.734416,0.636681,0.000000,0.000000,0.000000,0.873434
21.515816,-17.477987,0.355903,-1.388660,-5.651864,0.206290,0.000000,0.000000,0.000000,1.153578
6.166584,-31.643044,0.783962,-8.330989,-29.208403,0.529002,0.000000,0.000000,0.000000,0.970115
23.113181,-7.750836,0.261491,0.674171,1.578673,0.445290,0.000000,0.000000,0.000000,0.894150
15.595625,9.196618,0.140305,2.689888,0.670589,-0.172572,0.000000,0.000000,0.000000,1.177652
9.324280,13.342094,27.744068,-10.833442,17.646401,34.777395,0.000000,0.000000,0.000000,1.171372
33.561443,0.739290,-0.148752,-0.191700,0.502213,-0.783615,0.000000,0.000000,0.000000,1.036042
12.248123,3.022389,-1.970724,-1.183142,-2.410479,-2.945479,0.000000,0.000000,0.000000,0.920117
7.150715,1.113293,-0.904638,-0.443986,-0.146894,-0.697929,0.000000,0.000000,0.000000,1.041553
127.662766,-10.754023,26.399454,134.575492,-11.317049,35.634587,0.000000,0.000000,0.000000,0.852513
22.526382,-5.047696,-3.233169,2.690199,-3.305920,-3.621329,0.000000,0.000000,0.000000,1.121206
19.465153,-10.549141,-6.476772,-4.879638,1.456783,-8.751442,0.000000,0.000000,0.000000,1.015589
23.196586,-11.159073,17.524543,4.078960,-5.478108,22.716470,0.000000,0.000000,0.000000,0.852184
-56586202.951477,3358788.874469,56769866.168631,-70732776.614017,4198496.199784,70962333.015020,0.000000,0.000000,0.000000,1.041386
33.480202,-3.178829,-2.754080,2.910557,3.863373,-3.391804,0.000000,0.000000,0.000000,0.842234
2270527.401506,1801317.268890,615653.207803,2838130.815317,2251634.850561,769566.544220,0.000000,0.000000,0.000000,0.891092
38.666858,12.250878,-4.320401,9.333837,5.415932,-5.521324,0.000000,0.000000,0.000000,1.156470
32.148631,-7.515729,-0.503825,0.448739,0.215631,-0.010982,0.000000,0.000000,0.000000,0.940498
-27.772609,11.711851,-47.755878,-57.281794,14.280016,-59.383136,0.000000,0.000000,0.000000,1.099871
33.898136,-1.764047,-0.569795,0.215826,0.197011,-0.275754,0.000000,0.000000,0.000000,0.935047
-291830.081965,-342076.242119,121709.055883,-364814.659373,-427606.705218,152136.718683,0.000000,0.000000,0.000000,1.082900
28.705363,13.176601,6.472655,6.021840,2.894929,13.327418,0.000000,0.000000,0.000000,1.048884
33.253836,7.294295,-3.218966,3.107275,0.870120,-5.106736,0.000000,0.000000,0.000000,1.160611
-3.841841,-43.359424,-35.148467,-24.868151,-49.032202,-46.941144,0.000000,0.000000,0.000000,0.880410
23.051550,-18.628641,6.300325,3.657248,-5.183358,8.127306,0.000000,0.000000,0.000000,1.082227
33.178749,-3.190487,-1.719694,-0.616688,-0.500608,-1.424737,0.000000,0.000000,0.000000,0.888692
-1737.576259,197.703898,3869.188787,-2197.599750,246.392863,4836.203127,0.000000,0.000000,0.000000,0.839384
18.746846,9.395430,-0.918952,-0.158979,-0.712552,-0.752362,0.000000,0.000000,0.000000,1.170744
26.695294,1.864733,-0.937846,-0.655329,0.717846,-1.053630,0.000000,0.000000,0.000000,1.082462
5495.799150,-3273.506274,7848.996928,6844.110840,-4091.380304,9810.756294,0.000000,0.000000,0.000000,1.158045
-835.615638,-307.645684,-314.169891,-1072.029196,-388.207478,-394.550400,0.000000,0.000000,0.000000,0.914463
24.835253,-5.002446,-4.835928,0.986139,-3.054119,-5.494237,0.000000,0.000000,0.000000,0.975595
-16.176597,169.515658,-353.409228,-58.217796,220.669463,-442.557932,0.000000,0.000000,0.000000,1.006657
4520.947589,-1908.280276,622.399979,5626.487316,-2383.466064,778.490870,0.000000,0.000000,0.000000,0.863205
25.108574,2.227206,-0.517270,-0.232801,1.644660,-0.044757,0.000000,0.000000,0.000000,1.032604
18.207619,-3.799024,-1.030358,-0.352347,-7.305732,-1.696930,0.000000,0.000000,0.000000,1.136900
-1227.181562,2374.998683,1541.314211,-1560.228608,2968.099292,1926.067791,0.000000,0.000000,0.000000,1.181825
105.999166,-981.260973,1387.764830,106.144383,-1226.626330,1734.123918,0.000000,0.000000,0.000000,1.109992
14.940545,-9.642311,1.248847,-0.293467,-0.462878,1.203747,0.000000,0.000000,0.000000,1.163210
27.409292,-11.262281,-0.201770,0.636960,0.078337,-0.817018,0.000000,0.000000,0.000000,0.924382
66.241600,-11.779997,29.961218,63.815463,-3.229218,40.844137,0.000000,0.000000,0.000000,0.973842
33.446491,-11.346213,9.823970,15.937746,-11.014251,12.951918,0.000000,0.000000,0.000000,1.174824
-4871.729158,1352.267826,930.314107,-6114.455941,1690.952379,1163.092331,0.000000,0.000000,0.000000,0.819035
3227.543937,8924.565190,-5489.668826,4024.000592,11149.829573,-6862.154691,0.000000,0.000000,0.000000,0.849943
-11.158992,10.044573,9.866401,-38.223931,13.078952,12.808154,0.000000,0.000000,0.000000,0.976608
36.010717,41.427738,9.319859,13.911939,53.831845,12.093157,0.000000,0.000000,0.000000,1.013698
6.714379,-0.750895,-1.492028,-12.664488,9.582088,-5.411631,0.000000,0.000000,0.000000,1.067462
24.129979,-1.317251,-3.002913,0.118056,4.668174,-4.267130,0.000000,0.000000,0.000000,1.114062
13.490782,9.772348,-1.082430,-1.394723,0.545586,-1.355641,0.000000,0.000000,0.000000,1.066148
31.826464,-9.761554,9.904158,4.977295,-10.614242,13.295763,0.000000,0.000000,0.000000,0.817497
-1947.277321,19.249580,-1502.975006,-2472.386638,22.000881,-1882.982902,0.000000,0.000000,0.000000,0.983076
5.039055,-8.862971,50.335351,-16.594377,-15.145658,59.030114,0.000000,0.000000,0.000000,1.197002
36.533738,8.882570,3.642693,9.036338,-1.314987,5.509128,0.000000,0.000000,0.000000,0.942361
31.638423,-3.348515,-0.747833,0.006120,0.125569,-0.452649,0.000000,0.000000,0.000000,1.104817
20.248508,9.974051,4.495155,-1.250417,8.815131,6.337022,0.000000,0.000000,0.000000,1.156099
14.781456,2.793985,-0.714162,-0.257562,-0.268404,-0.494876,0.000000,0.000000,0.000000,0.836249
55.222438,-6.271925,21.850054,37.425733,-17.281106,31.322613,0.000000,0.000000,0.000000,0.906427
20.923004,-0.853588,2.781279,6.343780,-0.455424,3.812858,0.000000,0.000000,0.000000,0.936325
41.315041,0.243656,6.449753,19.286512,2.602627,9.012040,0.000000,0.000000,0.000000,0.962051
7.970608,-8.414957,-5.169080,-14.396106,-7.720563,-6.189397,0.000000,0.000000,0.000000,1.075549
29.247776,9.443634,-1.766121,2.605354,0.965021,-1.993354,0.000000,0.000000,0.000000,1.034069
-38783.951506,-9502.563375,-13416.130807,-48991.592257,-12001.991270,-16939.885179,0.000000,0.000000,0.000000,1.176354
36.472915,-6.436024,-8.959842,27.715313,-2.536817,-11.465309,0.000000,0.000000,0.000000,1.024877
23.863645,6.579353,-3.840098,-3.005574,4.308016,-5.758238,0.000000,0.000000,0.000000,0.982953
24.801025,-2.200733,-4.934639,2.629762,4.411112,-5.721125,0.000000,0.000000,0.000000,1.150424
12.417359,-10.268549,-1.198169,0.898780,-0.596653,-1.282836,0.000000,0.000000,0.000000,1.126163
-8887.577098,197.164849,8121.919395,-11133.044899,250.925044,10152.500119,0.000000,0.000000,0.000000,0.844411
3154.963556,6191.843413,-2484.885112,3938.330988,7804.758892,-3125.385427,0.000000,0.000000,0.000000,1.036014
23.069502,-41.470692,14.243267,0.142174,-48.315825,19.032764,0.000000,0.000000,0.000000,1.043285
28.679926,84.839915,-195.630545,8.427753,107.167927,-244.462900,0.000000,0.000000,0.000000,0.988348
326.533911,458.872536,272.683196,380.133620,571.842087,340.591555,0.000000,0.000000,0.000000,1.014765
34.711470,2.274735,0.952816,2.829296,-2.017625,1.058517,0.000000,0.000000,0.000000,1.127865
1222.321763,-241.925978,-577.798154,1496.231144,-312.010700,-725.124642,0.000000,0.000000,0.000000,0.837587
10.217474,27.061454,0.355519,-10.633441,32.106575,0.431099,0.000000,0.000000,0.000000,1.198040
-27365.224987,-60569.689208,-63826.382358,-34306.302070,-75898.577134,-79982.426706,0.000000,0.000000,0.000000,0.872062
4.067562,1.083280,-10.145512,-14.950044,7.951947,-13.713834,0.000000,0.000000,0.000000,0.835567
28.279686,20.736757,11.068987,0.500605,9.973301,13.408620,0.000000,0.000000,0.000000,1.050494
6.434115,0.262992,-1.190405,0.532791,-2.810140,-0.967410,0.000000,0.000000,0.000000,0.896114
19.175011,-18.147980,5.889882,1.655671,-6.416475,6.924195,0.000000,0.000000,0.000000,1.006687
16.414364,-13.324456,-8.047743,0.405125,-13.416550,-10.877516,0.000000,0.000000,0.000000,1.052623
-1.993114,-5.024655,12.027990,-24.399233,-7.467420,16.625067,0.000000,0.000000,0.000000,0.972416
20.452249,-4.671653,3.422239,-0.007482,-8.221410,4.903555,0.000000,0.000000,0.000000,0.927088
4.202907,-6.261849,-5.335600,-9.318868,1.383395,-8.254084,0.000000,0.000000,0.000000,1.063849
-118583.834414,48731.162207,49849.622639,-148266.222299,60915.941532,62311.997487,0.000000,0.000000,0.000000,0.814390
28.811760,-2.890561,-2.233897,0.773202,-0.140465,-2.619300,0.000000,0.000000,0.000000,1.084872
7.632632,-3.297496,0.224917,-4.936315,-4.186497,2.834686,0.000000,0.000000,0.000000,1.102768
29.072821,9.986700,-1.071476,0.623743,-0.486515,-1.855663,0.000000,0.000000,0.000000,0.823580
33.481255,-0.909338,4.701439,2.136440,-8.053610,7.034257,0.000000,0.000000,0.000000,1.162363
449.094854,1547.016495,-225.834109,534.676350,1934.681568,-282.844418,0.000000,0.000000,0.000000,0.821384
9.359118,-9.048908,-7.749723,-6.094751,-5.140700,-11.576884,0.000000,0.000000,0.000000,0.876243
-320.129466,-511.387044,-307.015757,-427.994593,-640.681447,-383.853191,0.000000,0.000000,0.000000,0.903588
22.181526,-13.085818,0.725866,2.659002,-0.024383,0.613725,0.000000,0.000000,0.000000,0.992565
19.902844,3.430992,11.618241,-1.413969,0.913140,14.156669,0.000000,0.000000,0.000000,1.050501
-4847.936426,-4401.270625,-2957.488507,-6085.681977,-5517.687981,-3697.262737,0.000000,0.000000,0.000000,1.126806
12.943246,-27.764883,19.801545,-13.905079,-37.175492,24.779879,0.000000,0.000000,0.000000,0.896502
324454.477475,380303.025861,-135306.460257,405540.895445,475367.210400,-169132.616235,0.000000,0.000000,0.000000,0.974140
-9629.698209,720.846440,-7469.496905,-12131.871784,905.644167,-9383.659562,0.000000,0.000000,0.000000,0.913226
26468760.148846,-19906102.204655,-59833456.210160,33085919.152999,-24882629.847586,-74791820.454133,0.000000,0.000000,0.000000,0.945531
27.848629,-7.875902,-1.051251,0.615009,-0.746036,-1.161588,0.000000,0.000000,0.000000,1.186926
-9033.429743,-84.880745,-6959.213561,-11326.890577,-106.435106,-8698.394412,0.000000,0.000000,0.000000,0.962127
38.463790,-7.341622,-2.866949,17.358806,4.537816,-3.958473,0.000000,0.000000,0.000000,1.140163
14.016717,-4.625244,2.753839,-8.517963,-3.462199,1.881103,0.000000,0.000000,0.000000,1.033141
25.711422,-7.111976,-0.380299,1.453006,-0.758410,-0.327850,0.000000,0.000000,0.000000,1.136733
-649.734205,370.621019,329.906832,-834.326602,456.480595,415.217086,0.000000,0.000000,0.000000,1.114637
27.750849,1.641943,-2.441551,4.669261,5.801663,-3.586675,0.000000,0.000000,0.000000,1.038443
32.774120,-5.225118,-0.396541,0.686481,0.142335,-0.172651,0.000000,0.000000,0.000000,1.193953
28.384007,-7.509275,-2.425035,-0.616983,0.424927,-2.407530,0.000000,0.000000,0.000000,1.192625
4.613743,12.041437,-5.301530,-3.624827,5.181922,-6.315790,0.000000,0.000000,0.000000,1.026543
29.371388,11.152188,-29.589731,12.774959,15.955613,-37.438794,0.000000,0.000000,0.000000,0.977905
0.198328,-1.756376,6.812250,-13.952567,12.589610,8.480385,0.000000,0.000000,0.000000,1.157193
20.928655,10.262956,1.181096,-6.468316,2.661172,0.835772,0.000000,0.000000,0.000000,0.958091
33.257626,9.909125,15.928757,3.075588,8.124234,19.877592,0.000000,0.000000,0.000000,1.187200
18.992771,8.889696,-1.432739,4.716276,9.947418,-1.690469,0.000000,0.000000,0.000000,0.955924
28.638293,-8.869157,-1.041865,1.280674,-1.015230,-1.415879,0.000000,0.000000,0.000000,1.177776
25.911712,11.039926,0.027693,-0.714624,0.283581,0.070227,0.000000,0.000000,0.000000,0.943368
20.506881,4.255163,-5.367556,7.765238,-4.429613,-8.147999,0.000000,0.000000,0.000000,0.827079
875.813851,-25683.299501,-8201.809598,1075.709167,-32116.872454,-10252.055860,0.000000,0.000000,0.000000,0.870387
34.487072,3.912728,-1.344327,1.543129,0.745385,-2.323911,0.000000,0.000000,0.000000,0.918610
16.344842,-14.752311,-0.885813,0.499810,-0.808071,-0.823163,0.000000,0.000000,0.000000,0.903879
19.226522,1.956952,14.011306,-2.387434,-3.335782,17.187880,0.000000,0.000000,0.000000,0.895362
-1024.004165,540.539636,-720.252793,-1304.893734,677.591923,-901.111692,0.000000,0.000000,0.000000,0.889664
5.533974,-0.899863,-0.053288,0.130632,0.038210,-0.631104,0.000000,0.000000,0.000000,0.968999
13.222744,-10.547931,-0.455752,0.977313,-0.669296,-0.979317,0.000000,0.000000,0.000000,1.013257
2651.361574,-3554.448739,-10701.916610,3271.182516,-4444.702569,-13377.439328,0.000000,0.000000,0.000000,0.821278
110.327844,-244.983611,157.531547,99.633611,-309.149401,196.367065,0.000000,0.000000,0.000000,0.988740
-14.605504,-48.860991,-134.789887,-28.728734,-53.955689,-168.229462,0.000000,0.000000,0.000000,0.961047
10.454738,10.305635,-1.974583,0.781011,2.271444,-2.518859,0.000000,0.000000,0.000000,1.172275
2610961.463836,1565382.945293,-438113.833717,3263677.357316,1956730.902922,-547642.051213,0.000000,0.000000,0.000000,1.068235
29.503351,-9.597667,0.428891,2.049975,-0.079971,0.895874,0.000000,0.000000,0.000000,1.141943
29.467394,-6.497909,1.354172,8.759196,-1.086618,1.174555,0.000000,0.000000,0.000000,1.138489
62.836236,55.335102,72.443458,61.852062,77.009401,90.361509,0.000000,0.000000,0.000000,0.949375
16.335203,4.421811,-13.109648,-16.986429,12.229221,-16.542781,0.000000,0.000000,0.000000,0.845823
22.207511,-12.264118,-0.403285,1.806101,-0.029107,-0.913013,0.000000,0.000000,0.000000,0.914110
10.377022,-2.582612,6.011471,-2.101855,-1.937648,7.549305,0.000000,0.000000,0.000000,1.062392
14.533501,-13.665001,-1.273100,-1.216580,-5.865934,0.021171,0.000000,0.000000,0.000000,1.046150
15.046587,4.365476,-1.013897,2.126189,-1.876973,-1.013187,0.000000,0.000000,0.000000,1.146327
45.047420,-8.037510,26.966983,70.709271,-24.258121,21.307108,0.000000,0.000000,0.000000,0.944161
8.493929,-12.376915,-3.476644,0.516600,-6.095886,-5.200364,0.000000,0.000000,0.000000,0.928885
10.481184,1.164442,-23.068808,-10.275302,-5.327087,-29.269525,0.000000,0.000000,0.000000,1.154002
33.737566,-5.488160,-0.115846,-0.258876,0.272553,-0.691407,0.000000,0.000000,0.000000,0.901690
20.583801,-2.072989,6.303055,6.703383,-3.678518,7.495419,0.000000,0.000000,0.000000,1.061761
28.342454,6.913253,0.123645,-0.796091,-0.465281,-0.365759,0.000000,0.000000,0.000000,0.981113
230684.774849,505877.161823,-245194.335948,288340.381031,632353.579903,-306493.180471,0.000000,0.000000,0.000000,1.003691
24.944930,4.740898,32.809962,-2.839068,1.126574,40.781158,0.000000,0.000000,0.000000,0.854357
22.152823,-14.048912,-2.278073,1.972208,-1.050310,-2.597452,0.000000,0.000000,0.000000,1.171669
31.101555,38.011447,49.573657,0.484400,51.313404,62.326649,0.000000,0.000000,0.000000,0.809294
62.251498,-240.030641,408.142733,53.707179,-300.555042,511.208540,0.000000,0.000000,0.000000,1.177510
28.781483,2.998657,-0.799517,1.837534,2.928894,-2.084320,0.000000,0.000000,0.000000,0.938571
117594.841693,164040.008922,373618.117325,146969.091511,205048.557448,467022.376097,0.000000,0.000000,0.000000,0.965873
-801.845138,2212.987500,11483.907532,-1025.343581,2765.117565,14354.687982,0.000000,0.000000,0.000000,0.806254
15.465833,7.162545,4.085593,7.324541,-3.814508,7.899139,0.000000,0.000000,0.000000,1.197061
-24581421235.585690,-14995063795.517288,7904619006.326566,-30842435708.055649,-18814383685.885807,9917966132.451275,0.000000,0.000000,0.000000,0.972570
25.629753,-2.946150,-4.805273,2.967044,-1.077878,-5.814938,0.000000,0.000000,0.000000,1.066617
-1788.740672,-4564.020569,912.148568,-2254.654099,-5727.671891,1142.276834,0.000000,0.000000,0.000000,0.827217
1830.831328,637.793565,414.678959,2268.321822,779.490075,518.086734,0.000000,0.000000,0.000000,0.931572
129788.491444,226921.199719,-87088.073721,162203.178876,283650.315203,-108860.540568,0.000000,0.000000,0.000000,1.015864
24.511339,10.928198,0.732486,0.255262,2.197808,0.487708,0.000000,0.000000,0.000000,0.865683
-10.093880,155.798559,120.854818,-32.100441,192.494123,151.221717,0.000000,0.000000,0.000000,0.964410
7.017019,-24.000125,-39.308333,-11.479910,-24.848222,-49.062958,0.000000,0.000000,0.000000,0.921414
42.482092,-9.417909,9.858000,24.974909,-11.468895,12.296239,0.000000,0.000000,0.000000,1.165302
5.899787,-20.353076,15.381485,-14.176175,-14.991017,18.729513,0.000000,0.000000,0.000000,1.147375
26.420137,4.652824,-0.217605,-0.392455,0.153445,-0.618069,0.000000,0.000000,0.000000,0.905243
15.565529,9.708687,-10.298933,-10.008225,7.601857,-13.305737,0.000000,0.000000,0.000000,0.887778
29.612072,11.995701,0.675497,3.985083,5.612406,2.250649,0.000000,0.000000,0.000000,0.882672
12.572808,2.670693,2.748091,-0.878586,1.862770,2.952151,0.000000,0.000000,0.000000,0.929124
-42706.259907,-66289.530019,16719.495234,-53738.972900,-83378.122446,21030.876158,0.000000,0.000000,0.000000,0.872177
45665.456458,71197.927597,-18213.300874,57420.274380,89561.850695,-22909.690319,0.000000,0.000000,0.000000,0.809480
118.935068,17.919888,-108.659745,110.962658,17.965008,-136.108494,0.000000,0.000000,0.000000,0.852665
34.702885,-1.731278,0.783736,0.529964,1.254460,0.644502,0.000000,0.000000,0.000000,0.818536
25.502731,-9.420111,2.712435,-4.109172,1.298679,2.748751,0.000000,0.000000,0.000000,1.140288
54.296541,8.813531,-19.861731,38.909176,6.275331,-25.799277,0.000000,0.000000,0.000000,0.833555
9.763659,4.425846,3.546110,2.164420,-3.191294,4.085149,0.000000,0.000000,0.000000,1.027351
105886.622560,-44624.261782,-45867.764698,132321.623458,-55778.245817,-57334.641922,0.000000,0.000000,0.000000,0.895092
-1848232.275902,-1466082.477513,-500980.480995,-2310318.627558,-1832614.710363,-626225.525053,0.000000,0.000000,0.000000,1.094618
13.704710,-13.688402,-23.932187,-1.017076,-10.249459,-30.013298,0.000000,0.000000,0.000000,0.964641
0.869837,55.377888,-15.424206,-28.886916,70.575593,-19.896484,0.000000,0.000000,0.000000,1.088460
-2.382269,-8.592782,0.378067,-16.206280,-4.920727,1.140357,0.000000,0.000000,0.000000,0.872413
27.059837,-36.158131,27.296519,9.760004,-43.191973,33.543082,0.000000,0.000000,0.000000,0.891384
33.892222,-3.274531,-0.844066,-0.461368,1.033426,-0.932761,0.000000,0.000000,0.000000,0.814934
-81.908418,-1.894272,101.082197,-139.679229,-6.825513,125.826084,0.000000,0.000000,0.000000,0.800565
9.107259,9.242538,2.343033,-14.978083,12.485838,2.294054,0.000000,0.000000,0.000000,0.851082
31.949242,1.416675,-9.187154,5.755770,4.229196,-12.251217,0.000000,0.000000,0.000000,0.802055
72925.295534,10960.393090,4439.246670,91705.182134,13788.350095,5584.546979,0.000000,0.000000,0.000000,1.030139
23.219219,-6.529079,-1.702861,3.682166,-3.739911,-2.029064,0.000000,0.000000,0.000000,1.053327
14.155317,-8.383497,-0.495285,-0.010093,-0.225772,-0.320241,0.000000,0.000000,0.000000,0.829351
34.276650,-1.201560,-16.694185,8.384980,4.628806,-19.726317,0.000000,0.000000,0.000000,1.191348
-719.055564,3538.362025,126.525065,-917.862316,4417.351003,157.705632,0.000000,0.000000,0.000000,0.964997
3356.520974,6665.558540,10926.433162,4164.896485,8316.997072,13657.880426,0.000000,0.000000,0.000000,0.832471
13.225338,-9.063367,-1.071491,-2.248062,-11.247303,-1.667628,0.000000,0.000000,0.000000,0.859998
11.193457,8.259822,-0.138926,0.008600,-0.489395,-0.633245,0.000000,0.000000,0.000000,1.189759
31.015846,10.969015,-2.851913,4.823460,2.179772,-3.137234,0.000000,0.000000,0.000000,0.837812
26252.306696,2387.260807,57524.612794,32802.972530,2981.619233,71905.520279,0.000000,0.000000,0.000000,1.195844
23.087067,-7.409113,-14.942608,6.375452,0.366602,-19.107058,0.000000,0.000000,0.000000,0.907600
4982.376712,10120.046582,-287.967371,6202.362832,12650.273309,-360.253568,0.000000,0.000000,0.000000,1.175978
31.301334,19.090334,24.319948,1.478535,18.077629,31.310155,0.000000,0.000000,0.000000,0.918034
21.514193,-14.094831,-0.053042,0.666265,-0.858341,0.507886,0.000000,0.000000,0.000000,1.162965
-83517.759301,-73130.247783,-29683.476216,-104423.020192,-91415.363279,-37104.558675,0.000000,0.000000,0.000000,0.828171
381.794242,-3509.746947,537.939127,457.230842,-4393.484142,674.047450,0.000000,0.000000,0.000000,1.074301
20.435761,-3.386557,-11.811970,0.330905,-13.534120,-16.436533,0.000000,0.000000,0.000000,0.828123
20.232886,-10.617789,7.831751,4.654656,-7.472654,9.313344,0.000000,0.000000,0.000000,0.945933
6.964699,-12.355887,12.435007,-10.776619,-9.268179,15.407166,0.000000,0.000000,0.000000,0.871053
14.772837,-6.703372,-0.935618,-2.548252,-0.319006,-0.947154,0.000000,0.000000,0.000000,1.006606
25.663607,11.015207,-1.070436,-1.462320,1.178722,-0.911499,0.000000,0.000000,0.000000,0.891709
0.671659,-4.544378,5.555768,-10.381712,-6.160752,8.169146,0.000000,0.000000,0.000000,0.802266
-3590.591081,-2332.182748,-4551.419008,-4511.130386,-2916.310157,-5688.823761,0.000000,0.000000,0.000000,0.808057
46.106823,-8.786537,31.359757,37.077105,-14.127680,39.018396,0.000000,0.000000,0.000000,0.997179
181.127784,21.752455,-51.992423,214.215375,17.509146,-64.978826,0.000000,0.000000,0.000000,0.826401
13280.969758,2786.632119,-4149.345886,16571.709246,3488.043422,-5186.911324,0.000000,0.000000,0.000000,1.092000
28.583905,-5.767105,0.730965,-0.846658,-0.668524,0.107449,0.000000,0.000000,0.000000,1.064843
-117.934664,426.823035,-1515.325946,-181.032487,542.370342,-1893.949159,0.000000,0.000000,0.000000,0.822479
22.375662,31.966889,10.872650,-5.054802,34.365370,13.924680,0.000000,0.000000,0.000000,1.009438
26.589311,11.894274,1.041911,2.832185,2.912680,0.768925,0.000000,0.000000,0.000000,0.979089
19.082607,-5.186056,3.425404,-5.865911,-2.229428,5.587790,0.000000,0.000000,0.000000,1.066492
25.826467,2.360248,-1.744415,-4.871396,-2.594684,-2.316094,0.000000,0.000000,0.000000,0.981742
-25834370.951872,19429044.095027,58399509.459168,-32292994.663449,24286302.982308,72999386.498138,0.000000,0.000000,0.000000,0.968748
39.061055,-9.056975,-11.734068,14.057942,-11.288070,-14.495096,0.000000,0.000000,0.000000,0.983512
34780.239127,9678.157051,-7515.153842,43454.375497,12098.518545,-9393.714822,0.000000,0.000000,0.000000,1.084388
-36672.884844,-30372.367706,7407.290629,-45867.024450,-37964.752654,9259.495837,0.000000,0.000000,0.000000,0.873257
31.299921,5.478582,14.302671,3.917381,6.555820,17.746192,0.000000,0.000000,0.000000,0.816476
20.330190,11.829730,1.111647,-2.904613,0.725423,0.948481,0.000000,0.000000,0.000000,1.047589
-7.381989,-86.005774,18.651693,-36.848660,-104.437478,23.008034,0.000000,0.000000,0.000000,1.027319
23.238554,-10.798870,-1.207597,2.045424,0.117817,-1.358679,0.000000,0.000000,0.000000,1.173960
27.626189,-4.651895,2.915884,5.261829,0.892577,4.154484,0.000000,0.000000,0.000000,1.044913
24.245954,9.906926,0.048729,-1.133446,0.336348,0.949552,0.000000,0.000000,0.000000,0.914418
33.469928,6.255952,5.431349,-1.248760,8.408448,6.211059,0.000000,0.000000,0.000000,1.174704
1943.392828,262.546676,474.793860,2392.233048,330.215731,593.468174,0.000000,0.000000,0.000000,0.964197
11.040658,13.911461,18.855073,-12.978836,1.853333,23.173781,0.000000,0.000000,0.000000,0.803833
25.664284,12.520602,-12.885362,1.441935,6.302948,-18.047875,0.000000,0.000000,0.000000,0.974165
27.984288,-5.340551,10.990576,10.637457,-11.351240,15.155854,0.000000,0.000000,0.000000,1.077810
71433.524599,-64187.964722,-88576.885608,89255.462108,-80230.398331,-110721.180399,0.000000,0.000000,0.000000,1.142695
20.772677,7.224121,-1.590923,-0.488562,3.192231,-3.528264,0.000000,0.000000,0.000000,0.969278
-2627.994660,2461.261815,-1618.590914,-3309.215458,3075.615619,-2022.789825,0.000000,0.000000,0.000000,1.019335
15.263516,13.297922,-1.034745,3.516450,7.785745,-2.654693,0.000000,0.000000,0.000000,1.190436
13.081063,14.608784,-2.848969,-13.625721,2.401136,-3.867437,0.000000,0.000000,0.000000,1.094258
20.373206,-8.684873,-11.040665,-2.653671,5.453241,-13.527424,0.000000,0.000000,0.000000,0.907879
19.578362,8.072954,19.082114,5.127660,12.911813,23.605164,0.000000,0.000000,0.000000,0.928088
1.487403,-10.325184,-6.208309,-16.250190,-6.986220,-7.712609,0.000000,0.000000,0.000000,0.958425
-19386.266433,-343647.466988,-544153.432618,-24257.299976,-429560.109653,-680191.507481,0.000000,0.000000,0.000000,1.021077
16.454068,10.708048,-1.402328,-0.686541,0.211408,-2.164201,0.000000,0.000000,0.000000,0.887687
25.104902,4.312847,-2.345560,-4.252483,-0.547423,-3.717576,0.000000,0.000000,0.000000,0.970445
22.367051,5.693969,0.126649,-0.251401,-1.666450,-0.802837,0.000000,0.000000,0.000000,0.988023
158.786918,-413.047211,212.282258,170.849389,-521.161295,266.037654,0.000000,0.000000,0.000000,1.172336
23.540867,9.811476,-0.823976,0.526494,0.511533,-0.350352,0.000000,0.000000,0.000000,1.017928
13.404898,-6.747826,4.095447,0.856145,1.369500,5.517200,0.000000,0.000000,0.000000,0.873146
-10375.091102,16475.381559,-5836.472676,-12994.667849,20594.030489,-7294.989254,0.000000,0.000000,0.000000,0.818163
15.827333,3.157627,-1.886668,-5.320989,-3.801456,-2.439439,0.000000,0.000000,0.000000,1.022176
21.588930,6.959537,2.532209,-1.269588,1.959103,4.210252,0.000000,0.000000,0.000000,0.982968
29.091733,-11.789804,-1.270643,-0.301710,-1.476174,-1.667563,0.000000,0.000000,0.000000,1.031078
20.868068,-13.631304,13.935135,-4.210044,-19.393020,18.741191,0.000000,0.000000,0.000000,1.164925
11.083714,6.994130,-6.207781,-3.049846,12.022351,-7.433758,0.000000,0.000000,0.000000,0.831382
260.195108,-106.888823,239.152091,288.265195,-126.024387,300.637966,0.000000,0.000000,0.000000,1.087354
11.998414,2.642636,-0.719483,-1.055048,-2.224840,-0.113320,0.000000,0.000000,0.000000,0.989456
76016.185640,890817.427914,-865546.808154,94985.401456,1113506.051570,-1081933.358020,0.000000,0.000000,0.000000,1.103315
-14377.876538,2958.848101,7251.515268,-17998.634424,3696.559101,9064.414284,0.000000,0.000000,0.000000,1.009699
11.136640,-21.028295,-12.617523,-10.130112,-13.169285,-15.244047,0.000000,0.000000,0.000000,0.923912
12.102397,8.523187,-5.172129,-3.749934,8.216038,-8.530601,0.000000,0.000000,0.000000,1.013365
-663.929710,-1120.454439,351.672707,-856.780633,-1404.555625,440.627264,0.000000,0.000000,0.000000,1.125743
30.870302,-8.503691,-0.582796,0.037058,0.586819,-0.070888,0.000000,0.000000,0.000000,1.192228
52.817457,-75.322472,-43.346709,45.248040,-90.180409,-58.220407,0.000000,0.000000,0.000000,0.911578
-13142.843420,-2786.089906,4112.473946,-16457.768542,-3477.798125,5140.273277,0.000000,0.000000,0.000000,1.099672
11.130811,46.310148,14.077807,-10.762521,58.676476,17.804282,0.000000,0.000000,0.000000,0.818657
-50.335793,-60.901081,-23.647512,-87.557280,-75.464862,-30.608080,0.000000,0.000000,0.000000,0.883056
12.556501,-8.233404,0.378964,0.543137,0.717148,0.124242,0.000000,0.000000,0.000000,1.151102
19.004590,6.972241,-0.809393,-0.709415,0.825482,-0.470532,0.000000,0.000000,0.000000,1.003370
72.383415,515.277445,306.711615,67.243684,647.985513,382.780926,0.000000,0.000000,0.000000,1.075824
12.014564,-0.481921,0.326390,-0.292769,-1.163665,0.067756,0.000000,0.000000,0.000000,0.806125
-13288.971042,144.706816,28600.299875,-16633.222701,174.114755,35750.285689,0.000000,0.000000,0.000000,0.827612
29.420869,-4.895111,-3.831710,19.719017,-1.234576,-7.062921,0.000000,0.000000,0.000000,1.144365
18.622993,-10.021419,-1.350683,-0.267500,-0.502370,-1.088557,0.000000,0.000000,0.000000,1.032040
-798.403225,-1336.608828,-5637.604195,-1028.810567,-1697.739050,-7144.493572,0.000000,0.000000,0.000000,1.072494
1011673.258472,88024.525570,-275979.619704,1264565.253888,110049.195170,-344974.746939,0.000000,0.000000,0.000000,0.824393
20.660247,5.060186,-0.566424,0.449613,0.979149,0.154147,0.000000,0.000000,0.000000,1.118345
142.541837,158.794263,-127.333317,139.786955,195.172748,-159.514180,0.000000,0.000000,0.000000,0.880674
20.835050,5.601617,0.174326,-2.054929,2.299538,0.371218,0.000000,0.000000,0.000000,0.942182
7127.887541,9229.730487,-25479.665164,8889.438108,11535.501843,-31849.839025,0.000000,0.000000,0.000000,1.078415
-653968.767127,-2862002.073366,-4232820.065324,-817483.010637,-3577503.548430,-5291025.361820,0.000000,0.000000,0.000000,1.061641
9348.160968,-569.927577,6268.679104,11709.397607,-715.915689,7875.178955,0.000000,0.000000,0.000000,1.072066
30.590533,-1.445681,0.603074,1.134647,-3.051194,1.619107,0.000000,0.000000,0.000000,0.831722
23.202585,-14.114379,-2.853022,2.928688,0.855243,-3.051932,0.000000,0.000000,0.000000,1.021611
22.426798,-13.316338,-0.488781,2.030274,1.123007,0.257561,0.000000,0.000000,0.000000,1.028821
-17853.957418,20218.113067,18510.257454,-22344.299635,25273.766290,23137.278759,0.000000,0.000000,0.000000,1.066508
1321.391776,-58.304249,-2673.300935,1625.965844,-73.601214,-3341.592074,0.000000,0.000000,0.000000,1.195953
10.571693,-11.865893,2.560523,3.737811,-4.606517,4.830318,0.000000,0.000000,0.000000,0.841150
11.708949,-3.117901,-4.464055,0.955189,-8.295504,-5.131290,0.000000,0.000000,0.000000,0.850637
25.013816,7.329201,-2.608735,2.828513,-0.181763,-4.117871,0.000000,0.000000,0.000000,0.936637
7.018340,-8.209344,2.764027,-1.564466,-0.927140,3.523595,0.000000,0.000000,0.000000,0.906809
17.037740,-5.784386,5.508351,-1.606776,-3.828655,6.752681,0.000000,0.000000,0.000000,0.865894
33.267245,13.984983,-9.802378,16.256758,24.247175,-12.816093,0.000000,0.000000,0.000000,0.987967
4.519296,2.528025,-0.862364,-2.672350,-0.416260,-0.839805,0.000000,0.000000,0.000000,1.043584
106.272217,504.386853,181.586615,102.646117,616.348218,227.052471,0.000000,0.000000,0.000000,1.044146
-41851.771612,-18324.679810,-17729.844284,-52342.824294,-22894.029412,-22161.691955,0.000000,0.000000,0.000000,0.920562
25.449000,-8.474923,3.506624,7.289581,-3.766198,3.765295,0.000000,0.000000,0.000000,1.040714
10.433005,-7.371149,-2.937625,-0.862578,-1.603998,-3.364816,0.000000,0.000000,0.000000,0.811833
-6815.315758,2190.567132,607.846732,-8545.689652,2735.276035,759.591708,0.000000,0.000000,0.000000,0.957313
-11.159607,5.883295,61.932407,-41.409965,7.544484,77.057195,0.000000,0.000000,0.000000,1.095972
-6521.691176,7675.323544,7132.200459,-8177.116363,9591.637620,8915.245652,0.000000,0.000000,0.000000,0.959278
33.541587,2.702513,-0.346330,-0.211713,0.721331,-0.277716,0.000000,0.000000,0.000000,0.998823
30.867373,-0.623104,-1.054430,1.825397,-0.083046,-1.508809,0.000000,0.000000,0.000000,1.141906
27.625321,-6.115979,-12.090178,15.490847,1.714806,-19.106947,0.000000,0.000000,0.000000,0.806500
11.215025,11.387449,-0.454788,-0.147355,-0.147751,-0.614758,0.000000,0.000000,0.000000,0.986759
12.394317,-10.935614,-0.724961,0.427671,-0.702473,0.099000,0.000000,0.000000,0.000000,1.102423
163.227166,-415.030865,1425.500535,170.385083,-509.843084,1781.720814,0.000000,0.000000,0.000000,0.873852
21.669262,-13.521453,-1.442005,1.491630,-0.238318,-3.546734,0.000000,0.000000,0.000000,0.812619
-102.081730,-387.579717,185.892463,-149.004996,-491.906647,232.299779,0.000000,0.000000,0.000000,0.807618
-30.627980,-478.623989,-443.542638,-62.533716,-604.084172,-555.564980,0.000000,0.000000,0.000000,0.820576
13.801197,10.516648,-1.703635,-0.669584,0.188710,-2.586685,0.000000,0.000000,0.000000,1.027701
23.488459,6.822736,-2.224439,2.044526,-1.028176,-3.040876,0.000000,0.000000,0.000000,0.934740
265668.508246,-459225.632072,1436888.073083,332062.054381,-574031.134587,1796109.570356,0.000000,0.000000,0.000000,1.178723
25.417466,-11.489060,-11.094224,7.909200,-7.873952,-15.634486,0.000000,0.000000,0.000000,0.967271
5574.069602,5048.567637,3373.731238,6941.605604,6294.410411,4216.628327,0.000000,0.000000,0.000000,0.987766
-102594.946990,-1203020.370606,1168896.891018,-128278.501380,-1503791.044743,1461121.118415,0.000000,0.000000,0.000000,0.816974
808369461.631824,761151577.621560,-506561536.124519,1010461792.110585,951439465.952861,-633201919.696050,0.000000,0.000000,0.000000,1.133103
19.312631,2.496839,1.220701,-2.543460,13.485637,-4.752902,0.000000,0.000000,0.000000,1.091993
-53.152044,-513.087886,-188.358044,-96.603201,-655.111625,-235.257373,0.000000,0.000000,0.000000,0.988177
22.339970,-4.293183,1.554649,-4.402156,-0.186736,2.209714,0.000000,0.000000,0.000000,0.817647
28.816692,10.196857,-17.218823,8.669815,-2.855135,-21.182149,0.000000,0.000000,0.000000,0.806913
-955.433363,618.955192,26.093436,-1226.198566,761.940766,32.325069,0.000000,0.000000,0.000000,0.914951
354028.290962,-132287.035656,335760.284070,442511.436573,-165358.098221,419699.768587,0.000000,0.000000,0.000000,1.073302
-40.106845,37.084575,-152.602764,-76.465047,59.492396,-190.703577,0.000000,0.000000,0.000000,1.114679
-12.092937,93.831088,139.883286,-25.550932,124.167475,174.726796,0.000000,0.000000,0.000000,0.813495
0.147343,-23.141475,-8.285492,-18.817439,-36.491133,-10.046985,0.000000,0.000000,0.000000,0.993904
10.150908,-18.996156,-14.466137,-12.057967,-5.958850,-17.472065,0.000000,0.000000,0.000000,0.811627
25.484054,-12.288678,-0.304225,0.084478,0.227126,-0.368696,0.000000,0.000000,0.000000,0.971544
35.623706,8.964362,-2.516340,6.801838,3.907619,-3.751476,0.000000,0.000000,0.000000,0.828819
26.265769,0.594686,-2.062837,-1.363723,4.934733,-2.434097,0.000000,0.000000,0.000000,0.843591
-1517812.224140,-16618.533453,670344.608365,-1897296.711767,-20773.239013,837931.216789,0.000000,0.000000,0.000000,1.009980
-196.759789,-37.729316,65.221396,-273.594403,-30.675785,81.214735,0.000000,0.000000,0.000000,1.165896
16.732819,-9.279288,4.106581,-3.081374,-4.488848,5.336177,0.000000,0.000000,0.000000,1.173099
12.603411,-9.795877,-4.396988,-4.420237,-5.967076,-6.113872,0.000000,0.000000,0.000000,0.980241
22778958723.894653,13895531972.566162,-7325003550.299903,28580876662.608616,17434795445.916245,-9190719634.935432,0.000000,0.000000,0.000000,1.049528
-71054.404987,63893.141571,88178.627009,-88854.310308,79870.859078,110223.037240,0.000000,0.000000,0.000000,1.147849
-24.948415,51.931763,35.038521,-70.353991,67.050819,43.607630,0.000000,0.000000,0.000000,1.017479
-392642.170726,-85599.984211,-1411863.931877,-490827.021460,-106999.249761,-1764829.525669,0.000000,0.000000,0.000000,0.811464
18.801950,-5.790459,-7.944413,5.164719,-7.393872,-10.173046,0.000000,0.000000,0.000000,0.816721
24.887456,573.053261,-462.959607,6.596950,707.859421,-578.926355,0.000000,0.000000,0.000000,1.117804
-22368.911447,29446.075435,-22956.789080,-27984.475763,36812.326501,-28695.387138,0.000000,0.000000,0.000000,0.933819
-748815.299558,-92424.159120,-817785.975907,-936042.345184,-115530.577299,-1022232.535728,0.000000,0.000000,0.000000,0.945291
32.891589,-7.910726,-7.897672,27.600573,-2.959720,-8.987685,0.000000,0.000000,0.000000,0.802871
54.414686,-63.726458,48.976403,37.422637,-83.769278,62.058962,0.000000,0.000000,0.000000,0.804158
-2547.952232,-5555.055088,2156.945397,-3235.008434,-6970.937014,2713.285045,0.000000,0.000000,0.000000,1.159105
105.512202,64.473471,-165.001895,88.703325,78.801802,-205.908479,0.000000,0.000000,0.000000,0.947227
10.829180,-13.852609,-8.291448,-14.451156,-11.642487,-17.067486,0.000000,0.000000,0.000000,1.178009
9.871958,5.382840,-0.498205,-1.720439,0.895321,-0.295900,0.000000,0.000000,0.000000,0.804628
-56.748720,-66.096378,118.959489,-94.997630,-85.961488,148.330054,0.000000,0.000000,0.000000,1.123032
-180.823045,-87.440130,-125.418570,-253.968042,-120.736777,-156.511521,0.000000,0.000000,0.000000,1.188309
1944548.913070,1188369.623463,-393589.128791,2430654.878809,1485466.297631,-491986.672282,0.000000,0.000000,0.000000,1.051077
5.027390,-5.840971,6.223002,-12.051519,-8.094434,7.854862,0.000000,0.000000,0.000000,0.835316
23.743650,8.554391,-0.641401,-3.148965,-0.028883,-1.812234,0.000000,0.000000,0.000000,1.077266
-166.469765,111.909297,260.918530,-239.832787,130.752022,326.239861,0.000000,0.000000,0.000000,1.150362
61.207880,4.471633,-20.881837,49.695798,5.964694,-26.683932,0.000000,0.000000,0.000000,1.104765
16.929143,11.802328,29.767974,12.638704,6.580394,37.302983,0.000000,0.000000,0.000000,0.862295
33.700628,-48.478888,-22.385013,21.601150,-54.744251,-27.942963,0.000000,0.000000,0.000000,1.006393
19.225552,4.346655,-5.041814,-2.561407,1.843189,-5.283470,0.000000,0.000000,0.000000,1.078170
-25.098234,-57.315398,-58.099932,-47.841814,-63.533076,-72.508095,0.000000,0.000000,0.000000,1.188275
