x,y,z,vx,vy,vz,fx,fy,fz,mass
137604.138478,-76405.755899,-7117.469911,1966.235654,-1091.513390,-101.679743,0.000000,0.000000,0.000000,1.108544
3481156.049767,4636302.594586,-1078060.178947,49731.061858,66232.923652,-15400.855392,0.000000,0.000000,0.000000,1.126065
-10360.158603,-16836.771635,-28070.997214,-147.733465,-240.551527,-401.007287,0.000000,0.000000,0.000000,0.994733
157554915.468578,231754678.884168,-264795111.274426,2250784.876914,3310780.975498,-3782787.298181,0.000000,0.000000,0.000000,0.822397
-51630837.439141,-52532058.908158,-63743999.821125,-737583.095297,-750457.988537,-910628.565884,0.000000,0.000000,0.000000,0.898558
-10584.388862,-7883.289800,11154.883315,-150.905772,-112.427604,159.348517,0.000000,0.000000,0.000000,0.846977
-77.620953,-1.899445,-7.434447,-0.756441,-0.082353,-0.114818,0.000000,0.000000,0.000000,1.116249
72109561.601469,47238926.648641,-121828917.738152,1030136.975106,674841.788536,-1740413.111538,0.000000,0.000000,0.000000,1.187704
16638.166179,5505.632803,1830.679162,237.857018,78.621478,26.153092,0.000000,0.000000,0.000000,0.950589
44273696.894578,-3248810689.800532,5925226260.454059,632481.752521,-46411581.437894,84646089.432965,0.000000,0.000000,0.000000,0.818971
-826.807396,-476.211451,1149.129256,-11.675630,-6.798302,16.409953,0.000000,0.000000,0.000000,1.167247
5670.852247,-3184.545058,4418.242548,81.331309,-45.550376,63.209775,0.000000,0.000000,0.000000,0.972061
-4261.123291,5145.540541,-20843.236714,-60.599453,73.638548,-297.754538,0.000000,0.000000,0.000000,1.081818
9822589.022838,99566086.496224,67834795.138404,140322.978920,1422372.652360,969068.504432,0.000000,0.000000,0.000000,0.989544
15905.245687,-7892.141271,-24253.007747,227.424879,-112.780727,-346.466090,0.000000,0.000000,0.000000,1.158531
33036.667626,-36229.402099,-27272.412924,472.899980,-518.218641,-390.155440,0.000000,0.000000,0.000000,1.162612
-241.401678,10.248782,179.477686,-4.187107,0.443571,3.150354,0.000000,0.000000,0.000000,0.916922
3034.345522,-26794.528109,-14080.161136,43.734136,-382.616954,-201.147604,0.000000,0.000000,0.000000,0.931872
-3651592.309853,-25159.334298,-1604675.708330,-52165.321241,-359.428273,-22923.932570,0.000000,0.000000,0.000000,1.092022
-29.014537,53.981626,4.791099,-0.318408,0.852844,-0.027589,0.000000,0.000000,0.000000,1.076214
764.795089,-44.877327,-280.338509,11.091253,-0.599464,-4.003933,0.000000,0.000000,0.000000,0.867463
565.142556,439.169809,193.576677,8.249828,6.104620,2.762230,0.000000,0.000000,0.000000,0.990617
145640.107167,45844.323038,35715.490984,2080.791022,654.979569,510.225993,0.000000,0.000000,0.000000,0.852733
-217942194343.929382,-11997707629.551668,307674464715.863342,-3113459918.902810,-171395823.285772,4395349495.940047,0.000000,0.000000,0.000000,1.112751
1181.833237,-845.419457,-1264.900524,17.174556,-12.128642,-18.065396,0.000000,0.000000,0.000000,0.971706
-484079527.844853,-10610845812.477549,4544179361.589765,-6915421.557165,-151583511.603897,64916848.016750,0.000000,0.000000,0.000000,0.863572
-17171.360754,-8406.218568,1890.822791,-246.587025,-120.725181,27.170273,0.000000,0.000000,0.000000,0.901633
-1982.764064,1572.750031,-6752.970470,-28.202079,22.546913,-96.466106,0.000000,0.000000,0.000000,1.076310
38570.549370,20420.779307,-7343.957110,551.428544,291.576036,-104.915292,0.000000,0.000000,0.000000,1.079740
-194.332953,5.092465,27.670070,-2.346980,0.065794,0.410991,0.000000,0.000000,0.000000,1.131573
342893.860162,2499446.164963,-433553.631767,4898.774006,35706.475496,-6193.617298,0.000000,0.000000,0.000000,0.949219
1443776.245465,-905555.501843,-745179.849152,20625.574814,-12936.469149,-10645.422619,0.000000,0.000000,0.000000,1.028994
-1869543.736937,927958.265301,4750545.450781,-26707.397891,13256.587576,67864.933213,0.000000,0.000000,0.000000,0.888145
193084.430624,282399.021494,114612.344848,2758.711113,4034.345353,1637.312436,0.000000,0.000000,0.000000,1.109194
-500260.883098,120141.752662,-274555.345014,-7146.350488,1716.301771,-3922.213791,0.000000,0.000000,0.000000,0.870110
-76.280350,-2.125597,22.544311,-0.725475,-0.048176,0.289079,0.000000,0.000000,0.000000,1.027614
37.657128,1.615386,29.990887,0.852658,0.064013,0.399349,0.000000,0.000000,0.000000,0.878708
-4.302586,-68.336226,-30.329920,0.101815,-0.808765,-0.429982,0.000000,0.000000,0.000000,0.932374
1502.979306,-668.369793,-6388.861559,21.766791,-9.692793,-91.264905,0.000000,0.000000,0.000000,0.950720
710903.000568,57398.704214,228011.813181,10155.965783,819.974565,3257.313026,0.000000,0.000000,0.000000,0.987029
-1228.605147,-718.713789,496.831911,-17.142467,-10.092803,7.097353,0.000000,0.000000,0.000000,0.961445
-10936.381943,-4463.166088,-53527.689345,-155.963718,-63.765441,-764.683092,0.000000,0.000000,0.000000,0.803227
375747360.049205,-402708657.723029,-82456187.243837,5367819.722344,-5752980.828787,-1177945.530972,0.000000,0.000000,0.000000,0.945113
96.102307,99.919245,-291.429459,1.727228,1.490264,-4.157106,0.000000,0.000000,0.000000,0.965340
-6066.554764,-1201.062227,7199.585934,-86.401365,-17.272856,102.847232,0.000000,0.000000,0.000000,1.008691
20707808.802322,127042138.529426,124437983.134641,295826.146385,1814887.693988,1777685.474663,0.000000,0.000000,0.000000,1.081289
-398812.779773,901681.501239,-193559.009161,-5697.147409,12881.219665,-2765.126309,0.000000,0.000000,0.000000,1.057274
-23651.359916,-71489.000456,149700.844712,-337.640090,-1021.256130,2138.577713,0.000000,0.000000,0.000000,1.011438
2286.340767,3501.078279,3904.857123,33.614571,51.071116,56.683624,0.000000,0.000000,0.000000,0.948328
-57177.479896,234005.553118,-12998.228659,-816.637078,3342.878719,-185.692683,0.000000,0.000000,0.000000,0.807111
81062.503636,675330.401065,241680.533263,1158.123780,9647.532531,3452.580396,0.000000,0.000000,0.000000,0.979161
-118411.630638,-62248.787708,75232.520323,-1691.334683,-889.144955,1074.744913,0.000000,0.000000,0.000000,0.944154
916.225097,1035.805339,-1918.110279,13.536066,14.717879,-27.396034,0.000000,0.000000,0.000000,1.147512
20221.499641,-94422.115596,272336.255503,289.136284,-1348.782033,3890.519424,0.000000,0.000000,0.000000,0.814239
419591.334062,433092.727738,-1034012.566477,5994.425755,6186.998158,-14771.602419,0.000000,0.000000,0.000000,1.163616
278.113907,-310.827878,240.393958,4.640578,-4.559407,3.568737,0.000000,0.000000,0.000000,0.831347
919.059899,-555.234374,-1348.089181,13.391140,-8.081629,-19.258404,0.000000,0.000000,0.000000,1.001711
-1296.694766,5837.492154,-8475.803585,-18.234045,83.581536,-121.078924,0.000000,0.000000,0.000000,0.914952
-424.931954,-609.617793,-719.823336,-6.046243,-8.804123,-10.392020,0.000000,0.000000,0.000000,0.946323
32860994.184152,-31518966.629660,-1116459.702748,469443.143340,-450270.915386,-15949.417643,0.000000,0.000000,0.000000,0.867750
1065.415026,-279.379031,-449.753415,15.658951,-4.062512,-6.424082,0.000000,0.000000,0.000000,1.115972
-1934.640178,18485.143337,27631.474349,-27.426065,266.221077,398.146066,0.000000,0.000000,0.000000,0.837142
-30.817845,45.001587,72.844480,-0.277337,0.609727,1.152226,0.000000,0.000000,0.000000,1.199553
1323.235137,2896.405534,1295.594058,19.365093,41.401485,18.503513,0.000000,0.000000,0.000000,1.074319
-5885.391111,28539.874453,-1214.819883,-83.809104,407.708590,-17.348634,0.000000,0.000000,0.000000,1.126542
-3425761.407786,-383508.785755,-4642375.285791,-48939.295390,-5478.617981,-66319.640328,0.000000,0.000000,0.000000,1.012272
-53.389313,21.177565,-179.262940,-0.378425,0.197997,-2.559061,0.000000,0.000000,0.000000,1.144267
-264.097436,-399.013008,-126.712018,-3.290129,-5.763765,-1.810054,0.000000,0.000000,0.000000,1.073443
102.577801,267.396794,-14.647608,1.642964,3.866889,-0.195474,0.000000,0.000000,0.000000,0.995503
-355.471931,-402.064754,-43.245570,-4.764090,-5.652500,-0.615596,0.000000,0.000000,0.000000,1.112735
523.264437,755.890575,-664.838010,7.936872,11.267020,-9.651138,0.000000,0.000000,0.000000,0.843669
-3986.051442,2001.047167,-8436.814853,-56.667738,28.585724,-120.525240,0.000000,0.000000,0.000000,1.195338
-140417845.638870,-3237596760.326702,2011237143.191909,-2005968.892210,-46251382.232316,28731959.193262,0.000000,0.000000,0.000000,0.886178
17017043.396911,80954548.274418,121552874.034739,243100.751915,1156493.673974,1736469.628640,0.000000,0.000000,0.000000,1.164964
1309.833938,-3045.460155,-1377.674271,18.892823,-43.663283,-19.678900,0.000000,0.000000,0.000000,1.142623
238.473751,-431.298042,427.883376,3.671353,-6.093538,6.119755,0.000000,0.000000,0.000000,0.942950
-24715.364366,143525.458530,87529.372520,-352.756651,2050.403673,1250.422698,0.000000,0.000000,0.000000,0.804799
-1331839.447906,2688069.278206,2013300.291865,-19053.260549,38455.768382,28802.582341,0.000000,0.000000,0.000000,0.954997
-165.694446,-310.943212,114.841733,-1.965162,-4.450259,1.639855,0.000000,0.000000,0.000000,1.103109
122349580.608647,81156030.939186,20502790.718488,1747851.507045,1159371.780740,292897.012573,0.000000,0.000000,0.000000,1.142902
1484415.962504,-707920.695912,-4029335.688901,21206.310416,-10113.111035,-57561.935929,0.000000,0.000000,0.000000,1.041734
-52221.389208,-176967.486811,98268.456178,-745.526643,-2528.143817,1403.828987,0.000000,0.000000,0.000000,0.938065
-688.345247,-923.439042,-1086.976991,-9.454890,-13.286921,-15.526711,0.000000,0.000000,0.000000,0.988095
-1648.520110,-3269.279055,-2302.926130,-23.201225,-46.699877,-32.893868,0.000000,0.000000,0.000000,0.905486
34944.829467,56029.955808,-34326.973068,499.561127,800.388289,-490.387289,0.000000,0.000000,0.000000,0.878215
-1165.726759,-4991.684936,3789.873523,-16.300262,-71.334046,54.140166,0.000000,0.000000,0.000000,1.181118
991.635952,638.175861,-1316.301233,14.297121,9.118508,-18.803651,0.000000,0.000000,0.000000,0.959298
-47.391796,51.158091,80.994796,-0.396684,0.540404,1.169697,0.000000,0.000000,0.000000,1.194278
407.088880,174.273894,-1517.013721,6.001553,2.607422,-21.665589,0.000000,0.000000,0.000000,0.892655
-3048984.125264,-143344.223383,464241.391697,-43556.585304,-2047.796601,6632.016260,0.000000,0.000000,0.000000,0.983172
-198.258725,543.444572,452.538630,-2.484226,7.789246,6.466301,0.000000,0.000000,0.000000,1.050169
-2481986.239425,4441442.693387,-3944481.415864,-35456.651293,63449.170802,-56349.731710,0.000000,0.000000,0.000000,0.871078
-755.964672,-1963.999388,589.903242,-10.515283,-28.098267,8.429448,0.000000,0.000000,0.000000,0.837749
142763516971.745239,-77908819713.574997,-331853749709.713013,2039478814.131351,-1112983138.676758,-4740767852.993640,0.000000,0.000000,0.000000,0.951689
1073.564050,-133.843815,-2465.736121,15.568316,-1.774091,-35.218066,0.000000,0.000000,0.000000,0.950231
-159858.419340,-105710.269272,302636.001346,-2283.443420,-1510.126043,4323.372162,0.000000,0.000000,0.000000,0.871993
-197521.693118,-33234.055301,61664.171518,-2821.376555,-474.970053,880.910695,0.000000,0.000000,0.000000,0.852751
427609.250731,104019.760168,-260346.177606,6108.967796,1485.998117,-3719.224786,0.000000,0.000000,0.000000,1.147153
-13.352290,-2.133256,36.252311,0.079557,-0.250351,0.560632,0.000000,0.000000,0.000000,0.993805
-51.983997,-24.523093,23.321928,-0.274682,-0.285161,0.331429,0.000000,0.000000,0.000000,1.106077
8048.457441,778.436786,-502.647909,119.097617,11.335726,-7.436648,0.000000,0.000000,0.000000,0.946183
19075.673441,-127420.573461,2188.749262,272.786226,-1820.296973,31.261527,0.000000,0.000000,0.000000,1.179822
-129635589165.528152,209672662262.284668,-251865788167.439880,-1851936987.889224,2995323746.624389,-3598082688.101539,0.000000,0.000000,0.000000,1.194290
-6.501516,-27.931722,38.498981,0.231003,-0.304886,0.531048,0.000000,0.000000,0.000000,1.180160
-327071.218558,-60611.328188,-120023.021121,-4699.049879,-870.785349,-1724.468454,0.000000,0.000000,0.000000,0.975946
20.281384,1.702287,70.011169,0.886737,0.020621,1.120553,0.000000,0.000000,0.000000,0.824101
-3967.473135,4733.209917,5488.829170,-56.360033,67.578177,78.412369,0.000000,0.000000,0.000000,1.160362
454247571.200542,16078404.351757,-326677372.171494,6489251.347425,229691.322980,-4666819.601165,0.000000,0.000000,0.000000,1.024294
-21749.071808,682055.885510,60794.244137,-310.388585,9743.580282,868.483205,0.000000,0.000000,0.000000,0.874086
34537346.027144,49017296.117054,-3631894.614079,493390.946190,700247.077676,-51884.209797,0.000000,0.000000,0.000000,1.076029
189756.699217,311988.976033,1179652.576266,2711.114974,4457.081863,16852.179899,0.000000,0.000000,0.000000,0.973946
13797.740031,41511.891911,-30492.924832,197.317438,592.898513,-435.606671,0.000000,0.000000,0.000000,1.064150
-1234160.067101,-9894176.161792,4473399.910329,-17630.510653,-141345.402953,63905.717298,0.000000,0.000000,0.000000,0.923941
-19881.806337,-102824.408485,-104659.256623,-284.011270,-1470.987469,-1497.269721,0.000000,0.000000,0.000000,1.122373
541.182955,5899.429017,-574.193066,8.017556,84.589131,-8.248791,0.000000,0.000000,0.000000,1.071131
-283384.459775,-371019.132529,675354.583465,-4048.000420,-5300.275497,9647.921273,0.000000,0.000000,0.000000,1.071878
277725.212797,51594.322689,101820.483196,3990.548627,741.363803,1462.936240,0.000000,0.000000,0.000000,1.150206
20.219714,4.934938,62.606622,0.535497,0.218985,0.915757,0.000000,0.000000,0.000000,0.941464
3528102.214366,1266069.369005,-550203.059461,50401.849964,18086.802890,-7860.037978,0.000000,0.000000,0.000000,0.941387
2528342.330624,8554196.716755,2795989.085264,36119.562368,122202.871422,39942.705613,0.000000,0.000000,0.000000,0.967605
2042699.383972,700620.607230,-3030819.001200,29181.700056,10008.851462,-43297.407834,0.000000,0.000000,0.000000,1.026309
9309.794177,-2193.741454,14.922793,133.370730,-31.439203,0.208208,0.000000,0.000000,0.000000,0.882430
-3229.405964,12532.767593,-5088.517767,-49.320928,192.643255,-78.321501,0.000000,0.000000,0.000000,0.993582
2001.528708,1806.197138,251.322244,28.769018,25.897063,3.653292,0.000000,0.000000,0.000000,1.078578
247236.743511,-89688.239716,114311.633558,3532.356150,-1281.136570,1633.017691,0.000000,0.000000,0.000000,1.011073
50363535730760.968750,117776979860502.265625,109130776455736.656250,719479081868.184570,1682528283721.425293,1559011092224.796631,0.000000,0.000000,0.000000,0.860433
-11.290556,-59.600378,101.564278,0.142371,-0.966534,1.510180,0.000000,0.000000,0.000000,0.817714
20969088.168545,753774288.257237,206108348.756741,299558.489299,10768204.092140,2944404.985217,0.000000,0.000000,0.000000,0.821193
2074.360958,-3642.766024,1263.276881,29.754357,-52.119700,18.048039,0.000000,0.000000,0.000000,1.096169
502.224557,-17.271490,642.995900,7.347078,-0.169637,9.283820,0.000000,0.000000,0.000000,0.984807
-861.635705,-335.641250,-674.068192,-11.936863,-4.623714,-9.623260,0.000000,0.000000,0.000000,1.022588
469.750917,535.514524,639.170970,6.857396,7.716529,9.212867,0.000000,0.000000,0.000000,1.196130
75849196.109776,49954149.969169,51450064.500883,1083560.233320,713630.724824,735000.916615,0.000000,0.000000,0.000000,0.879180
-2880192.622738,-10206001.562563,-36677836.877502,-41145.277245,-145800.205893,-523969.098583,0.000000,0.000000,0.000000,1.108554
1723.387079,5440.577933,1300.651535,24.985621,77.558772,18.578646,0.000000,0.000000,0.000000,1.056726
409033.981954,-69577.049054,16938.552916,5843.731946,-994.052904,241.978377,0.000000,0.000000,0.000000,0.886343
-689032.550577,164236.541790,-98458.452522,-9843.110539,2346.112104,-1406.546050,0.000000,0.000000,0.000000,1.186292
-99980.409211,-19051.937822,-72486.709543,-1428.065575,-272.077543,-1035.521252,0.000000,0.000000,0.000000,1.016252
182769.005579,26737.650330,-423577.617208,2611.252523,381.936704,-6051.107578,0.000000,0.000000,0.000000,1.054678
-175625886.441059,182476183.488694,111180761.630378,-2508940.949341,2606802.665621,1588296.589887,0.000000,0.000000,0.000000,1.098557
-1826886649.555919,267934611.764982,975986622.109722,-26098380.436503,3827637.311583,13942666.023754,0.000000,0.000000,0.000000,1.112295
318720.191383,-506373.269939,-139433.841662,4553.470729,-7233.884419,-1991.910945,0.000000,0.000000,0.000000,1.155625
160530.552731,763318.400664,-57691.528070,2293.587511,10904.580678,-824.159268,0.000000,0.000000,0.000000,0.995605
-12.611397,-2.591692,26.919633,-0.041012,-0.208276,0.369102,0.000000,0.000000,0.000000,0.925170
-2781.960329,320.313181,-4645.737956,-39.539075,4.481413,-66.365283,0.000000,0.000000,0.000000,0.822204
170.295843,-2838.567131,-848.580672,2.759109,-40.429654,-12.118395,0.000000,0.000000,0.000000,1.073643
347114.219983,429451.050820,-86138.408024,4959.001693,6134.960145,-1230.552129,0.000000,0.000000,0.000000,0.872427
-480103.516274,-91301.550656,62004.722289,-6858.352159,-1304.305056,885.787867,0.000000,0.000000,0.000000,1.061290
-12409.890163,-18391.620003,-3448.877886,-177.594189,-263.337697,-49.409376,0.000000,0.000000,0.000000,1.176053
-32904603.280886,25085611.889846,76568409.697447,-472088.684571,359908.258277,1098542.473537,0.000000,0.000000,0.000000,1.129608
-24843.154747,28793.296516,58897.660911,-354.544983,411.293596,841.394491,0.000000,0.000000,0.000000,1.112493
-2125.943054,-1918.964937,753.756308,-30.030576,-27.293584,10.760864,0.000000,0.000000,0.000000,1.071082
-293.160684,-287.596816,86.531355,-3.813882,-3.965018,1.229530,0.000000,0.000000,0.000000,1.075690
162.275161,-1001.815840,929.996170,2.477111,-14.278827,13.278926,0.000000,0.000000,0.000000,1.097371
-467.555707,-564.869260,112.253425,-6.567725,-8.223986,1.606175,0.000000,0.000000,0.000000,1.191502
-4950924166.013988,-866289028.774928,-1005419584.675487,-70727487.798083,-12375557.534721,-14363136.924605,0.000000,0.000000,0.000000,0.803348
44121.886111,149677.549321,-83080.080860,630.804343,2138.208695,-1186.861541,0.000000,0.000000,0.000000,1.108765
-53263.768304,-359612.708970,-274054.533988,-764.943580,-5166.735194,-3937.568151,0.000000,0.000000,0.000000,0.960094
-20.718327,326.194340,1429.038698,-0.103856,4.598794,20.410486,0.000000,0.000000,0.000000,1.083925
-2735334.792960,-13959722.107650,522768.659295,-39075.998669,-199424.702127,7468.121756,0.000000,0.000000,0.000000,1.098847
-99.637945,19.016858,32.161009,-1.254864,0.196659,0.447894,0.000000,0.000000,0.000000,1.059239
283.864866,106.548014,-346.650489,4.302470,1.503776,-4.945202,0.000000,0.000000,0.000000,0.969303
2052533.329946,-16470727.953648,-27603982.404551,29322.216166,-235295.952602,-394342.606057,0.000000,0.000000,0.000000,1.140464
5.151854,39.506199,15.427190,0.210356,0.744530,0.205859,0.000000,0.000000,0.000000,1.136952
-8365.738481,13450.015802,901.164033,-119.109602,192.265800,12.879541,0.000000,0.000000,0.000000,1.129021
-1032.955947,439.279971,20.805431,-14.300931,6.192266,0.303125,0.000000,0.000000,0.000000,1.174275
-97566.265983,316300.697194,74090.690118,-1393.629109,4518.593420,1058.437765,0.000000,0.000000,0.000000,0.892747
7197826.974672,-4204818.059898,39673784.242422,102826.405927,-60069.032679,566768.343572,0.000000,0.000000,0.000000,0.991313
1564687.501689,1614896.530113,1156329.776356,22352.970431,23070.075019,16518.993978,0.000000,0.000000,0.000000,1.040638
37.106220,156.492520,-158.052979,0.714886,2.222138,-2.258345,0.000000,0.000000,0.000000,1.107347
-18903751.685626,15667100.576966,14323497.911741,-270053.281423,223815.881319,204621.396491,0.000000,0.000000,0.000000,1.160856
-25.080349,-2.217488,49.615644,-0.115805,0.173466,0.727232,0.000000,0.000000,0.000000,1.006083
-20.330693,8.019307,49.436332,0.180930,-0.087908,0.567624,0.000000,0.000000,0.000000,0.950264
247158.261358,48488.746611,134558.821885,3531.037951,692.669797,1922.270583,0.000000,0.000000,0.000000,1.002828
-54.468586,-12.065172,22.169899,-0.400789,-0.312184,0.328021,0.000000,0.000000,0.000000,1.126099
-299.827724,219.106241,-448.204664,-4.113423,3.284825,-6.399934,0.000000,0.000000,0.000000,1.083911
1485246155.065756,-1148479889.173378,29312817.258804,21217802.596305,-16406855.661882,418754.526889,0.000000,0.000000,0.000000,0.960880
-20530828.866515,4067502.492077,5475656.595438,-293297.244494,58107.149372,78223.661030,0.000000,0.000000,0.000000,0.808571
-69.697375,-47.153118,34.217323,-0.636358,-0.723384,0.486836,0.000000,0.000000,0.000000,1.187454
-4784.356887,4729.905839,8030.327401,-68.206665,67.518550,114.715403,0.000000,0.000000,0.000000,0.916252
458619.933928,251898.595584,-317602.952465,6551.897381,3598.472787,-4537.182310,0.000000,0.000000,0.000000,0.840400
104913792.234045,-94822986.832396,30471455.296188,1498768.756400,-1354614.089414,435306.508575,0.000000,0.000000,0.000000,0.907398
25.016272,6.992012,-26.772267,0.539983,0.115424,-0.623985,0.000000,0.000000,0.000000,0.809587
-36.939672,9.714682,31.523688,-0.137409,0.320283,0.556485,0.000000,0.000000,0.000000,0.847782
-85.357599,40.093573,20.242147,-1.007277,0.550279,0.280887,0.000000,0.000000,0.000000,1.180275
-140027715.125007,-92882135.798244,-23465120.008975,-2000395.572005,-1326887.742184,-335215.997341,0.000000,0.000000,0.000000,0.998614
1051.934585,6555.119036,-26.052542,15.398471,93.670589,-0.365259,0.000000,0.000000,0.000000,0.928766
2183293174.158217,-370085193.262014,805379418.469276,31189902.766986,-5286931.312530,11505420.264763,0.000000,0.000000,0.000000,0.866197
-1637296953.698160,1266051148.239349,-32311798.456254,-23389956.098073,18086444.870846,-461597.126138,0.000000,0.000000,0.000000,0.871651
-105.261356,20.703408,61.311904,-1.139606,0.139039,0.888899,0.000000,0.000000,0.000000,1.123621
489052.251505,569457.933973,-1572704.073744,6986.752303,8135.099449,-22467.195168,0.000000,0.000000,0.000000,0.863915
22118.126058,320710.634810,117552.320198,316.303805,4581.552874,1679.313680,0.000000,0.000000,0.000000,0.955058
-26749.323315,-59874.167247,41330.770693,-381.781342,-855.379760,590.434220,0.000000,0.000000,0.000000,0.834440
22.247805,6.270674,56.532031,0.768688,0.268591,0.797297,0.000000,0.000000,0.000000,1.015190
-1445.647323,-1742.425898,1021.959802,-20.463725,-24.772888,14.596767,0.000000,0.000000,0.000000,1.190213
478.668577,-255.088373,252.882192,7.683280,-3.830074,3.742603,0.000000,0.000000,0.000000,1.010340
172.294554,-598.471281,170.671564,2.842199,-8.509411,2.432697,0.000000,0.000000,0.000000,0.812301
-331493.446856,-223013.204811,-148656.559126,-4735.356085,-3185.900369,-2123.666447,0.000000,0.000000,0.000000,1.025505
239.112147,951.451943,1197.257667,3.799045,13.598593,17.101156,0.000000,0.000000,0.000000,0.837771
-25557448.703438,-45375327.942361,24502065.480509,-365106.119627,-648218.977339,350029.504340,0.000000,0.000000,0.000000,1.046956
293199161.218542,-35301158.068661,64339190.913555,4188559.691594,-504302.325099,919131.301429,0.000000,0.000000,0.000000,1.066873
-54.852497,37.681565,26.357303,-0.560867,0.787592,0.204032,0.000000,0.000000,0.000000,0.984859
-204232.274293,-275861.803783,-219761.528563,-2917.401760,-3940.942001,-3139.447168,0.000000,0.000000,0.000000,0.822774
-42449383.459371,-79916287.118775,26049045.226352,-606419.472609,-1141661.223384,372129.216274,0.000000,0.000000,0.000000,1.142448
24455.276738,-21067.497768,-30492.553164,349.489702,-300.854395,-435.607495,0.000000,0.000000,0.000000,1.156151
-95.735409,-22.041613,69.835008,-1.018580,-0.358661,1.009072,0.000000,0.000000,0.000000,1.138209
83304.841165,-17682.589251,107986.468158,1203.994265,-255.633048,1560.491549,0.000000,0.000000,0.000000,0.920994
4593737.878024,-637525.990873,-2839169.506453,65907.726050,-9146.713817,-40734.147659,0.000000,0.000000,0.000000,1.097459
-41.885406,-33.889586,-44.015840,-0.265164,-0.539213,-0.721092,0.000000,0.000000,0.000000,0.962119
89984.400062,463779.043558,251014.548366,1285.788020,6625.264516,3585.916204,0.000000,0.000000,0.000000,0.825075
4168147.372717,-1904972.995562,6163828.433810,59545.176289,-27213.906609,88054.694834,0.000000,0.000000,0.000000,1.081014
5044.016598,5959.705503,4461.120985,72.262233,85.107160,63.725678,0.000000,0.000000,0.000000,1.043635
4893.353977,-47123.076222,-9770.006283,70.369247,-673.148559,-139.572064,0.000000,0.000000,0.000000,0.836206
-454782.918571,-212850.209420,278132.080329,-6496.710589,-3040.793550,3973.315249,0.000000,0.000000,0.000000,0.887222
-143.100989,-472.795204,-389.173126,-1.592638,-6.953952,-5.594021,0.000000,0.000000,0.000000,0.829103
6452617451.824661,39571004007.245865,70214081553.132416,92180249.615768,565300057.229530,1003058307.895958,0.000000,0.000000,0.000000,0.815176
1040778944070.130615,712161875332.663940,-329801643443.690918,14868270629.902517,10173741076.182596,-4711452049.200404,0.000000,0.000000,0.000000,0.844437
15327966.769048,15877402.756859,-8403720.125684,218971.205178,226820.035917,-120053.150187,0.000000,0.000000,0.000000,0.928135
-384.994599,4162.028038,-3510.449874,-5.173042,59.570703,-50.147602,0.000000,0.000000,0.000000,1.174177
269241.501215,-48091.440385,17167.223564,3846.713637,-687.191324,245.243767,0.000000,0.000000,0.000000,1.045710
-81.912469,-210.173062,-77.792346,-0.848645,-3.201245,-1.108463,0.000000,0.000000,0.000000,1.160726
69196866757.746902,-87476798490.032791,-18240586218.314812,988526668.262045,-1249668549.888391,-260579803.112229,0.000000,0.000000,0.000000,1.058136
-3866.740651,428.546288,1176.086429,-54.953506,6.030036,16.796675,0.000000,0.000000,0.000000,0.846378
-32168.018743,35178.417497,26716.050600,-459.924224,503.348141,382.208474,0.000000,0.000000,0.000000,1.182231
-1360.080863,3838.308085,3036.139501,-19.105373,54.732775,43.373006,0.000000,0.000000,0.000000,1.180357
56.012581,-17.849942,74.026009,1.232419,-0.177674,1.111153,0.000000,0.000000,0.000000,1.063029
-43.949950,-50.548566,71.179089,-0.313829,-0.651525,1.003701,0.000000,0.000000,0.000000,0.848960
16.794952,-746.127607,-623.898392,0.416951,-10.785754,-8.907402,0.000000,0.000000,0.000000,0.864947
422.044794,809.677181,583.672409,6.363870,11.512568,8.331782,0.000000,0.000000,0.000000,0.999556
-26107.436502,86649.696252,183869.480395,-372.621522,1237.769633,2626.705554,0.000000,0.000000,0.000000,1.096175
-23.703255,-1.539966,62.285587,-0.004005,0.130026,0.900603,0.000000,0.000000,0.000000,0.918964
-286704.078889,115852.174787,274166.107325,-4095.331250,1655.114210,3916.661188,0.000000,0.000000,0.000000,0.885209
-71248.762125,-78576.518773,30132.293344,-1017.548560,-1122.477007,430.462574,0.000000,0.000000,0.000000,0.897048
-822.117051,-11560.004441,-267.174269,-11.526122,-164.969044,-3.810966,0.000000,0.000000,0.000000,1.000404
4255197.615325,27858594.935725,6723828.469503,60788.752759,397980.038060,96054.695063,0.000000,0.000000,0.000000,0.982238
10.203072,-52.484120,111.098054,0.390428,-0.678924,1.585167,0.000000,0.000000,0.000000,0.949265
-20559.539094,-18211.032516,11472.047318,-293.401367,-260.227372,163.883175,0.000000,0.000000,0.000000,0.999438
10.163439,-22.022336,46.268253,0.326300,-0.182173,0.697394,0.000000,0.000000,0.000000,1.144124
-60.460881,-94.338170,93.773089,-0.515588,-1.234245,1.359169,0.000000,0.000000,0.000000,0.899783
740.611900,-5680.720728,1044.713655,10.968984,-81.232175,14.921951,0.000000,0.000000,0.000000,1.130132
12.447675,157.402977,104.669626,0.665911,2.242891,1.530531,0.000000,0.000000,0.000000,0.946264
-83.497443,559.620322,275.671002,-0.705800,7.921866,3.934518,0.000000,0.000000,0.000000,0.876357
1279538.987660,-2585751.037078,-1937187.810523,18305.513585,-36992.301229,-27713.696851,0.000000,0.000000,0.000000,0.992490
-5420774.562666,9587555.090127,-2134778.536323,-77439.365479,136965.047501,-30496.841843,0.000000,0.000000,0.000000,0.919839
1105026.773986,194567.734816,-2241194.678643,15786.386523,2779.546397,-32017.062502,0.000000,0.000000,0.000000,0.889647
-1196481.976845,-1373887.028007,1365413.789183,-17092.357610,-19626.960522,19505.908063,0.000000,0.000000,0.000000,1.196938
14786.241774,-13685.939603,6267.711844,211.584326,-195.441245,89.534591,0.000000,0.000000,0.000000,1.077054
-7796.053427,-2015.253607,21646.926306,-111.090007,-28.873980,309.238246,0.000000,0.000000,0.000000,1.087227
726923.725892,-1036814.612738,1397460.189888,10384.948999,-14811.612178,19963.718387,0.000000,0.000000,0.000000,0.873973
917.731853,2658.685280,-813.024704,13.463083,37.936639,-11.608331,0.000000,0.000000,0.000000,0.974196
-1251684.188861,-456448.813407,467735.560414,-17880.994285,-6520.660075,6681.936629,0.000000,0.000000,0.000000,0.866828
4955.245381,-5543.969681,-5605.173541,71.103224,-79.234079,-80.068672,0.000000,0.000000,0.000000,1.042817
3804.425274,10.409513,-1858.496424,54.638324,0.137579,-26.609712,0.000000,0.000000,0.000000,1.160956
-25579.631611,13188.764735,-12749.008608,-365.245183,188.446718,-182.130897,0.000000,0.000000,0.000000,0.891919
14751.312165,-30412.250755,-15705.870605,210.977167,-434.416172,-224.362597,0.000000,0.000000,0.000000,0.891456
27.958080,35.314316,-21.911657,0.647572,0.627072,-0.428194,0.000000,0.000000,0.000000,1.187455
247.451485,-125.018292,562.285035,3.700226,-1.627859,8.027773,0.000000,0.000000,0.000000,1.192895
8076468607.150290,3350961916.292644,2939056713.616711,115378123.358274,47870884.474127,41986524.486126,0.000000,0.000000,0.000000,0.976825
844665.758722,-45368.233574,-999909.250546,12066.897659,-648.130698,-14284.420222,0.000000,0.000000,0.000000,1.062141
-22.606204,115.377296,181.886498,0.070543,1.549227,2.627428,0.000000,0.000000,0.000000,1.177009
-2589872.356162,-346483.165035,4689704.019487,-36997.752459,-4949.890167,66995.774058,0.000000,0.000000,0.000000,1.186791
13671.338286,6576.432339,-1433.368335,196.548572,94.539506,-20.590375,0.000000,0.000000,0.000000,1.124175
-11285071.986215,22336958.618026,-2562286.298075,-161215.012034,319099.393280,-36604.086593,0.000000,0.000000,0.000000,1.172772
-8.563745,288.744578,196.622201,-0.033477,4.217609,2.869964,0.000000,0.000000,0.000000,0.850789
-218270.283130,-318799.002606,-128167.217729,-3117.781726,-4554.193362,-1830.965225,0.000000,0.000000,0.000000,0.985556
-7833654.782708,4576214.265777,-43177704.351804,-111909.047057,65374.285854,-616824.346809,0.000000,0.000000,0.000000,0.910865
120360.803877,8122.728499,-210263.233426,1719.706252,116.057838,-3003.759524,0.000000,0.000000,0.000000,0.940245
-42.680593,-57.627074,65.564033,-0.532127,-0.923331,1.016396,0.000000,0.000000,0.000000,1.104931
-446805.054305,-418534.911046,1007472.236221,-6382.663642,-5979.109103,14392.461746,0.000000,0.000000,0.000000,1.182283
-5110.414985,4895.779562,20108.005262,-72.696146,69.883668,287.255303,0.000000,0.000000,0.000000,1.180009
-3682.042437,-5556.712333,-6147.964418,-52.284895,-79.388465,-87.826754,0.000000,0.000000,0.000000,1.101541
-47722038.407564,-349182602.026480,-111983345.416722,-681743.113438,-4988322.905846,-1599762.079008,0.000000,0.000000,0.000000,1.066494
77467.731346,-64396.539407,-18527.561126,1106.938358,-919.916667,-264.674111,0.000000,0.000000,0.000000,0.893703
391708.505585,1088470.200432,128791.448531,5596.104543,15549.544692,1839.873835,0.000000,0.000000,0.000000,0.889287
-114.964126,-106.003986,-16.808986,-1.244681,-1.678636,-0.234924,0.000000,0.000000,0.000000,0.801348
-1500237.741078,762382.697802,-225594.168453,-21431.652634,10891.159651,-3222.769661,0.000000,0.000000,0.000000,0.897921
-771736.690392,119436.068185,967023.727931,-11024.562687,1706.215982,13814.618313,0.000000,0.000000,0.000000,1.125234
111240238344.016510,35809253048.152367,129731194961.952652,1589146262.376579,511560757.887784,1853302785.166852,0.000000,0.000000,0.000000,0.952242
-11869.710771,-4146.815025,10370.423438,-175.314675,-61.166572,153.487210,0.000000,0.000000,0.000000,1.137772
-186188.001104,-223643.935389,-493270.620946,-2659.540899,-3194.897128,-7046.717539,0.000000,0.000000,0.000000,1.181822
431205.400059,333825.600380,-563168.163374,6160.423147,4768.932796,-8045.256901,0.000000,0.000000,0.000000,1.053305
-40.515995,26.233917,12.323185,-0.401517,0.326165,0.138954,0.000000,0.000000,0.000000,0.944790
229146.043390,-11393.540107,693664.179369,3273.798137,-162.746275,9909.482002,0.000000,0.000000,0.000000,1.095001
12282.586222,-4287.049228,11415.864628,175.766417,-61.334565,163.079614,0.000000,0.000000,0.000000,1.041333
191944.623878,493021.072181,102206.174627,2742.403383,7043.142968,1460.081284,0.000000,0.000000,0.000000,1.159337
-43.483342,-0.928933,43.035131,-0.241891,-0.116975,0.582410,0.000000,0.000000,0.000000,1.143483
18934.542803,-13928.996994,-8025.549575,270.779872,-198.791185,-114.650753,0.000000,0.000000,0.000000,0.954676
-28986.428646,-3260.922718,2592.382347,-413.659736,-46.576182,37.033998,0.000000,0.000000,0.000000,1.160653
-107.438631,535.275395,-367.435928,-1.285260,7.485454,-5.244306,0.000000,0.000000,0.000000,0.830318
-125336.568458,-138002.168106,-42779.823585,-1790.138071,-1971.458502,-611.133670,0.000000,0.000000,0.000000,1.005126
-1405021.089730,-1450141.538708,-1038287.906947,-20071.434985,-20716.179977,-14832.684971,0.000000,0.000000,0.000000,1.158877
-79253.611247,-652403.096659,-546333.707428,-1131.877541,-9320.191293,-7804.766302,0.000000,0.000000,0.000000,1.020097
161656.610642,27822.078692,-50873.350443,2309.736296,397.259460,-726.766388,0.000000,0.000000,0.000000,1.037147
-9975.603154,-41241.369880,39933.133127,-142.309751,-589.260858,570.469651,0.000000,0.000000,0.000000,0.976821
-100458.984475,304922.232578,167783.218778,-1434.726185,4356.200213,2396.904591,0.000000,0.000000,0.000000,0.913593
16.840167,57.197190,19.953036,0.461524,1.005456,0.268851,0.000000,0.000000,0.000000,0.942740
-343.950231,54.322494,71.006486,-5.099796,0.980997,0.916612,0.000000,0.000000,0.000000,0.958484
-29.911362,3.061890,2.680526,-0.000857,0.209788,-0.032584,0.000000,0.000000,0.000000,1.170001
-14644.942907,2250.345732,-7892.681530,-208.931313,32.088401,-112.755939,0.000000,0.000000,0.000000,0.945104
-17614947.686404,-18246965.356516,9717476.146423,-251641.855805,-260670.934370,138821.080809,0.000000,0.000000,0.000000,0.806143
76074254.389157,-128995835.982173,13374000.769845,1086775.317049,-1842797.534655,191057.151443,0.000000,0.000000,0.000000,0.887157
2245532771.891317,2494818051.352925,-2061398709.437082,32079039.883324,35640257.897673,-29448552.988567,0.000000,0.000000,0.000000,1.031721
-2781.977280,3293.858106,-2150.509270,-39.488954,47.070876,-30.716970,0.000000,0.000000,0.000000,1.185306
129020031.407179,-130693422.417271,-38082703.751431,1843143.591000,-1867048.849913,-544038.621006,0.000000,0.000000,0.000000,0.804055
147476.316309,-65260.276900,475458.034031,2107.042970,-932.258614,6792.253186,0.000000,0.000000,0.000000,0.857400
-35608.297802,-18821.036752,6827.228601,-508.263319,-269.018188,97.529080,0.000000,0.000000,0.000000,1.172317
10017953554.041962,6711872580.928144,-767940537.040620,143113622.352658,95883893.860542,-10970579.107560,0.000000,0.000000,0.000000,0.839125
-136.440972,-422.523397,309.865916,-1.523187,-6.173912,4.437422,0.000000,0.000000,0.000000,1.044693
-8680655.674657,-140923.116218,43817782.750440,-124009.070555,-2013.167002,625968.323719,0.000000,0.000000,0.000000,1.198128
-113.474946,999.147953,-781.033547,-1.461401,14.299956,-11.158133,0.000000,0.000000,0.000000,1.184516
-1891.782610,1040.548532,1531.188786,-26.728106,14.810200,21.873804,0.000000,0.000000,0.000000,0.856857
-36.006456,-50.146487,63.741693,-0.044114,-0.662661,0.953040,0.000000,0.000000,0.000000,0.962641
7440.725474,20683.046989,-3466.677500,106.555908,295.494491,-49.519309,0.000000,0.000000,0.000000,1.080431
3776113.944827,13381107.145465,48088494.227296,53944.816284,191158.488897,686978.484894,0.000000,0.000000,0.000000,0.845513
995243.994494,228029.350095,-600201.240412,14218.192060,3257.568788,-8574.300192,0.000000,0.000000,0.000000,0.911640
1475368597292.401611,-16273996387516.085938,-4720583063089.476562,21076694247.331150,-232485662678.757812,-67436900901.281952,0.000000,0.000000,0.000000,0.981403
-15.750182,-15.339038,66.956122,-0.095262,-0.133659,1.057078,0.000000,0.000000,0.000000,1.135734
-1761466.994499,-2273200.006954,2336415.192344,-25163.430950,-32474.360205,33377.363215,0.000000,0.000000,0.000000,1.089831
-7768.916505,-481.243651,2670.813870,-110.686043,-6.768077,38.157140,0.000000,0.000000,0.000000,0.947485
5485.158811,-4392.143100,1689.019550,82.751079,-65.872774,25.295635,0.000000,0.000000,0.000000,1.053785
14055558.600075,-2776943.093777,-3746550.521164,200794.001056,-39670.643927,-53522.153862,0.000000,0.000000,0.000000,1.181194
-94784.147342,19522.573557,-118735.413131,-1369.542094,282.013003,-1715.831279,0.000000,0.000000,0.000000,0.832507
-69403.886587,-577925.250345,-206762.682328,-991.395466,-8256.114519,-2953.749426,0.000000,0.000000,0.000000,1.144125
62.259269,-424.035206,-249.277032,1.032341,-6.130778,-3.574539,0.000000,0.000000,0.000000,0.819656
165295.804337,266325.266028,-327647.242993,2361.541211,3804.632450,-4680.677210,0.000000,0.000000,0.000000,0.978073
-5.855033,-37.304373,61.816850,0.323553,-0.375091,0.936191,0.000000,0.000000,0.000000,0.927466
-8797.787491,-2078.927248,-2492.512610,-125.694815,-29.642646,-35.659559,0.000000,0.000000,0.000000,1.029083
-3754.070277,2682.482728,-818.989709,-53.295772,38.435899,-11.704855,0.000000,0.000000,0.000000,1.152193
-246765.413833,6294.619859,-148043.757344,-3524.984291,89.934873,-2114.911570,0.000000,0.000000,0.000000,1.048803
-4180.816345,1734.323972,-4201.864082,-59.600781,24.689807,-60.021826,0.000000,0.000000,0.000000,1.076297
1452479.849877,10400814.994003,-3184726.503829,20750.047603,148582.934736,-45496.094036,0.000000,0.000000,0.000000,1.151527
-1183791985.814521,-3572702954.126609,-672641708.175784,-17694947.015501,-53403631.687664,-10054435.129657,0.000000,0.000000,0.000000,0.847945
-10371.718281,-14806.978974,799.417141,-147.819440,-211.400501,11.420964,0.000000,0.000000,0.000000,1.111519
-10.328223,50.523276,16.772965,-0.072233,0.771318,0.232051,0.000000,0.000000,0.000000,1.031342
-29.725790,43.715080,3.838145,-0.305584,0.596853,-0.455424,0.000000,0.000000,0.000000,0.875287
178424445.561011,113333334.270914,226940161.304148,2548920.988184,1619047.650107,3242002.308773,0.000000,0.000000,0.000000,1.119452
6943.833188,60590.245038,-86573.154437,99.432968,865.582804,-1236.754878,0.000000,0.000000,0.000000,0.832110
-69658.191817,1195627.945246,-358484.072402,-994.825223,17080.553408,-5121.196573,0.000000,0.000000,0.000000,0.968123
-38531685.849372,-45708667.659533,37656139.247080,-550452.251109,-652980.940171,537944.840165,0.000000,0.000000,0.000000,1.047359
-2524087345.006007,-2799037464.602573,2281436826.755435,-36058390.356544,-39986249.471434,32591954.669948,0.000000,0.000000,0.000000,0.925759
-162.436878,219.164661,-110.448007,-1.955307,3.380157,-1.684878,0.000000,0.000000,0.000000,0.987086
-193.115093,353.027619,452.579951,-2.577178,5.038907,6.469512,0.000000,0.000000,0.000000,1.061423
3296.397547,2621.435563,-7233.729843,47.238453,37.405421,-103.334197,0.000000,0.000000,0.000000,1.150372
5771499.186908,-150535271.720823,119526605.213389,82450.285338,-2150503.832852,1707522.924984,0.000000,0.000000,0.000000,1.190815
-340.335343,134.065816,-349.657500,-4.478033,1.921242,-5.015651,0.000000,0.000000,0.000000,0.867286
9296317.067552,-84592412.516191,30666733.417004,132804.831478,-1208463.069864,438096.192145,0.000000,0.000000,0.000000,0.840931
-180.518814,-42.321409,24.511148,-2.315014,-0.544591,0.315222,0.000000,0.000000,0.000000,0.844658
-42.639768,-48.419803,60.920595,-0.218414,-0.814643,0.962646,0.000000,0.000000,0.000000,1.021148
-39.201579,-20.171479,41.817301,-0.339025,-0.323583,0.541799,0.000000,0.000000,0.000000,0.911438
-265005.410374,80807.793177,-83221.032046,-3785.394372,1154.381125,-1188.869425,0.000000,0.000000,0.000000,1.164890
29.864937,-3483.934160,6086.083346,0.774575,-49.638763,86.937868,0.000000,0.000000,0.000000,1.065780
-61.245762,11.492707,163.054716,-0.540682,0.214868,2.324048,0.000000,0.000000,0.000000,0.818145
-122129.847263,-103682.830096,65829.527925,-1744.358750,-1481.214306,940.425380,0.000000,0.000000,0.000000,1.022969
931564.935797,-879012.510139,125413.721297,13308.402774,-12557.450570,1791.621718,0.000000,0.000000,0.000000,1.021750
3367.589200,-2945.306984,6409.401044,48.393051,-42.040534,91.557932,0.000000,0.000000,0.000000,1.128971
1.059132,23.620731,44.874090,0.566267,0.357729,0.676694,0.000000,0.000000,0.000000,0.828819
-879.686839,6209.813127,6220.300124,-12.197339,88.702137,88.855498,0.000000,0.000000,0.000000,1.187988
-39362.292941,-4935.693735,26625.613269,-561.918629,-70.409993,380.367131,0.000000,0.000000,0.000000,0.992612
-516974946.472503,-18297885.011925,371785849.002755,-7385356.045365,-261398.524982,5311226.413784,0.000000,0.000000,0.000000,0.900015
165438807.976323,-176571895.219467,-128382855.213033,2363411.667132,-2522455.660006,-1834040.794095,0.000000,0.000000,0.000000,1.066297
-85.997141,-171.154640,215.476384,-1.103863,-2.393835,3.074543,0.000000,0.000000,0.000000,0.986453
2870.011872,2274.608784,4206.985286,41.430486,32.606722,60.096941,0.000000,0.000000,0.000000,0.865427
212530693.935977,339291073.263677,-367259441.112987,3036153.061929,4847015.309395,-5246563.445593,0.000000,0.000000,0.000000,0.898110
-87.443278,-693.452009,690.873770,-0.780915,-9.979759,9.892540,0.000000,0.000000,0.000000,0.964653
-3149.523422,-4009.616066,36362.926160,-44.731437,-57.136799,519.469528,0.000000,0.000000,0.000000,0.961394
-6689901173.200451,-2775669077.111318,-2434479618.006788,-95570016.358842,-39652415.430740,-34778280.250559,0.000000,0.000000,0.000000,1.179285
-110773.655218,-92907.345332,-17012.785632,-1582.157047,-1327.198610,-243.032814,0.000000,0.000000,0.000000,1.141455
4072.396016,3725.189992,2250.561338,58.671791,53.300003,32.240495,0.000000,0.000000,0.000000,1.005335
-239962.069985,-615868.328100,-127415.147391,-3427.690275,-8798.129127,-1820.222271,0.000000,0.000000,0.000000,0.928633
-110476.487420,57427.190343,-134173.194336,-1577.991742,820.416847,-1916.754533,0.000000,0.000000,0.000000,1.097397
-1693470.226640,-1907520.012733,687677.102607,-24192.164428,-27250.300825,9823.959918,0.000000,0.000000,0.000000,1.029214
-8431.283763,39784.321662,20968.835118,-120.220607,568.405041,299.556821,0.000000,0.000000,0.000000,0.894533
-156642.565682,62601.456486,-115491.899599,-2237.397534,894.302379,-1649.881977,0.000000,0.000000,0.000000,1.089561
1156.043667,-326.114980,2084.572714,16.888938,-4.502184,29.809184,0.000000,0.000000,0.000000,1.175445
4371.774473,-5223.202969,21247.120546,62.726245,-74.484663,303.529389,0.000000,0.000000,0.000000,1.064853
-211935887429.240662,77994914765.399384,-106858499011.469696,-3027655534.290978,1114213067.948574,-1526549985.875960,0.000000,0.000000,0.000000,1.025197
-131969.111413,73193.552189,6891.418333,-1884.805411,1045.616607,98.446953,0.000000,0.000000,0.000000,1.156436
-34.690985,-50.064860,50.389550,-0.241414,-0.588971,0.753398,0.000000,0.000000,0.000000,1.031836
1591.923745,-369.417253,561.097253,23.002217,-5.254144,8.009365,0.000000,0.000000,0.000000,0.896157
3505731.887086,-2550998.004142,4843657.569492,50082.129474,-36442.835305,69195.106704,0.000000,0.000000,0.000000,1.181418
388.057066,-2041.696805,908.806277,5.940605,-29.135010,12.976843,0.000000,0.000000,0.000000,1.110292
7556.152883,7489.065472,11723.291175,108.383343,106.890794,167.470381,0.000000,0.000000,0.000000,0.887501
387373.529780,172338.934565,684648.919119,5534.166990,2461.985587,9780.695818,0.000000,0.000000,0.000000,1.039350
1779.137758,-873.295196,-2586.088990,25.633371,-12.381074,-36.937383,0.000000,0.000000,0.000000,1.039584
140977701177.117584,1199086802651.398682,-597436964121.803955,2013967159.906348,17129811466.500095,-8534813773.170730,0.000000,0.000000,0.000000,1.198868
6747.401789,-6652.433807,-27150.248882,96.699528,-95.089150,-387.855816,0.000000,0.000000,0.000000,0.871438
83.149364,10.744743,18.235144,1.551491,0.290161,0.215746,0.000000,0.000000,0.000000,1.057511
-7471.735816,14091.043559,15750.940387,-106.489408,201.334634,225.012564,0.000000,0.000000,0.000000,0.847838
-41947287713.101761,-21874474254.324902,250423055332.788391,-599246967.019529,-312492489.366828,3577472219.042420,0.000000,0.000000,0.000000,1.066998
-0.868645,-13.434649,23.425624,0.303990,-0.338627,0.355965,0.000000,0.000000,0.000000,0.847053
1727.867168,-5001.274725,-3904.891061,25.005920,-71.540748,-55.779708,0.000000,0.000000,0.000000,0.905289
144.699315,107.883972,164.440684,2.360993,1.448654,2.369751,0.000000,0.000000,0.000000,0.864598
-143034.721849,185024.796501,29575.043963,-2043.073694,2643.203109,422.493953,0.000000,0.000000,0.000000,1.022130
-21309781.277542,-101376229.951970,-152215894.033515,-304425.314462,-1448231.727355,-2174512.769474,0.000000,0.000000,0.000000,0.930288
-28871502.875937,-25351897.075503,10217656.454340,-412449.734069,-362169.874458,145966.526699,0.000000,0.000000,0.000000,1.042631
773473.730061,226930.207936,-173715.970228,11049.831534,3241.753923,-2481.657381,0.000000,0.000000,0.000000,1.096076
-4668.699382,-9166.745478,-274944.110135,-66.455584,-130.923174,-3927.772048,0.000000,0.000000,0.000000,0.948953
2064.891942,-7951.728766,4155.080790,29.595420,-113.646724,59.353381,0.000000,0.000000,0.000000,1.145340
104507.414138,577087.116824,292714.290726,1493.273473,8243.986740,4181.631265,0.000000,0.000000,0.000000,1.084248
553.542024,-486.178759,-1858.554190,8.206012,-6.877091,-26.546440,0.000000,0.000000,0.000000,1.008535
1733804091.338315,-1207820233.788087,-298517570.707245,24768630.125943,-17254574.760538,-4264536.730576,0.000000,0.000000,0.000000,0.940286
-1164027.717782,-7702320.290571,-4632127.366036,-16628.535845,-110033.014551,-66173.243393,0.000000,0.000000,0.000000,1.122959
11.475609,18.266467,94.008075,0.537338,0.410763,1.476605,0.000000,0.000000,0.000000,1.034345
-14415.141355,-4947.910016,-1545.198386,-205.754663,-70.712435,-22.072953,0.000000,0.000000,0.000000,1.096461
6598706.910901,1444417.311143,-9293381.431928,94267.640957,20634.556471,-132762.592582,0.000000,0.000000,0.000000,0.922344
-3560.524798,2327.960837,-3128.173740,-50.485042,33.136708,-44.681580,0.000000,0.000000,0.000000,1.182083
-15136625.738558,-544114379.482136,-148779922.864847,-216237.423577,-7773062.586863,-2125427.465703,0.000000,0.000000,0.000000,1.137618
-17472.829817,-345801.937973,-4531.727335,-249.438758,-4940.010138,-64.738402,0.000000,0.000000,0.000000,0.977799
-30134.997376,-19021.065143,-12118.710614,-430.166030,-271.835746,-173.128057,0.000000,0.000000,0.000000,0.905500
-58.713499,24.859785,14.405855,-0.517429,0.289093,0.146360,0.000000,0.000000,0.000000,0.970647
-36116.215551,-127054.450140,-194101.982967,-526.227905,-1852.139466,-2829.575784,0.000000,0.000000,0.000000,1.041833
5970557706.352530,-117881470397.119080,-159665994260.644989,85293681.760622,-1684021005.570185,-2280942775.151720,0.000000,0.000000,0.000000,0.839044
182204.300268,-152134.688062,-279767.724323,2603.194967,-2173.330694,-3996.676211,0.000000,0.000000,0.000000,1.134157
106945450.062158,2465832453.104142,-1531807352.716967,1527792.474849,35226177.957262,-21882962.175441,0.000000,0.000000,0.000000,1.163537
-2081815.712712,-720751.440111,1247272.686412,-29739.889937,-10296.475864,17818.181905,0.000000,0.000000,0.000000,0.967401
-42.669789,-95.402352,20.706138,-0.269256,-1.342801,0.290490,0.000000,0.000000,0.000000,1.051263
138.282077,77.730636,-207.505648,2.399396,1.028549,-3.017161,0.000000,0.000000,0.000000,0.896020
312083.916863,324999.566086,70625.644944,4458.595871,4642.806338,1008.937355,0.000000,0.000000,0.000000,0.804705
-340.549932,443.480687,-306.212367,-4.559654,6.165337,-4.370134,0.000000,0.000000,0.000000,0.942999
-3656929.701567,-99614710.867521,-64031339.199509,-52241.574052,-1423067.307016,-914733.412716,0.000000,0.000000,0.000000,1.010987
-23007.735002,-17799.677579,26330.577202,-328.246117,-254.342755,376.144356,0.000000,0.000000,0.000000,0.942820
160780523363.392853,-260046719668.481689,312376759289.879333,2296864619.666075,-3714953138.099766,4462525132.716005,0.000000,0.000000,0.000000,0.962942
-6677.894638,-11783.435602,1280.657950,-95.158763,-168.312575,18.289013,0.000000,0.000000,0.000000,0.807800
93326.743161,-278973.877084,-154199.412511,1333.639725,-3985.167889,-2202.844584,0.000000,0.000000,0.000000,0.996413
103651.807123,-185131.023375,-60251.549043,1480.973305,-2644.711792,-860.736167,0.000000,0.000000,0.000000,0.931207
10931.661644,-27764.460616,-23574.274148,156.489714,-396.605425,-336.768370,0.000000,0.000000,0.000000,0.940354
-31.073828,-39.573659,16.848047,-0.076376,-0.729644,0.234150,0.000000,0.000000,0.000000,1.135388
3388969.166234,-191269.751369,-590644.956838,48414.171243,-2732.446735,-8437.787881,0.000000,0.000000,0.000000,0.883397
66212.147898,-202343.677916,-673097.874218,946.089707,-2890.565602,-9615.679428,0.000000,0.000000,0.000000,1.058488
-129985411.386559,-191206425.633216,218434335.931543,-1856934.076816,-2731520.515631,3120490.516789,0.000000,0.000000,0.000000,0.996876
211640974202.331635,12032756611.395363,-299038110477.016052,3023442488.899899,171896523.013415,-4271973006.813911,0.000000,0.000000,0.000000,1.144424
102.028965,1272.563632,1377.699495,1.757430,18.187086,19.675408,0.000000,0.000000,0.000000,0.916588
-189957960.099691,-120553352.679558,-241466707.464594,-2713684.805091,-1722190.733708,-3449524.385536,0.000000,0.000000,0.000000,1.052027
217621.567478,-86734.785033,-209569.579783,3109.316844,-1238.983623,-2993.844779,0.000000,0.000000,0.000000,1.164678
4115859993.342891,475968527.024715,838456515.989383,58798000.190162,6799550.404971,11977950.227233,0.000000,0.000000,0.000000,1.061098
-47754.397508,-19222.069142,-2477.177473,-682.006967,-274.783889,-35.381341,0.000000,0.000000,0.000000,0.951685
-4345952.921347,10950897.172654,-6861354.705071,-62084.786048,156441.434203,-98019.352196,0.000000,0.000000,0.000000,0.840609
-1633530878.540968,1157395601.578707,291298296.701939,-23336155.155757,16534222.885963,4161404.232018,0.000000,0.000000,0.000000,0.988357
-4283.442647,-3138.158606,8810.812641,-61.041738,-44.872092,125.866897,0.000000,0.000000,0.000000,0.945544
-974.506690,-520.754008,-729.228367,-13.533952,-7.426697,-10.414994,0.000000,0.000000,0.000000,0.951091
-1479.310962,476.394317,-603.037834,-21.268967,6.800830,-8.787643,0.000000,0.000000,0.000000,0.839014
-19.422152,8.761899,49.160742,-0.306391,0.451948,0.936528,0.000000,0.000000,0.000000,1.148896
97.582084,-1698.011648,2120.623594,1.596260,-24.345819,30.290565,0.000000,0.000000,0.000000,0.878896
-18120.218039,84684.953681,-244336.470213,-258.602121,1209.888428,-3490.513871,0.000000,0.000000,0.000000,0.907304
27505.214510,17485.491861,11188.556604,393.259953,249.682939,159.830632,0.000000,0.000000,0.000000,0.987589
13799051.797715,101431639.648169,-27220739.787609,197129.580641,1449023.442451,-388867.715479,0.000000,0.000000,0.000000,0.917638
33557.344066,119123.548760,183088.038088,489.420717,1736.457822,2668.815990,0.000000,0.000000,0.000000,1.108671
999.378263,605.480124,-143.657966,14.769661,8.683180,-2.066843,0.000000,0.000000,0.000000,0.961355
-78083.535753,-541683.906987,-11386.600121,-1115.166800,-7738.411234,-162.671228,0.000000,0.000000,0.000000,1.099488
-4262875218.805152,-7903542033.079037,-11654051580.109911,-60898217.095659,-112907743.271440,-166486451.149463,0.000000,0.000000,0.000000,0.911037
9228.859872,8599.159293,9334.666569,132.144277,122.746094,133.348974,0.000000,0.000000,0.000000,1.100910
449963840.191235,4219365323.484542,-4756308858.987453,6428055.151449,60276647.490307,-67947269.416413,0.000000,0.000000,0.000000,1.073747
141609.616259,19574.854242,3821.776778,2023.177239,279.661081,54.600401,0.000000,0.000000,0.000000,0.876352
2124.147897,892.563495,-509.240970,30.854990,12.790808,-7.363521,0.000000,0.000000,0.000000,1.178540
-280880.914841,-2089624.972345,358748.973463,-4012.293547,-29851.678791,5124.990514,0.000000,0.000000,0.000000,1.135274
226071294.673168,-234893323.247074,-143102802.669369,3229590.207339,-3355618.856999,-2044325.755927,0.000000,0.000000,0.000000,0.853435
191.554369,-507.013354,2601.065479,3.116682,-7.324056,37.152046,0.000000,0.000000,0.000000,1.128172
-12282690.900895,-91582596.588145,24722160.010013,-175466.743153,-1308322.786024,353173.709264,0.000000,0.000000,0.000000,1.014671
-1238.315547,-137.297614,428.024231,-17.381873,-1.950963,6.110803,0.000000,0.000000,0.000000,0.993887
2156.148181,-680.414251,-1834.234339,31.189935,-9.909017,-26.243731,0.000000,0.000000,0.000000,0.876248
-22497.444736,-4770.190096,8139.294576,-321.087919,-68.289693,116.269964,0.000000,0.000000,0.000000,1.118398
6549.644098,-8229.088629,10410.464988,93.938473,-117.662122,148.941409,0.000000,0.000000,0.000000,1.036875
-91.128261,55.907808,14.889143,-1.022151,0.655869,0.224015,0.000000,0.000000,0.000000,1.032530
30458308.697638,41323154.117167,-27347100.627052,435119.097539,590330.797095,-390672.870345,0.000000,0.000000,0.000000,1.126932
-2514117.997586,1974881.612003,12506510.847321,-35915.692055,28212.510394,178664.443680,0.000000,0.000000,0.000000,1.181770
-2028.368398,-1185.148757,986.917909,-28.820268,-16.879166,14.092693,0.000000,0.000000,0.000000,0.926611
-3309.107602,-9570.029347,-6736.408031,-47.028878,-136.711683,-96.233377,0.000000,0.000000,0.000000,1.080725
14132.124400,-14460.505686,13047.310039,202.222963,-206.622981,186.385565,0.000000,0.000000,0.000000,1.047504
-7914.611879,7359.300023,-4015.348659,-112.787972,105.173503,-57.363213,0.000000,0.000000,0.000000,1.180399
-2041.985560,2921.876290,1408.004052,-28.987236,41.577346,20.113250,0.000000,0.000000,0.000000,1.059858
27657604961274.914062,80496889859241.953125,-1010904885043527.500000,395108642304.204041,1149955569417.757080,-14441498357764.498047,0.000000,0.000000,0.000000,0.899240
-1655729864323.850098,-2918406403123.280762,-1049199964715.225220,-23653283775.767609,-41691520044.446152,-14988570924.498957,0.000000,0.000000,0.000000,0.800287
-39.304804,5.962349,46.728497,-0.138112,0.185324,0.743909,0.000000,0.000000,0.000000,1.167949
63.439968,95.119169,89.606180,1.282496,1.548027,1.488744,0.000000,0.000000,0.000000,1.038922
-364.183217,378.764858,-292.070293,-4.917250,5.319389,-4.166652,0.000000,0.000000,0.000000,1.121563
82753.700137,682264.251920,571444.182532,1182.512123,9746.481015,8163.485835,0.000000,0.000000,0.000000,0.975422
-57.981970,10.078587,46.090958,-0.563558,-0.066997,0.662988,0.000000,0.000000,0.000000,1.126032
103454.325138,258831.192447,-171689.730925,1480.374909,3702.756149,-2456.215440,0.000000,0.000000,0.000000,0.934643
1169.618289,-15435.915777,-23405.341638,17.303466,-222.550996,-337.248768,0.000000,0.000000,0.000000,0.989983
7417.849870,-15890.544480,24835.401338,106.260947,-226.816123,354.787144,0.000000,0.000000,0.000000,0.937532
327649.648646,-49858.323765,-422256.738979,4680.969258,-712.260152,-6032.236722,0.000000,0.000000,0.000000,1.196614
7967.461480,-43162.977665,3507.066084,114.138325,-617.390242,50.165155,0.000000,0.000000,0.000000,0.869027
126835.274212,78124.334892,-229177.872155,1812.178090,1116.080905,-3273.963968,0.000000,0.000000,0.000000,1.141255
79.599757,3.929692,88.403540,1.466073,0.140336,1.364965,0.000000,0.000000,0.000000,0.932021
-37859.765855,101607.583764,-102035.041113,-540.498216,1451.500323,-1457.638316,0.000000,0.000000,0.000000,1.045511
-17134.938638,-18928.181783,1258.716605,-244.463810,-270.421098,17.983676,0.000000,0.000000,0.000000,1.006000
-63.025981,24.418271,35.001428,-0.683699,0.326225,0.440354,0.000000,0.000000,0.000000,1.044041
-104255694.279308,-68297038.810202,176139391.522716,-1489366.678666,-975672.002641,2516277.017944,0.000000,0.000000,0.000000,0.821489
15724.272775,-6424.830595,-1907.102486,224.895600,-91.664314,-27.238042,0.000000,0.000000,0.000000,0.842214
-4630451.034779,3524289.413435,-5828506.445969,-66149.052632,50346.983037,-83264.376094,0.000000,0.000000,0.000000,1.050042
-155.714259,44.538348,-56.844853,-2.419700,0.641052,-1.053326,0.000000,0.000000,0.000000,0.927245
-309031.108095,-567513.387351,-205342.877428,-4414.404070,-8107.328760,-2933.471081,0.000000,0.000000,0.000000,0.963850
429570057.843664,1989977904.247646,695451280.695089,6136715.438287,28428255.787053,9935018.294333,0.000000,0.000000,0.000000,0.939808
1416.409761,1001.369665,5291.196987,20.440418,14.297138,75.582354,0.000000,0.000000,0.000000,1.123234
74.214838,26.433019,64.755417,1.389476,0.627209,0.949123,0.000000,0.000000,0.000000,1.194903
-13990.838966,27791.493854,-16168.347770,-199.573112,397.207991,-230.978216,0.000000,0.000000,0.000000,1.060793
-5424749072.821764,11695704835.668013,31839697411.358086,-77496414.875761,167081497.723874,454852820.165836,0.000000,0.000000,0.000000,1.196936
-2851458.721569,-9647436.220096,-3153214.308025,-40734.737182,-137820.452202,-45045.912968,0.000000,0.000000,0.000000,0.857963
-218.075838,-80.179552,68.563124,-2.818040,-1.217600,0.978079,0.000000,0.000000,0.000000,0.856542
17.297188,24.349719,42.446954,0.658031,0.192898,0.683747,0.000000,0.000000,0.000000,0.889516
14203.787330,-4025.454575,13640.914399,203.146221,-57.369573,194.868941,0.000000,0.000000,0.000000,1.197501
894239934.419122,-310460804.508021,-466709888.940110,12774856.480667,-4435154.344531,-6667284.120596,0.000000,0.000000,0.000000,1.079987
-4215796.716827,-28609298.851791,-4885223.767183,-60225.408642,-408704.305852,-69788.909820,0.000000,0.000000,0.000000,0.872782
-2257.237829,3594.971942,-405.397066,-31.854954,51.270142,-5.793031,0.000000,0.000000,0.000000,1.184339
244.620471,-1551.182805,1443.450591,3.934644,-22.070152,20.617391,0.000000,0.000000,0.000000,1.033409
-200334.361098,-263548.908672,63091.299406,-2861.646278,-3764.957500,901.298028,0.000000,0.000000,0.000000,1.034618
108627.499298,-94312.526903,-143202.775172,1552.125874,-1347.412076,-2045.751230,0.000000,0.000000,0.000000,0.850624
-7054.623007,44491.409967,8228.496783,-100.315405,635.623069,117.548034,0.000000,0.000000,0.000000,0.817141
42.764756,382.443165,-342.512727,1.061761,5.499924,-4.903148,0.000000,0.000000,0.000000,1.168598
34.522115,-40.231371,-93.115912,0.896740,-0.520922,-1.425919,0.000000,0.000000,0.000000,1.047303
-244.082702,-75.849942,400.597421,-3.029545,-1.040065,5.716888,0.000000,0.000000,0.000000,0.975596
-33.195304,207.991988,267.401576,-0.331369,2.950422,3.842465,0.000000,0.000000,0.000000,1.010250
4548385.314362,-1476573.549165,-2184222.597362,64977.178773,-21094.101017,-31203.180068,0.000000,0.000000,0.000000,1.160936
-3081962.930349,-5180648.858801,-741798.866431,-44027.661516,-74009.272764,-10597.121357,0.000000,0.000000,0.000000,0.853880
1699875.197868,2187320.582984,-2265494.905184,24284.312407,31247.359609,-32364.206625,0.000000,0.000000,0.000000,1.127411
42.622029,111.152028,139.629119,0.811343,1.622571,2.025180,0.000000,0.000000,0.000000,0.866887
-2457180.772242,-10364475.864781,3311450.346744,-35102.246429,-148064.073457,47306.431153,0.000000,0.000000,0.000000,1.069055
-47985333147431.812500,41703353717363.242188,65946407453861.718750,-685504759248.688721,595762195962.302856,942091535055.183472,0.000000,0.000000,0.000000,1.032493
2049637.314265,727844.492098,-1283677.441585,29280.863586,10397.750319,-18338.245997,0.000000,0.000000,0.000000,0.970348
127.542283,91.540740,279.802322,2.054732,1.404445,3.993338,0.000000,0.000000,0.000000,0.934396
-4481831.795562,1455227.380010,2152638.969462,-64025.918845,20788.768116,30751.983274,0.000000,0.000000,0.000000,1.178252
-39.864305,-44.788175,20.244084,-0.095926,-0.733146,0.272021,0.000000,0.000000,0.000000,0.837976
-415594.250344,1377126.005488,374945.666740,-5936.856935,19673.264220,5356.368449,0.000000,0.000000,0.000000,0.964006
-6056.726438,-7987.513220,7613.576728,-86.211494,-114.129094,108.760751,0.000000,0.000000,0.000000,1.066733
-3487663.113016,-1261331.685156,522392.198041,-49823.364550,-18018.924859,7462.750721,0.000000,0.000000,0.000000,0.941113
3172713.317294,424533.259255,-5745612.549313,45324.897823,6064.629886,-82080.172948,0.000000,0.000000,0.000000,0.968685
9418.787242,-15171.351469,-1008.086671,134.951146,-216.604602,-14.395033,0.000000,0.000000,0.000000,1.003737
-115861.830645,122640.497283,30402.064767,-1654.895545,1752.021628,434.309895,0.000000,0.000000,0.000000,0.952999
-292424.909761,106021.034581,-135027.361614,-4177.090965,1514.708366,-1928.965609,0.000000,0.000000,0.000000,0.854990
-21781499.980681,-130620718.791074,-127094464.667050,-311163.978680,-1866010.265296,-1815635.205846,0.000000,0.000000,0.000000,1.055596
67.162266,69.264840,13.447151,1.067511,1.031318,0.212826,0.000000,0.000000,0.000000,0.971811
-3095.675331,-4129.067624,-3657.175274,-44.608612,-59.826862,-53.224556,0.000000,0.000000,0.000000,0.874854
2936.089911,5049.594252,6868.265669,42.256684,72.125444,98.114140,0.000000,0.000000,0.000000,1.001737
-158.761385,-1254.027391,1518.346602,-1.967639,-17.838868,21.690958,0.000000,0.000000,0.000000,1.083715
-206.849955,-782.214282,3871.674251,-2.804236,-11.227756,55.469157,0.000000,0.000000,0.000000,1.103459
-21198.569347,11385.982796,31341.422311,-302.625902,162.619115,447.734434,0.000000,0.000000,0.000000,0.884125
3693729.385091,2377430.894598,-8059704.127675,52767.887170,33963.309732,-115138.627732,0.000000,0.000000,0.000000,1.153185
20430.365009,-2512.624841,7317.310154,291.979175,-35.849866,104.535718,0.000000,0.000000,0.000000,1.091282
1726.217367,560.587485,1012.147008,25.382849,8.029062,14.719236,0.000000,0.000000,0.000000,0.870198
-92116.711194,-129355.800564,37359.769468,-1315.545135,-1847.909561,533.712558,0.000000,0.000000,0.000000,0.992842
159358.537109,-20720.016257,-60043.573286,2276.869580,-295.954982,-857.759069,0.000000,0.000000,0.000000,0.934861
1710.877535,631.104226,484.885632,24.696403,8.996825,6.927826,0.000000,0.000000,0.000000,0.807511
-69.890175,-5.197023,19.031128,-0.684235,-0.229694,0.256584,0.000000,0.000000,0.000000,0.951073
4471.527891,12374.082622,4988.366987,64.257900,176.689300,71.264559,0.000000,0.000000,0.000000,0.931604
6737.686312,29958.882189,-16634.419703,96.462939,427.834298,-237.632727,0.000000,0.000000,0.000000,0.950585
-150.330888,-28.506586,137.739668,-1.825830,-0.316675,1.962976,0.000000,0.000000,0.000000,1.157927
61375.564287,-20291.711020,-7270.034019,876.996121,-289.886443,-103.855529,0.000000,0.000000,0.000000,1.015634
4597.691913,-4270.617006,-7413.626776,65.819049,-61.056827,-105.906540,0.000000,0.000000,0.000000,0.978569
11515.503415,40118.796982,-34768.800448,164.704686,573.022257,-496.696511,0.000000,0.000000,0.000000,1.049067
306.870370,554.148817,-682.860276,4.868099,7.887715,-9.781211,0.000000,0.000000,0.000000,0.930630
-1658.491990,-1403.056612,-558.479387,-23.432415,-20.033306,-7.975923,0.000000,0.000000,0.000000,1.056607
93.207604,-262.147947,1.283719,1.716745,-3.760178,-0.012888,0.000000,0.000000,0.000000,0.974102
32576.440787,34038.853864,-79.080991,465.653089,486.255960,-1.134220,0.000000,0.000000,0.000000,1.002826
-14384.742352,-897.542576,-2382.494734,-205.194614,-12.793759,-34.034977,0.000000,0.000000,0.000000,0.855105
35884778.192145,31509876.341658,-12700366.932032,512639.992646,450141.171875,-181433.806391,0.000000,0.000000,0.000000,0.838867
37608.464186,236543.000770,110294.269906,537.474921,3379.319404,1575.631087,0.000000,0.000000,0.000000,0.973391
11167.814758,19592.123441,-7151.216592,159.884759,280.009266,-102.157350,0.000000,0.000000,0.000000,1.026758
5717739321.238177,-12327273673.063036,-33559040810.642014,81681990.753321,-176103909.542970,-479414868.717857,0.000000,0.000000,0.000000,1.135614
89.079945,52.599582,79.672297,1.708343,0.833594,1.159121,0.000000,0.000000,0.000000,0.827707
38479.537034,10493.634022,8721.966141,549.930283,149.901472,124.598206,0.000000,0.000000,0.000000,0.832518
-1476457.171508,1186999.374653,111996.133591,-21091.921718,16957.278974,1599.950552,0.000000,0.000000,0.000000,1.058104
-84377.791134,255906.933777,-76718.152436,-1205.110567,3655.792456,-1095.967841,0.000000,0.000000,0.000000,0.873224
-12.232780,-48.890622,58.819433,0.546731,-0.671999,0.861194,0.000000,0.000000,0.000000,0.857006
11325.967748,12371.811265,-1901.834005,162.161017,176.723400,-27.165411,0.000000,0.000000,0.000000,1.003894
50783861648.622887,26480956750.887383,-303167438278.843384,725483738.147664,378299382.136037,-4330963403.979059,0.000000,0.000000,0.000000,0.881364
-526.228147,-19624.958159,27461.794859,-7.243429,-282.284068,395.129071,0.000000,0.000000,0.000000,1.062840
4554315552.634555,8276759053.852305,12269676527.512583,65061651.067057,118239415.112008,175281093.243239,0.000000,0.000000,0.000000,0.867158
19809.040882,114046.753616,114789.132531,283.811183,1631.599979,1642.187847,0.000000,0.000000,0.000000,1.022530
18280945.313507,-2601355.363749,16573034.591309,261156.670102,-37162.058045,236757.634033,0.000000,0.000000,0.000000,1.073452
-6394.629474,5932.402723,10830.837416,-91.030183,84.781955,154.725849,0.000000,0.000000,0.000000,0.937182
530124181.171368,-462581510.233291,-463812928.147205,7573202.828594,-6608307.153552,-6625898.970122,0.000000,0.000000,0.000000,1.090042
-4096501.177373,-1580720.270222,3860718.837071,-58521.186475,-22581.670844,55153.123904,0.000000,0.000000,0.000000,0.876130
-46.866672,-170.273834,-87.407274,-0.327784,-2.341145,-1.296053,0.000000,0.000000,0.000000,1.186175
6624.698376,-7273.241527,-16287.426790,95.388408,-104.261738,-233.667302,0.000000,0.000000,0.000000,1.198969
-301.112308,238.817888,177.367181,-3.956936,3.270447,2.527389,0.000000,0.000000,0.000000,0.953716
-11872.916506,-3044.285687,10038.494738,-169.353906,-43.555151,143.403702,0.000000,0.000000,0.000000,0.945146
-52.607737,-35.316726,47.476640,-0.456277,-0.531666,0.739520,0.000000,0.000000,0.000000,0.995258
-48991994.032180,27522667.942032,76454380.145561,-699885.328080,393180.958634,1092205.435106,0.000000,0.000000,0.000000,0.906235
-395569.398980,-474657.326658,977440.681393,-5650.697348,-6780.823669,13963.432284,0.000000,0.000000,0.000000,0.869644
-2180.370579,-1766.893296,-3100.156821,-30.713542,-25.125539,-44.284570,0.000000,0.000000,0.000000,1.153020
-16380438.901670,-8577972.186078,-7501674.436992,-234006.014657,-122542.451721,-107166.782679,0.000000,0.000000,0.000000,0.961667
-35.631070,-35.092553,-2.027351,-0.072229,-0.586835,-0.219726,0.000000,0.000000,0.000000,0.891950
2293.598747,908.436360,-1467.512710,33.332260,13.204433,-21.274874,0.000000,0.000000,0.000000,1.175423
-10148.280699,-18095.525780,430.545097,-144.713233,-258.440862,6.149691,0.000000,0.000000,0.000000,1.050285
-21.205562,-54.516211,-53.411880,0.079579,-0.696237,-0.771620,0.000000,0.000000,0.000000,1.187342
-11.997453,25.159591,-5.030132,0.119518,0.147456,-0.082344,0.000000,0.000000,0.000000,1.109482
-239094.905859,251017.534197,57841.591554,-3415.456889,3585.892997,826.304291,0.000000,0.000000,0.000000,1.029596
-148.849188,-124.575011,-180.435840,-1.934964,-1.592604,-2.580109,0.000000,0.000000,0.000000,0.886542
-21457276.936934,11773281.792059,7731733.687826,-306532.227029,168189.714773,110453.341794,0.000000,0.000000,0.000000,1.003011
2383580.721239,16673636.053479,-424138.216321,34051.365009,238194.696032,-6059.119169,0.000000,0.000000,0.000000,0.905086
132607.328078,1472078.417250,1260184.239515,1894.683862,21029.676728,18002.633062,0.000000,0.000000,0.000000,1.175238
-9763.970335,6944.454735,1543.540714,-139.530458,99.417963,22.073757,0.000000,0.000000,0.000000,0.949407
32169889.800975,-1300895.780406,-6268431.643116,459570.069463,-18584.150104,-89549.029207,0.000000,0.000000,0.000000,0.877148
-1260492.545531,343854.270338,1768208.950243,-18006.801768,4912.262701,25260.120996,0.000000,0.000000,0.000000,1.138156
295.949026,-581.913101,369.717696,4.608335,-8.293427,5.283048,0.000000,0.000000,0.000000,0.852140
-1714474869490.338623,18911571334386.230469,5485431886252.224609,-24492498135.279503,270165304776.988373,78363312660.739838,0.000000,0.000000,0.000000,0.844537
-111.360973,653.956455,22.600407,-1.291003,9.425464,0.333107,0.000000,0.000000,0.000000,0.944213
-60.564263,-33.964328,27.524565,-0.727369,-0.831102,0.391021,0.000000,0.000000,0.000000,1.141452
-141061961245.337494,-1199803632535.639160,597793804634.762085,-2015170874.700006,-17140051893.313553,8539911494.779491,0.000000,0.000000,0.000000,1.198152
-930.073226,542.724042,1308.555154,-13.020280,7.600688,18.686634,0.000000,0.000000,0.000000,1.083250
-166712516.649445,80969437.334486,536291939.369644,-2381607.088067,1156706.225517,7661313.415520,0.000000,0.000000,0.000000,0.838829
127.453034,872.545149,393.678272,2.136130,13.769188,6.116075,0.000000,0.000000,0.000000,1.049758
-14.118031,-2.589655,36.472391,-0.253458,0.370714,0.442724,0.000000,0.000000,0.000000,0.972331
-132157728789.758041,72121034457.496460,307200598495.926453,-1887967553.889420,1030300492.338153,4388579978.513722,0.000000,0.000000,0.000000,1.028063
29172.349029,105060.757461,-87656.452675,417.152303,1500.893461,-1252.232087,0.000000,0.000000,0.000000,1.000767
1479.411268,1915.443221,-4232.056566,21.391441,27.357191,-60.453228,0.000000,0.000000,0.000000,1.071612
-91.983445,331.836903,-225.848314,-0.900910,4.855889,-3.389878,0.000000,0.000000,0.000000,1.190287
304.629481,23.517159,-191.495315,4.701158,0.362646,-2.747225,0.000000,0.000000,0.000000,1.068178
-45.670982,-47.853603,2.325842,-0.476236,-0.588586,-0.009049,0.000000,0.000000,0.000000,1.161866
11637.419396,-1542.003148,-6217.138656,166.507545,-22.144419,-88.814364,0.000000,0.000000,0.000000,0.802607
41.139930,615.825339,-147.996692,0.694712,9.111218,-2.207977,0.000000,0.000000,0.000000,1.180255
-15.798162,93.941325,44.408275,-0.098309,1.567126,0.649339,0.000000,0.000000,0.000000,1.101630
14335.205713,20728.965097,5498.330846,205.047343,296.188348,78.546798,0.000000,0.000000,0.000000,0.808742
32.049700,-178.127250,-80.373297,0.616477,-2.498256,-1.140020,0.000000,0.000000,0.000000,0.820701
817584.585132,342973.464736,448719.747777,11679.988878,4899.758247,6410.284811,0.000000,0.000000,0.000000,1.085718
-470984812.033245,-4120461613.393148,5059385808.644816,-6728354.165868,-58863737.320621,72276940.119224,0.000000,0.000000,0.000000,1.041853
-419.329211,-905.993576,-379.503580,-5.828428,-13.269246,-5.518471,0.000000,0.000000,0.000000,0.995666
22.428203,5.398219,56.134241,0.189087,-0.157010,1.000731,0.000000,0.000000,0.000000,0.824760
-18.966194,46.135280,128.426069,-0.114017,0.580355,1.846883,0.000000,0.000000,0.000000,1.025234
-184999553.046149,197449811.020922,143562758.942720,-2642850.631190,2820711.569865,2050896.549436,0.000000,0.000000,0.000000,0.953551
-18293261.454769,-30719532.149145,-4544941.994623,-261332.012968,-438850.296692,-64927.739318,0.000000,0.000000,0.000000,0.888580
-671.774263,-4582.102991,527.132237,-9.409174,-65.999574,7.573999,0.000000,0.000000,0.000000,1.060313
-824239301578.081543,-563992372858.677856,261184820385.842743,-11774847165.070621,-8057033897.978215,3731211719.792493,0.000000,0.000000,0.000000,1.066283
-3991147.983756,-5183716.463599,1229984.526473,-57016.135906,-74053.059358,17571.210991,0.000000,0.000000,0.000000,1.000945
-29.009398,43.079714,4.166033,-0.074293,0.493738,0.317369,0.000000,0.000000,0.000000,1.134218
3800.672815,-2597.133473,3520.956692,54.669562,-37.218199,50.301153,0.000000,0.000000,0.000000,1.075745
-1077008138.694340,-110825762.042134,-213229521.183632,-15385830.310367,-1583225.247833,-3046136.020322,0.000000,0.000000,0.000000,0.868933
-159.268388,-11.518910,-41.132673,-1.830322,-0.203225,-0.580503,0.000000,0.000000,0.000000,0.962804
-645689161922.822754,109707203470.217133,246364252612.680054,-9224130884.314688,1567245763.827623,3519489323.043964,0.000000,0.000000,0.000000,0.922450
831.645414,155.582261,1895.743783,12.167830,2.326311,27.079415,0.000000,0.000000,0.000000,0.988361
2936.495618,40994.227100,146.989682,42.163961,586.568515,2.095385,0.000000,0.000000,0.000000,0.878847
-90.183456,-1108.065205,-1235.636094,-0.947974,-15.872008,-17.646045,0.000000,0.000000,0.000000,1.005695
-448.420380,-756.773263,-704.564687,-6.094007,-10.794975,-10.063049,0.000000,0.000000,0.000000,0.858551
-84270.926154,-211362.631643,140081.151391,-1205.249154,-3023.903360,2004.023005,0.000000,0.000000,0.000000,1.145449
-24.876569,34.231739,-36.214878,-0.251259,0.493237,-0.554092,0.000000,0.000000,0.000000,1.039033
3082127.613467,-2415021.488787,-15302004.098658,44030.672992,-34500.390399,-218600.051448,0.000000,0.000000,0.000000,0.967435
-19011.490771,-40630.331598,54672.062449,-271.363773,-580.437571,781.026547,0.000000,0.000000,0.000000,0.960485
-493.504170,-965.474634,280.344714,-6.717650,-13.788429,4.012094,0.000000,0.000000,0.000000,1.143574
-102.064951,-249.060429,149.150188,-1.016815,-3.500681,2.130504,0.000000,0.000000,0.000000,1.168897
-318.829266,-7.026602,-256.043088,-4.161098,0.057761,-3.653323,0.000000,0.000000,0.000000,0.838668
-38411626116064.484375,-89827000097106.562500,-83232650891598.875000,-548737515943.600403,-1283242858530.135498,-1189037869879.978271,0.000000,0.000000,0.000000,1.128160
1660320.011909,2371885.235683,-304938.593616,23719.121575,33884.056300,-4356.263119,0.000000,0.000000,0.000000,0.965061
-1.636402,66.844126,72.593892,0.366388,0.782919,1.035600,0.000000,0.000000,0.000000,1.188821
124.931397,26.605726,-246.988408,2.046220,0.468083,-3.531930,0.000000,0.000000,0.000000,1.098564
-32.540763,40.944284,38.680246,-0.285175,0.403036,0.556130,0.000000,0.000000,0.000000,1.096919
390.451597,1009.834358,-4405.993195,5.752251,14.444284,-63.114100,0.000000,0.000000,0.000000,1.116244
-821946.337658,-622240.449530,-769376.075240,-11741.878105,-8889.009428,-10991.080962,0.000000,0.000000,0.000000,0.936039
-12.838927,14.601969,-30.136951,0.038286,0.073872,-0.680098,0.000000,0.000000,0.000000,1.016946
-76.547744,158.931640,49.768828,-0.991381,2.271332,0.706761,0.000000,0.000000,0.000000,0.862081
-8499141185.323744,-5694291908.753108,651513866.923290,-121416302.493383,-81347027.419250,9307340.948911,0.000000,0.000000,0.000000,0.989079
4534636.014774,-5816842.592713,13619407.135605,64780.800806,-83097.738129,194562.957481,0.000000,0.000000,0.000000,1.194641
-3650712.718858,-23899274.050722,-5768546.027830,-52152.822854,-341418.086453,-82407.796824,0.000000,0.000000,0.000000,1.145137
13140.998144,5809.940722,3313.657153,189.898645,83.533078,47.541915,0.000000,0.000000,0.000000,0.863949
7574.640851,-573.539168,-4500.653509,108.510431,-8.291233,-64.289246,0.000000,0.000000,0.000000,1.021176
-32791126.739143,1326058.527553,6389529.211250,-468444.448601,18943.768422,91278.982231,0.000000,0.000000,0.000000,0.860530
-42465007.481632,3116497506.367978,-5683876557.279932,-606642.595694,44521392.791840,-81198236.532393,0.000000,0.000000,0.000000,0.853743
-55933073.431500,129560014.635678,184581886.615666,-799043.464204,1850857.259651,2636884.094877,0.000000,0.000000,0.000000,1.170574
-213.089581,-148.224974,5.428613,-2.832444,-2.125984,0.029846,0.000000,0.000000,0.000000,1.096211
1300807.009709,8607556.226588,5176631.546452,18583.388271,122965.217688,73951.881690,0.000000,0.000000,0.000000,1.004855
-6491041196.927727,-39804161586.117020,-70626200656.701462,-92729159.651955,-568630879.817475,-1008945723.671253,0.000000,0.000000,0.000000,0.810410
-3278.489940,-5717.444731,5033.384433,-46.608104,-81.610641,71.906368,0.000000,0.000000,0.000000,1.088580
-9.119332,-1192.815800,-388.196767,-0.002715,-18.536426,-6.118736,0.000000,0.000000,0.000000,1.121250
5175.797614,1556.813954,2879.676511,74.331965,22.264184,41.134127,0.000000,0.000000,0.000000,1.036524
17009.053845,25721.604744,4722.409291,243.876737,368.651002,67.656695,0.000000,0.000000,0.000000,0.857043
-40479.940151,52336.055881,-24177.060409,-578.014804,747.647807,-345.380887,0.000000,0.000000,0.000000,0.882167
-1635.462069,395.583871,-2170.032607,-23.102986,5.584003,-30.995114,0.000000,0.000000,0.000000,1.122901
240492.971448,134003.770758,-195934.615352,3435.905814,1914.313668,-2799.062159,0.000000,0.000000,0.000000,1.017835
-44.839665,12.536018,48.130578,-0.556108,0.159559,0.684757,0.000000,0.000000,0.000000,0.997220
122117.287282,69063.970203,-72928.922074,1744.701003,986.642724,-1041.838346,0.000000,0.000000,0.000000,0.847091
59742.220094,2944082.204986,-2537652.642393,853.772034,42058.474472,-36252.178038,0.000000,0.000000,0.000000,1.114930
-1038551751.789089,74232760.020865,1838258665.228751,-14836453.306775,1060467.991390,26260838.077380,0.000000,0.000000,0.000000,1.122911
5649.799355,-9258.133900,4082.518687,81.055229,-132.282052,58.323016,0.000000,0.000000,0.000000,0.856832
-68320.259135,206122.772881,688149.425268,-975.801311,2944.667850,9830.705377,0.000000,0.000000,0.000000,1.035512
-496.283149,-851.085187,949.487639,-6.783850,-12.123985,13.558858,0.000000,0.000000,0.000000,0.819653
1910.779902,-1496.201024,6591.359454,27.417804,-21.293545,94.159753,0.000000,0.000000,0.000000,1.113768
-16694.585488,33197.418404,12620.627857,-238.221013,474.359205,180.297900,0.000000,0.000000,0.000000,1.090717
3.623539,0.320268,47.872092,0.787779,0.457657,0.602614,0.000000,0.000000,0.000000,0.901490
-298646.417000,54008.938398,-18938.975514,-4265.965121,771.384482,-270.558709,0.000000,0.000000,0.000000,0.942367
839441939.919128,2533448234.032093,476978899.115018,12547712.561109,37869181.286659,7129729.403341,0.000000,0.000000,0.000000,1.195784
782.203400,10730.294536,314.828097,11.392336,153.456114,4.503134,0.000000,0.000000,0.000000,1.077158
5718654213.080849,1148657092.514225,-6509858991.687683,81695060.435669,16409386.968556,-92997985.592166,0.000000,0.000000,0.000000,1.091971
-25284.311570,22059.737419,32161.757226,-361.072107,315.245743,459.449416,0.000000,0.000000,0.000000,1.096610
30.535704,233.393699,528.343591,0.754589,3.214095,7.543083,0.000000,0.000000,0.000000,1.192966
22117.283011,-11507.808765,11843.917645,316.133512,-164.358490,169.193723,0.000000,0.000000,0.000000,1.000032
-2898.899662,11096.334407,-5691.707383,-41.314143,158.461775,-81.311564,0.000000,0.000000,0.000000,0.824119
-130.690752,-337.480616,558.078105,-1.422150,-4.807647,7.992117,0.000000,0.000000,0.000000,0.885948
-5584.280346,12473.871235,1408.665845,-79.528458,178.236990,20.127820,0.000000,0.000000,0.000000,1.177809
179884.825853,192603.118994,127350.565781,2570.015520,2751.480979,1819.290525,0.000000,0.000000,0.000000,1.032353
-1452462.069868,-2253257.760847,1106083.676416,-20749.155451,-32189.398925,15801.199200,0.000000,0.000000,0.000000,1.026992
1662203.217158,-1331374.131122,-126428.251773,23746.079935,-19019.482260,-1806.111801,0.000000,0.000000,0.000000,0.929951
-5631.964601,329259.123490,294733.654754,-80.223317,4703.749163,4210.474580,0.000000,0.000000,0.000000,0.867581
-13566.651474,13744.031108,-6273.133253,-193.451933,196.410754,-89.618179,0.000000,0.000000,0.000000,1.128076
-1693.050733,-4313.654136,4637.877631,-23.974666,-61.650916,66.249495,0.000000,0.000000,0.000000,0.870115
19680.666015,14753.806115,-22284.261283,281.584093,210.703845,-318.348654,0.000000,0.000000,0.000000,1.103878
-3098.988188,1209.944368,-2000.076004,-44.053320,17.255312,-28.573343,0.000000,0.000000,0.000000,1.171799
35.411881,29.500028,115.295154,0.675238,0.418486,1.739429,0.000000,0.000000,0.000000,0.946411
225.397642,-34.437173,-62.221148,4.414358,-0.370540,-1.299600,0.000000,0.000000,0.000000,1.035227
-446.248762,595.391811,-1466.693288,-6.031945,8.677234,-20.988030,0.000000,0.000000,0.000000,1.125308
-61.121971,47.596763,-17.867374,-0.723759,0.660220,-0.269681,0.000000,0.000000,0.000000,1.059288
-12.288393,14.794184,20.404535,0.125673,0.358446,0.209724,0.000000,0.000000,0.000000,0.870182
-152159.408688,-19814.201936,123560.857949,-2173.490004,-282.925737,1765.149969,0.000000,0.000000,0.000000,1.017779
192740095954.467285,-70930636354.123444,97179942588.972260,2753429942.617560,-1013294805.186872,1388284894.129555,0.000000,0.000000,0.000000,1.127300
-20959297132014.234375,-61001715928393.703125,766078249765006.750000,-299418530457.062317,-871453084691.314087,10943974996643.095703,0.000000,0.000000,0.000000,1.186622
-58168955.471849,98849132.440083,-10304368.831111,-830984.822036,1412130.582630,-147205.271113,0.000000,0.000000,0.000000,1.158315
-2298659.898687,-4359058.986993,-1171563.857129,-32837.698363,-62272.277125,-16736.620747,0.000000,0.000000,0.000000,1.037564
35.664157,1381.537457,-754.426436,0.948240,19.776119,-10.780970,0.000000,0.000000,0.000000,1.186762
-47645242.417630,45076547.314567,-3391544.925310,-680646.037319,643950.689511,-48450.639212,0.000000,0.000000,0.000000,0.818528
-12.163910,-48.639492,59.783318,0.021934,-0.597156,0.883137,0.000000,0.000000,0.000000,1.121757
-3594676306.677069,8181475995.612725,-6382574689.350818,-51721961.025370,117719078.950590,-91835607.048082,0.000000,0.000000,0.000000,1.073467
-69.408947,9.346598,45.122888,-0.724639,0.163848,0.666990,0.000000,0.000000,0.000000,1.014512
-15.990261,-2.430003,91.843579,0.073108,0.002936,1.489658,0.000000,0.000000,0.000000,0.943921
602.810912,1581.958488,-3298.757392,8.859416,22.739721,-47.327524,0.000000,0.000000,0.000000,1.095259
1876680.911642,778390.060344,-1107188.543364,26809.965403,11119.853364,-15816.980049,0.000000,0.000000,0.000000,1.136821
1361202.125941,-442628.291628,-1887752.036424,19445.976427,-6323.201654,-26967.889152,0.000000,0.000000,0.000000,1.053030
-2944.283862,-5469.774677,4042.823311,-41.752957,-78.037126,57.750538,0.000000,0.000000,0.000000,0.824072
3.502825,-0.392873,47.119346,0.412217,-0.300591,0.864752,0.000000,0.000000,0.000000,0.835675
1098185168.141094,-83558751.018807,-1974169182.661489,15688359.833735,-1193696.451932,-28202416.890053,0.000000,0.000000,0.000000,1.056174
298427.657255,-90297.937797,92331.611450,4263.644126,-1289.984836,1319.023816,0.000000,0.000000,0.000000,1.031222
533.612498,-105.594796,737.313926,7.942981,-1.489082,10.526052,0.000000,0.000000,0.000000,0.995006
191015.031318,262115.177697,206766.834577,2728.985407,3744.439513,2953.812027,0.000000,0.000000,0.000000,0.868310
-10189.226337,9836.771139,23115.374059,-145.841622,141.216430,331.646442,0.000000,0.000000,0.000000,0.841950
105018.202144,-104621.772463,5806.874076,1500.623779,-1494.550645,82.957555,0.000000,0.000000,0.000000,1.164382
17186.890362,736.521134,1175.521312,245.906384,10.511342,16.788033,0.000000,0.000000,0.000000,0.904045
242.929074,-724.338176,-553.022081,3.671434,-10.433217,-7.894543,0.000000,0.000000,0.000000,0.855006
73.743386,-2.850632,-12.564829,1.360786,-0.171773,-0.201200,0.000000,0.000000,0.000000,0.966268
-2.484550,7.145347,7.525404,0.125873,0.264521,0.084582,0.000000,0.000000,0.000000,1.128423
33.853214,-28.410795,35.908886,1.009631,-0.254019,0.458301,0.000000,0.000000,0.000000,1.066786
-14881.997193,-2524.002136,763.019859,-212.213138,-36.067046,10.895534,0.000000,0.000000,0.000000,0.982279
-92.992332,-0.349318,65.175461,-1.162366,-0.197735,0.981056,0.000000,0.000000,0.000000,0.972173
575852220608.983521,-9520751755.801056,-229237802875.964783,8226460294.709579,-136010739.400926,-3274825755.364722,0.000000,0.000000,0.000000,0.907171
-97794.318693,-540780.978762,-274297.458469,-1396.750413,-7725.552673,-3918.534141,0.000000,0.000000,0.000000,1.157134
327658.515508,-348503.530058,-48721.677246,4681.016647,-4978.689469,-696.027538,0.000000,0.000000,0.000000,0.806333
8.599439,-28.384895,47.880425,0.532423,-0.424411,0.571161,0.000000,0.000000,0.000000,1.141493
11919.089846,-5164.326268,-1250.869706,170.663690,-73.809044,-17.902686,0.000000,0.000000,0.000000,0.876037
-6501.167829,-28565.064564,15946.902511,-92.662184,-408.216051,227.811374,0.000000,0.000000,0.000000,0.995454
-4373158855.059912,-1024871989.241671,7365532284.084292,-62473697.678958,-14641028.484789,105221889.774211,0.000000,0.000000,0.000000,0.856559
296.431758,24508.940214,-34404.439015,4.593376,352.731952,-495.026842,0.000000,0.000000,0.000000,0.845643
9397034.986635,8948244.252041,-59017274.005137,134243.652535,127832.081094,-843103.911887,0.000000,0.000000,0.000000,0.863715
-39.759852,17.585105,52.235904,-0.435525,0.085300,0.800046,0.000000,0.000000,0.000000,1.166219
16.184435,10.161769,102.782049,0.425137,0.114348,1.619513,0.000000,0.000000,0.000000,0.816255
-7390.199474,5087.558033,-2094.971770,-110.276430,76.246696,-31.433951,0.000000,0.000000,0.000000,0.824722
-165.917278,1.304147,88.702347,-2.132671,-0.104048,1.276914,0.000000,0.000000,0.000000,1.120337
-215.858453,-528.193854,-335.091725,-3.029146,-7.775335,-4.762150,0.000000,0.000000,0.000000,1.105116
1547.403445,680.284064,-1082.881821,22.376126,9.707344,-15.492905,0.000000,0.000000,0.000000,1.170362
59216900.944123,-137186881.277432,-195448458.598946,845956.168932,-1959812.680108,-2792120.834115,0.000000,0.000000,0.000000,1.105545
-14836.103312,8975.718120,-7544.256106,-211.636205,128.124255,-107.772392,0.000000,0.000000,0.000000,0.842723
-55748.828742,9251.304135,23346.840973,-795.955453,132.231994,333.527456,0.000000,0.000000,0.000000,1.182668
3012936.049682,4984945.705856,738845.569275,43042.321544,71213.502811,10554.941429,0.000000,0.000000,0.000000,0.915218
-244.923354,-2168.070078,4477.858192,-3.302714,-31.058843,64.237520,0.000000,0.000000,0.000000,0.824622
16817.034230,24591.720951,36582.707734,240.511760,351.300381,522.603110,0.000000,0.000000,0.000000,1.086065
11.217167,45.187015,3.849832,0.325911,0.851424,0.041783,0.000000,0.000000,0.000000,1.105222
19798.935360,-17540.776938,-2567.264115,283.182898,-250.581878,-36.671883,0.000000,0.000000,0.000000,1.095226
-660074101.166478,575962247.135740,577473667.702204,-9429629.774340,8228032.235783,8249623.826070,0.000000,0.000000,0.000000,0.875471
-122395647.168411,136473875.597724,-21690693.494329,-1748508.947027,1949626.799855,-309867.045163,0.000000,0.000000,0.000000,0.801765
-45.277283,36.029793,40.510350,-0.323803,0.723691,0.628507,0.000000,0.000000,0.000000,1.052456
566.311914,724.111258,-2.003038,8.286130,10.394373,-0.027784,0.000000,0.000000,0.000000,1.141113
320.690336,-1399.328329,-863.283112,4.868943,-19.959970,-12.332085,0.000000,0.000000,0.000000,1.065021
10365.896819,13414.674666,3035.976252,148.366618,191.644665,43.368223,0.000000,0.000000,0.000000,0.945873
-31.821425,-957.112081,228.676100,-0.385394,-14.146852,3.364140,0.000000,0.000000,0.000000,0.991486
185155.470511,196465.906111,17758.923111,2714.993375,2880.686724,260.380113,0.000000,0.000000,0.000000,0.958720
-100487.560019,56920.015978,-24120.589285,-1435.204894,813.163474,-344.574088,0.000000,0.000000,0.000000,1.155730
962.940615,3368.094561,-79.859494,14.039645,48.015667,-1.145169,0.000000,0.000000,0.000000,1.181506
4011696.255337,28570096.276609,4880110.037055,57310.204659,408144.192028,69715.858135,0.000000,0.000000,0.000000,0.864553
41352972688173.695312,-35939257330274.289062,-56831533760068.476562,590756752688.542358,-513417961861.097961,-811879053715.268066,0.000000,0.000000,0.000000,1.198089
14.956284,-9.807640,32.615193,0.845950,-0.226284,0.737411,0.000000,0.000000,0.000000,1.140690
15.819616,-10.118500,31.899457,0.368322,0.205976,0.151337,0.000000,0.000000,0.000000,0.919415
-2867.866266,-1203.434786,2013.634330,-41.464742,-17.399707,29.172100,0.000000,0.000000,0.000000,0.886350
-62540.295481,79447.418209,-96272.240439,-893.117992,1135.116609,-1375.311386,0.000000,0.000000,0.000000,1.120723
-125971401.057588,127773331.339408,37161436.528530,-1799591.156091,1825333.344173,530877.667997,0.000000,0.000000,0.000000,0.822960
385457.488415,-871837.048524,187242.028472,5506.711468,-12454.754875,2674.887496,0.000000,0.000000,0.000000,1.093680
-3723.445134,2778.968777,-2417.024890,-52.927491,39.579390,-34.523205,0.000000,0.000000,0.000000,0.899880
56640.665457,380479.304694,289860.099791,814.142439,5466.766231,4164.650158,0.000000,0.000000,0.000000,0.907983
-148.029471,-29.042919,90.948085,-1.718202,-0.541397,1.323120,0.000000,0.000000,0.000000,0.871534
4499286.761606,-9896913.436213,2347396.937068,64275.794536,-141384.499005,33534.235430,0.000000,0.000000,0.000000,0.990089
-267216845.375848,87129188.422400,-143449996.774243,-3817383.214786,1244702.709422,-2049285.668280,0.000000,0.000000,0.000000,0.961192
-22520.282298,-18533.645943,-28907.375883,-321.541289,-264.899892,-412.962891,0.000000,0.000000,0.000000,1.034270
292.382739,-323.954066,376.327377,4.372047,-4.449082,5.377573,0.000000,0.000000,0.000000,0.875531
104.314021,-27.061299,0.012490,1.608866,-0.426410,-0.023536,0.000000,0.000000,0.000000,0.844017
-1386.912588,-1136.022731,2602.938759,-19.366135,-16.303048,37.183543,0.000000,0.000000,0.000000,1.053551
218.707591,-318.043626,340.359391,3.425466,-4.707261,4.860543,0.000000,0.000000,0.000000,1.142860
975.411403,-1959.469968,-1366.418999,14.327478,-27.938751,-19.522851,0.000000,0.000000,0.000000,1.051468
1869850.488550,10667023.272310,12448318.459016,26712.451510,152386.028618,177833.120969,0.000000,0.000000,0.000000,1.093388
-156082.185869,-701842.649206,42543.182270,-2229.450499,-10026.286174,607.764817,0.000000,0.000000,0.000000,1.093652
135.164998,3174.022480,2104.358710,2.187372,45.329917,30.055317,0.000000,0.000000,0.000000,0.999280
404.803349,70.601121,172.459337,6.129878,0.808686,2.456355,0.000000,0.000000,0.000000,1.139585
-252586.282116,-54082.120580,-143455.594884,-3608.164775,-772.627232,-2049.361095,0.000000,0.000000,0.000000,0.980556
-7556.408337,22526.829905,9071.950165,-107.560223,321.967532,129.594317,0.000000,0.000000,0.000000,1.084633
-51.226030,-362.655055,-434.672138,-0.590937,-5.184270,-6.215556,0.000000,0.000000,0.000000,1.008290
-55706.939810,-412177.007547,-230082.698100,-795.515882,-5888.388429,-3286.898934,0.000000,0.000000,0.000000,0.913202
1512.475243,-1485.888648,259.931694,21.980939,-21.165089,3.706991,0.000000,0.000000,0.000000,1.090817
1040.034147,4303.221403,1579.216910,15.071214,61.577363,22.560234,0.000000,0.000000,0.000000,0.966068
699488.075641,-1510037.212417,-209257.118904,9992.981068,-21571.924091,-2989.391129,0.000000,0.000000,0.000000,0.824455
805170.272781,-239711.557602,149854.776646,11502.638929,-3424.573679,2140.784969,0.000000,0.000000,0.000000,0.996795
-856.503007,2053.065363,-4083.631968,-11.975446,29.386173,-58.331274,0.000000,0.000000,0.000000,1.192100
-5584.139710,3277.754814,-4087.151513,-79.678520,46.896927,-58.465462,0.000000,0.000000,0.000000,1.024388
-7660658.514956,7948332.269903,-16131488.697921,-109437.691568,113547.615651,-230449.836352,0.000000,0.000000,0.000000,1.084571
-15861.507134,-3908.235245,344.623252,-227.997583,-56.496195,4.761266,0.000000,0.000000,0.000000,0.924416
-50214.582206,19002.475193,80057.985928,-717.053741,271.480735,1143.678765,0.000000,0.000000,0.000000,0.928617
8534.831480,-3653.881190,6722.305389,122.252088,-52.082216,96.027020,0.000000,0.000000,0.000000,0.808000
-21607.039633,9799.101312,-767.203254,-309.216241,140.320849,-10.990713,0.000000,0.000000,0.000000,0.956997
2880205.837590,-26821904.993150,-12046464.114786,41146.093197,-383170.059461,-172092.338501,0.000000,0.000000,0.000000,0.876427
5108.561163,393.535898,3326.440543,73.359090,5.783301,47.513748,0.000000,0.000000,0.000000,1.094605
-56.930875,45.863214,58.517975,-0.606103,0.506804,0.869955,0.000000,0.000000,0.000000,0.829318
880314879.878956,90585816.363287,174287658.918917,12575927.094898,1294083.014801,2489823.694850,0.000000,0.000000,0.000000,1.063083
17010095.844604,27241058.136991,4570544.274951,243001.660718,389158.132575,65293.492602,0.000000,0.000000,0.000000,0.959562
53612.041202,21649.336361,2861.459762,766.078699,309.090786,40.884572,0.000000,0.000000,0.000000,0.846626
247549446.703175,113342217.600028,1987867.038681,3536420.966928,1619174.528525,28398.093421,0.000000,0.000000,0.000000,0.884445
469455.980125,-6976805.634552,-1688674.454468,6706.809290,-99668.627216,-24123.917290,0.000000,0.000000,0.000000,1.077336
-19443.363320,2609.543916,-7094.241580,-277.638754,37.323121,-101.341167,0.000000,0.000000,0.000000,1.143288
-2952358.586207,6328007.048013,-6152409.030336,-42176.334814,90400.092935,-87891.551226,0.000000,0.000000,0.000000,1.163000
-2712660151.651553,-326859590.761452,705214836.339290,-38752287.627640,-4669422.791898,10074497.662885,0.000000,0.000000,0.000000,1.036448
-71.145625,-17.154034,121.506898,-0.771446,-0.376666,1.941594,0.000000,0.000000,0.000000,1.093057
17.299494,267.042699,174.935027,0.567437,3.606506,2.497007,0.000000,0.000000,0.000000,0.957869
1303898708706.747559,2298265207015.539062,826252221762.598022,18627124410.383301,32832360100.392315,11803603168.040512,0.000000,0.000000,0.000000,1.016228
14183712.708493,6062063.293525,28068695.730738,202624.749658,86600.920189,400981.367048,0.000000,0.000000,0.000000,1.159158
-330982.104535,-409516.474679,82212.469538,-4728.085156,-5850.285888,1174.459539,0.000000,0.000000,0.000000,0.914799
-2974365.966212,718626.654113,1143931.581767,-42490.657918,10266.079594,16341.884036,0.000000,0.000000,0.000000,0.946914
2176.074725,1527.076615,-1720.650618,31.410886,21.700355,-24.617431,0.000000,0.000000,0.000000,1.151416
10.576552,-1663.293199,850.292045,0.588970,-23.711680,12.140677,0.000000,0.000000,0.000000,1.075848
-1699555648.261139,288898109.330407,-637183660.718049,-24279366.122111,4127115.866920,-9102623.722665,0.000000,0.000000,0.000000,1.096484
-32558482.157059,31252606.387114,1073462.336299,-465120.801572,446465.839289,15335.182822,0.000000,0.000000,0.000000,0.876089
20.792735,148.484731,327.163743,0.467344,2.435198,5.049377,0.000000,0.000000,0.000000,0.852677
-5340.552754,30670.044689,1511.955599,-76.034420,438.137263,21.596020,0.000000,0.000000,0.000000,1.074863
-396.755057,-165.004089,-612.455096,-5.340302,-2.478446,-8.750533,0.000000,0.000000,0.000000,0.932659
-6604.486532,9638.135759,-11804.534755,-94.243272,137.945005,-168.864357,0.000000,0.000000,0.000000,0.968753
-37.497855,-54.222473,-43.134560,-0.508128,-1.105360,-0.871185,0.000000,0.000000,0.000000,0.955005
2114568549.128254,7651574311.160566,-4323812917.589360,30208122.399417,109308204.445826,-61768755.970517,0.000000,0.000000,0.000000,1.158609
-179034831.394665,-99127091.770403,-184700102.792693,-2557640.156321,-1416101.296277,-2638572.897677,0.000000,0.000000,0.000000,0.918582
-4845336.102744,672022.555859,2994172.464896,-69516.573952,9641.643561,42957.987264,0.000000,0.000000,0.000000,1.040780
107773.407772,22031.079262,82273.316678,1539.841063,314.821729,1175.332598,0.000000,0.000000,0.000000,0.927107
374390.881481,-64618.754351,158777.099891,5348.669889,-923.132897,2268.247077,0.000000,0.000000,0.000000,1.128084
17.351980,24.281577,-9.906904,0.517604,0.314084,-0.227938,0.000000,0.000000,0.000000,0.946045
111151.906435,15396.232733,-45936.122441,1588.184975,219.875613,-656.231154,0.000000,0.000000,0.000000,1.127063
-179.296240,12.838946,378.769137,-2.296033,0.276358,5.404648,0.000000,0.000000,0.000000,0.884658
19594492.210227,-10944174.015303,-7169388.593610,279921.614543,-156345.366331,-102419.832433,0.000000,0.000000,0.000000,1.087730
-427951673.868346,-1961840314.061879,-674900288.153503,-6113595.014174,-28026290.186188,-9641432.688319,0.000000,0.000000,0.000000,0.954176
1842758.665757,-28967396.356645,-10948609.053989,26325.416122,-413819.941371,-156408.700650,0.000000,0.000000,0.000000,1.047518
-100696287761.902542,-32372971408.549797,-117383162340.056900,-1438518396.278161,-462471020.064692,-1676902319.146167,0.000000,0.000000,0.000000,1.052604
27797.279366,23812.102295,36567.721909,397.277314,340.036201,522.390783,0.000000,0.000000,0.000000,0.834774
-2361599.838201,25996459.697524,11242544.446498,-33736.847891,371377.998637,160607.776363,0.000000,0.000000,0.000000,1.193051
33521.388470,-111654.513033,-236877.694193,479.218071,-1595.145100,-3383.962975,0.000000,0.000000,0.000000,0.850615
-29.848770,0.514156,25.396026,-0.348389,0.064400,0.222208,0.000000,0.000000,0.000000,0.985159
-62.393158,17.960333,36.606343,-0.645980,0.093279,0.592659,0.000000,0.000000,0.000000,0.970887
-18897631.265915,6112372.404441,7360659.528183,-269965.957621,87319.715439,105152.283419,0.000000,0.000000,0.000000,0.913613
1210.791118,-1951.968424,-1022.496029,17.465337,-27.892573,-14.605834,0.000000,0.000000,0.000000,0.851217
13314.375781,4328.284412,-11962.253494,197.225440,64.202804,-176.872977,0.000000,0.000000,0.000000,1.013071
55986103.797590,-52454318.940610,-80792730.075418,799801.782055,-749347.423486,-1154181.851286,0.000000,0.000000,0.000000,1.028262
3492470727.608302,-7948856711.506759,6201102530.917500,50251377.596639,-114372039.135637,89224496.839248,0.000000,0.000000,0.000000,1.104882
4541.066299,-26031.725090,-10528.309848,65.142446,-371.765629,-150.398962,0.000000,0.000000,0.000000,1.173870
-2071525.476400,-6018617.008788,301783.252625,-29593.003251,-85980.246362,4311.195361,0.000000,0.000000,0.000000,0.886806
-523488.924263,1136406.485969,165081.580884,-7478.116775,16234.409806,2358.303929,0.000000,0.000000,0.000000,1.093609
114.300725,420.373703,468.756285,1.794645,5.994553,6.709772,0.000000,0.000000,0.000000,0.962762
472.202828,38.347236,-381.195484,7.121725,0.557932,-5.441167,0.000000,0.000000,0.000000,0.894744
-321853.739821,56955.232541,-13461.844569,-4597.515545,813.550118,-192.312778,0.000000,0.000000,0.000000,1.125705
-13121.353906,-12985.357994,420.651799,-187.081449,-185.516425,6.012105,0.000000,0.000000,0.000000,0.809324
32969687.369304,-25132878.891406,-76720948.378853,473023.088088,-360586.586890,-1100730.953338,0.000000,0.000000,0.000000,1.127365
73.654682,-35.834791,5.121451,1.359569,-0.432117,0.199626,0.000000,0.000000,0.000000,1.136320
2260.189047,-841.081740,53.411677,32.473452,-12.154422,0.766512,0.000000,0.000000,0.000000,0.819373
-759395.608634,555106.543482,1215081.900588,-10848.226742,7930.079301,17358.312235,0.000000,0.000000,0.000000,1.126828
-5634660589.257387,111249580569.051544,150683350419.080963,-80495151.033747,1589279722.516776,2152619291.699958,0.000000,0.000000,0.000000,0.889062
660.746174,-9244.624656,-5480.075184,9.807927,-132.069710,-78.287687,0.000000,0.000000,0.000000,1.027043
132723.757837,-259611.021627,-339279.909776,1896.316431,-3708.743948,-4846.849151,0.000000,0.000000,0.000000,1.160073
16328877.824119,-5281485.630157,-6360039.056149,233269.882820,-75449.683858,-90857.694915,0.000000,0.000000,0.000000,1.057339
20273.760262,-16014.939283,-1780.270022,290.788599,-229.504792,-25.504813,0.000000,0.000000,0.000000,0.803405
16121.713960,-2492.765603,8791.969715,230.585734,-35.669339,125.592682,0.000000,0.000000,0.000000,0.851926
-505.132770,-102.034342,-410.934706,-6.891265,-1.494247,-5.863514,0.000000,0.000000,0.000000,1.016284
-509.243600,338.185470,334.679982,-6.918517,4.699138,4.774301,0.000000,0.000000,0.000000,0.811855
-9669901.768362,87772746.848154,-31788603.341182,-138141.151511,1253896.346164,-454122.903146,0.000000,0.000000,0.000000,0.810598
-908817.082182,-212418.963177,566189.170849,-12982.676030,-3034.548957,8088.417295,0.000000,0.000000,0.000000,0.961358
-18.555547,-26.935337,43.266111,-0.196952,-0.226459,0.655980,0.000000,0.000000,0.000000,0.986693
3871.497093,-14733.798853,6212.806800,59.921846,-226.835100,95.542036,0.000000,0.000000,0.000000,0.825082
-211365.102800,-345796.791204,-1326667.080246,-3019.195687,-4939.856365,-18952.381621,0.000000,0.000000,0.000000,0.868226
-65.978191,-13.393069,3.950552,-0.627653,-0.222239,-0.054380,0.000000,0.000000,0.000000,1.153287
1027.572405,1781.955310,-496.519495,14.961091,25.407213,-7.088173,0.000000,0.000000,0.000000,0.870447
2318.408934,2595.106580,3358.980330,33.240332,36.984162,47.983961,0.000000,0.000000,0.000000,0.987682
1400.060694,-1678.557164,-1585.718621,20.390609,-23.947695,-22.653307,0.000000,0.000000,0.000000,0.878281
2016.930387,-498.138066,527.201853,29.135949,-7.281212,7.530699,0.000000,0.000000,0.000000,1.176964
-430289.287401,341272.939773,-1390986.344193,-6146.663417,4875.350904,-19871.227811,0.000000,0.000000,0.000000,0.985321
3513.838505,4473.858645,-40372.634404,50.458845,64.054929,-576.745830,0.000000,0.000000,0.000000,0.864344
-124198.411991,76251.703981,124113.409793,-1773.955005,1089.216979,1773.047260,0.000000,0.000000,0.000000,0.892454
169561.908394,319593.274952,929506.959407,2493.639021,4700.162869,13669.222212,0.000000,0.000000,0.000000,1.115895
-229276755.395361,-104934071.695986,-1817467.873708,-3275381.917136,-1499058.174303,-25963.833875,0.000000,0.000000,0.000000,0.955103
-68.731079,540.633421,708.709753,-0.560109,7.707440,10.151805,0.000000,0.000000,0.000000,0.913098
-138.010476,321.558461,-84.469255,-2.022048,5.123000,-1.373940,0.000000,0.000000,0.000000,0.890366
-40.458662,71.241571,84.393282,-0.469845,1.091291,1.376811,0.000000,0.000000,0.000000,0.980274
-93393.285416,-59810.802152,-56740.823058,-1333.965913,-854.377498,-810.577040,0.000000,0.000000,0.000000,1.109128
32.980074,76.560466,-239.725406,0.651572,1.039925,-3.417796,0.000000,0.000000,0.000000,1.108792
870.644394,25.365319,1057.987796,12.730342,0.430711,15.111429,0.000000,0.000000,0.000000,1.171583
-14948.723028,15086.917139,-12626.039184,-213.213436,215.478802,-180.372633,0.000000,0.000000,0.000000,1.020912
-1885.066439,-1853.316435,1299.830722,-26.722443,-26.536105,18.589550,0.000000,0.000000,0.000000,1.076698
-144994.231966,-230301.260413,286087.064379,-2071.171508,-3290.028897,4086.951637,0.000000,0.000000,0.000000,1.124017
3035858.179920,339713.954680,4113934.366095,43369.553147,4853.135150,58770.493875,0.000000,0.000000,0.000000,1.142295
1373.855742,974.875958,-345.412356,19.925164,14.018417,-4.932232,0.000000,0.000000,0.000000,0.864710
6582737.797439,-7108032.038789,2168167.811366,94039.364201,-101543.265694,30973.825649,0.000000,0.000000,0.000000,1.100182
-94.573683,-13.394513,-13.264313,-1.392369,-0.091999,-0.002083,0.000000,0.000000,0.000000,0.897377
-34.286370,37.118664,-11.488304,-0.157675,0.498011,-0.207760,0.000000,0.000000,0.000000,1.039522
467298.818074,309385.218998,-51691.702867,6676.018892,4419.791156,-738.453806,0.000000,0.000000,0.000000,1.185663
-18.344589,14.332289,44.873972,0.247782,0.195824,0.698681,0.000000,0.000000,0.000000,0.833635
-835740577.096603,289971311.517165,436030636.295824,-11939150.824197,4142447.312102,6229009.095754,0.000000,0.000000,0.000000,1.155855
13101.216619,-5276.597608,3550.121904,187.431447,-75.336592,50.713132,0.000000,0.000000,0.000000,1.125171
-1418.208248,470.876622,445.156607,-20.902537,6.782916,6.436966,0.000000,0.000000,0.000000,0.805200
14.807154,-305.533222,-188.982843,-0.081864,-4.531514,-2.692407,0.000000,0.000000,0.000000,1.010085
-1376.902388,3772.532377,-2353.282531,-20.125577,54.165727,-33.760262,0.000000,0.000000,0.000000,1.094638
-570.492770,-506.931541,190.020508,-8.372038,-7.379677,2.729773,0.000000,0.000000,0.000000,1.078279
2400174027.503770,611464962.273393,8893707981.058899,34288200.114468,8735213.754954,127052971.160069,0.000000,0.000000,0.000000,1.152899
-2861.823152,-5905.193860,-409.536557,-41.120378,-84.216834,-5.855811,0.000000,0.000000,0.000000,1.085728
-2567.284933,-580.687156,456.016924,-36.804117,-8.256789,6.511022,0.000000,0.000000,0.000000,0.848772
2.962471,56.302664,-60.306445,-0.329998,0.785881,-0.895890,0.000000,0.000000,0.000000,0.980531
-362.255827,-602.772803,472.742331,-5.330423,-8.656348,6.749684,0.000000,0.000000,0.000000,1.000139
-7752830.206240,1832985.469526,-20795824.018800,-110755.031668,26185.509167,-297083.195816,0.000000,0.000000,0.000000,1.010837
14720941.837378,20652046.012422,-17593690.692295,210298.923957,295029.178107,-251338.441747,0.000000,0.000000,0.000000,0.954164
-16769.829698,7287.844268,15107.209670,-239.951664,104.103487,215.812462,0.000000,0.000000,0.000000,1.044827
45.669538,-182.423396,79.729997,0.545901,-2.556430,1.132836,0.000000,0.000000,0.000000,0.940580
-193654664.226452,-324442701.163796,8408092.323132,-2766495.475657,-4634895.720654,120115.608429,0.000000,0.000000,0.000000,0.898207
911.750125,1510.388482,-641.675686,12.981422,21.839578,-9.234246,0.000000,0.000000,0.000000,0.966543
-313122.054154,25322.171167,203443.166128,-4473.438153,361.842448,2906.332160,0.000000,0.000000,0.000000,1.179068
8.997685,91.748540,-31.286100,-0.215292,1.284285,-0.438836,0.000000,0.000000,0.000000,1.143497
-3.575491,15.525282,0.758679,-0.549345,0.164752,0.001213,0.000000,0.000000,0.000000,1.020994
174.234017,-180.016412,-209.145054,2.323839,-2.502417,-3.035816,0.000000,0.000000,0.000000,1.156391
-16.075262,-1094.530147,-1712.996938,-0.348199,-15.696735,-24.465473,0.000000,0.000000,0.000000,0.965299
17834.793035,-7114.161128,1352.498346,254.395553,-101.499693,19.326692,0.000000,0.000000,0.000000,1.030297
50939.748527,-90578.660557,-43343.792432,727.406989,-1293.899735,-619.199180,0.000000,0.000000,0.000000,1.162622
-208.986164,83.992623,133.145098,-3.430084,1.176279,1.887425,0.000000,0.000000,0.000000,0.963892
42227.751187,71419.093536,6191.028474,602.859634,1020.169077,88.443465,0.000000,0.000000,0.000000,0.803676
-90056.764586,-53228.760808,-18376.830452,-1286.833231,-760.471407,-262.521295,0.000000,0.000000,0.000000,0.978531
-72.823187,98.904237,83.163133,-1.409351,1.345290,1.270788,0.000000,0.000000,0.000000,1.185931
-553.078264,-613.128427,-178.284481,-8.135977,-8.896473,-2.581869,0.000000,0.000000,0.000000,0.975066
-263767.055453,110183.191578,203568.296653,-3779.322855,1578.444210,2916.448997,0.000000,0.000000,0.000000,1.173821
51.837559,29.817486,-78.210677,0.510943,0.513721,-1.132068,0.000000,0.000000,0.000000,0.806426
31.933433,385.611853,50.163147,0.183921,5.626165,0.770807,0.000000,0.000000,0.000000,0.906176
658460.619416,423762.621164,-21179.124153,9406.389776,6053.716840,-302.564245,0.000000,0.000000,0.000000,1.158930
723.600611,-227.196925,181.400908,10.106530,-3.388213,2.604452,0.000000,0.000000,0.000000,1.161871
-3191.622930,-3657.184397,-1064.540667,-45.851367,-52.123705,-15.202122,0.000000,0.000000,0.000000,0.996467
-1319546.721669,732571.975614,-406020.909274,-18851.100831,10465.277888,-5800.303433,0.000000,0.000000,0.000000,1.113007
-1126646346465.222900,1812168113499.033203,1690834840646.354004,-16094947806.897778,25888115906.960232,24154783437.801323,0.000000,0.000000,0.000000,1.103689
-3399.315798,2850.807548,-1223.911502,-48.859270,40.908734,-17.486475,0.000000,0.000000,0.000000,1.034387
-241379.889918,-462745.601339,89317.449668,-3448.583616,-6610.638508,1275.967361,0.000000,0.000000,0.000000,0.951720
141404.457543,8843.228725,194377.661172,2019.855931,126.408537,2776.816951,0.000000,0.000000,0.000000,0.850262
4373.595356,2740.514854,-728.925400,62.040655,39.071228,-10.414191,0.000000,0.000000,0.000000,1.178905
2816.588868,274.845859,1434.170404,40.016878,3.844840,20.487506,0.000000,0.000000,0.000000,1.132187
33802.643572,179396.514233,-99516.368454,482.616848,2562.809828,-1421.655527,0.000000,0.000000,0.000000,0.821755
-210152.962447,-86832.095092,151229.416715,-3002.493296,-1240.423067,2160.423040,0.000000,0.000000,0.000000,0.979187
57.275069,24.991498,-46.080023,0.282449,0.276492,-0.886377,0.000000,0.000000,0.000000,0.852776
432.885639,-147.024406,675.320852,5.917553,-2.170939,9.646420,0.000000,0.000000,0.000000,1.154541
519.519257,306.233769,3380.035604,7.162720,4.395077,48.283885,0.000000,0.000000,0.000000,1.067602
150.523422,1.753993,-1480.975398,1.788120,-0.094059,-21.149810,0.000000,0.000000,0.000000,1.154992
-7610.399767,7128.559715,2778.015478,-109.161948,101.767672,39.684667,0.000000,0.000000,0.000000,1.042995
-14611857.962136,-5021109.957568,-3340176.285948,-208741.055191,-71730.343791,-47716.806188,0.000000,0.000000,0.000000,1.020038
32.477569,25.693893,-31.828506,0.235989,0.513074,-0.477338,0.000000,0.000000,0.000000,1.137709
744.087433,-2718.771536,2326.938331,10.303033,-38.960036,33.382524,0.000000,0.000000,0.000000,1.042319
-64.464499,-315.149661,795.893031,-1.061210,-4.586473,11.365862,0.000000,0.000000,0.000000,1.125389
-8716778.658678,-5933228.355040,-496110.978407,-124525.484669,-84760.442591,-7087.294235,0.000000,0.000000,0.000000,0.894271
7495.266798,1002.526790,-1164.772117,107.101866,14.221852,-16.677975,0.000000,0.000000,0.000000,1.128531
458094.296443,8950843.099245,-4144977.261363,6543.862986,127869.360011,-59213.956733,0.000000,0.000000,0.000000,0.968596
340.145684,6348.433730,1746.764320,4.487002,90.782717,24.947010,0.000000,0.000000,0.000000,0.924299
316753651.256889,138538689.923069,134072702.704249,4525051.836804,1979124.275643,1915324.330191,0.000000,0.000000,0.000000,1.078567
-888843.484235,1101903.091448,2394855.621848,-12697.897781,15741.378912,34212.218312,0.000000,0.000000,0.000000,0.911689
548.433421,24762.995551,-3771.385211,7.627544,353.826712,-53.882450,0.000000,0.000000,0.000000,1.111671
-195891.403733,137452.228899,45735.816242,-2798.735203,1963.595855,653.369745,0.000000,0.000000,0.000000,1.044103
-29.245828,-80.751351,-285.446160,-0.777481,-1.308906,-4.149912,0.000000,0.000000,0.000000,0.835333
-45.392255,25.865032,104.456047,-1.201788,0.386895,1.629237,0.000000,0.000000,0.000000,0.826927
1002.937361,-1501.435605,567.306824,13.909689,-21.327963,8.098478,0.000000,0.000000,0.000000,0.975929
-1434.352869,2189.615961,2720.895563,-20.697500,31.339401,38.867114,0.000000,0.000000,0.000000,0.855713
-932.594057,2003.860875,-613.458986,-13.738259,28.601881,-8.757470,0.000000,0.000000,0.000000,0.998780
124.263993,49.899989,-60.139587,1.525841,0.551309,-0.891222,0.000000,0.000000,0.000000,0.849696
-19041328.651784,13314314.928464,-987293.541276,-272798.653751,190749.510825,-14144.581505,0.000000,0.000000,0.000000,1.170608
-1105.035121,-10293.732248,6308.119748,-15.976320,-147.251091,90.245781,0.000000,0.000000,0.000000,0.841411
3400.019256,-23615.054220,-19958.097279,48.078673,-337.345936,-285.117698,0.000000,0.000000,0.000000,0.817673
-32719954.486797,46518763.775139,-92318016.350928,-467428.158877,664553.684518,-1318828.798473,0.000000,0.000000,0.000000,0.877842
-71213.642638,131925.245479,-347649.250523,-1017.572556,1884.608214,-4966.414166,0.000000,0.000000,0.000000,1.130582
2372229.439623,-160275.100651,1909969.897749,33888.799281,-2289.815798,27285.280266,0.000000,0.000000,0.000000,0.804761
51.805822,-16.805323,-27.969886,0.473655,-0.438485,-0.094307,0.000000,0.000000,0.000000,0.971646
10456.997343,7753.286838,-4870.953253,149.162138,110.848823,-69.585731,0.000000,0.000000,0.000000,1.175206
1439462.731049,-1975630.587062,-787293.858310,20563.426841,-28223.423211,-11247.052779,0.000000,0.000000,0.000000,0.895610
178909.339863,159416.447448,66060.164297,2555.530799,2277.407594,943.721107,0.000000,0.000000,0.000000,1.124766
-323396.730536,-146115.379602,-10007.905700,-4620.147644,-2087.377706,-142.967776,0.000000,0.000000,0.000000,0.917030
-227516.793846,1901109.863229,-1733134.559719,-3250.486222,27158.740816,-24759.058774,0.000000,0.000000,0.000000,1.110419
90012.653638,-619664.136623,-45166.359226,1285.678847,-8852.167763,-645.237536,0.000000,0.000000,0.000000,1.182938
118.730277,2000.508516,2388.817310,1.351598,28.537350,34.120265,0.000000,0.000000,0.000000,0.870615
13210415.196945,15803984.240692,2417059.244212,188719.915474,225771.199072,34529.413186,0.000000,0.000000,0.000000,1.124942
-98542852.504392,-65523123.272728,-70669100.195358,-1407755.326409,-936044.612770,-1009558.577031,0.000000,0.000000,0.000000,1.097224
18.854932,36.033815,190.320796,-0.001461,0.502663,3.089326,0.000000,0.000000,0.000000,0.936291
88.079548,608.359622,1798.543963,0.964202,8.843859,25.844657,0.000000,0.000000,0.000000,0.816094
6730.668162,723.761597,-8111.830086,95.953902,10.382507,-115.881538,0.000000,0.000000,0.000000,1.110992
11059.703415,1827.509994,18404.246024,157.682327,26.191241,262.916290,0.000000,0.000000,0.000000,0.993451
28.952778,-1757.850074,1114.017769,0.139127,-24.955097,15.916769,0.000000,0.000000,0.000000,1.003036
-2064411.232294,2725252.146340,-560326.685373,-29491.738205,38932.192617,-8004.660019,0.000000,0.000000,0.000000,1.101751
13860665.634621,13023469.427296,878527.970203,198009.197477,186049.551792,12550.406315,0.000000,0.000000,0.000000,0.997930
-92222.059627,-86712.204865,6517.659415,-1317.760817,-1238.727693,93.103616,0.000000,0.000000,0.000000,0.882918
218703.446581,-134211.330754,-201155.062860,3124.029341,-1917.316887,-2873.643478,0.000000,0.000000,0.000000,1.040275
2842.676839,5057.019410,1685.676309,40.193036,72.163894,24.077565,0.000000,0.000000,0.000000,0.822449
-118.111929,-21.170638,-61.838571,-2.136878,-0.530013,-0.868764,0.000000,0.000000,0.000000,1.015110
269738.720469,9730343.006235,19068567.906911,3853.130079,139004.860830,272408.114143,0.000000,0.000000,0.000000,0.835719
57.399522,35.027852,-61.779479,0.410913,0.592802,-0.928187,0.000000,0.000000,0.000000,0.874795
-24844154.925801,28711158.807739,-4274263.363113,-354916.778444,410159.430220,-61060.899105,0.000000,0.000000,0.000000,0.843767
57.001533,24.183137,-46.100806,0.802226,0.185658,-0.572115,0.000000,0.000000,0.000000,1.158408
-108.656631,276.511508,216.355362,-1.994546,3.869937,3.141345,0.000000,0.000000,0.000000,0.820242
46056992.888640,-55499718.157296,-1939457.543632,657956.660866,-792852.988069,-27706.530516,0.000000,0.000000,0.000000,1.047587
572.822492,312.588504,38.676308,8.041227,4.396088,0.557537,0.000000,0.000000,0.000000,1.193608
-12728.020891,-8562.922775,-4324.973408,-182.155356,-122.243041,-61.780750,0.000000,0.000000,0.000000,0.839774
-963512.847257,-149540336.191847,-159126899.425403,-13764.645197,-2136290.463218,-2273241.418740,0.000000,0.000000,0.000000,0.802157
18.219136,-26.548711,34.506060,0.023733,-0.316983,0.609411,0.000000,0.000000,0.000000,0.810005
2727.454004,-2118.672233,4345.379610,39.042808,-30.564673,62.678394,0.000000,0.000000,0.000000,1.156415
-16622346.224266,21455710.229049,67078831.188325,-237462.579726,306510.126280,958269.013078,0.000000,0.000000,0.000000,1.178320
-57902215855.156471,-84202699008.019287,29461431577.747517,-827174512.512131,-1202895700.112348,420877593.973133,0.000000,0.000000,0.000000,0.849203
99.491732,-18.593131,22.961734,1.082043,-0.164025,0.331075,0.000000,0.000000,0.000000,0.811737
-25235.164189,9677.083799,-8952.103043,-360.747637,138.226557,-127.891140,0.000000,0.000000,0.000000,1.007577
1778.653226,182469.940948,-107541.526244,25.081966,2606.664319,-1536.301667,0.000000,0.000000,0.000000,0.907589
11812.809195,-19117.537474,-222651.245445,168.508348,-272.986988,-3180.731147,0.000000,0.000000,0.000000,1.118950
6.637896,-29.065960,-19.025552,0.029115,-0.434279,-0.223305,0.000000,0.000000,0.000000,1.058072
-3153.241105,-6709.283747,-823.737166,-45.345529,-95.688622,-11.767760,0.000000,0.000000,0.000000,0.979610
12563.884909,-3805.370769,-197328.260073,179.094905,-54.417165,-2818.971863,0.000000,0.000000,0.000000,1.015808
-2919.433680,-6030.602108,1519.169018,-41.955002,-86.312124,21.697174,0.000000,0.000000,0.000000,1.172563
-163740.164274,-75859.177044,185189.062380,-2339.359243,-1083.847034,2645.555774,0.000000,0.000000,0.000000,0.963067
71913.955060,12105.355382,16201.196703,1027.071769,172.919026,231.446462,0.000000,0.000000,0.000000,0.931933
-219.547398,-51.443481,828.026977,-3.382078,-0.721553,11.833794,0.000000,0.000000,0.000000,0.810177
-70643.240549,363770.037935,-208234.112865,-1009.459806,5196.788185,-2974.775526,0.000000,0.000000,0.000000,1.048074
175.789007,21122.913496,6559.449934,2.263091,301.929336,93.707954,0.000000,0.000000,0.000000,1.088974
-36749280.825998,-38844452.845369,-83678448.682177,-524989.993011,-554920.782492,-1195406.403687,0.000000,0.000000,0.000000,1.149844
-51.023071,-363.710321,-179.835669,-1.053613,-5.276995,-2.574884,0.000000,0.000000,0.000000,1.190474
-312.524859,310.619991,5640.866124,-4.760572,4.468683,80.576857,0.000000,0.000000,0.000000,0.941091
3749.661564,-1125.746689,2930.750443,53.195558,-16.065058,41.863056,0.000000,0.000000,0.000000,1.111548
-9464757125873.029297,-8911908921758.804688,5931052932817.300781,-135210816084.300140,-127312984596.623734,84729327611.681351,0.000000,0.000000,0.000000,0.909709
4191153182.989541,-3584827171.544396,214321069.319746,59873616.576093,-51211816.723662,3061729.565287,0.000000,0.000000,0.000000,0.810550
-156.516896,-185.916012,152.410684,-2.542696,-2.710385,2.187062,0.000000,0.000000,0.000000,1.023740
2495.854235,-10220.687033,5507.876608,35.336971,-146.133716,78.683695,0.000000,0.000000,0.000000,0.920904
-841.772005,-30146.956357,10150.119793,-12.304269,-430.630846,145.000560,0.000000,0.000000,0.000000,1.139613
13087.632237,-11669.381985,-4169.570146,186.792117,-166.820359,-59.564435,0.000000,0.000000,0.000000,0.804975
-31015877950.044704,6084913552.590056,25445955804.081440,-443083970.993720,86927336.449994,363513654.343281,0.000000,0.000000,0.000000,0.889098
37264.853979,23832.932404,7138.167684,532.201472,340.557326,101.966793,0.000000,0.000000,0.000000,1.009288
70673.838451,29360.490606,72262.589492,1013.775861,421.311324,1036.758221,0.000000,0.000000,0.000000,1.077554
33563258.972657,20180035.594205,-21021034.804960,479474.844396,288286.230883,-300300.490513,0.000000,0.000000,0.000000,0.998451
319057.620863,-1643911.773786,-1829159.991616,4557.858520,-23484.546197,-26130.860469,0.000000,0.000000,0.000000,0.870427
8859433.532724,6030270.389619,504158.635439,126563.257284,86146.679857,7202.271470,0.000000,0.000000,0.000000,0.879874
-14852.398733,4295.074437,1796.187035,-212.355704,61.266066,25.657628,0.000000,0.000000,0.000000,1.180466
-677422.809972,470143.195777,2308040.685552,-9677.591573,6716.213168,32972.003518,0.000000,0.000000,0.000000,1.041296
-56746.568342,2586.596639,-20877.232678,-810.794029,36.859002,-298.244930,0.000000,0.000000,0.000000,0.901040
1067798.140687,676367.599121,1113164.102527,15253.977581,9662.401829,15902.339519,0.000000,0.000000,0.000000,0.921799
-88836.993046,47463.427387,19475.871064,-1269.413468,677.985240,278.230910,0.000000,0.000000,0.000000,0.931945
-675.810553,385.865702,491.205980,-10.235921,5.451076,7.180953,0.000000,0.000000,0.000000,1.171765
-4296.947769,23966.936703,25864.542093,-62.085589,344.395495,371.622962,0.000000,0.000000,0.000000,0.932916
24.290877,60.167107,34.929799,-0.016979,0.855615,0.530659,0.000000,0.000000,0.000000,0.856158
97747649.639873,-60167428.805488,-37769895.510114,1396394.717880,-859534.702715,-539569.929254,0.000000,0.000000,0.000000,0.805981
-17.397451,301.596385,104.129233,-0.540620,4.134562,1.487474,0.000000,0.000000,0.000000,1.002399
-372549.250040,-7254941.294834,3361132.494492,-5322.473189,-103641.841629,48016.180789,0.000000,0.000000,0.000000,1.194210
-28428152.214898,-58432383.953900,-94448523.660777,-406116.810784,-834748.511237,-1349264.622569,0.000000,0.000000,0.000000,0.848603
802021.845926,-556566.180424,-2733335.431008,11457.330725,-7951.062693,-39047.650664,0.000000,0.000000,0.000000,0.879236
316216.776326,161773.606753,11188.713369,4517.182861,2311.033979,159.840922,0.000000,0.000000,0.000000,0.914770
-160.853084,175.588403,-457.677429,-2.532526,2.498439,-6.716700,0.000000,0.000000,0.000000,0.803288
1015.629737,-477.759170,-507.111338,14.209268,-6.902776,-7.301198,0.000000,0.000000,0.000000,1.033023
15.661086,-57.775813,7.354685,0.118871,-0.936850,0.154554,0.000000,0.000000,0.000000,0.957055
-67.802149,3.651161,0.136315,-1.539820,0.058109,0.044836,0.000000,0.000000,0.000000,0.870589
-28633.060405,-59935.467677,-121671.377399,-409.263697,-856.185942,-1738.159934,0.000000,0.000000,0.000000,0.856782
-901.708509,-2641.486757,-321.674887,-13.261243,-37.554901,-4.597973,0.000000,0.000000,0.000000,1.008505
-6683.344759,1229.043099,-11427.692726,-95.627260,17.398492,-163.252917,0.000000,0.000000,0.000000,1.051318
52081212.466972,58420014.368937,3438293.595650,744017.152493,834571.513892,49118.479535,0.000000,0.000000,0.000000,0.829319
42105.732598,60912.147743,-1370.188233,601.038502,870.079622,-19.568599,0.000000,0.000000,0.000000,1.105101
-346321817.654099,-31482734.255734,-759152584.521161,-4947454.678473,-449753.374471,-10845036.921731,0.000000,0.000000,0.000000,0.803975
1120298.976670,-938701.633239,-56801.903557,16004.086805,-13410.027554,-811.450974,0.000000,0.000000,0.000000,1.156677
150408198.473127,-175761759.054422,-160119033.934301,2148688.240926,-2510882.257314,-2287414.774833,0.000000,0.000000,0.000000,1.087580
2999040.922359,36291579.420631,-51136390.488556,42843.176435,518451.181025,-730519.866194,0.000000,0.000000,0.000000,0.835413
-54006.018186,-5179820.847183,4235490.895573,-771.794651,-73997.533839,60507.007349,0.000000,0.000000,0.000000,1.076250
446191.029022,-91309.349413,-639906.129282,6373.792007,-1304.383289,-9141.517769,0.000000,0.000000,0.000000,0.854089
132225.080739,-388551.797780,36563.527441,1891.233480,-5558.703309,523.090832,0.000000,0.000000,0.000000,0.978424
115.030644,-29.343890,86.424404,1.412026,-0.397909,1.243246,0.000000,0.000000,0.000000,0.814313
-1483257.263855,-834448.908311,622109.343812,-21189.806684,-11920.600408,8887.279883,0.000000,0.000000,0.000000,1.156732
100757690.659077,-1054994.157976,-216569186.909974,1439395.327890,-15071.422456,-3093845.525244,0.000000,0.000000,0.000000,0.967532
-870428.759922,-361013.335293,2861.906938,-12434.899943,-5157.519753,40.879164,0.000000,0.000000,0.000000,0.841535
-1558.014257,-182.592499,-143.660351,-22.552220,-2.679988,-2.058332,0.000000,0.000000,0.000000,0.832770
-422.966598,-844.783429,794.373754,-6.323366,-12.136390,11.345042,0.000000,0.000000,0.000000,1.098945
18814.370324,113638.095848,72636.166430,268.438976,1623.450454,1037.653417,0.000000,0.000000,0.000000,1.004478
-585985.208393,-1006264.206853,-430091.929777,-8371.508712,-14375.207441,-6144.168084,0.000000,0.000000,0.000000,0.917441
4573721.913783,-2169681.286371,2594332.558233,65338.497646,-30995.461756,37061.887411,0.000000,0.000000,0.000000,0.876738
92.114888,83.108598,-1.931459,0.983329,1.428196,0.016642,0.000000,0.000000,0.000000,0.966446
-224639365.864042,474587236.252712,513718716.134867,-3209134.041913,6779817.625009,7338838.798583,0.000000,0.000000,0.000000,1.117363
41079125.760770,43421307.844272,93513916.080804,586844.385475,620304.368816,1335913.089911,0.000000,0.000000,0.000000,1.028863
-1255375.444680,-20981038.540419,41734673.048888,-17934.213350,-299729.112152,596209.613528,0.000000,0.000000,0.000000,0.836461
18396.735543,140015.990928,14684.560204,263.327010,2005.927558,210.407325,0.000000,0.000000,0.000000,1.152251
1164436.247767,-237294.558798,6576.420996,16634.618962,-3389.947869,93.945872,0.000000,0.000000,0.000000,1.002167
7.270371,-39.553987,-15.280953,-0.242385,-0.674224,-0.437267,0.000000,0.000000,0.000000,0.838406
696.547735,-189.149890,110.959080,9.560445,-2.743988,1.584923,0.000000,0.000000,0.000000,0.945995
36.658587,98.838400,-9.603767,0.360350,1.415851,-0.062638,0.000000,0.000000,0.000000,1.045414
-46.315959,212.096348,-356.408119,-0.842515,2.944632,-5.112949,0.000000,0.000000,0.000000,1.155078
-201.986433,-91.715145,20.460399,-3.172341,-1.128442,0.286271,0.000000,0.000000,0.000000,1.198135
68654835.184922,54352583.430597,-79801225.550652,980783.087691,776465.528549,-1140017.504221,0.000000,0.000000,0.000000,0.929944
388117.129138,303965.810133,-153311.318982,5600.427876,4386.264788,-2212.275251,0.000000,0.000000,0.000000,1.033498
-58916072.871668,-76453947.144036,211081302.726550,-841658.416421,-1092199.262802,3015447.175832,0.000000,0.000000,0.000000,1.152693
-1083.073843,-2140.590386,681.777673,-15.758468,-30.760762,9.832893,0.000000,0.000000,0.000000,0.809414
-55180.928773,-188369.949302,5584.753764,-821.325921,-2803.042239,83.104764,0.000000,0.000000,0.000000,1.195861
276.515269,-98.738447,-22.641786,3.474868,-1.436688,-0.320329,0.000000,0.000000,0.000000,0.824312
-99049423.498188,52616765.904046,35193056.639909,-1414992.038267,751668.077082,502757.957495,0.000000,0.000000,0.000000,0.831466
-78850.131414,107205.705687,-3087.047971,-1126.584277,1531.517494,-44.099110,0.000000,0.000000,0.000000,0.886855
113.994529,47.284589,-10.412363,1.237053,0.626541,-0.154852,0.000000,0.000000,0.000000,1.011782
-579.803814,273.490958,-935.851258,-8.508953,3.917916,-13.367743,0.000000,0.000000,0.000000,0.978179
348025.693489,-27728.042665,-226462.108433,4971.524917,-396.017366,-3235.168670,0.000000,0.000000,0.000000,1.061153
-30.477692,-206.948714,191.889228,-0.591479,-3.004212,2.758435,0.000000,0.000000,0.000000,1.008906
6118.410579,-1777.780835,-5855.563492,86.958518,-25.460672,-83.650227,0.000000,0.000000,0.000000,0.980591
-61593.589309,-239350.824672,349651.192280,-880.170957,-3419.306949,4995.010207,0.000000,0.000000,0.000000,1.007109
-91.239980,274.272325,-15.317240,-1.609054,3.980237,-0.235042,0.000000,0.000000,0.000000,0.874747
7.734625,113.908314,-104.010085,-0.121814,1.640307,-1.544138,0.000000,0.000000,0.000000,1.009182
4178.998469,1437.110295,-9714.661619,59.597218,20.472067,-138.773995,0.000000,0.000000,0.000000,0.871542
-55.852015,-6.258603,-88.845717,-1.296540,-0.263474,-1.296965,0.000000,0.000000,0.000000,1.014160
-59423648.488370,71588804.142924,2499541.840747,-848909.642154,1022697.327656,35707.746304,0.000000,0.000000,0.000000,0.812252
-1889822.085807,157348.833159,-1536391.339196,-26997.647248,2247.668712,-21948.448604,0.000000,0.000000,0.000000,0.986785
-67319.202592,-26927.506833,-85754.310588,-962.170155,-384.615596,-1225.059380,0.000000,0.000000,0.000000,0.967353
-2050472.986850,-1148141.311463,554722.571527,-29292.768204,-16402.017006,7924.601264,0.000000,0.000000,0.000000,1.058365
-17215.092730,-12793.857056,-18247.694919,-246.239549,-182.684568,-260.676679,0.000000,0.000000,0.000000,0.897868
-38.733488,-357.661562,399.440302,-0.952340,-5.063951,5.701029,0.000000,0.000000,0.000000,1.134777
-12.736589,-2.610345,-40.714757,-0.373261,-0.159272,-0.587222,0.000000,0.000000,0.000000,0.836290
489246402.087016,496211264.197236,91382990.536353,6989233.943625,7088732.444270,1305471.288808,0.000000,0.000000,0.000000,0.864157
1313819.533142,-542401.349310,143073.832040,18768.371930,-7748.535259,2043.906199,0.000000,0.000000,0.000000,1.043791
193870363.165321,217834589.643764,-517978701.571134,2769576.282430,3111922.666296,-7399695.738211,0.000000,0.000000,0.000000,0.971444
-321.374464,-108.699589,-358.921191,-4.865692,-1.678599,-5.123757,0.000000,0.000000,0.000000,0.803007
-5478.618527,4599.274857,-6976.520111,-78.566720,65.695439,-99.658801,0.000000,0.000000,0.000000,0.926664
-25698.878813,17512.914459,47044.723550,-367.359895,250.192804,672.063656,0.000000,0.000000,0.000000,1.144067
-19.830837,-25.154081,-57.736159,-0.749959,-0.491119,-0.865943,0.000000,0.000000,0.000000,0.976764
-75.584729,-175.181769,-1728.074180,-1.281837,-2.583861,-24.684703,0.000000,0.000000,0.000000,0.889098
313.213614,365.943207,-202.062261,4.058401,5.250766,-2.882339,0.000000,0.000000,0.000000,0.891783
145.746368,-103.263294,216.158151,1.656669,-1.568647,3.082094,0.000000,0.000000,0.000000,0.995825
0.619901,9.786501,-47.454628,-0.247446,-0.059199,-0.705704,0.000000,0.000000,0.000000,0.819459
-421132.292181,-1150713.467814,-65216.100227,-6016.453841,-16438.768060,-931.657798,0.000000,0.000000,0.000000,1.121507
1368133196647.212891,-2200590581470.874023,-2053250586380.911377,19544759951.850292,-31437008306.894028,-29332151234.015854,0.000000,0.000000,0.000000,0.908878
83.904620,-62.122496,-29.521673,1.261330,-0.558553,-0.337775,0.000000,0.000000,0.000000,1.164952
186853545.014041,-252874275.937577,101170306.789417,2669336.075947,-3612489.628273,1445290.098719,0.000000,0.000000,0.000000,1.103829
-8705.077589,-2530.982072,-2406.515325,-124.619841,-36.178817,-34.373421,0.000000,0.000000,0.000000,1.019504
70.607618,41.831175,-74.741981,0.630618,0.761919,-1.097219,0.000000,0.000000,0.000000,0.944565
-3632201283.918712,1490384814.016862,-3514366641.770189,-51888590.041887,21291211.636083,-50205237.744537,0.000000,0.000000,0.000000,0.910022
-5556.580235,15069.832625,-4086.216682,-79.719060,215.302892,-58.375376,0.000000,0.000000,0.000000,0.803507
132.006639,23.478966,60.227249,1.599385,0.308386,0.961142,0.000000,0.000000,0.000000,0.923965
-6730.809514,-662.545776,16405.348792,-96.369980,-9.595215,234.361021,0.000000,0.000000,0.000000,0.939871
-271.844868,493.790464,-143.889542,-4.442404,7.509959,-2.170916,0.000000,0.000000,0.000000,0.966995
1975.419195,-5352.596786,2481.949650,27.770407,-76.522590,35.453885,0.000000,0.000000,0.000000,1.096231
982.143551,-1806.818095,791.540157,13.583133,-25.917023,11.302261,0.000000,0.000000,0.000000,0.840062
-1578639376.442759,-1392950856.681888,995211428.784730,-22551991.251357,-19899298.098400,14217306.129573,0.000000,0.000000,0.000000,1.170553
125.496885,-389.012545,272.456046,1.695285,-5.596329,3.889681,0.000000,0.000000,0.000000,0.811813
-1344.838450,6036.229870,-4503.868880,-19.481200,86.299004,-64.338894,0.000000,0.000000,0.000000,1.145674
-130453.127342,742886.384996,65575.621081,-1863.831546,10612.834314,936.790350,0.000000,0.000000,0.000000,0.907146
149140.728046,-408757.090651,-1100550.128197,2130.306545,-5839.591298,-15722.139388,0.000000,0.000000,0.000000,0.846820
8517.823582,7526.615331,-8746.910603,121.273891,107.578006,-124.950787,0.000000,0.000000,0.000000,1.185405
226140.613174,-1370892.988285,-1078009.570509,3230.356874,-19584.207343,-15400.131851,0.000000,0.000000,0.000000,0.955268
914.407309,8094.802163,-4623.190751,12.913310,115.811353,-66.135469,0.000000,0.000000,0.000000,1.138260
320.224674,-857.334018,1852.308471,4.247992,-12.373126,26.455612,0.000000,0.000000,0.000000,0.927767
-30223.467318,4076.574170,14963.723217,-432.158505,58.332820,213.764643,0.000000,0.000000,0.000000,1.155436
49299.523219,-44337.519508,-31680.486717,704.112366,-633.220448,-452.575590,0.000000,0.000000,0.000000,1.161849
3237.569046,-546.685145,-1852.312748,46.200032,-7.836420,-26.601036,0.000000,0.000000,0.000000,1.006901
54582678782.779488,79130404845.839706,-27687321975.185482,779752553.742973,1130434354.941143,-395533171.068206,0.000000,0.000000,0.000000,0.902154
3621849.342550,9187246.524325,-63141402.684149,51740.439292,131246.374057,-902020.035379,0.000000,0.000000,0.000000,0.984989
-41052.092353,24093.803243,-27820.675526,-590.070684,346.232551,-399.733862,0.000000,0.000000,0.000000,0.941679
-33936.062344,-24546.634309,25487.958561,-485.078323,-350.649703,364.110571,0.000000,0.000000,0.000000,0.968550
441.073983,-229.484865,-745.384229,6.155826,-3.360479,-10.644402,0.000000,0.000000,0.000000,0.991250
-168.472928,759.415183,-26.037256,-2.611336,10.760651,-0.372092,0.000000,0.000000,0.000000,1.098281
-1162.197805,-1443.345538,-691.186044,-16.773272,-20.558607,-9.872059,0.000000,0.000000,0.000000,1.031808
-2752899371.210374,4533124023.531349,-14469163480.313339,-39327134.143515,64758914.631520,-206702335.436778,0.000000,0.000000,0.000000,1.049797
1006845.778990,-1176755.238260,-2531319.802472,14383.375827,-16810.880994,-36161.712094,0.000000,0.000000,0.000000,0.855235
208157.884571,-79328.030253,183087.265003,2973.462050,-1133.401996,2615.530757,0.000000,0.000000,0.000000,1.094591
-1105784.315654,5783211.941203,282250.559670,-15797.197202,82617.285998,4032.148941,0.000000,0.000000,0.000000,0.857193
-81.898022,0.086006,-128.121231,-1.272947,0.043433,-1.825704,0.000000,0.000000,0.000000,1.120642
513.886704,534.163294,-565.638539,6.918413,7.699840,-8.081587,0.000000,0.000000,0.000000,0.868762
474.069370,492.842302,-366.319204,6.416144,7.123176,-5.215770,0.000000,0.000000,0.000000,1.041343
3327.919886,-10340.964644,-172.944432,47.384103,-147.836386,-2.472298,0.000000,0.000000,0.000000,1.187912
616.318080,73.525732,-307.139741,8.378903,1.200276,-4.385548,0.000000,0.000000,0.000000,1.141518
-37.177243,-11.256905,115.457005,-0.892296,0.016725,1.804456,0.000000,0.000000,0.000000,0.817906
-5941829.525457,-18410353.907124,-8552718.767621,-84883.580724,-263005.070379,-122181.700051,0.000000,0.000000,0.000000,0.967201
100832.918075,101353.907971,-75287.771639,1440.248680,1447.760218,-1075.535358,0.000000,0.000000,0.000000,1.039648
-5699.773882,22465.756780,44243.500944,-81.710140,320.907256,632.044106,0.000000,0.000000,0.000000,1.006053
78.233989,3.777949,-98.104719,1.003027,-0.076214,-1.404191,0.000000,0.000000,0.000000,0.831222
-81.934896,17.107164,5.238309,-0.969354,0.095992,0.176453,0.000000,0.000000,0.000000,1.120992
381.600051,173.571378,103.011330,5.232975,2.536369,1.469470,0.000000,0.000000,0.000000,0.928904
82366.344768,-61515.479984,-37411.850015,1176.377328,-878.825650,-534.449442,0.000000,0.000000,0.000000,1.028103
76923.520164,28843.280921,98318.897925,1098.436341,412.108411,1404.553012,0.000000,0.000000,0.000000,0.836554
68.780349,-24.785447,-33.875811,0.758673,-0.190802,-0.493001,0.000000,0.000000,0.000000,1.102035
-773.584274,310.872624,-214.883337,-11.432799,4.397264,-3.065025,0.000000,0.000000,0.000000,0.811120
94.943156,0.845341,-47.321566,1.203016,0.128806,-0.682627,0.000000,0.000000,0.000000,1.158241
-1517.207560,-1769.463489,1425.863503,-21.865068,-25.093638,20.367448,0.000000,0.000000,0.000000,0.890457
83664.933572,101434.979666,497399.269248,1195.064250,1449.131593,7105.705211,0.000000,0.000000,0.000000,1.188700
-5.574069,1310.517409,2097.460490,-0.392350,18.795254,29.962596,0.000000,0.000000,0.000000,1.041086
81.083862,-36.046045,-20.546557,0.735764,-0.455954,-0.295389,0.000000,0.000000,0.000000,0.808992
-2614.206679,3732.965350,3896.837799,-38.611563,54.952722,57.232198,0.000000,0.000000,0.000000,1.094174
-2755838.142413,-1209243.067557,1151774.337109,-39369.239241,-17274.819581,16453.913415,0.000000,0.000000,0.000000,1.073638
96.420390,72.399407,101.350022,1.004267,1.016659,1.567666,0.000000,0.000000,0.000000,0.827773
25314774.290636,-11618606.861543,-47865121.171133,361639.343086,-165980.089316,-683787.439576,0.000000,0.000000,0.000000,0.889053
-14012.217839,-7038.246487,21489.767194,-200.492275,-100.409538,306.997730,0.000000,0.000000,0.000000,1.185254
871497.327561,345355.934187,24617.556362,12449.753444,4933.467748,351.674150,0.000000,0.000000,0.000000,0.847754
49.782917,1.552395,-5.338086,0.508579,0.191705,-0.069424,0.000000,0.000000,0.000000,1.102478
-1162151434.977199,1623305516.319744,-2900047307.670915,-16602163.681983,23190078.791540,-41429247.250633,0.000000,0.000000,0.000000,1.151411
36572.269993,-21632.472182,24730.828766,525.216808,-310.751143,355.313085,0.000000,0.000000,0.000000,1.066719
-144943.258573,397081.695826,1068921.870277,-2070.892595,5672.389532,15270.312796,0.000000,0.000000,0.000000,0.871816
43887.170178,12626.130351,19923.490163,626.793530,180.439971,284.617838,0.000000,0.000000,0.000000,1.064302
-42.383489,-30.494629,-190.567732,-0.955622,-0.587214,-2.823729,0.000000,0.000000,0.000000,1.083585
-203760.921596,-27090.627055,118632.942168,-2911.125658,-387.053324,1694.753841,0.000000,0.000000,0.000000,1.004985
511641.461523,64631.216201,67014.842366,7308.879236,923.447432,957.359719,0.000000,0.000000,0.000000,0.805786
8245.444248,7835.870182,81305.038153,117.448737,112.125132,1161.495559,0.000000,0.000000,0.000000,1.095958
391684.504853,145299901.150754,155542196.154588,5595.316965,2075712.925026,2222031.372742,0.000000,0.000000,0.000000,0.819543
-377578.241668,-295248.453236,148796.200140,-5448.563130,-4260.402353,2147.138933,0.000000,0.000000,0.000000,1.063840
88254.198817,150155.868650,580.213518,1260.488993,2145.169442,8.292968,0.000000,0.000000,0.000000,0.925326
27917.414649,39525.096054,1816.944826,398.646409,564.572602,25.955536,0.000000,0.000000,0.000000,1.185133
515.115328,-463.987006,244.007870,7.404700,-6.906223,3.667520,0.000000,0.000000,0.000000,0.855007
5844763108.049656,713486578.566769,6445417945.086834,83496615.562242,10192665.403570,92077399.212945,0.000000,0.000000,0.000000,1.081940
122647.477201,-355165.521046,75339.615622,1751.813699,-5073.726261,1076.282482,0.000000,0.000000,0.000000,1.120414
146.441188,-51.790087,-96.887630,1.762817,-0.645800,-1.379591,0.000000,0.000000,0.000000,1.024909
61870.560733,-41390.399099,-40101.263797,883.534482,-591.300347,-572.871694,0.000000,0.000000,0.000000,1.084246
563709.971456,-427781.095669,1388019.559665,8052.696815,-6111.006965,19828.846896,0.000000,0.000000,0.000000,1.074895
-28715.132919,40287.126776,-49299.593469,-410.595169,575.593473,-704.275911,0.000000,0.000000,0.000000,1.150690
11569.175288,748.743162,-12439.660618,164.924288,10.660156,-177.703004,0.000000,0.000000,0.000000,0.974919
-22947982.575028,-63583842.534226,39130778.679252,-327828.440612,-908340.671802,559011.121362,0.000000,0.000000,0.000000,1.053586
16094.112928,67416.747192,-4984.092534,229.698910,963.261568,-71.205083,0.000000,0.000000,0.000000,0.885200
-2239663336.002071,-4911767900.524626,2380661975.946654,-31995190.691474,-70168112.781019,34009456.795214,0.000000,0.000000,0.000000,0.922503
51776781.320093,-60755438.725157,-56458145.224508,739668.016922,-867934.865454,-806544.929753,0.000000,0.000000,0.000000,1.071649
85540.948448,-438404.035131,252155.105276,1221.741949,-6262.836584,3602.210517,0.000000,0.000000,0.000000,0.885610
132255121.858860,316222048.762094,-2563557.652187,1889358.609603,4517457.846908,-36622.248289,0.000000,0.000000,0.000000,0.953759
-13502799.058781,-18943121.231479,16137705.459502,-192897.372648,-270616.065554,230538.643852,0.000000,0.000000,0.000000,1.040246
90.039711,21.266871,-25.645897,1.163370,0.328591,-0.370914,0.000000,0.000000,0.000000,1.144493
-18166172050696240.000000,1841317635086527.250000,271651594855899.812500,-259516743581371.875000,26304537644093.640625,3880737069369.996094,0.000000,0.000000,0.000000,0.977780
-5745.911825,6671.136862,-1385.810564,-82.235344,95.246180,-19.790565,0.000000,0.000000,0.000000,0.851596
-213.654417,1530.289949,-62.321021,-3.272382,22.243592,-0.856837,0.000000,0.000000,0.000000,0.800099
-1796902.929508,213459.201120,1298915.216026,-25670.316721,3049.561826,18555.934405,0.000000,0.000000,0.000000,1.119573
-688256.828236,-417506.192567,34168.828336,-9832.426405,-5964.406174,488.120646,0.000000,0.000000,0.000000,1.096420
46.485954,131.195430,-168.522752,0.299244,1.849340,-2.409099,0.000000,0.000000,0.000000,1.083795
2039658.922564,-1178309.788916,-2776434.076016,29137.619074,-16833.099874,-39663.339257,0.000000,0.000000,0.000000,0.946685
391.136281,-45.375559,-152.854165,5.348914,-0.830526,-2.175454,0.000000,0.000000,0.000000,0.880569
-8297.952332,-18268.089074,1647.523053,-119.195478,-261.663854,23.607961,0.000000,0.000000,0.000000,0.996733
9.749635,-29.204849,-20.872436,-0.233981,-0.252068,-0.471227,0.000000,0.000000,0.000000,1.003403
453158204696.534363,-26898179026.822475,-454628883053.343567,6473688638.258792,-384259700.267602,-6494698329.328857,0.000000,0.000000,0.000000,1.189955
281.745033,337.934967,761.420520,3.810333,4.741278,10.871035,0.000000,0.000000,0.000000,1.031382
-9171.926913,-464.439985,561.911736,-134.882378,-6.994715,8.264272,0.000000,0.000000,0.000000,0.970448
-9.926061,205.270159,-371.140694,-0.563019,2.834455,-5.298689,0.000000,0.000000,0.000000,0.966858
199409250.159070,-267101470.948986,205253074.126701,2848703.305326,-3815735.242988,2932186.778372,0.000000,0.000000,0.000000,0.916667
-4094.110730,-1451.791753,9496.223335,-58.586996,-20.796890,135.660112,0.000000,0.000000,0.000000,0.885629
4540.269469,8462.657015,3845.532573,64.471720,120.953484,54.939888,0.000000,0.000000,0.000000,0.955112
-2284.129485,5219.017072,6833.650454,-32.738446,74.444505,97.618761,0.000000,0.000000,0.000000,1.005957
10372.962762,-10769.591560,-13129.001733,147.799269,-153.786557,-187.550519,0.000000,0.000000,0.000000,0.885273
-175058813.365422,-196703427.547594,467732910.604622,-2500840.524132,-2810049.006720,6681898.718718,0.000000,0.000000,0.000000,1.075807
-752128.652306,-897259.572861,140443.032475,-10744.921458,-12818.101874,2006.329901,0.000000,0.000000,0.000000,1.005960
4681449.007957,-493904.520984,825244.883736,66877.529712,-7055.764124,11789.208883,0.000000,0.000000,0.000000,1.156750
-3177711259.966430,1336289402.581033,1219222017.892010,-45395875.522752,19089848.674971,17417457.396982,0.000000,0.000000,0.000000,1.095993
-82651.175867,-164818.703835,24478.500648,-1181.014130,-2354.533140,349.692438,0.000000,0.000000,0.000000,0.913352
-487136.841119,784882.712650,-307653.350172,-6959.445769,11212.436354,-4395.045625,0.000000,0.000000,0.000000,0.804534
488947.680788,-463162.121179,-306538.860914,6984.515639,-6616.573927,-4379.126500,0.000000,0.000000,0.000000,1.025495
206034.234304,186022.521311,330429.786797,2968.372396,2680.386319,4761.242898,0.000000,0.000000,0.000000,1.015924
107597936.716163,43110487.403260,39283030.870776,1537113.100955,615864.115840,561186.160673,0.000000,0.000000,0.000000,0.933560
-2422705068143.893066,15755724659613.812500,19540251594478.429688,-34610072402.420242,225081780851.640015,279146451349.697205,0.000000,0.000000,0.000000,1.134775
8718.552715,-19713.369750,2327.400503,124.224078,-281.600200,33.251357,0.000000,0.000000,0.000000,0.951143
1137305842.852492,-1588633112.788366,2838207202.335595,16247226.000421,-22694758.765922,40545817.175841,0.000000,0.000000,0.000000,1.176513
4755.966992,-94873.660042,-226174.415127,67.629710,-1355.304448,-3231.056986,0.000000,0.000000,0.000000,0.993908
2895.814308,-2176.929863,645.366740,41.076637,-31.075917,9.218598,0.000000,0.000000,0.000000,0.999758
25221178.305337,-17632985.672880,1306043.589042,361334.680432,-252621.555647,18711.251136,0.000000,0.000000,0.000000,0.883884
-52530610.152829,-58900032.493404,-3466090.927440,-750437.453867,-841429.152773,-49515.584916,0.000000,0.000000,0.000000,0.822428
-3696.485162,-4943.504522,1510.278099,-53.137591,-70.760435,21.568753,0.000000,0.000000,0.000000,1.046457
-551987253.262444,103130594.913947,9744940.492350,-7885532.487306,1473294.288549,139213.430964,0.000000,0.000000,0.000000,1.179048
5178.363474,5357.520310,8415.375868,73.697590,76.677002,120.216943,0.000000,0.000000,0.000000,0.964761
18702304.076364,-9505699.678825,-4554159.070349,267175.441526,-135795.672954,-65059.412969,0.000000,0.000000,0.000000,1.132106
-180.206911,639.907417,-438.160380,-2.773318,9.126362,-6.270424,0.000000,0.000000,0.000000,0.902754
-6357249.605391,17556660.625784,1923054.598140,-90818.220763,250809.420050,27472.202984,0.000000,0.000000,0.000000,0.897586
935.511696,165.745433,5370.260828,13.008812,2.310680,76.714308,0.000000,0.000000,0.000000,1.012607
319788372.884979,260817270.363681,-63901070.538782,4568405.028249,3725961.011231,-912872.431398,0.000000,0.000000,0.000000,0.892705
37.270849,-30.507390,-22.139697,0.241687,-0.716721,-0.265643,0.000000,0.000000,0.000000,1.048317
10.818130,-20.428826,-59.290589,-0.035901,-0.240331,-0.866790,0.000000,0.000000,0.000000,1.118778
-7831.590848,15430.928696,-7737.570871,-112.177371,220.397327,-110.538893,0.000000,0.000000,0.000000,1.016125
-6337667.498747,-26502257.972859,-30058606.160080,-90538.408671,-378603.686559,-429408.661694,0.000000,0.000000,0.000000,1.104287
1285.880024,1383.375469,-1203.168183,18.174145,19.941421,-17.185528,0.000000,0.000000,0.000000,1.111704
-2912343119.973081,2491031556.639147,-148929329.383264,-41604902.035655,35586165.105819,-2127561.844654,0.000000,0.000000,0.000000,1.166465
15126502500.673069,165622177.071328,-6680545155.396112,216092892.505358,2366031.100170,-95436359.356624,0.000000,0.000000,0.000000,0.907668
-35183.694746,87830.702983,10907.358497,-504.422049,1258.222687,156.246934,0.000000,0.000000,0.000000,1.121709
-15975014.453719,-15025359.578873,-1022030.571700,-228214.800760,-214648.002596,-14600.429805,0.000000,0.000000,0.000000,0.865140
912.215344,196.786044,627.751320,12.738968,2.955985,8.968206,0.000000,0.000000,0.000000,0.857302
-373.423352,-397.262860,-185.673596,-5.724547,-5.669254,-2.642894,0.000000,0.000000,0.000000,1.029970
-2665196.728323,-31040807.558038,35120850.831281,-38074.504100,-443440.059265,501726.435299,0.000000,0.000000,0.000000,1.134529
276989288.451206,1519925844.185340,-841231344.230108,3956989.571060,21713226.331004,-12017590.629110,0.000000,0.000000,0.000000,1.051662
71285065.215219,705089.263512,54623062.751422,1018357.670443,10072.699917,780329.472783,0.000000,0.000000,0.000000,1.081546
2434897700268.806152,-15835017764737.312500,-19638590917609.683594,34784252860.618416,-226214539496.234924,-280551298822.996765,0.000000,0.000000,0.000000,1.129093
59.351659,0.912453,-51.348247,0.473698,0.185543,-0.875756,0.000000,0.000000,0.000000,1.117173
-10466.548361,-9046.084417,9789.257782,-149.926832,-129.170878,139.847326,0.000000,0.000000,0.000000,1.004589
3855517279.948196,-1621360412.098315,-1479202357.863091,55078817.902287,-23162291.533762,-21131462.255775,0.000000,0.000000,0.000000,0.903321
10071.864030,436503.617447,296290.318494,143.648781,6235.827770,4232.716782,0.000000,0.000000,0.000000,0.803210
-7162.533020,12727.993291,-26808.062003,-102.527914,181.637313,-382.971250,0.000000,0.000000,0.000000,0.868585
5064387.673414,-50746989.093749,15329367.391953,72348.123258,-724956.932430,218990.965233,0.000000,0.000000,0.000000,1.002621
87.822546,-22.615295,54.112179,1.117138,-0.220416,0.815983,0.000000,0.000000,0.000000,1.079506
-18250.848003,-6847.068302,7867.225353,-261.166208,-97.926039,112.384940,0.000000,0.000000,0.000000,1.150887
427.341371,-219.651485,7.483249,6.187271,-3.416800,0.149355,0.000000,0.000000,0.000000,0.992110
-965.798200,375.256420,-2685.266194,-14.074486,5.402212,-38.436763,0.000000,0.000000,0.000000,0.965016
5899148.140191,-6729824.655527,-945227.723412,84273.287706,-96140.351960,-13503.253602,0.000000,0.000000,0.000000,0.886461
-4710481.259034,5287466.319452,937501.932909,-67292.843637,75535.230058,13392.883868,0.000000,0.000000,0.000000,1.117090
733.937695,5203.511758,9066.174086,10.173980,74.206453,129.512398,0.000000,0.000000,0.000000,0.873952
-452.393596,209.140030,317.937990,-6.770012,2.899506,4.536125,0.000000,0.000000,0.000000,0.876709
2055.165025,-2330.374598,-2684.999287,29.134985,-33.249351,-38.352655,0.000000,0.000000,0.000000,0.944259
114.994949,-253.119135,-137.056295,1.512094,-3.729670,-1.958438,0.000000,0.000000,0.000000,1.197541
425039.031411,85292.158013,178295.638496,6071.805050,1218.509729,2547.077510,0.000000,0.000000,0.000000,0.969329
304.878992,414.862877,207.049036,4.010136,5.962794,2.960337,0.000000,0.000000,0.000000,0.931600
-7855.608894,24554.037210,23643.673376,-112.322833,350.853738,337.763199,0.000000,0.000000,0.000000,0.886262
43188.010440,-41376.048042,26794.312066,616.707852,-590.889044,382.777257,0.000000,0.000000,0.000000,0.909000
749259.985807,-7933.911899,987780.298410,10703.433012,-113.348322,14111.143956,0.000000,0.000000,0.000000,0.942965
-3012.293400,-1168.844388,2237.431413,-43.414766,-16.830053,31.962577,0.000000,0.000000,0.000000,0.819906
1385166.033645,-153870.584665,-1214651.098841,19787.807309,-2198.006156,-17352.152978,0.000000,0.000000,0.000000,1.195090
-16459.386998,101220.876711,86542.479368,-235.482092,1446.040129,1236.320544,0.000000,0.000000,0.000000,0.979567
-74760.236159,2813.497921,32287.736424,-1068.345271,40.219295,461.250670,0.000000,0.000000,0.000000,0.919312
195982.692366,-232208.208719,-6970.192794,2799.629424,-3317.174393,-99.571036,0.000000,0.000000,0.000000,0.932492
-0.580297,-10.356606,-111.479040,-0.202402,-0.038823,-1.586745,0.000000,0.000000,0.000000,1.017042
-1206655714.880788,-2136969628.288429,812021881.321325,-17237939.153410,-30528137.558226,11600312.584310,0.000000,0.000000,0.000000,0.967793
605.986344,-311.875509,-5090.498017,8.360335,-4.423515,-72.720226,0.000000,0.000000,0.000000,1.037726
-4290970496.514003,-12283831848.996765,2939297492.786475,-61299578.940542,-175483312.150002,41989964.175862,0.000000,0.000000,0.000000,0.897974
-1586732.209925,657807.744976,-172252.892353,-22668.076819,9397.306993,-2460.760778,0.000000,0.000000,0.000000,0.863685
-32.663193,12.424123,-146.057112,-0.704735,0.330096,-2.166711,0.000000,0.000000,0.000000,0.879242
35.512894,-9.579602,-2.755153,0.139494,0.022401,-0.015616,0.000000,0.000000,0.000000,0.879825
-1541.623089,-948.534568,1191.016603,-22.272062,-13.548304,17.009018,0.000000,0.000000,0.000000,1.196461
69481047.991072,-22264050.444860,-6228317.111210,992586.092923,-318057.895870,-88975.960887,0.000000,0.000000,0.000000,0.833566
14669.854590,2530.976419,-8993.407208,209.260301,36.130026,-128.474404,0.000000,0.000000,0.000000,1.189773
-16110.184542,853.808432,-43658.929520,-230.367765,12.266823,-623.694003,0.000000,0.000000,0.000000,1.121791
-16027.750639,23698.184321,-28182.452345,-229.353238,338.565661,-402.608199,0.000000,0.000000,0.000000,0.882932
-159892.299700,463594.691005,-98632.122318,-2284.467008,6622.842917,-1409.026937,0.000000,0.000000,0.000000,0.858811
-2305.012815,-1535.436468,881.862470,-33.224730,-22.034107,12.592962,0.000000,0.000000,0.000000,1.145748
-262541520971845.000000,-2617954943042830.000000,1463830433076562.250000,-3750593156740.889160,-37399356329183.273438,20911863329665.324219,0.000000,0.000000,0.000000,1.176957
-249291.707931,1084991.620356,195311.494210,-3561.484948,15499.926591,2790.162369,0.000000,0.000000,0.000000,0.823481
-469.689081,3554.751902,-852.804545,-7.031923,50.942682,-12.184864,0.000000,0.000000,0.000000,1.062576
3552.692087,4752.662739,-1350.971596,50.417538,67.749876,-19.304690,0.000000,0.000000,0.000000,1.120249
368.811880,240.711575,51.514322,4.966798,3.283810,0.737159,0.000000,0.000000,0.000000,1.025032
-15339470495.938789,-9374536364.180328,3104845769.519878,-219135293.154469,-133921948.009751,44354939.561189,0.000000,0.000000,0.000000,1.195124
-24314.454724,-64740.171343,-141117.477608,-347.696389,-924.829426,-2015.958996,0.000000,0.000000,0.000000,0.999323
-198152.717662,261582.777737,55545.637987,-2831.008892,3737.085292,793.512234,0.000000,0.000000,0.000000,0.806351
-519105375.979640,-526502280.113241,-96962219.937957,-7415791.455159,-7521461.043680,-1385174.574706,0.000000,0.000000,0.000000,0.814451
-1112.567030,-844.582780,672.188566,-16.304949,-11.961622,9.602567,0.000000,0.000000,0.000000,1.090365
-38881.313211,-55468.699030,-2594.510979,-555.617253,-792.476120,-37.065003,0.000000,0.000000,0.000000,0.846291
-3.759396,49.137405,1.831142,-0.386112,0.647985,0.010967,0.000000,0.000000,0.000000,1.171386
1352596.701247,4000764.680456,3190672.097323,19322.463144,57153.727102,45581.028741,0.000000,0.000000,0.000000,0.801445
244133.942847,-2111712.677396,1904553.171698,3487.381027,-30167.291882,27207.905568,0.000000,0.000000,0.000000,1.004728
-423.803879,-1658.371513,-763.199590,-6.289776,-23.702237,-10.902899,0.000000,0.000000,0.000000,0.957529
-447460.251041,-9597298.004843,-19019091.315391,-6392.569448,-137104.294576,-271701.299597,0.000000,0.000000,0.000000,0.839667
192761670.174881,3500961481.230998,5694011044.270545,2753737.865659,50013735.435940,81343014.919196,0.000000,0.000000,0.000000,0.886175
22195.894037,7341.283392,-9254.039788,316.841924,104.938511,-132.202236,0.000000,0.000000,0.000000,1.127776
1961106443.845280,1730429983.131828,-1236327747.498111,28015806.179466,24720428.183010,-17661824.959008,0.000000,0.000000,0.000000,0.942264
1646.134075,152.652812,-732.441541,23.654312,2.049688,-10.676553,0.000000,0.000000,0.000000,0.908114
35280043.134406,-50178039.841069,99562733.872243,504000.377472,-716829.222726,1422324.773049,0.000000,0.000000,0.000000,0.813906
-2367.015735,-1951.397829,-1698.338298,-34.084005,-27.848385,-24.256129,0.000000,0.000000,0.000000,0.824164
121.469751,-69.010953,-84.241380,1.578410,-0.909337,-1.194264,0.000000,0.000000,0.000000,0.872297
791.035783,-179.415089,-723.558953,10.993085,-2.647754,-10.342750,0.000000,0.000000,0.000000,0.836343
-3030498.277163,19862552.643389,-28607081.833194,-43293.071293,283750.759191,-408672.591768,0.000000,0.000000,0.000000,0.947381
-6507.987532,-442.852463,-4940.379064,-93.473897,-6.489670,-70.676907,0.000000,0.000000,0.000000,0.923338
-302962.245628,1560949.997311,1737128.718896,-4328.138933,22299.190088,24816.117435,0.000000,0.000000,0.000000,0.916584
77.033655,-41.040957,-55.581563,0.954931,-0.532190,-0.826807,0.000000,0.000000,0.000000,0.956938
2286.773635,92.219780,79.370894,32.478029,1.422853,1.137328,0.000000,0.000000,0.000000,1.156898
6648.549887,405.393201,-15308.293498,94.760752,5.660880,-218.684189,0.000000,0.000000,0.000000,1.004058
-10392.018137,-5422.284908,12688.031269,-148.688842,-77.495084,181.250626,0.000000,0.000000,0.000000,1.084822
203578825.861841,98311713.454072,-509903786.076693,2908268.716312,1404453.089157,-7284339.805351,0.000000,0.000000,0.000000,1.070284
-22.834346,35.104599,-73.134202,-0.786342,0.484668,-1.098739,0.000000,0.000000,0.000000,1.096838
282977.579953,-113218.387742,-185811.436646,4042.356240,-1617.349895,-2654.444446,0.000000,0.000000,0.000000,0.873530
-123425.272245,15638.647958,-13545.164684,-1763.419675,223.485075,-193.508199,0.000000,0.000000,0.000000,0.922016
76060.133082,60619.784967,49263.132487,1092.452347,870.790847,707.827880,0.000000,0.000000,0.000000,0.944205
2346381.348668,-3097531.521875,636797.084109,33519.581549,-44250.427477,9097.107348,0.000000,0.000000,0.000000,0.969357
6322997340.657041,27426200063.548534,40699009372.032486,90328533.185664,391802858.038563,581414419.595484,0.000000,0.000000,0.000000,0.992513
-32047.136118,1712.297049,-33828.481904,-458.025972,24.444248,-483.257868,0.000000,0.000000,0.000000,0.848419
-8660954664.348940,-753727728.692289,2362728035.401341,-123727924.074781,-10767538.769242,33753257.645389,0.000000,0.000000,0.000000,0.860345
-106.195249,42.652315,-191.344385,-1.708314,0.419924,-2.735127,0.000000,0.000000,0.000000,1.084198
-266.206092,31.642498,-6.318182,-4.035266,0.612925,-0.088296,0.000000,0.000000,0.000000,0.808275
32.543438,-171.698913,26.476322,0.079291,-2.563393,0.382504,0.000000,0.000000,0.000000,0.931321
-30.449899,-18.335654,-85.241703,-0.836386,-0.082647,-1.201481,0.000000,0.000000,0.000000,0.847679
30.913011,19.094870,-17.368400,0.326039,0.399666,-0.227980,0.000000,0.000000,0.000000,1.069603
-88876.665675,-37821.865414,-90295.945995,-1275.323205,-542.565703,-1295.497614,0.000000,0.000000,0.000000,0.861356
21185.533326,-4742.920311,16448.396242,303.383641,-68.025616,235.653458,0.000000,0.000000,0.000000,1.156015
-932.326464,-992.785613,-127.794244,-13.586735,-14.149872,-1.824163,0.000000,0.000000,0.000000,1.164483
163.634701,-138.003561,-477.665794,2.095174,-1.919078,-6.821731,0.000000,0.000000,0.000000,0.985132
-3493.734291,-1197.889282,-1218.194363,-50.079656,-17.245337,-17.400366,0.000000,0.000000,0.000000,0.920192
13672.918403,-20073.379976,23858.658193,194.939232,-286.738269,340.831321,0.000000,0.000000,0.000000,1.039670
-4375101.534340,-69605.712249,1658973.128017,-62591.044026,-995.750688,23733.523065,0.000000,0.000000,0.000000,1.191544
-160.527982,-24681.864684,-7739.189219,-2.541394,-352.417739,-110.556169,0.000000,0.000000,0.000000,0.931642
-7171944.195138,-158820619.787872,-79319346.924475,-102456.626208,-2268865.983772,-1133133.520565,0.000000,0.000000,0.000000,0.883217
-395.498982,-811.391826,1564.544176,-5.849381,-11.670892,22.343783,0.000000,0.000000,0.000000,0.842383
-1394955.554674,242588.799923,-23373.953193,-19928.115918,3465.527782,-333.916532,0.000000,0.000000,0.000000,0.842656
480006.217047,-10601934.667950,14829583.100859,6866.862163,-151672.855555,212154.266161,0.000000,0.000000,0.000000,0.978410
445.606965,-2322.533684,-3707.608520,6.108147,-33.155496,-52.960341,0.000000,0.000000,0.000000,0.890721
31.291098,2469.127248,379.955936,0.289652,35.273325,5.431182,0.000000,0.000000,0.000000,0.967262
17571.319482,-157191.266099,62098.032463,250.708730,-2245.714228,887.116712,0.000000,0.000000,0.000000,0.871048
-272.893577,-139.697439,-551.257347,-4.158722,-1.968876,-7.865457,0.000000,0.000000,0.000000,1.182573
-118575.687026,60326.877644,-60661.210475,-1694.257226,861.805174,-866.591132,0.000000,0.000000,0.000000,1.100934
4402452.478615,-705290.063927,2030100.462130,62891.933592,-10075.677824,29001.428857,0.000000,0.000000,0.000000,1.140723
73.112573,-68.265601,191.290604,0.598182,-0.927741,2.789251,0.000000,0.000000,0.000000,1.060528
-234618639.227634,-1442731669.510837,754145328.213284,-3351695.109647,-20610452.433646,10773504.690116,0.000000,0.000000,0.000000,1.107152
-28736987628.097233,-16897635931.040443,4877967233.660385,-410528394.964870,-241394798.988348,69685246.197577,0.000000,0.000000,0.000000,0.876661
32.922324,4.057484,-68.235467,0.354117,0.125760,-0.994800,0.000000,0.000000,0.000000,1.030936
-83.993230,-84.619154,-28.019935,-1.450264,-1.256764,-0.362547,0.000000,0.000000,0.000000,1.121565
5150.046345,-7402.717574,-12193.985538,73.351082,-105.809589,-174.198745,0.000000,0.000000,0.000000,1.000221
15362206995616216.000000,-1557108591027690.500000,-229721888385966.218750,219460099937371.031250,-22244408443253.007812,-3281741262656.717285,0.000000,0.000000,0.000000,1.156248
8044.631723,-7406.384606,4781.379197,114.604805,-105.798012,68.298602,0.000000,0.000000,0.000000,1.134824
4208986702.176500,12049135430.066168,-2883138924.407185,60128381.039969,172130506.120087,-41187698.926370,0.000000,0.000000,0.000000,0.915465
140783.153652,-202304.238832,-81246.463831,2010.928601,-2889.867434,-1160.659652,0.000000,0.000000,0.000000,0.857303
-1953.990333,-555.807960,-1558.384637,-28.123603,-7.761459,-22.261379,0.000000,0.000000,0.000000,1.154023
-84629.502450,-102907.261948,-504175.753188,-1209.141080,-1470.042196,-7202.504046,0.000000,0.000000,0.000000,1.172900
141.542224,3.629758,-49.912758,1.619653,-0.040045,-0.708569,0.000000,0.000000,0.000000,0.910688
-83.068893,19.327414,-31.445358,-1.439854,0.085563,-0.453435,0.000000,0.000000,0.000000,0.964605
1064.486534,-965.956450,-10593.752115,14.778441,-13.755275,-151.333290,0.000000,0.000000,0.000000,0.992010
4282.482845,2430.210386,3893.274551,61.017031,34.664831,55.618003,0.000000,0.000000,0.000000,0.811978
765338.470039,913010.058232,-142974.496663,10933.176951,13042.888872,-2042.491320,0.000000,0.000000,0.000000,0.988590
1906.523803,969.679995,-235.094065,27.505404,14.241342,-3.408641,0.000000,0.000000,0.000000,1.141112
-11879720.571838,-4257483.498871,5802489.840047,-169710.565148,-60821.198676,82892.707037,0.000000,0.000000,0.000000,0.830858
-13833.549705,-10363.197340,6403.878056,-197.840071,-147.953913,91.480684,0.000000,0.000000,0.000000,0.882321
28.468405,0.128952,-115.505541,-0.050149,0.114107,-1.664775,0.000000,0.000000,0.000000,1.003544
5504336.709551,16325080.379368,7739064.121955,78633.078583,233215.415854,110558.053825,0.000000,0.000000,0.000000,1.090557
-195023201.425271,-94183051.895077,488477296.321766,-2786045.958080,-1345472.129566,6978247.083204,0.000000,0.000000,0.000000,1.117236
58.724699,135.746809,-256.967812,0.387992,2.041481,-3.734705,0.000000,0.000000,0.000000,0.921839
-449.693143,294.835386,-773.574470,-6.651897,4.341552,-11.044158,0.000000,0.000000,0.000000,1.064942
-31590.214307,-20206.162702,-6036.518333,-451.436657,-288.568951,-86.241909,0.000000,0.000000,0.000000,1.190728
664900519.522197,-124132119.161692,-11684747.172688,9498578.549436,-1773315.911964,-166924.964198,0.000000,0.000000,0.000000,0.978843
2905.037636,266.399673,-11018.001087,41.174422,3.921566,-157.396520,0.000000,0.000000,0.000000,0.826292
-18265743.625444,9233911.993799,4432093.179858,-260939.522091,131913.063431,63315.618315,0.000000,0.000000,0.000000,1.161362
-303691124.696163,-102653574.824763,91135474.767113,-4338444.874679,-1466479.629957,1301935.355528,0.000000,0.000000,0.000000,1.090252
26.719211,59.832559,-190.012038,0.253546,0.851507,-2.739754,0.000000,0.000000,0.000000,1.169779
287372584414517.812500,2865560770805111.000000,-1602279456377063.000000,4105322634492.853516,40936582440072.546875,-22889706519672.039062,0.000000,0.000000,0.000000,1.075259
63.315690,28.531532,-13.546116,0.447952,0.451778,-0.223638,0.000000,0.000000,0.000000,0.824259
-35333.155267,-59555.729246,-5178.211667,-505.149935,-850.894120,-73.973760,0.000000,0.000000,0.000000,0.962516
27679872.672891,9014648.955984,-59086174.999244,395426.471427,128780.689926,-844088.207667,0.000000,0.000000,0.000000,1.199109
7578.747429,-23616.116261,-22754.346847,108.166382,-337.286344,-325.060877,0.000000,0.000000,0.000000,0.923813
37539.605768,-78706.471804,-19843.632724,538.448527,-1129.315927,-284.703757,0.000000,0.000000,0.000000,1.146033
-51875.057600,-15610.111226,-22718.908093,-741.232315,-222.933112,-324.556667,0.000000,0.000000,0.000000,0.909728
8148159.445458,-1919355.544021,20560250.400725,116401.961929,-27419.362118,293717.863494,0.000000,0.000000,0.000000,0.994752
57.898370,-48.321873,-54.180322,0.482014,-0.613985,-0.801691,0.000000,0.000000,0.000000,1.092672
131.245417,-1.393713,18.008495,1.527384,0.150850,0.246177,0.000000,0.000000,0.000000,0.917199
-10725.950443,-2174.925482,-938.897885,-153.558663,-31.224238,-13.405696,0.000000,0.000000,0.000000,0.970720
-2297.120064,-220.515993,8950.943678,-33.140132,-3.034186,127.866545,0.000000,0.000000,0.000000,1.009326
3710346.765871,1506036.912507,-1387933.105250,53004.826687,21514.892716,-19827.619904,0.000000,0.000000,0.000000,0.820667
1580.585170,2413.174708,53.183839,22.336373,34.470487,0.764065,0.000000,0.000000,0.000000,1.157497
-1077.547183,3130.667862,201.610744,-15.658244,44.627577,2.876580,0.000000,0.000000,0.000000,1.095574
-715233.887482,39636.671227,-62162.143841,-10217.893531,566.239579,-888.027999,0.000000,0.000000,0.000000,0.984745
-4775012.908303,764957.946078,-2201966.244355,-68214.710657,10927.864513,-31456.665042,0.000000,0.000000,0.000000,1.051727
-3.420145,30.599444,-25.607957,-0.195378,0.447933,-0.387311,0.000000,0.000000,0.000000,1.135512
259867732.146416,-549000469.552333,-594265660.146296,3712395.928736,-7842863.884529,-8489509.431881,0.000000,0.000000,0.000000,0.965913
2519.562235,4906.797920,-877.845536,35.663891,70.040043,-12.533980,0.000000,0.000000,0.000000,0.878008
923219.905059,3030509.615554,-1426273.407539,13188.609902,43292.905367,-20375.333166,0.000000,0.000000,0.000000,0.923908
7.531021,36.093230,38.756724,-0.020524,0.505367,0.583100,0.000000,0.000000,0.000000,0.969764
-92826.624628,-34086.314000,-16029.913910,-1326.354348,-486.932778,-228.994010,0.000000,0.000000,0.000000,0.944591
83.701485,-72.340758,-161.041741,0.866534,-0.955575,-2.354832,0.000000,0.000000,0.000000,0.809814
17.747011,54.735332,-75.807502,0.004893,0.958689,-1.124587,0.000000,0.000000,0.000000,1.155113
948.917131,-910.071050,705.447556,13.232743,-12.832430,10.073965,0.000000,0.000000,0.000000,1.029983
4012.999199,2204.956355,17607.780810,57.059824,31.605838,251.539582,0.000000,0.000000,0.000000,0.835258
-22908.338489,5316.726402,-17948.348527,-328.328217,76.094113,-257.132308,0.000000,0.000000,0.000000,1.066468
3351.853526,547.815452,8800.623516,47.655307,7.894291,125.717291,0.000000,0.000000,0.000000,1.169296
548777342.288409,480454155.698597,195027535.609273,7839676.021106,6863630.764583,2786107.648340,0.000000,0.000000,0.000000,1.119005
-973.402591,-697.560666,-1196.879124,-14.240524,-10.057771,-17.238685,0.000000,0.000000,0.000000,1.038952
-284.323061,-2400.022813,60.632621,-4.383831,-34.108926,0.862033,0.000000,0.000000,0.000000,1.176150
-7539841.623392,219300774.478584,69644762.980636,-107712.240889,3132868.057900,994925.186764,0.000000,0.000000,0.000000,0.902790
2319148.469177,567541.368807,975418.032340,33130.391434,8107.733425,13934.546984,0.000000,0.000000,0.000000,1.051618
-28251814.493317,144577761.222329,64269571.236845,-403597.601579,2065396.573598,918136.725579,0.000000,0.000000,0.000000,0.905255
38.840764,76.418975,-33.481528,0.075415,1.149311,-0.490796,0.000000,0.000000,0.000000,0.893379
-78.894288,-6.457301,-63.963831,-1.016104,0.073398,-1.119663,0.000000,0.000000,0.000000,1.000914
130853164.132203,-26875281.419364,-65925404.172703,1869330.612651,-383932.613942,-941791.486399,0.000000,0.000000,0.000000,0.982572
-289.192410,115.753514,-875.315189,-4.392385,1.580855,-12.498215,0.000000,0.000000,0.000000,1.056024
-257032.323964,-233267.828369,-414806.099304,-3704.053661,-3361.258901,-5977.021965,0.000000,0.000000,0.000000,0.809312
22920822962.651466,-5884441579.480722,-22295672900.329674,327440327.757520,-84063451.150615,-318509612.861072,0.000000,0.000000,0.000000,1.158956
-3.302422,134.762291,375.060274,-0.288127,1.919609,5.354279,0.000000,0.000000,0.000000,1.156830
79.135843,48.084630,12.118894,0.717165,0.816834,0.260828,0.000000,0.000000,0.000000,0.873434
64725.903769,-44217.972093,45888.483199,974.441900,-665.716499,691.116431,0.000000,0.000000,0.000000,1.153578
84.387841,-61.874641,-30.237028,0.805022,-0.956130,-0.519239,0.000000,0.000000,0.000000,0.970115
-565.664731,6430.865079,5393.035645,-8.404067,91.997380,77.044001,0.000000,0.000000,0.000000,0.894150
205.885278,729.761730,252.996437,2.738144,10.304967,3.612897,0.000000,0.000000,0.000000,1.177652
275.394508,-1799.563775,4003.460333,3.681421,-25.709954,57.244772,0.000000,0.000000,0.000000,1.171372
128.072287,4.013379,-111.670733,1.459964,0.048694,-1.685338,0.000000,0.000000,0.000000,1.036042
-17.652292,-81.327163,15.835889,-0.447994,-1.238604,0.222504,0.000000,0.000000,0.000000,0.920117
12.403413,-77.723593,-61.734558,0.061560,-1.165111,-0.905385,0.000000,0.000000,0.000000,1.041553
-13940.954742,13673.812312,-51650.743067,-199.519882,195.372464,-737.864045,0.000000,0.000000,0.000000,0.852513
-28.357964,-52.276349,-70.514587,-0.695359,-0.706482,-0.994215,0.000000,0.000000,0.000000,1.121206
-60555.755954,-17656.862952,5435.930526,-865.426942,-252.079155,77.656433,0.000000,0.000000,0.000000,1.015589
-82579.373380,-170072.731900,-12865.438550,-1179.987488,-2429.519519,-183.787724,0.000000,0.000000,0.000000,0.852184
-517807808193.405640,30735597302.179451,519488304011.795044,-7397254403.024995,439079961.575216,7421261485.886341,0.000000,0.000000,0.000000,1.041386
69.190262,34.362171,-22.022457,0.511903,0.573584,-0.337519,0.000000,0.000000,0.000000,0.842234
20372661471.023617,16162660598.767010,5524097200.007540,291038020.689633,230895151.276838,78915674.286216,0.000000,0.000000,0.000000,0.891092
17493.469590,8192.687537,-8501.867475,249.460723,116.925093,-121.456457,0.000000,0.000000,0.000000,1.156470
187.591130,-114.920496,62.396947,2.227905,-1.537169,0.899447,0.000000,0.000000,0.000000,0.940498
29158.333324,52446.023607,-194010.624416,416.292288,749.224523,-2771.575430,0.000000,0.000000,0.000000,1.099871
1357.822772,-2207.739043,-346.299344,20.151476,-33.581440,-5.234885,0.000000,0.000000,0.000000,0.935047
-2602860528.144720,-3050871885.162724,1085462794.045850,-37183722.139861,-43583884.204069,15506611.348070,0.000000,0.000000,0.000000,1.082900
4533.901541,611.080135,-2723.525311,64.431722,8.574336,-38.901013,0.000000,0.000000,0.000000,1.048884
266663.873629,-110814.471882,-205947.530700,3819.969815,-1587.709629,-2950.536609,0.000000,0.000000,0.000000,1.160611
-133.275067,-170.810943,269.684470,-2.118921,-2.344884,3.861098,0.000000,0.000000,0.000000,0.880410
13172.442710,-12013.135848,14421.606983,187.890864,-171.409337,206.025210,0.000000,0.000000,0.000000,1.082227
-65.940191,828.198548,-43.407161,-1.359626,12.213105,-0.462793,0.000000,0.000000,0.000000,0.888692
-15505186.893213,1733033.815539,34140689.752167,-221502.962811,24757.617513,487724.136084,0.000000,0.000000,0.000000,0.839384
-7566.864780,-1164.516033,983.375123,-108.680296,-16.823448,14.096711,0.000000,0.000000,0.000000,1.170744
1320.507772,1509.830660,-2535.483382,18.477541,21.548528,-36.218793,0.000000,0.000000,0.000000,1.082462
48372484.846618,-28896247.053216,69333998.208031,691035.204802,-412803.523588,990485.683088,0.000000,0.000000,0.000000,1.158045
234883.251312,889043.450566,246441.901283,3355.203221,12700.623586,3520.601346,0.000000,0.000000,0.000000,0.914463
-3560.660123,-2477.712775,-1909.504997,-51.223720,-35.359295,-27.271696,0.000000,0.000000,0.000000,0.975595
1705635.741892,959880.763387,-715641.620683,24365.803597,13712.678316,-10223.446467,0.000000,0.000000,0.000000,1.006657
39683609.076859,-16839195.165943,5498042.343352,566908.418845,-240559.909408,78543.467657,0.000000,0.000000,0.000000,0.863205
-41.903557,32.420567,-44.199044,-1.056162,0.313325,-0.713740,0.000000,0.000000,0.000000,1.032604
-1315.211390,-1648.882204,4272.585218,-19.053079,-23.579849,61.034167,0.000000,0.000000,0.000000,1.136900
-11009798.445560,20944613.895916,13599474.692889,-157283.134955,299208.762524,194278.203327,0.000000,0.000000,0.000000,1.181825
745963.103345,-8656477.392955,12225322.162072,10656.314567,-123663.963329,174647.452805,0.000000,0.000000,0.000000,1.109992
-38.079926,-238.775786,666.280348,-0.759212,-3.279934,9.515587,0.000000,0.000000,0.000000,1.163210
1069.235526,2877.048672,268.306761,14.892086,41.273173,3.829088,0.000000,0.000000,0.000000,0.924382
63.653314,3.891060,-72.984604,0.636246,0.195427,-1.089989,0.000000,0.000000,0.000000,0.973842
-1664.392975,476.136258,1335.602533,-24.223862,6.857837,19.197012,0.000000,0.000000,0.000000,1.174824
-43173347.796014,11928807.305651,8194803.849261,-616762.394737,170411.539996,117068.628700,0.000000,0.000000,0.000000,0.819035
28446235.051211,78819456.949624,-48504533.997201,406374.667254,1125992.174973,-692921.915030,0.000000,0.000000,0.000000,0.849943
-488614.963628,144299.083801,68452.570808,-6980.510305,2061.398974,977.889591,0.000000,0.000000,0.000000,0.976608
200022.052883,318977.550015,11223.246349,2857.100936,4556.847497,160.329973,0.000000,0.000000,0.000000,1.013698
150336.959299,67132.790275,336611.673872,2150.472409,960.498047,4815.609473,0.000000,0.000000,0.000000,1.067462
-418.638188,-304.311851,157.721637,-6.330462,-4.277577,2.255368,0.000000,0.000000,0.000000,1.114062
-2006.708711,-3082.772949,1208.778456,-28.908592,-44.241675,17.296920,0.000000,0.000000,0.000000,1.066148
-1225.850508,1216.962705,12787.424057,-17.939919,17.428567,182.675875,0.000000,0.000000,0.000000,0.817497
-4073310.072991,1949922.588507,-2309180.100144,-58190.527005,27856.020388,-32988.291305,0.000000,0.000000,0.000000,0.983076
-306178.158300,44205.555285,486599.759215,-4374.336332,631.543501,6951.418874,0.000000,0.000000,0.000000,1.197002
14.765970,-4.432755,-0.591438,-0.219329,-0.226254,0.024825,0.000000,0.000000,0.000000,0.942361
46.676008,51.683587,-51.671783,0.223936,0.800491,-0.733970,0.000000,0.000000,0.000000,1.104817
51012.454473,11296.465170,40793.981671,728.464086,161.337950,582.768236,0.000000,0.000000,0.000000,1.156099
130.737080,-198.686287,-56.559607,1.647963,-2.893559,-0.811187,0.000000,0.000000,0.000000,0.836249
150.671003,440.319616,205.814331,1.799696,6.272748,2.949538,0.000000,0.000000,0.000000,0.906427
6836.680513,10774.485448,11975.391502,97.417221,153.945547,171.078055,0.000000,0.000000,0.000000,0.936325
29358.820837,13410.521078,2391.675661,419.047920,191.604935,34.166554,0.000000,0.000000,0.000000,0.962051
-111529.246797,-292215.782006,36529.064653,-1593.554176,-4174.477861,521.844775,0.000000,0.000000,0.000000,1.075549
1239.004391,1601.136695,-739.843186,17.306642,22.752375,-10.564658,0.000000,0.000000,0.000000,1.034069
-18899.733980,-137975.032120,-15520.224177,-271.005554,-1976.745760,-222.325319,0.000000,0.000000,0.000000,1.176354
46710.756031,17627.642034,12269.207407,667.083946,251.886513,175.276513,0.000000,0.000000,0.000000,1.024877
213.209372,47.442705,-179.327859,2.689823,0.629865,-2.576516,0.000000,0.000000,0.000000,0.982953
4488.137740,6722.816016,-4178.320799,63.802927,96.118386,-59.684145,0.000000,0.000000,0.000000,1.150424
17.290129,-232.232509,-178.435630,0.076543,-3.185260,-2.542643,0.000000,0.000000,0.000000,1.126163
-78697082.072622,1757644.305226,71770110.753882,-1124244.299021,25109.255434,1025287.297637,0.000000,0.000000,0.000000,0.844411
-7445.156515,-13957.400937,-85354.339874,-106.702057,-199.206684,-1219.346277,0.000000,0.000000,0.000000,1.036014
-110710.908423,-353461.715810,25198.943696,-1581.938030,-5049.423062,359.982848,0.000000,0.000000,0.000000,1.043285
45655.334120,747422.060073,-1713145.997909,651.905709,10677.470727,-24473.513371,0.000000,0.000000,0.000000,0.988348
2680772.312211,4025734.082884,2403022.136723,38296.426933,57510.466919,34328.884669,0.000000,0.000000,0.000000,1.014765
372.599729,90.839476,173.206082,4.883895,1.251982,2.481324,0.000000,0.000000,0.000000,1.127865
9451292.579297,-5872936.189239,-247122.343870,135018.097001,-83899.220399,-3530.322506,0.000000,0.000000,0.000000,0.837587
-149203.357735,-157087.507731,-14166.421353,-2187.624574,-2303.376512,-207.733043,0.000000,0.000000,0.000000,1.198040
-892.899894,-434.579722,-399.761019,-12.915586,-6.171057,-5.704481,0.000000,0.000000,0.000000,0.872062
83348.819435,-115741.510675,987.634102,1190.539906,-1653.437593,14.110508,0.000000,0.000000,0.000000,0.835567
5690.743839,68944.200941,97788.230533,80.898079,984.734907,1396.969859,0.000000,0.000000,0.000000,1.050494
-11.705432,38.860845,-74.957031,-0.256378,0.525067,-1.060642,0.000000,0.000000,0.000000,0.896114
22.327334,22.632314,375.892943,0.063693,0.510886,5.363100,0.000000,0.000000,0.000000,1.006687
-6989.193674,3145.476466,2047.644962,-100.116981,44.956268,29.253587,0.000000,0.000000,0.000000,1.052623
1144.576248,-6672.376743,583.548579,16.131310,-95.323672,8.330773,0.000000,0.000000,0.000000,0.972416
-2802.099859,-4982.031291,-6277.700454,-40.323738,-71.193493,-89.677107,0.000000,0.000000,0.000000,0.927088
167.506288,228.316146,-589.962429,2.259392,3.379658,-8.427228,0.000000,0.000000,0.000000,1.063849
-1053373151.020058,432781205.882501,442705950.468301,-15048188.288050,6182588.678193,6324370.720624,0.000000,0.000000,0.000000,0.814390
332.650359,119.814560,-552.991604,4.362653,1.725315,-7.915557,0.000000,0.000000,0.000000,1.084872
-171756.253831,-324260.026807,-940580.752810,-2525.744801,-4768.266306,-13832.062637,0.000000,0.000000,0.000000,1.102768
18.645355,170.622523,-60.301504,-0.149778,2.450187,-0.860218,0.000000,0.000000,0.000000,0.823580
-39842.345162,-57958.177407,1233.515455,-569.644618,-828.062498,17.627050,0.000000,0.000000,0.000000,1.162363
-1176449.323176,-1291251.179883,-303980.578185,-16806.732818,-18446.478544,-4342.577751,0.000000,0.000000,0.000000,0.821384
5949870.440529,93742.073309,-2256108.821790,85119.566470,1341.127435,-32276.231379,0.000000,0.000000,0.000000,0.876243
-3015934.229156,-4516726.702750,-2696998.782921,-43085.092798,-64524.683726,-38528.554989,0.000000,0.000000,0.000000,0.903588
6525.262764,25516.101381,13790.007415,92.933782,364.712825,197.003547,0.000000,0.000000,0.000000,0.992565
-42153.115494,78609.582553,56633.133974,-602.487899,1122.955528,809.039611,0.000000,0.000000,0.000000,1.050501
-43007330.310002,-38995568.035712,-26126376.573575,-614390.727417,-557079.727364,-373233.955647,0.000000,0.000000,0.000000,1.126806
-86646.970754,-270757.020498,131711.897445,-1238.156806,-3867.988208,1881.597038,0.000000,0.000000,0.000000,0.896502
2893438117.721632,3391628490.830614,-1206716377.796473,41334829.942293,48451835.451044,-17238805.391846,0.000000,0.000000,0.000000,0.974140
7837529.988895,-2298528.169309,968655.155317,111964.408300,-32836.116702,13837.927862,0.000000,0.000000,0.000000,0.913226
241754695357.822357,-181814283556.927490,-546494521424.568176,3453638504.757108,-2597346907.979971,-7807064591.781789,0.000000,0.000000,0.000000,0.945531
2439.656743,-1751.184297,-1095.967198,34.459548,-24.913255,-15.655005,0.000000,0.000000,0.000000,1.186926
-80090860.217692,-755730.990798,-61501422.323529,-1144155.547149,-10796.160831,-878591.740364,0.000000,0.000000,0.000000,0.962127
54020.869293,15730.668237,-4913.587785,771.375614,224.883717,-70.193252,0.000000,0.000000,0.000000,1.140163
1125.052267,2607.505699,7183.204266,15.862371,37.241698,102.610909,0.000000,0.000000,0.000000,1.033141
37.465328,-11.864112,-60.907902,0.172827,-0.091581,-0.837133,0.000000,0.000000,0.000000,1.136733
1474.974751,365.344375,744.623969,20.889417,5.102457,10.634132,0.000000,0.000000,0.000000,1.114637
1419.903398,4224.574236,6241.870489,20.119168,60.972143,90.076706,0.000000,0.000000,0.000000,1.038443
75.150597,-1.873206,-4.620497,0.619109,0.052771,-0.059074,0.000000,0.000000,0.000000,1.193953
-197.176233,-760.881426,-843.133437,-3.276696,-11.010531,-12.150905,0.000000,0.000000,0.000000,1.192625
-4257.123774,6736.301813,-6694.010335,-60.923258,96.119834,-95.624863,0.000000,0.000000,0.000000,1.026543
501477.503265,-148139.036162,192808.586826,7163.672210,-2116.257487,2754.411476,0.000000,0.000000,0.000000,0.977905
-49462.650529,44455.604183,31716.104712,-706.771461,635.248818,453.087195,0.000000,0.000000,0.000000,1.157193
-261.083346,242.460851,1655.182406,-4.090627,3.343483,23.643651,0.000000,0.000000,0.000000,0.958091
-65.324184,-101.946416,-279.681597,-1.390941,-1.511523,-4.010118,0.000000,0.000000,0.000000,1.187200
28137.267366,126.274347,28245.447997,401.746354,1.786938,403.507622,0.000000,0.000000,0.000000,0.955924
69.717335,16.759362,-32.028347,0.717999,0.541942,-0.427195,0.000000,0.000000,0.000000,1.177776
7423.161795,2117.352056,4891.697513,105.820862,30.135201,69.978031,0.000000,0.000000,0.000000,0.943368
79803.486994,271988.911063,-8081.922309,1187.368992,4047.530077,-120.268215,0.000000,0.000000,0.000000,0.827079
7619451.440375,-227402459.222684,-72582973.164087,108849.088484,-3248606.706016,-1036899.614274,0.000000,0.000000,0.000000,0.870387
28.101325,96.706459,-4.009452,-0.075461,1.327035,-0.051654,0.000000,0.000000,0.000000,0.918610
57.802466,-101.811091,-64.376645,0.597947,-1.252397,-0.916174,0.000000,0.000000,0.000000,0.903879
-8718.384986,881.352181,28896.671882,-124.858501,12.527549,412.807344,0.000000,0.000000,0.000000,0.895362
62435.432670,26446.902149,13379.994460,891.669087,377.825163,191.146577,0.000000,0.000000,0.000000,0.889664
-84.941937,27.910984,-51.729261,-1.292791,0.383428,-0.850509,0.000000,0.000000,0.000000,0.968999
-1916.124366,-1028.144734,211.273574,-28.048634,-14.792145,3.078020,0.000000,0.000000,0.000000,1.013257
23128742.333404,-31420221.587212,-94573991.127024,330410.113112,-448860.327150,-1351057.016598,0.000000,0.000000,0.000000,0.821278
701480.722488,-2177775.058657,1384902.389525,10020.715736,-31111.105637,19784.313595,0.000000,0.000000,0.000000,0.988740
-125689.028798,-447039.767401,-1140486.186467,-1795.677067,-6386.201161,-16292.656772,0.000000,0.000000,0.000000,0.961047
5.466196,-49.535308,-60.714756,-0.121242,-0.988544,-0.885596,0.000000,0.000000,0.000000,1.172275
23450497142.646160,14056395351.791134,-3935737718.495178,335007101.758114,200805647.908120,-56224824.547178,0.000000,0.000000,0.000000,1.068235
51.663114,-17.501328,-27.274543,0.115677,-0.102630,-0.525007,0.000000,0.000000,0.000000,1.141943
305.770792,4.204529,275.532193,4.045860,0.143845,3.932024,0.000000,0.000000,0.000000,1.138489
433286.872723,546809.930469,632866.029465,6189.621702,7811.660101,9040.941015,0.000000,0.000000,0.000000,0.949375
-1927.498628,-4457.393646,-7814.174243,-28.182594,-64.304547,-112.745574,0.000000,0.000000,0.000000,0.845823
388.804776,73.173047,-79.037785,5.257286,1.224677,-1.129766,0.000000,0.000000,0.000000,0.914110
-443100.860858,9762857.509803,-13657396.745276,-6339.247568,139668.947131,-195384.784029,0.000000,0.000000,0.000000,1.062392
-152051.602676,-68264.045306,-343084.786765,-2175.541924,-976.508587,-4908.226005,0.000000,0.000000,0.000000,1.046150
15209.924903,-4461.720920,-1937.240085,217.099015,-63.828968,-27.676172,0.000000,0.000000,0.000000,1.146327
141992.282272,194728.357957,121522.067890,2028.174962,2781.849057,1736.026658,0.000000,0.000000,0.000000,0.944161
60.626390,-41.309133,-47.687567,0.781475,-0.511098,-0.696333,0.000000,0.000000,0.000000,0.928885
177368.872162,23612.779520,-103460.918958,2533.580546,337.280374,-1478.012613,0.000000,0.000000,0.000000,1.154002
50.578104,-52.018333,-55.577646,0.246726,-0.739261,-0.756053,0.000000,0.000000,0.000000,0.901690
431.322445,4947.199128,731.932807,5.940917,70.657667,10.455024,0.000000,0.000000,0.000000,1.061761
-27.005629,-20.248014,4.910383,-0.782490,-0.392893,0.095997,0.000000,0.000000,0.000000,0.981113
2058499608.424956,4514460551.018669,-2188093035.824694,29407137.085070,64492293.667439,-31258471.943330,0.000000,0.000000,0.000000,1.003691
-14900.716579,4562.405855,234536.218595,-213.256160,65.122383,3350.514636,0.000000,0.000000,0.000000,0.854357
59.657340,-36.120183,-85.456420,0.594976,-0.361684,-1.284842,0.000000,0.000000,0.000000,1.171669
-60848.781506,-63836.049966,-72294.112939,-870.951540,-913.213225,-1034.255275,0.000000,0.000000,0.000000,0.809294
169277.199759,361649.154047,-132429.111237,2417.969376,5166.420469,-1891.847709,0.000000,0.000000,0.000000,1.177510
-137636.774270,405910.320481,-38595.925933,-1969.449301,5806.986824,-552.151194,0.000000,0.000000,0.000000,0.938571
1047939688.008131,1461946795.401170,3329724427.881817,14970566.691995,20884954.203403,47567491.823790,0.000000,0.000000,0.000000,0.965873
-7244639.229782,19552293.469069,101473570.884995,-103495.109422,279318.465366,1449622.438969,0.000000,0.000000,0.000000,0.806254
5802.293197,-1141.014054,10007.883703,82.735195,-16.458757,142.963111,0.000000,0.000000,0.000000,1.197061
-1088799.868857,-3301553.707736,-2630058.852120,-15554.629511,-47165.103455,-37572.267698,0.000000,0.000000,0.000000,0.972570
37070.341254,34632.861092,7436.432395,529.240499,494.787267,106.236015,0.000000,0.000000,0.000000,1.066617
-53479.069796,-31753.200851,-25477.744986,-764.170222,-453.785727,-363.966133,0.000000,0.000000,0.000000,0.827217
15999460.514833,5497939.375139,3657303.985954,228563.490585,78541.788195,52247.196805,0.000000,0.000000,0.000000,0.931572
1155173910.297201,2020335676.735446,-775296168.739163,16502484.062126,28861938.225542,-11075659.558541,0.000000,0.000000,0.000000,1.015864
38.377917,263.398518,212.133018,0.208504,3.709097,3.105929,0.000000,0.000000,0.000000,0.865683
-223808.614854,1357899.806953,1067688.211317,-3197.488587,19398.542910,15252.690486,0.000000,0.000000,0.000000,0.964410
-31560.075611,15605.165209,-56849.397064,-451.089332,222.991578,-812.130749,0.000000,0.000000,0.000000,0.921414
109449.355497,-60662.391026,59226.206588,1563.238448,-866.610297,846.083643,0.000000,0.000000,0.000000,1.165302
-11445.892959,18605.554199,217072.415676,-163.758512,265.913813,3101.029513,0.000000,0.000000,0.000000,1.147375
92.061895,-68.651013,-148.252543,0.945465,-1.132007,-2.232243,0.000000,0.000000,0.000000,0.905243
-29988.594099,5076.174795,1139.889773,-428.746871,72.464998,16.285725,0.000000,0.000000,0.000000,0.887778
20198.129842,66970.467746,-12614.983922,288.178635,956.611101,-180.209993,0.000000,0.000000,0.000000,0.882672
-535.871553,2223.084748,1573.824171,-7.846423,31.741796,22.477297,0.000000,0.000000,0.000000,0.929124
100.176372,165.977131,395.823546,1.186511,2.418474,5.648119,0.000000,0.000000,0.000000,0.872177
11490.939712,30626.933728,9744.856904,163.922913,437.581819,139.213511,0.000000,0.000000,0.000000,0.809480
921155.180500,47422.941741,-834164.044199,13158.929593,677.419451,-11916.631677,0.000000,0.000000,0.000000,0.852665
344.326562,242.590185,477.263111,4.431165,3.503869,6.816210,0.000000,0.000000,0.000000,0.818536
-3219.538212,760.739730,2520.976680,-46.404000,11.017048,36.007151,0.000000,0.000000,0.000000,1.140288
79660.180388,288387.965828,-129689.917631,1137.658007,4119.792212,-1852.712125,0.000000,0.000000,0.000000,0.833555
-41716.032587,87883.207277,22059.218418,-598.645439,1260.774234,316.483501,0.000000,0.000000,0.000000,1.027351
940225819.137473,-396266967.999108,-407303654.322806,13431796.997338,-5660956.661914,-5818623.632452,0.000000,0.000000,0.000000,0.895092
-16583931724.621862,-13154908196.221025,-4495197042.976855,-236913310.674969,-187927260.078740,-64217100.613085,0.000000,0.000000,0.000000,1.094618
-7117.556264,-51608.368170,-153914.082422,-101.886678,-737.183774,-2198.773505,0.000000,0.000000,0.000000,0.964641
225865.866368,710872.689680,-109722.373491,3226.338796,10155.353512,-1567.466813,0.000000,0.000000,0.000000,1.088460
132.721423,298.582040,-304.997831,1.764982,4.344752,-4.360343,0.000000,0.000000,0.000000,0.872413
-92788.307742,-387195.464598,210012.043425,-1325.812584,-5531.362771,3000.168044,0.000000,0.000000,0.000000,0.891384
-1466.996254,2664.606612,314.724604,-22.838437,40.572575,4.827054,0.000000,0.000000,0.000000,0.814934
-981352.211643,-50395.947576,888407.184624,-14019.743523,-719.993053,12691.525191,0.000000,0.000000,0.000000,0.800565
-109093.419081,76856.380116,20024.686076,-1558.779156,1097.957536,286.059839,0.000000,0.000000,0.000000,0.851082
4413.760191,-28122.670817,-30184.793122,63.067414,-404.013631,-433.678423,0.000000,0.000000,0.000000,0.802055
-575909.322370,-562102.497625,-150038.696019,-8227.562927,-8030.022079,-2143.405010,0.000000,0.000000,0.000000,1.030139
46.595805,-1039.964399,-1492.188260,0.367768,-14.835771,-21.427325,0.000000,0.000000,0.000000,1.053327
-80.680771,188.006082,265.934380,-1.402330,2.874989,3.893587,0.000000,0.000000,0.000000,0.829351
29746.052225,-2828.741203,-13972.702728,424.542659,-40.313931,-199.609926,0.000000,0.000000,0.000000,1.191348
-6476497.759011,31181393.744941,1115999.359142,-92521.614190,445448.418052,15942.842835,0.000000,0.000000,0.000000,0.964997
29450801.719023,58808237.261419,96575537.001391,420725.387361,840117.504293,1379650.526751,0.000000,0.000000,0.000000,0.832471
-8462.280900,-1125.383958,10504.744310,-121.083344,-16.033302,150.063643,0.000000,0.000000,0.000000,0.859998
-1263.563078,983.267211,1262.816583,-18.212491,13.924016,18.034267,0.000000,0.000000,0.000000,1.189759
3318.175447,696.182531,-2127.799072,47.013950,9.810653,-30.392967,0.000000,0.000000,0.000000,0.837812
232833830.227218,21165921.345285,510384087.467346,3326197.432836,302370.276855,7291201.246725,0.000000,0.000000,0.000000,1.195844
-2635.663097,-1278.305596,-16601.034414,-37.919472,-18.153779,-237.150551,0.000000,0.000000,0.000000,0.907600
43858448.080159,89400224.087407,-2516300.063956,626548.965624,1277146.060850,-35947.147135,0.000000,0.000000,0.000000,1.175978
-5553.555220,-3789.864341,870.813990,-79.769294,-54.215235,12.438145,0.000000,0.000000,0.000000,0.918034
-63877.740021,43713.477005,-45407.750902,-962.355177,658.549041,-683.823455,0.000000,0.000000,0.000000,1.162965
-741583997.800773,-649213759.304817,-263504992.598445,-10594057.406537,-9274482.304967,-3764357.039560,0.000000,0.000000,0.000000,0.828171
5812719.120012,-28002036.203013,-991205.545163,83038.626127,-400029.148726,-14160.084229,0.000000,0.000000,0.000000,1.074301
2798.766490,2202.641038,-898.113992,39.679792,31.362349,-12.832325,0.000000,0.000000,0.000000,0.828123
-5240.628097,-9860.540611,13378.423989,-75.106087,-140.796873,191.113526,0.000000,0.000000,0.000000,0.945933
-10528.967950,-14007.116706,43599.271295,-150.635802,-200.030635,622.844961,0.000000,0.000000,0.000000,0.871053
-910.254860,-94.618785,-747.094886,-13.239269,-1.258091,-10.675370,0.000000,0.000000,0.000000,1.006606
-80333.790642,-63502.577629,-52777.624840,-1154.582302,-912.572852,-758.272016,0.000000,0.000000,0.000000,0.891709
675.780311,486.405630,615.435618,9.732564,7.059128,9.008511,0.000000,0.000000,0.000000,0.802266
-31833010.862797,-20582440.693800,-40137276.489986,-454757.559658,-294034.879417,-573389.659000,0.000000,0.000000,0.000000,0.808057
85889.938421,-143226.245715,379108.936161,1226.763244,-2046.125388,5415.840411,0.000000,0.000000,0.000000,0.997179
-34.047303,-26.904312,-54.963089,-0.682688,-0.407991,-0.849844,0.000000,0.000000,0.000000,0.826401
117242911.226617,24676198.195206,-36693637.177129,1674898.394632,352517.171397,-524194.819433,0.000000,0.000000,0.000000,1.092000
-344.018332,-408.616315,387.316785,-5.332292,-5.763511,5.525468,0.000000,0.000000,0.000000,1.064843
-1278078.061029,3821622.757942,-13348090.970363,-18258.642176,54594.711874,-190687.011482,0.000000,0.000000,0.000000,0.822479
107599.322949,878732.817365,-21784.302120,1536.777917,12553.267420,-311.199805,0.000000,0.000000,0.000000,1.009438
18637.124754,-3085.885360,13177.728029,265.893220,-44.244613,188.249777,0.000000,0.000000,0.000000,0.979089
8985.869354,13851.343688,-1889.333576,128.419752,198.493713,-27.062547,0.000000,0.000000,0.000000,1.066492
-2348.742826,-4186.084323,-1486.761746,-33.966241,-59.873575,-21.240603,0.000000,0.000000,0.000000,0.981742
-235960892176.917999,177456990101.968628,533397436794.911743,-3370869888.595730,2535099858.575141,7619963382.780657,0.000000,0.000000,0.000000,0.968748
-38072.304561,-46921.283706,14929.784612,-544.288369,-670.303431,213.285258,0.000000,0.000000,0.000000,0.983512
308007640.543057,85834355.079833,-66685147.362594,4400108.911490,1226205.081966,-952644.959723,0.000000,0.000000,0.000000,1.084388
-325144475.126553,-269129572.174402,65641549.140738,-4644921.369447,-3844708.165840,937736.420668,0.000000,0.000000,0.000000,0.873257
-1359.035111,12720.360023,97037.383775,-19.817296,181.715901,1386.246779,0.000000,0.000000,0.000000,0.816476
-712.075777,539.063152,601.942662,-10.525550,7.600179,8.626084,0.000000,0.000000,0.000000,1.047589
-239170.008634,-753016.458163,118413.798701,-3417.029229,-10757.343512,1691.620563,0.000000,0.000000,0.000000,1.027319
2128.356603,-810.401653,-1069.073914,30.097188,-11.421057,-15.270283,0.000000,0.000000,0.000000,1.173960
10384.052591,6889.817117,3233.006594,148.011021,98.506320,46.188466,0.000000,0.000000,0.000000,1.044913
5.974816,42.645141,-2.726190,-0.219834,0.518550,0.024469,0.000000,0.000000,0.000000,0.914418
-2315.792788,16474.529979,13829.532596,-33.575008,235.356940,197.558118,0.000000,0.000000,0.000000,1.174704
16871404.755059,2326349.123937,4189175.225106,241019.644981,33233.582141,59845.360083,0.000000,0.000000,0.000000,0.964197
-54498.808273,7900.143957,102169.818047,-778.860301,112.681624,1459.564142,0.000000,0.000000,0.000000,0.803833
182775.584702,8577.812570,-27462.636765,2610.760162,122.476232,-392.318311,0.000000,0.000000,0.000000,0.974165
3258.307345,628.232433,-2645.680436,46.265081,8.928597,-37.788534,0.000000,0.000000,0.000000,1.077810
634585681.567759,-570422945.704570,-787199660.811715,9065509.320184,-8148899.172265,-11245709.441006,0.000000,0.000000,0.000000,1.142695
45651.223985,-94501.413469,-11784.872332,653.668658,-1353.979488,-168.855913,0.000000,0.000000,0.000000,0.969278
-23346084.302177,21701237.199543,-14274047.311739,-333515.766855,310017.663289,-203914.956467,0.000000,0.000000,0.000000,1.019335
2690.649147,910.309809,876.547388,38.260127,12.868000,12.521869,0.000000,0.000000,0.000000,1.190436
-91.336127,113.184365,59.098577,-1.645872,1.433836,0.841916,0.000000,0.000000,0.000000,1.094258
5958.150926,8987.959002,-23663.080713,84.793984,128.585418,-338.040043,0.000000,0.000000,0.000000,0.907879
22013.681440,63126.316633,111839.510412,314.260038,901.836642,1597.704386,0.000000,0.000000,0.000000,0.928088
-48112.377341,-21084.659503,-16016.905624,-687.526248,-301.143814,-228.808937,0.000000,0.000000,0.000000,0.958425
-173181166.147039,-3067250081.551127,-4858210404.441422,-2474016.938866,-43817858.316740,-69403005.774496,0.000000,0.000000,0.000000,1.021077
-70.525394,756.477387,-395.988584,-1.265441,10.669103,-5.663056,0.000000,0.000000,0.000000,0.887687
-1289.650641,-1668.169475,695.715832,-18.811870,-23.945571,9.940282,0.000000,0.000000,0.000000,0.970445
-87.998553,-319.957136,-529.144975,-1.576790,-4.717545,-7.632140,0.000000,0.000000,0.000000,0.988023
831866.829986,909556.541582,211040.421508,11883.494519,12993.628021,3014.864233,0.000000,0.000000,0.000000,1.172336
4293.532572,2410.927611,-2534.282934,61.003799,34.307817,-36.198483,0.000000,0.000000,0.000000,1.017928
-115.875726,0.706921,23.783437,-1.958929,0.143208,0.343226,0.000000,0.000000,0.000000,0.873146
-91940899.580263,145686788.789095,-51604978.240552,-1313441.717478,2081239.837599,-737213.967990,0.000000,0.000000,0.000000,0.818163
296.711817,875.090636,-982.016233,3.956079,12.426943,-14.025275,0.000000,0.000000,0.000000,1.022176
-54.240736,1124.298686,622.807568,-1.090152,15.997863,8.904234,0.000000,0.000000,0.000000,0.982968
3071.225620,-850.327223,-2486.707163,43.457566,-11.996804,-35.526304,0.000000,0.000000,0.000000,1.031078
-5811.392030,-145742.056853,80885.171062,-83.347191,-2082.073231,1155.505277,0.000000,0.000000,0.000000,1.164925
-357.734677,-6405.022001,-6776.967765,-5.313755,-91.511369,-96.810671,0.000000,0.000000,0.000000,0.831382
206.772226,-207.078856,-144.237114,2.512255,-2.862737,-2.055529,0.000000,0.000000,0.000000,1.087354
43.437498,-104.723168,-148.172205,0.405758,-1.784120,-2.413073,0.000000,0.000000,0.000000,0.989456
680054735.109564,7972202316.153196,-7746152851.670801,9715067.246358,113888604.336667,-110659326.450702,0.000000,0.000000,0.000000,1.103315
-127351229.749761,26153058.811274,64142368.106984,-1819303.582582,373615.103006,916319.544616,0.000000,0.000000,0.000000,1.009699
-66110.291610,-120328.953521,-71722.904109,-944.707303,-1718.835387,-1024.605808,0.000000,0.000000,0.000000,0.923912
-73.885935,51.276754,-45.476313,-1.268383,0.693973,-0.644323,0.000000,0.000000,0.000000,1.013365
825805.340962,-4301657.467478,-226953.999415,11796.939891,-61452.272427,-3242.201682,0.000000,0.000000,0.000000,1.125743
6.103981,5.738433,-41.193628,-0.411458,0.168658,-0.604052,0.000000,0.000000,0.000000,1.192228
-53.795036,2992.330704,-2737.448422,-1.026511,42.783028,-39.102640,0.000000,0.000000,0.000000,0.911578
-116442057.677367,-24607914.832108,36371171.817143,-1663458.300697,-351541.585439,519588.165169,0.000000,0.000000,0.000000,1.099672
-30859.690762,31053.151288,19123.558805,-441.140571,443.603739,273.188301,0.000000,0.000000,0.000000,0.818657
-1659.877999,-512.367895,-1732.958122,-23.939491,-7.269328,-24.751100,0.000000,0.000000,0.000000,0.883056
64.089385,156.689266,125.751483,0.744333,2.361607,1.792629,0.000000,0.000000,0.000000,1.151102
2482.413383,-463.842410,-2824.507396,35.177343,-6.721847,-40.346497,0.000000,0.000000,0.000000,1.003370
469471.252444,4565243.107150,2698086.399970,6706.466628,65217.803116,38544.084473,0.000000,0.000000,0.000000,1.075824
-376.375289,-169.721963,356.956532,-5.551290,-2.430155,5.094713,0.000000,0.000000,0.000000,0.806125
-117791899.333820,1234470.193692,253184007.362355,-1682741.670585,17635.211124,3616914.389872,0.000000,0.000000,0.000000,0.827612
1416.684748,-231.624067,335.208243,20.000751,-3.267527,4.787153,0.000000,0.000000,0.000000,1.144365
3182.107653,-4884.734689,-3960.813263,46.499616,-71.586966,-58.146453,0.000000,0.000000,0.000000,1.032040
-1208060.352469,1012325.807096,60677.091361,-17258.185432,14461.789760,866.820185,0.000000,0.000000,0.000000,1.072494
9038673211.161667,786593482.608100,-2465756826.937994,129123902.715803,11237049.963409,-35225097.530226,0.000000,0.000000,0.000000,0.824393
-478.510769,30.485667,-89.057108,-7.508695,0.361161,-1.312301,0.000000,0.000000,0.000000,1.118345
880184.810513,1519360.227910,-1041761.295881,12573.629467,21705.108812,-14882.307813,0.000000,0.000000,0.000000,0.880674
-5366.350522,-8104.367703,98642.091322,-77.064107,-115.975851,1411.172914,0.000000,0.000000,0.000000,0.942182
62973787.268812,81720891.015898,-225619093.793454,899625.299025,1167441.281241,-3223129.914279,0.000000,0.000000,0.000000,1.078415
-5887164377.373097,-25763638727.280052,-38103699541.025711,-84102348.500207,-368051981.829214,-544338564.874998,0.000000,0.000000,0.000000,1.061641
302669.658959,-161427.347025,-14659.999664,4323.462145,-2306.105479,-209.429163,0.000000,0.000000,0.000000,1.072066
60415.185015,59768.378091,70922.301795,863.865695,855.086838,1014.616368,0.000000,0.000000,0.000000,0.831722
-3611.745216,4056.798375,-10090.273295,-51.892917,58.163393,-144.142776,0.000000,0.000000,0.000000,1.021611
-53.049001,-282.596904,-414.848371,-1.069658,-3.845066,-5.921369,0.000000,0.000000,0.000000,1.028821
-158336042.015598,179084627.262467,163954419.959067,-2261943.764256,2558351.830892,2342205.993209,0.000000,0.000000,0.000000,1.066508
11481439.895514,-528637.035603,-23585097.863570,164020.275377,-7551.965890,-336929.969090,0.000000,0.000000,0.000000,1.195953
7.053629,-40.131209,-15.904697,0.176093,-0.274183,0.026030,0.000000,0.000000,0.000000,0.841150
2101.733942,-8359.393131,-3032.251671,29.868766,-119.469729,-43.312359,0.000000,0.000000,0.000000,0.850637
-1593.057867,-1766.172259,-497.065060,-23.106836,-25.347814,-7.109367,0.000000,0.000000,0.000000,0.936637
-215.385295,-251.491759,602.958720,-3.192488,-3.485815,8.608672,0.000000,0.000000,0.000000,0.906809
-13257.670451,13916.064739,-3153.832332,-189.655985,198.841120,-45.057476,0.000000,0.000000,0.000000,0.865894
159.985804,380.478643,-275.047635,1.985239,5.505796,-3.925163,0.000000,0.000000,0.000000,0.987967
-97.824602,257.213476,-280.187285,-1.492392,3.628649,-4.000323,0.000000,0.000000,0.000000,1.043584
631982.769554,4368528.199904,1555060.938141,9027.979823,62407.384258,22215.156881,0.000000,0.000000,0.000000,1.044146
-371102561.049955,-162314712.180481,-157118051.896990,-5301465.479111,-2318781.467489,-2244543.591518,0.000000,0.000000,0.000000,0.920562
141.513639,-44.175061,486.682823,1.734011,-0.546448,6.947603,0.000000,0.000000,0.000000,1.040714
-45.955612,66.453069,-186.766039,-0.857449,1.089334,-2.726996,0.000000,0.000000,0.000000,0.811833
-60376341.288494,19324272.462965,5370826.590186,-862519.464635,276061.001667,76726.091669,0.000000,0.000000,0.000000,0.957313
-248134.274009,58984.279984,515156.571207,-3545.088848,842.634863,7359.375250,0.000000,0.000000,0.000000,1.095972
-57820854.784201,67830061.539060,63050172.522089,-826012.496944,969000.850366,900716.750259,0.000000,0.000000,0.000000,0.959278
60.894976,97.307922,-5.936269,0.442905,1.403096,-0.080886,0.000000,0.000000,0.000000,0.998823
209.408654,-8.772408,-0.709439,2.563922,-0.111656,-0.015327,0.000000,0.000000,0.000000,1.141906
-26.611796,-213.947784,-45.729246,-0.576274,-3.017724,-0.656607,0.000000,0.000000,0.000000,0.806500
42.328900,-41.084791,-34.275818,0.438329,-0.764104,-0.481959,0.000000,0.000000,0.000000,0.986759
30.659988,-71.094217,-49.946915,0.219052,-0.857216,-0.726777,0.000000,0.000000,0.000000,1.102423
1199274.685304,-3596043.133562,12563902.777564,17132.110946,-51371.942531,179484.323624,0.000000,0.000000,0.000000,0.873852
-268.432949,131.853299,-372.166143,-4.362878,2.194578,-5.553678,0.000000,0.000000,0.000000,0.812619
-1046099.151937,-3461661.006891,1638943.279146,-14944.518203,-49452.385035,23413.474665,0.000000,0.000000,0.000000,0.807618
-3781.652982,1657.930003,2154.945573,-54.299008,23.635617,30.787802,0.000000,0.000000,0.000000,0.820576
1719.472710,3399.238551,-1431.193574,24.395130,48.483986,-20.467979,0.000000,0.000000,0.000000,1.027701
321.250330,-53.301449,-374.545643,4.279982,-0.863992,-5.345626,0.000000,0.000000,0.000000,0.934740
2380278642.224412,-4113633132.107059,12872723280.345007,34003980.333709,-58766187.591181,183896046.856118,0.000000,0.000000,0.000000,1.178723
-76011.504996,15908.580686,-1341.953525,-1086.170043,227.339573,-19.175276,0.000000,0.000000,0.000000,0.967271
49061144.206213,44484718.415988,29803916.527160,700873.191730,635495.791095,425770.229980,0.000000,0.000000,0.000000,0.987766
-918414437.643666,-10766468257.253878,10460976293.612427,-13120206.649968,-153806689.567418,149442518.480230,0.000000,0.000000,0.000000,0.816974
7598756560581.301758,7154903764152.406250,-4761730996937.671875,108553665150.763229,102212910916.391998,-68024728527.675629,0.000000,0.000000,0.000000,1.133103
-289074.934984,136766.446584,-781.919338,-4130.026961,1953.803162,-11.171131,0.000000,0.000000,0.000000,1.091993
-681217.147327,-4613081.471149,-1652156.884106,-9732.018344,-65901.320990,-23602.239023,0.000000,0.000000,0.000000,0.988177
119.286732,162.114670,-70.146523,1.342474,2.383421,-1.001861,0.000000,0.000000,0.000000,0.817647
54263.787869,-7841.651173,-101850.053591,774.888038,-112.200724,-1454.999761,0.000000,0.000000,0.000000,0.806913
-8652131.648992,5376370.750948,226145.026199,-123602.245373,76805.162133,3230.639825,0.000000,0.000000,0.000000,0.914951
3157884055.063354,-1180084448.491745,2995135508.495091,45112629.084594,-16858349.256210,42787650.114656,0.000000,0.000000,0.000000,1.073302
-542576.575628,419037.875590,-1336766.433702,-7751.394875,5986.405503,-19096.662765,0.000000,0.000000,0.000000,1.114679
-182231.325122,870489.385929,1235401.089706,-2603.423904,12435.641259,17648.585546,0.000000,0.000000,0.000000,0.813495
-2634.759972,-867.025261,-2313.954299,-37.853361,-12.465590,-33.051763,0.000000,0.000000,0.000000,0.993904
-25769.326814,-15128.013737,-36133.226523,-368.415924,-215.911313,-516.182174,0.000000,0.000000,0.000000,0.811627
38.276869,39.026471,-45.658463,0.198793,0.776348,-0.685887,0.000000,0.000000,0.000000,0.971544
-74.878317,-101.681779,-254.206803,-1.513501,-1.601372,-3.668101,0.000000,0.000000,0.000000,0.828819
-71.494827,-165.410757,-177.611659,-1.410816,-2.317740,-2.533449,0.000000,0.000000,0.000000,0.843591
-13594162435.765436,-148844356.229473,6003794654.906276,-194202320.870156,-2126347.946960,85768495.075306,0.000000,0.000000,0.000000,1.009980
-1981951.931182,-84299.774704,481862.132499,-28313.915054,-1204.093779,6883.740958,0.000000,0.000000,0.000000,1.165896
-9612.708503,5013.947608,8353.552036,-137.601380,71.715888,119.336143,0.000000,0.000000,0.000000,1.173099
-49187.065186,-16600.269149,-6381.062748,-702.900811,-237.079506,-91.156006,0.000000,0.000000,0.000000,0.980241
10662327.119241,3938305.917677,-3552100.201526,152318.683720,56261.505918,-50744.292255,0.000000,0.000000,0.000000,1.049528
-631735513.768264,567861667.162406,783665007.204632,-9024793.468736,8112309.581544,11195214.385820,0.000000,0.000000,0.000000,1.147849
-492738.670502,466849.049289,308886.034055,-7039.571504,6669.296536,4412.655463,0.000000,0.000000,0.000000,1.017479
-3511276940.087911,-766512645.517896,-12629213299.780952,-50161099.421919,-10950180.641907,-180417332.849567,0.000000,0.000000,0.000000,0.811464
6943.978885,-14651.794791,-4370.572965,98.991753,-209.316856,-62.435940,0.000000,0.000000,0.000000,0.816721
49726.259594,4987689.923619,-4075594.992969,710.094996,71252.616541,-58222.788206,0.000000,0.000000,0.000000,1.117804
-198363650.777352,260936002.839460,-203395313.523056,-2833766.706379,3727657.237503,-2905647.329196,0.000000,0.000000,0.000000,0.933819
-6695133434.337088,-826229811.851607,-7312470065.458118,-95644763.613053,-11803283.030776,-104463858.078725,0.000000,0.000000,0.000000,0.945291
2170.961229,-1957.853470,-973.042225,30.767589,-27.895835,-13.904585,0.000000,0.000000,0.000000,0.802871
-134135.854633,-1102933.685606,19964.375621,-1916.581110,-15756.248731,285.209770,0.000000,0.000000,0.000000,0.804158
1992681.978563,75326.583294,-464864.665887,28466.564573,1076.282566,-6640.926429,0.000000,0.000000,0.000000,1.159105
624344.509434,552244.988972,-1445214.805756,8918.713713,7889.193671,-20645.921866,0.000000,0.000000,0.000000,0.947227
-1458.966031,1981.083143,-3895.302413,-21.364570,28.591848,-56.227604,0.000000,0.000000,0.000000,1.178009
-233.426997,42.438840,-80.277964,-3.494088,0.537188,-1.143198,0.000000,0.000000,0.000000,0.804628
4237.387275,5758.127306,-81822.056322,60.328161,82.342640,-1170.568093,0.000000,0.000000,0.000000,1.123032
-1797503.218090,-877374.916424,-1054845.441553,-25678.936753,-12534.058177,-15069.217437,0.000000,0.000000,0.000000,1.188309
17441699987.246376,10659289241.243155,-3530355675.840152,249167142.317667,152275560.637968,-50433652.514989,0.000000,0.000000,0.000000,1.051077
282.295143,-1007.824370,1762.301850,3.874314,-14.380898,25.169145,0.000000,0.000000,0.000000,0.835316
-13.097454,46.714063,-3.566943,-0.544955,0.598025,-0.019903,0.000000,0.000000,0.000000,1.077266
-1693960.560254,918220.843898,2294498.892684,-24199.799412,13117.336228,32778.556634,0.000000,0.000000,0.000000,1.150362
379862.489137,146550.885643,-47552.996876,5426.302303,2093.594865,-679.324063,0.000000,0.000000,0.000000,1.104765
-443.730276,32.010933,-195.090897,-6.437102,0.362501,-2.782279,0.000000,0.000000,0.000000,0.862295
63310.121187,-359531.625694,-185805.362970,904.195308,-5136.099285,-2654.361585,0.000000,0.000000,0.000000,1.006393
-5364.601716,21488.876704,-30637.398457,-76.916025,306.964896,-437.670602,0.000000,0.000000,0.000000,1.078170
-346098.994287,-436918.751756,-505674.828905,-4944.459647,-6241.603676,-7223.924789,0.000000,0.000000,0.000000,1.188275
