x,y,z,vx,vy,vz,fx,fy,fz,mass
176928.851565,-98236.023702,-9151.064775,1966.235654,-1091.513390,-101.679743,0.000000,0.000000,0.000000,1.108544
4475777.286933,5960961.067617,-1386077.286794,49731.061858,66232.923652,-15400.855392,0.000000,0.000000,0.000000,1.126065
-13314.827901,-21647.802173,-36091.142963,-147.733465,-240.551527,-401.007287,0.000000,0.000000,0.000000,0.994733
202570613.006859,297970298.394123,-340450857.238047,2250784.876914,3310780.975498,-3782787.298181,0.000000,0.000000,0.000000,0.822397
-66382499.345073,-67541218.678903,-81956571.138797,-737583.095297,-750457.988537,-910628.565884,0.000000,0.000000,0.000000,0.898558
-13602.504296,-10131.841879,14341.853651,-150.905772,-112.427604,159.348517,0.000000,0.000000,0.000000,0.846977
-92.749736,-3.546453,-9.730732,-0.756439,-0.082348,-0.114811,0.000000,0.000000,0.000000,1.116249
92712301.103595,60735762.419366,-156637179.968905,1030136.975106,674841.788536,-1740413.111538,0.000000,0.000000,0.000000,1.187704
21395.306540,7078.062355,2353.741008,237.857018,78.621478,26.153092,0.000000,0.000000,0.000000,0.950589
56923331.944990,-4177042318.558391,7618148049.113345,632481.752521,-46411581.437894,84646089.432965,0.000000,0.000000,0.000000,0.818971
-1060.319992,-612.177490,1477.328313,-11.675630,-6.798302,16.409953,0.000000,0.000000,0.000000,1.167247
7297.478427,-4095.552569,5682.438052,81.331309,-45.550376,63.209775,0.000000,0.000000,0.000000,0.972061
-5473.112355,6618.311495,-26798.327474,-60.599453,73.638548,-297.754538,0.000000,0.000000,0.000000,1.081818
12629048.601233,128013539.543419,87216165.227047,140322.978920,1422372.652360,969068.504432,0.000000,0.000000,0.000000,0.989544
20453.743263,-10147.755809,-31182.329548,227.424879,-112.780727,-346.466090,0.000000,0.000000,0.000000,1.158531
42494.667232,-46593.774911,-35075.521727,472.899980,-518.218641,-390.155440,0.000000,0.000000,0.000000,1.162612
-325.143813,19.120212,242.484765,-4.187107,0.443571,3.150354,0.000000,0.000000,0.000000,0.916922
3909.028234,-34446.867186,-18103.113226,43.734136,-382.616954,-201.147604,0.000000,0.000000,0.000000,0.931872
-4694898.734669,-32347.899758,-2063154.359722,-52165.321241,-359.428273,-22923.932570,0.000000,0.000000,0.000000,1.092022
-35.382688,71.038274,4.239310,-0.318407,0.852828,-0.027590,0.000000,0.000000,0.000000,1.076214
986.620147,-56.866611,-360.417165,11.091253,-0.599464,-4.003933,0.000000,0.000000,0.000000,0.867463
730.139115,561.262205,248.821273,8.249828,6.104620,2.762230,0.000000,0.000000,0.000000,0.990617
187255.927602,58943.914415,45920.010845,2080.791022,654.979569,510.225993,0.000000,0.000000,0.000000,0.852733
-280211392721.986694,-15425624095.267076,395581454634.662170,-3113459918.902810,-171395823.285772,4395349495.940047,0.000000,0.000000,0.000000,1.112751
1525.324365,-1087.992292,-1626.208441,17.174556,-12.128642,-18.065396,0.000000,0.000000,0.000000,0.971706
-622387958.988160,-13642516044.555338,5842516321.924733,-6915421.557165,-151583511.603897,64916848.016750,0.000000,0.000000,0.000000,0.863572
-22103.101254,-10820.722178,2434.228248,-246.587025,-120.725181,27.170273,0.000000,0.000000,0.000000,0.901633
-2546.805651,2023.688292,-8682.292581,-28.202079,22.546913,-96.466106,0.000000,0.000000,0.000000,1.076310
49599.120244,26252.300020,-9442.262959,551.428544,291.576036,-104.915292,0.000000,0.000000,0.000000,1.079740
-241.272552,6.408337,35.889898,-2.346980,0.065794,0.410991,0.000000,0.000000,0.000000,1.131573
440869.340282,3213575.674892,-557425.977729,4898.774006,35706.475496,-6193.617298,0.000000,0.000000,0.000000,0.949219
1856287.741755,-1164284.884815,-958088.301542,20625.574814,-12936.469149,-10645.422619,0.000000,0.000000,0.000000,1.028994
-2403691.694758,1193090.016816,6107844.115038,-26707.397891,13256.587576,67864.933213,0.000000,0.000000,0.000000,0.888145
248258.652880,363085.928556,147358.593564,2758.711113,4034.345353,1637.312436,0.000000,0.000000,0.000000,1.109194
-643187.892866,154467.788086,-352999.620826,-7146.350488,1716.301771,-3922.213791,0.000000,0.000000,0.000000,0.870110
-90.789106,-3.089559,28.325484,-0.725419,-0.048212,0.289048,0.000000,0.000000,0.000000,1.027614
54.710276,2.895649,37.977863,0.852657,0.064013,0.399349,0.000000,0.000000,0.000000,0.878708
-2.266280,-84.511516,-38.929555,0.101815,-0.808764,-0.429982,0.000000,0.000000,0.000000,0.932374
1938.315126,-862.225658,-8214.159657,21.766791,-9.692793,-91.264905,0.000000,0.000000,0.000000,0.950720
914022.316234,73798.195505,293158.073704,10155.965783,819.974565,3257.313026,0.000000,0.000000,0.000000,0.987029
-1571.454494,-920.569843,638.778961,-17.142467,-10.092803,7.097353,0.000000,0.000000,0.000000,0.961445
-14055.656300,-5738.474914,-68821.351181,-155.963718,-63.765441,-764.683092,0.000000,0.000000,0.000000,0.803227
483103754.496090,-517768274.298771,-106015097.863278,5367819.722344,-5752980.828787,-1177945.530972,0.000000,0.000000,0.000000,0.945113
130.646873,129.724525,-374.571569,1.727228,1.490264,-4.157106,0.000000,0.000000,0.000000,0.965340
-7794.582056,-1546.519356,9256.530579,-86.401365,-17.272856,102.847232,0.000000,0.000000,0.000000,1.008691
26624331.730024,163339892.409187,159991692.627896,295826.146385,1814887.693988,1777685.474663,0.000000,0.000000,0.000000,1.081289
-512755.727962,1159305.894545,-248861.535335,-5697.147409,12881.219665,-2765.126309,0.000000,0.000000,0.000000,1.057274
-30404.161720,-91914.123059,192472.398967,-337.640090,-1021.256130,2138.577713,0.000000,0.000000,0.000000,1.011438
2958.632190,4522.500608,5038.529601,33.614571,51.071116,56.683624,0.000000,0.000000,0.000000,0.948328
-73510.221451,300863.127495,-16712.082320,-816.637078,3342.878719,-185.692683,0.000000,0.000000,0.000000,0.807111
104224.979238,868281.051678,310732.141175,1158.123780,9647.532531,3452.580396,0.000000,0.000000,0.000000,0.979161
-152238.324289,-80031.686799,96727.418579,-1691.334683,-889.144955,1074.744913,0.000000,0.000000,0.000000,0.944154
1186.946416,1330.162923,-2466.030954,13.536066,14.717879,-27.396034,0.000000,0.000000,0.000000,1.147512
26004.225325,-121397.756260,350146.643982,289.136284,-1348.782033,3890.519424,0.000000,0.000000,0.000000,0.814239
539479.849165,556832.690905,-1329444.614862,5994.425755,6186.998158,-14771.602419,0.000000,0.000000,0.000000,1.163616
370.925466,-402.016013,311.768696,4.640578,-4.559407,3.568737,0.000000,0.000000,0.000000,0.831347
1186.882694,-716.866948,-1733.257260,13.391140,-8.081629,-19.258404,0.000000,0.000000,0.000000,1.001711
-1661.375657,7509.122881,-10897.382060,-18.234045,83.581536,-121.078924,0.000000,0.000000,0.000000,0.914952
-545.856822,-785.700250,-927.663743,-6.046243,-8.804123,-10.392020,0.000000,0.000000,0.000000,0.946323
42249857.050957,-40524384.937377,-1435448.055611,469443.143340,-450270.915386,-15949.417643,0.000000,0.000000,0.000000,0.867750
1378.594054,-360.629272,-578.235051,15.658951,-4.062512,-6.424082,0.000000,0.000000,0.000000,1.115972
-2483.161479,23809.564875,35594.395670,-27.426065,266.221077,398.146066,0.000000,0.000000,0.000000,0.837142
-36.364595,57.196134,95.889001,-0.277338,0.609727,1.152226,0.000000,0.000000,0.000000,1.199553
1710.536995,3724.435224,1665.664314,19.365093,41.401485,18.503513,0.000000,0.000000,0.000000,1.074319
-7561.573193,36694.046260,-1561.792570,-83.809104,407.708590,-17.348634,0.000000,0.000000,0.000000,1.126542
-4404547.315580,-493081.145371,-5968768.092356,-48939.295390,-5478.617981,-66319.640328,0.000000,0.000000,0.000000,1.012272
-60.957810,25.137510,-230.444165,-0.378425,0.197997,-2.559061,0.000000,0.000000,0.000000,1.144267
-329.900019,-514.288317,-162.913099,-3.290129,-5.763765,-1.810054,0.000000,0.000000,0.000000,1.073443
135.437087,344.734570,-18.557096,1.642964,3.866889,-0.195474,0.000000,0.000000,0.000000,0.995503
-450.753726,-515.114749,-55.557499,-4.764090,-5.652500,-0.615596,0.000000,0.000000,0.000000,1.112735
682.001872,981.230967,-857.860778,7.936872,11.267020,-9.651138,0.000000,0.000000,0.000000,0.843669
-5119.406196,2572.761654,-10847.319655,-56.667738,28.585724,-120.525240,0.000000,0.000000,0.000000,1.195338
-180537223.483060,-4162624404.973060,2585876327.057170,-2005968.892210,-46251382.232316,28731959.193262,0.000000,0.000000,0.000000,0.886178
21879058.435211,104084421.753900,156282266.607540,243100.751915,1156493.673974,1736469.628640,0.000000,0.000000,0.000000,1.164964
1687.690403,-3918.725820,-1771.252264,18.892823,-43.663283,-19.678900,0.000000,0.000000,0.000000,1.142623
311.900816,-553.168797,550.278477,3.671353,-6.093538,6.119755,0.000000,0.000000,0.000000,0.942950
-31770.497379,184533.531987,112537.826481,-352.756651,2050.403673,1250.422698,0.000000,0.000000,0.000000,0.804799
-1712904.658881,3457184.645837,2589351.938690,-19053.260549,38455.768382,28802.582341,0.000000,0.000000,0.000000,0.954997
-204.997690,-399.948387,147.638835,-1.965162,-4.450259,1.639855,0.000000,0.000000,0.000000,1.103109
157306610.749555,104343466.553981,26360730.969939,1747851.507045,1159371.780740,292897.012573,0.000000,0.000000,0.000000,1.142902
1908542.170832,-910182.916604,-5180574.407481,21206.310416,-10113.111035,-57561.935929,0.000000,0.000000,0.000000,1.041734
-67131.922075,-227530.363158,126345.035925,-745.526643,-2528.143817,1403.828987,0.000000,0.000000,0.000000,0.938065
-877.443044,-1189.177454,-1397.511220,-9.454890,-13.286921,-15.526711,0.000000,0.000000,0.000000,0.988095
-2112.544617,-4203.276592,-2960.803493,-23.201225,-46.699877,-32.893868,0.000000,0.000000,0.000000,0.905486
44936.052006,72037.721589,-44134.718847,499.561127,800.388289,-490.387289,0.000000,0.000000,0.000000,0.878215
-1491.731994,-6418.365864,4872.676841,-16.300262,-71.334046,54.140166,0.000000,0.000000,0.000000,1.181118
1277.578382,820.546024,-1692.374248,14.297121,9.118508,-18.803651,0.000000,0.000000,0.000000,0.959298
-55.325472,61.966175,104.388738,-0.396684,0.540404,1.169697,0.000000,0.000000,0.000000,1.194278
527.119946,226.422331,-1950.325495,6.001553,2.607422,-21.665589,0.000000,0.000000,0.000000,0.892655
-3920115.831342,-184300.155396,596881.716898,-43556.585304,-2047.796601,6632.016260,0.000000,0.000000,0.000000,0.983172
-247.943241,699.229499,581.864657,-2.484226,7.789246,6.466301,0.000000,0.000000,0.000000,1.050169
-3191119.265291,5710426.109427,-5071476.050070,-35456.651293,63449.170802,-56349.731710,0.000000,0.000000,0.000000,0.871078
-966.270337,-2525.964720,758.492201,-10.515283,-28.098267,8.429448,0.000000,0.000000,0.000000,0.837749
183553093254.374634,-100168482487.110153,-426669106769.588501,2039478814.131351,-1112983138.676758,-4740767852.993640,0.000000,0.000000,0.000000,0.951689
1384.930376,-169.325637,-3170.097445,15.568316,-1.774091,-35.218066,0.000000,0.000000,0.000000,0.950231
-205527.287744,-135912.790128,389103.444583,-2283.443420,-1510.126043,4323.372162,0.000000,0.000000,0.000000,0.871993
-253949.224220,-42733.456359,79282.385425,-2821.376555,-474.970053,880.910695,0.000000,0.000000,0.000000,0.852751
549788.606653,133739.722509,-334730.673334,6108.967796,1485.998117,-3719.224786,0.000000,0.000000,0.000000,1.147153
-15.847065,-1.340214,46.492401,-0.147681,0.410279,0.418422,0.000000,0.000000,0.000000,0.993805
-57.477666,-30.226251,29.950498,-0.274685,-0.285154,0.331428,0.000000,0.000000,0.000000,1.106077
10430.409775,1005.151310,-651.380862,119.097617,11.335726,-7.436648,0.000000,0.000000,0.000000,0.946183
24531.397968,-163826.512920,2813.979805,272.786226,-1820.296973,31.261527,0.000000,0.000000,0.000000,1.179822
-166674328923.310791,269579137194.773682,-323827441929.474060,-1851936987.889224,2995323746.624389,-3598082688.101539,0.000000,0.000000,0.000000,1.194290
-1.881464,-34.029436,49.119960,0.231003,-0.304885,0.531049,0.000000,0.000000,0.000000,1.180160
-421052.216129,-78027.035170,-154512.390209,-4699.049879,-870.785349,-1724.468454,0.000000,0.000000,0.000000,0.975946
38.016035,2.115007,92.421577,0.886730,0.020641,1.120511,0.000000,0.000000,0.000000,0.824101
-5094.673805,6084.773456,7057.076545,-56.360033,67.578177,78.412369,0.000000,0.000000,0.000000,1.160362
584032598.149042,20672230.811367,-420013764.194795,6489251.347425,229691.322980,-4666819.601165,0.000000,0.000000,0.000000,1.024294
-27956.843507,876927.491156,78163.908234,-310.388585,9743.580282,868.483205,0.000000,0.000000,0.000000,0.874086
44405164.950950,63022237.670574,-4669578.810024,493390.946190,700247.077676,-51884.209797,0.000000,0.000000,0.000000,1.076029
243978.998690,401130.613302,1516696.174251,2711.114974,4457.081863,16852.179899,0.000000,0.000000,0.000000,0.973946
17744.088783,53369.862175,-39205.058256,197.317438,592.898513,-435.606671,0.000000,0.000000,0.000000,1.064150
-1586770.280159,-12721084.220851,5751514.256282,-17630.510653,-141345.402953,63905.717298,0.000000,0.000000,0.000000,0.923941
-25562.031730,-132244.157875,-134604.651048,-284.011270,-1470.987469,-1497.269721,0.000000,0.000000,0.000000,1.122373
701.534072,7591.211631,-739.168879,8.017556,84.589131,-8.248791,0.000000,0.000000,0.000000,1.071131
-364344.468176,-477024.642463,868313.008931,-4048.000420,-5300.275497,9647.921273,0.000000,0.000000,0.000000,1.071878
357536.185332,66421.598758,131079.207999,3990.548627,741.363803,1462.936240,0.000000,0.000000,0.000000,1.150206
30.932328,9.314507,80.913442,0.535731,0.218929,0.914972,0.000000,0.000000,0.000000,0.941464
4536139.213644,1627805.426798,-707403.819016,50401.849964,18086.802890,-7860.037978,0.000000,0.000000,0.000000,0.941387
3250733.577976,10998254.145185,3594843.197527,36119.562368,122202.871422,39942.705613,0.000000,0.000000,0.000000,0.967605
2626333.385090,900797.636469,-3896767.157872,29181.700056,10008.851462,-43297.407834,0.000000,0.000000,0.000000,1.026309
11977.208771,-2822.525505,19.086962,133.370730,-31.439203,0.208208,0.000000,0.000000,0.000000,0.882430
-4215.824525,16385.632690,-6654.947781,-49.320928,192.643255,-78.321501,0.000000,0.000000,0.000000,0.993582
2576.909063,2324.138408,324.388089,28.769018,25.897063,3.653292,0.000000,0.000000,0.000000,1.078578
317883.866513,-115310.971111,146971.987380,3532.356150,-1281.136570,1633.017691,0.000000,0.000000,0.000000,1.011073
64753117368125.031250,151427545534931.375000,140310998300233.531250,719479081868.184570,1682528283721.425293,1559011092224.796631,0.000000,0.000000,0.000000,0.860433
-8.443144,-78.931056,131.767869,0.142371,-0.966534,1.510180,0.000000,0.000000,0.000000,0.817714
26960257.954518,969138370.100017,264996448.461072,299558.489299,10768204.092140,2944404.985217,0.000000,0.000000,0.000000,0.821193
2669.448096,-4685.160032,1624.237664,29.754357,-52.119700,18.048039,0.000000,0.000000,0.000000,1.096169
649.166119,-20.664226,828.672294,7.347078,-0.169637,9.283820,0.000000,0.000000,0.000000,0.984807
-1100.372966,-428.115528,-866.533384,-11.936863,-4.623714,-9.623260,0.000000,0.000000,0.000000,1.022588
606.898836,689.845112,823.428301,6.857396,7.716529,9.212867,0.000000,0.000000,0.000000,1.196130
97520400.776167,64226764.465640,66150082.833191,1083560.233320,713630.724824,735000.916615,0.000000,0.000000,0.000000,0.879180
-3703098.167644,-13122005.680417,-47157218.849152,-41145.277245,-145800.205893,-523969.098583,0.000000,0.000000,0.000000,1.108554
2223.099507,6991.753374,1672.224455,24.985621,77.558772,18.578646,0.000000,0.000000,0.000000,1.056726
525908.620876,-89458.107133,21778.120449,5843.731946,-994.052904,241.978377,0.000000,0.000000,0.000000,0.886343
-885894.761366,211158.783866,-126589.373521,-9843.110539,2346.112104,-1406.546050,0.000000,0.000000,0.000000,1.186292
-128541.720715,-24493.488692,-93197.134576,-1428.065575,-272.077543,-1035.521252,0.000000,0.000000,0.000000,1.016252
234994.056048,34376.384401,-544599.768762,2611.252523,381.936704,-6051.107578,0.000000,0.000000,0.000000,1.054678
-225804705.427880,234612236.801109,142946693.428109,-2508940.949341,2606802.665621,1588296.589887,0.000000,0.000000,0.000000,1.098557
-2348854258.285978,344487357.996645,1254839942.584785,-26098380.436503,3827637.311583,13942666.023754,0.000000,0.000000,0.000000,1.112295
409789.605967,-651050.958319,-179272.060566,4553.470729,-7233.884419,-1991.910945,0.000000,0.000000,0.000000,1.155625
206402.302951,981410.014214,-74174.713439,2293.587511,10904.580678,-824.159268,0.000000,0.000000,0.000000,0.995605
-13.431715,-6.757124,34.302327,-0.041018,-0.208267,0.369151,0.000000,0.000000,0.000000,0.925170
-3572.741836,409.941447,-5973.043616,-39.539075,4.481413,-66.365283,0.000000,0.000000,0.000000,0.822204
225.478025,-3647.160210,-1090.948581,2.759109,-40.429654,-12.118395,0.000000,0.000000,0.000000,1.073643
446294.253841,552150.253728,-110749.450596,4959.001693,6134.960145,-1230.552129,0.000000,0.000000,0.000000,0.872427
-617270.559450,-117387.651781,79720.479638,-6858.352159,-1304.305056,885.787867,0.000000,0.000000,0.000000,1.061290
-15961.773937,-23658.373948,-4437.065408,-177.594189,-263.337697,-49.409376,0.000000,0.000000,0.000000,1.176053
-42346376.972303,32283777.055390,98539259.168188,-472088.684571,359908.258277,1098542.473537,0.000000,0.000000,0.000000,1.129608
-31934.054400,37019.168440,75725.550723,-354.544983,411.293596,841.394491,0.000000,0.000000,0.000000,1.112493
-2726.554577,-2464.836614,968.973587,-30.030576,-27.293584,10.760864,0.000000,0.000000,0.000000,1.071082
-369.438332,-366.897182,111.121960,-3.813882,-3.965018,1.229530,0.000000,0.000000,0.000000,1.075690
211.817373,-1287.392384,1195.574695,2.477111,-14.278827,13.278926,0.000000,0.000000,0.000000,1.097371
-598.910201,-729.348984,144.376918,-6.567725,-8.223986,1.606175,0.000000,0.000000,0.000000,1.191502
-6365473921.975597,-1113800179.469346,-1292682323.167594,-70727487.798083,-12375557.534721,-14363136.924605,0.000000,0.000000,0.000000,0.803348
56737.972974,192441.723218,-106817.311687,630.804343,2138.208695,-1186.861541,0.000000,0.000000,0.000000,1.108765
-68562.639905,-462947.412857,-352805.897010,-764.943580,-5166.735194,-3937.568151,0.000000,0.000000,0.000000,0.960094
-22.795453,418.170222,1837.248427,-0.103856,4.598794,20.410486,0.000000,0.000000,0.000000,1.083925
-3516854.766335,-17948216.150183,672131.094414,-39075.998669,-199424.702127,7468.121756,0.000000,0.000000,0.000000,1.098847
-124.735231,22.950038,41.118880,-1.254864,0.196659,0.447894,0.000000,0.000000,0.000000,1.059239
369.914262,136.623537,-445.554525,4.302470,1.503776,-4.945202,0.000000,0.000000,0.000000,0.969303
2638977.653271,-21176647.005693,-35490834.525682,29322.216166,-235295.952602,-394342.606057,0.000000,0.000000,0.000000,1.140464
9.358987,54.396808,19.544348,0.210357,0.744531,0.205857,0.000000,0.000000,0.000000,1.136952
-10747.930520,17295.331798,1158.754850,-119.109602,192.265800,12.879541,0.000000,0.000000,0.000000,1.129021
-1318.974558,563.125284,26.867922,-14.300931,6.192266,0.303125,0.000000,0.000000,0.000000,1.174275
-125438.848157,406672.565602,95259.445427,-1393.629109,4518.593420,1058.437765,0.000000,0.000000,0.000000,0.892747
9254355.093207,-5406198.713483,51009151.113870,102826.405927,-60069.032679,566768.343572,0.000000,0.000000,0.000000,0.991313
2011746.910315,2076298.030501,1486709.655917,22352.970431,23070.075019,16518.993978,0.000000,0.000000,0.000000,1.040638
51.403940,200.935275,-203.219877,0.714886,2.222138,-2.258345,0.000000,0.000000,0.000000,1.107347
-24304817.314095,20143418.203342,18415925.841557,-270053.281423,223815.881319,204621.396491,0.000000,0.000000,0.000000,1.160856
-27.396341,1.252071,64.160312,-0.115795,0.173488,0.727234,0.000000,0.000000,0.000000,1.006083
-21.628342,13.163046,64.852764,-0.486434,-0.053888,0.906567,0.000000,0.000000,0.000000,0.950264
317779.020383,62342.142543,173004.233546,3531.037951,692.669797,1922.270583,0.000000,0.000000,0.000000,1.002828
-62.484360,-18.308920,28.730320,-0.400788,-0.312191,0.328021,0.000000,0.000000,0.000000,1.126099
-382.096182,284.802733,-576.203349,-4.113423,3.284825,-6.399934,0.000000,0.000000,0.000000,1.083911
1909602206.991844,-1476617002.410998,37687907.796591,21217802.596305,-16406855.661882,418754.526889,0.000000,0.000000,0.000000,0.960880
-26396773.756398,5229645.479522,7040129.816037,-293297.244494,58107.149372,78223.661030,0.000000,0.000000,0.000000,0.808571
-82.424519,-61.620791,43.954042,-0.636357,-0.723383,0.486836,0.000000,0.000000,0.000000,1.187454
-6148.490185,6080.276836,10324.635451,-68.206665,67.518550,114.715403,0.000000,0.000000,0.000000,0.916252
589657.881557,323868.051318,-408346.598656,6551.897381,3598.472787,-4537.182310,0.000000,0.000000,0.000000,0.840400
134889167.362040,-121915268.620674,39177585.467697,1498768.756400,-1354614.089414,435306.508575,0.000000,0.000000,0.000000,0.907398
35.815941,9.300500,-39.251956,0.539984,0.115425,-0.623984,0.000000,0.000000,0.000000,0.809587
-39.687839,16.120299,42.653391,-0.137408,0.320280,0.556486,0.000000,0.000000,0.000000,0.847782
-105.503142,51.099156,25.859887,-1.007277,0.550279,0.280887,0.000000,0.000000,0.000000,1.180275
-180035626.565105,-119419890.641932,-30169439.955790,-2000395.572005,-1326887.742184,-335215.997341,0.000000,0.000000,0.000000,0.998614
1359.904001,8428.530812,-33.357727,15.398471,93.670589,-0.365259,0.000000,0.000000,0.000000,0.928766
2807091229.497935,-475823819.512615,1035487823.764529,31189902.766986,-5286931.312530,11505420.264763,0.000000,0.000000,0.000000,0.866197
-2105096075.659610,1627780045.656274,-41543740.979024,-23389956.098073,18086444.870846,-461597.126138,0.000000,0.000000,0.000000,0.871651
-128.053481,23.484188,79.089884,-1.139606,0.139039,0.888899,0.000000,0.000000,0.000000,1.123621
628787.297555,732159.922951,-2022047.977096,6986.752303,8135.099449,-22467.195168,0.000000,0.000000,0.000000,0.863915
28444.202154,412341.692294,151138.593800,316.303805,4581.552874,1679.313680,0.000000,0.000000,0.000000,0.955058
-34384.950146,-76981.762447,53139.455094,-381.781342,-855.379760,590.434220,0.000000,0.000000,0.000000,0.834440
32.278285,7.105012,74.152778,0.364713,0.383912,1.076586,0.000000,0.000000,0.000000,1.015190
-1854.921822,-2237.883658,1313.895139,-20.463725,-24.772888,14.596767,0.000000,0.000000,0.000000,1.190213
632.334169,-331.689856,327.734249,7.683280,-3.830074,3.742603,0.000000,0.000000,0.000000,1.010340
229.138533,-768.659498,219.325507,2.842199,-8.509411,2.432697,0.000000,0.000000,0.000000,0.812301
-426200.568553,-286731.212190,-191129.888062,-4735.356085,-3185.900369,-2123.666447,0.000000,0.000000,0.000000,1.025505
315.093046,1223.423802,1539.280782,3.799045,13.598593,17.101156,0.000000,0.000000,0.000000,0.837771
-32859571.095972,-58339707.489142,31502655.567313,-365106.119627,-648218.977339,350029.504340,0.000000,0.000000,0.000000,1.046956
376970355.050415,-45387204.570645,82721816.942141,4188559.691594,-504302.325099,919131.301429,0.000000,0.000000,0.000000,1.066873
-66.069837,53.433394,30.437941,-0.560867,0.787591,0.204032,0.000000,0.000000,0.000000,0.984859
-262580.309494,-354680.643797,-282550.471924,-2917.401760,-3940.942001,-3139.447168,0.000000,0.000000,0.000000,0.822774
-54577772.911546,-102749511.586446,33491629.551841,-606419.472609,-1141661.223384,372129.216274,0.000000,0.000000,0.000000,1.142448
31445.070786,-27084.585676,-39204.703071,349.489702,-300.854395,-435.607495,0.000000,0.000000,0.000000,1.156151
-116.107017,-29.214831,90.016448,-1.018580,-0.358661,1.009072,0.000000,0.000000,0.000000,1.138209
107384.726473,-22795.250219,139196.299130,1203.994265,-255.633048,1560.491549,0.000000,0.000000,0.000000,0.920994
5911892.399029,-820460.267208,-3653852.459639,65907.726050,-9146.713817,-40734.147659,0.000000,0.000000,0.000000,1.097459
-47.188665,-44.673821,-58.437704,-0.265163,-0.539211,-0.721094,0.000000,0.000000,0.000000,0.962119
115700.160469,596284.333887,322732.872450,1285.788020,6625.264516,3585.916204,0.000000,0.000000,0.000000,0.825075
5359050.898501,-2449251.127742,7924922.330483,59545.176289,-27213.906609,88054.694834,0.000000,0.000000,0.000000,1.081014
6489.261254,7661.848701,5735.634536,72.262233,85.107160,63.725678,0.000000,0.000000,0.000000,1.043635
6300.738913,-60586.047394,-12561.447566,70.369247,-673.148559,-139.572064,0.000000,0.000000,0.000000,0.836206
-584717.130350,-273666.080411,357598.385305,-6496.710589,-3040.793550,3973.315249,0.000000,0.000000,0.000000,0.887222
-174.953749,-611.874237,-501.053540,-1.592638,-6.953952,-5.594021,0.000000,0.000000,0.000000,0.829103
8296222444.139954,50877005151.836624,90275247711.051727,92180249.615768,565300057.229530,1003058307.895958,0.000000,0.000000,0.000000,0.815176
1338144356668.177490,915636696856.321167,-424030684427.699707,14868270629.902517,10173741076.182596,-4711452049.200404,0.000000,0.000000,0.000000,0.844437
19707390.872612,20413803.475204,-10804783.129427,218971.205178,226820.035917,-120053.150187,0.000000,0.000000,0.000000,0.928135
-488.455448,5353.442100,-4513.401922,-5.173042,59.570703,-50.147602,0.000000,0.000000,0.000000,1.174177
346175.773964,-61835.266858,22072.098895,3846.713637,-687.191324,245.243767,0.000000,0.000000,0.000000,1.045710
-98.885366,-274.197959,-99.961615,-0.848645,-3.201245,-1.108463,0.000000,0.000000,0.000000,1.160726
88967400122.987381,-112470169487.801956,-23452182280.559227,988526668.262045,-1249668549.888391,-260579803.112229,0.000000,0.000000,0.000000,1.058136
-4965.810774,549.147004,1512.019922,-54.953506,6.030036,16.796675,0.000000,0.000000,0.000000,0.846378
-41366.503231,45245.380313,34360.220079,-459.924224,503.348141,382.208474,0.000000,0.000000,0.000000,1.182231
-1742.188330,4932.963576,3903.599613,-19.105373,54.732775,43.373006,0.000000,0.000000,0.000000,1.180357
80.660960,-21.403424,96.249071,1.232419,-0.177674,1.111153,0.000000,0.000000,0.000000,1.063029
-50.226344,-63.579375,91.252481,-0.313815,-0.651548,1.003651,0.000000,0.000000,0.000000,0.848960
25.133969,-961.842681,-802.046422,0.416951,-10.785754,-8.907402,0.000000,0.000000,0.000000,0.864947
549.322186,1039.928542,750.308045,6.363870,11.512568,8.331782,0.000000,0.000000,0.000000,0.999556
-33559.866934,111405.088915,236403.591475,-372.621522,1237.769633,2626.705554,0.000000,0.000000,0.000000,1.096175
-23.783354,1.060563,80.297569,-0.004005,0.130027,0.900596,0.000000,0.000000,0.000000,0.918964
-368610.703891,148954.458978,352499.331085,-4095.331250,1655.114210,3916.661188,0.000000,0.000000,0.000000,0.885209
-91599.733326,-101026.058905,38741.544819,-1017.548560,-1122.477007,430.462574,0.000000,0.000000,0.000000,0.897048
-1052.639497,-14859.385326,-343.393585,-11.526122,-164.969044,-3.810966,0.000000,0.000000,0.000000,1.000404
5470972.670500,35818195.696928,8644922.370759,60788.752759,397980.038060,96054.695063,0.000000,0.000000,0.000000,0.982238
18.011636,-66.062607,142.801391,0.390428,-0.678924,1.585167,0.000000,0.000000,0.000000,0.949265
-26427.566432,-23415.579956,14749.710820,-293.401367,-260.227372,163.883175,0.000000,0.000000,0.000000,0.999438
16.689256,-25.667438,60.216370,0.326292,-0.182285,0.697406,0.000000,0.000000,0.000000,1.144124
-70.772644,-119.023077,120.956476,-0.515588,-1.234245,1.359169,0.000000,0.000000,0.000000,0.899783
959.991587,-7305.364219,1343.152678,10.968984,-81.232175,14.921951,0.000000,0.000000,0.000000,1.130132
25.765895,202.260788,135.280253,0.665911,2.242891,1.530531,0.000000,0.000000,0.000000,0.946264
-97.613445,718.057650,354.361363,-0.705800,7.921866,3.934518,0.000000,0.000000,0.000000,0.876357
1645649.259362,-3325597.061665,-2491461.747543,18305.513585,-36992.301229,-27713.696851,0.000000,0.000000,0.000000,0.992490
-6969561.872254,12326856.040147,-2744715.373186,-77439.365479,136965.047501,-30496.841843,0.000000,0.000000,0.000000,0.919839
1420754.504445,250158.662760,-2881535.928683,15786.386523,2779.546397,-32017.062502,0.000000,0.000000,0.000000,0.889647
-1538329.129046,-1766426.238450,1755531.950445,-17092.357610,-19626.960522,19505.908063,0.000000,0.000000,0.000000,1.196938
19017.928300,-17594.764507,8058.403663,211.584326,-195.441245,89.534591,0.000000,0.000000,0.000000,1.077054
-10017.853558,-2592.733199,27831.691232,-111.090007,-28.873980,309.238246,0.000000,0.000000,0.000000,1.087227
934622.705878,-1333046.856300,1796734.557625,10384.948999,-14811.612178,19963.718387,0.000000,0.000000,0.000000,0.873973
1186.993513,3417.418051,-1045.191322,13.463083,37.936639,-11.608331,0.000000,0.000000,0.000000,0.974196
-1609304.074559,-586862.014899,601374.292998,-17880.994285,-6520.660075,6681.936629,0.000000,0.000000,0.000000,0.866828
6377.309866,-7128.651264,-7206.546987,71.103224,-79.234079,-80.068672,0.000000,0.000000,0.000000,1.042817
4897.191755,13.161090,-2390.690670,54.638324,0.137579,-26.609712,0.000000,0.000000,0.000000,1.160956
-32884.535274,16957.699105,-16391.626557,-365.245183,188.446718,-182.130897,0.000000,0.000000,0.000000,0.891919
18970.855501,-39100.574187,-20193.122548,210.977167,-434.416172,-224.362597,0.000000,0.000000,0.000000,0.891456
40.909515,47.855728,-30.475550,0.647572,0.627069,-0.428195,0.000000,0.000000,0.000000,1.187455
321.456005,-157.575477,722.840501,3.700226,-1.627859,8.027773,0.000000,0.000000,0.000000,1.192895
10384031074.315706,4308379605.775142,3778787203.339249,115378123.358274,47870884.474127,41986524.486126,0.000000,0.000000,0.000000,0.976825
1086003.711907,-58330.847539,-1285597.654988,12066.897659,-648.130698,-14284.420222,0.000000,0.000000,0.000000,1.062141
-21.195340,146.361839,234.435050,0.070543,1.549227,2.627428,0.000000,0.000000,0.000000,1.177009
-3329827.405333,-445480.968384,6029619.500652,-36997.752459,-4949.890167,66995.774058,0.000000,0.000000,0.000000,1.186791
17602.309729,8467.222452,-1845.175835,196.548572,94.539506,-20.590375,0.000000,0.000000,0.000000,1.124175
-14509372.226897,28718946.483634,-3294368.029938,-161215.012034,319099.393280,-36604.086593,0.000000,0.000000,0.000000,1.172772
-9.233287,373.096762,254.021476,-0.033477,4.217609,2.869964,0.000000,0.000000,0.000000,0.850789
-280625.917650,-409882.869840,-164786.522236,-3117.781726,-4554.193362,-1830.965225,0.000000,0.000000,0.000000,0.985556
-10071835.723842,5883699.982856,-55514191.287991,-111909.047057,65374.285854,-616824.346809,0.000000,0.000000,0.000000,0.910865
154754.928921,10443.885263,-270338.423898,1719.706252,116.057838,-3003.759524,0.000000,0.000000,0.000000,0.940245
-53.323053,-76.093204,85.892027,-0.532120,-0.923295,1.016401,0.000000,0.000000,0.000000,1.104931
-574458.327149,-538117.093102,1295321.471140,-6382.663642,-5979.109103,14392.461746,0.000000,0.000000,0.000000,1.182283
-6564.337902,6293.452920,25853.111317,-72.696146,69.883668,287.255303,0.000000,0.000000,0.000000,1.180009
-4727.740343,-7144.481642,-7904.499508,-52.284895,-79.388465,-87.826754,0.000000,0.000000,0.000000,1.101541
-61356900.676329,-448949060.143405,-143978586.996882,-681743.113438,-4988322.905846,-1599762.079008,0.000000,0.000000,0.000000,1.066494
99606.498508,-82794.872745,-23821.043348,1106.938358,-919.916667,-264.674111,0.000000,0.000000,0.000000,0.893703
503630.596444,1399461.094281,165588.925228,5596.104543,15549.544692,1839.873835,0.000000,0.000000,0.000000,0.889287
-139.857750,-139.576704,-21.507465,-1.244681,-1.678636,-0.234924,0.000000,0.000000,0.000000,0.801348
-1928870.793753,980205.890830,-290049.561665,-21431.652634,10891.159651,-3222.769661,0.000000,0.000000,0.000000,0.897921
-992227.944136,153560.387834,1243316.094183,-11024.562687,1706.215982,13814.618313,0.000000,0.000000,0.000000,1.125234
143023163591.548187,46040468205.908409,166797250665.290649,1589146262.376579,511560757.887784,1853302785.166852,0.000000,0.000000,0.000000,0.952242
-15376.004267,-5370.146460,13440.167632,-175.314675,-61.166572,153.487210,0.000000,0.000000,0.000000,1.137772
-239378.819076,-287541.877951,-634204.971717,-2659.540899,-3194.897128,-7046.717539,0.000000,0.000000,0.000000,1.181822
554413.862992,429204.256295,-724073.301397,6160.423147,4768.932796,-8045.256901,0.000000,0.000000,0.000000,1.053305
-48.546346,32.757228,15.102261,-0.401518,0.326166,0.138954,0.000000,0.000000,0.000000,0.944790
294622.006138,-14648.465604,891853.819400,3273.798137,-162.746275,9909.482002,0.000000,0.000000,0.000000,1.095001
15797.914556,-5513.740524,14677.456907,175.766417,-61.334565,163.079614,0.000000,0.000000,0.000000,1.041333
246792.691542,633883.931541,131407.800301,2742.403383,7043.142968,1460.081284,0.000000,0.000000,0.000000,1.159337
-48.321032,-3.268192,54.683450,-0.241883,-0.116959,0.582418,0.000000,0.000000,0.000000,1.143483
24350.140250,-17904.820691,-10318.564645,270.779872,-198.791185,-114.650753,0.000000,0.000000,0.000000,0.954676
-37259.623366,-4192.446355,3333.062309,-413.659736,-46.576182,37.033998,0.000000,0.000000,0.000000,1.160653
-133.143839,684.984480,-472.322055,-1.285260,7.485454,-5.244306,0.000000,0.000000,0.000000,0.830318
-161139.329871,-177431.338147,-55002.496988,-1790.138071,-1971.458502,-611.133670,0.000000,0.000000,0.000000,1.005126
-1806449.789436,-1864465.138250,-1334941.606371,-20071.434985,-20716.179977,-14832.684971,0.000000,0.000000,0.000000,1.158877
-101891.162074,-838806.922528,-702429.033458,-1131.877541,-9320.191293,-7804.766302,0.000000,0.000000,0.000000,1.020097
207851.336562,35767.267896,-65408.678198,2309.736296,397.259460,-726.766388,0.000000,0.000000,0.000000,1.037147
-12821.798177,-53026.587034,51342.526151,-142.309751,-589.260858,570.469651,0.000000,0.000000,0.000000,0.976821
-129153.508178,392046.236831,215721.310599,-1434.726185,4356.200213,2396.904591,0.000000,0.000000,0.000000,0.913593
26.070642,77.306299,25.330070,0.461524,1.005455,0.268852,0.000000,0.000000,0.000000,0.942740
-445.946154,73.942427,89.338734,-5.099796,0.980997,0.916612,0.000000,0.000000,0.000000,0.958484
-29.928493,7.257654,2.028857,-0.000856,0.209788,-0.032583,0.000000,0.000000,0.000000,1.170001
-18823.569167,2892.113761,-10147.800307,-208.931313,32.088401,-112.755939,0.000000,0.000000,0.000000,0.945104
-22647784.802511,-23460384.043909,12493897.762610,-251641.855805,-260670.934370,138821.080809,0.000000,0.000000,0.000000,0.806143
97809760.730137,-165851786.675273,17195143.798695,1086775.317049,-1842797.534655,191057.151443,0.000000,0.000000,0.000000,0.887157
2887113569.557771,3207623209.306378,-2650369769.208429,32079039.883324,35640257.897673,-29448552.988567,0.000000,0.000000,0.000000,1.031721
-3571.756350,4235.275620,-2764.848678,-39.488954,47.070876,-30.716970,0.000000,0.000000,0.000000,1.185306
165882903.227188,-168034399.415540,-48963476.171560,1843143.591000,-1867048.849913,-544038.621006,0.000000,0.000000,0.000000,0.804055
189617.175714,-83905.449178,611303.097743,2107.042970,-932.258614,6792.253186,0.000000,0.000000,0.000000,0.857400
-45773.564184,-24201.400502,8777.810202,-508.263319,-269.018188,97.529080,0.000000,0.000000,0.000000,1.172317
12880226001.095108,8629550458.138956,-987352119.191818,143113622.352658,95883893.860542,-10970579.107560,0.000000,0.000000,0.000000,0.839125
-166.904713,-546.001643,398.614351,-1.523187,-6.173912,4.437422,0.000000,0.000000,0.000000,1.044693
-11160837.085750,-181186.456260,56337149.224812,-124009.070555,-2013.167002,625968.323719,0.000000,0.000000,0.000000,1.198128
-142.702966,1285.147064,-1004.196215,-1.461401,14.299956,-11.158133,0.000000,0.000000,0.000000,1.184516
-2426.344735,1336.752535,1968.664872,-26.728106,14.810200,21.873804,0.000000,0.000000,0.000000,0.856857
-36.890232,-63.399594,82.802055,-0.044226,-0.662656,0.953008,0.000000,0.000000,0.000000,0.962641
9571.843637,26592.936814,-4457.063688,106.555908,295.494491,-49.519309,0.000000,0.000000,0.000000,1.080431
4855010.270502,17204276.923403,61828063.925169,53944.816284,191158.488897,686978.484894,0.000000,0.000000,0.000000,0.845513
1279607.835701,293180.725852,-771687.244247,14218.192060,3257.568788,-8574.300192,0.000000,0.000000,0.000000,0.911640
1896902482239.032471,-20923709641091.085938,-6069321081115.062500,21076694247.331150,-232485662678.757812,-67436900901.281952,0.000000,0.000000,0.000000,0.981403
-17.655420,-18.012206,88.097671,-0.095262,-0.133658,1.057077,0.000000,0.000000,0.000000,1.135734
-2264735.613493,-2922687.211053,3003962.456644,-25163.430950,-32474.360205,33377.363215,0.000000,0.000000,0.000000,1.089831
-9982.637365,-616.605189,3433.956668,-110.686043,-6.768077,38.157140,0.000000,0.000000,0.000000,0.947485
7140.180390,-5709.598578,2194.932248,82.751079,-65.872774,25.295635,0.000000,0.000000,0.000000,1.053785
18071438.621204,-3570355.972317,-4816993.598410,200794.001056,-39670.643927,-53522.153862,0.000000,0.000000,0.000000,1.181194
-122174.989215,25162.833618,-153052.038703,-1369.542094,282.013003,-1715.831279,0.000000,0.000000,0.000000,0.832507
-89231.795912,-743047.540717,-265837.670844,-991.395466,-8256.114519,-2953.749426,0.000000,0.000000,0.000000,1.144125
82.906097,-546.650765,-320.767812,1.032341,-6.130778,-3.574539,0.000000,0.000000,0.000000,0.819656
212526.628560,342417.915035,-421260.787193,2361.541211,3804.632450,-4680.677210,0.000000,0.000000,0.000000,0.978073
0.615983,-44.806269,80.540641,0.323550,-0.375097,0.936189,0.000000,0.000000,0.000000,0.927466
-11311.683800,-2671.780158,-3205.703783,-125.694815,-29.642646,-35.659559,0.000000,0.000000,0.000000,1.029083
-4819.985713,3451.200708,-1053.086817,-53.295772,38.435899,-11.704855,0.000000,0.000000,0.000000,1.152193
-317265.099643,8093.317316,-190341.988736,-3524.984291,89.934873,-2114.911570,0.000000,0.000000,0.000000,1.048803
-5372.831965,2228.120110,-5402.300595,-59.600781,24.689807,-60.021826,0.000000,0.000000,0.000000,1.076297
1867480.801944,13372473.688723,-4094648.384555,20750.047603,148582.934736,-45496.094036,0.000000,0.000000,0.000000,1.151527
-1537690926.124522,-4640775587.879878,-873730410.768920,-17694947.015501,-53403631.687664,-10054435.129657,0.000000,0.000000,0.000000,0.847945
-13328.107089,-19034.988997,1027.836413,-147.819440,-211.400501,11.420964,0.000000,0.000000,0.000000,1.111519
-11.772879,65.949638,21.413958,-0.072233,0.771318,0.232049,0.000000,0.000000,0.000000,1.031342
-32.609828,53.852061,3.152117,0.060950,0.339826,0.157134,0.000000,0.000000,0.000000,0.875287
229402865.324684,145714287.273045,291780207.479604,2548920.988184,1619047.650107,3242002.308773,0.000000,0.000000,0.000000,1.119452
8932.492542,77901.901112,-111308.252005,99.432968,865.582804,-1236.754878,0.000000,0.000000,0.000000,0.832110
-89554.696272,1537239.013412,-460908.003865,-994.825223,17080.553408,-5121.196573,0.000000,0.000000,0.000000,0.968123
-49540730.871552,-58768286.462945,48415036.050377,-550452.251109,-652980.940171,537944.840165,0.000000,0.000000,0.000000,1.047359
-3245255152.136916,-3598762454.031284,2933275920.154387,-36058390.356544,-39986249.471434,32591954.669948,0.000000,0.000000,0.000000,0.925759
-201.543015,286.767802,-144.145560,-1.955307,3.380157,-1.684878,0.000000,0.000000,0.000000,0.987086
-244.658660,453.805764,581.970183,-2.577178,5.038907,6.469512,0.000000,0.000000,0.000000,1.061423
4241.166616,3369.543986,-9300.413776,47.238453,37.405421,-103.334197,0.000000,0.000000,0.000000,1.150372
7420504.893667,-193545348.377862,153677063.713077,82450.285338,-2150503.832852,1707522.924984,0.000000,0.000000,0.000000,1.190815
-429.895998,172.490648,-449.970513,-4.478033,1.921242,-5.015651,0.000000,0.000000,0.000000,0.867286
11952413.697115,-108761673.913472,39428657.259904,132804.831478,-1208463.069864,438096.192145,0.000000,0.000000,0.000000,0.840931
-226.819092,-53.213235,30.815595,-2.315014,-0.544591,0.315222,0.000000,0.000000,0.000000,0.844658
-47.006844,-64.713050,80.174271,-0.218325,-0.814667,0.962705,0.000000,0.000000,0.000000,1.021148
-45.982082,-26.643138,52.653275,-0.339025,-0.323583,0.541799,0.000000,0.000000,0.000000,0.911438
-340713.297811,103895.415686,-106998.420544,-3785.394372,1154.381125,-1188.869425,0.000000,0.000000,0.000000,1.164890
45.356438,-4476.709430,7824.840697,0.774575,-49.638763,86.937868,0.000000,0.000000,0.000000,1.065780
-72.059395,15.790076,209.535679,-0.540682,0.214868,2.324048,0.000000,0.000000,0.000000,0.818145
-157017.022266,-133307.116222,84638.035524,-1744.358750,-1481.214306,940.425380,0.000000,0.000000,0.000000,1.022969
1197732.991272,-1130161.521540,161246.155649,13308.402774,-12557.450570,1791.621718,0.000000,0.000000,0.000000,1.021750
4335.450220,-3786.117657,8240.559675,48.393051,-42.040534,91.557932,0.000000,0.000000,0.000000,1.128971
12.384490,30.775326,58.407959,0.566269,0.357731,0.676693,0.000000,0.000000,0.000000,0.828819
-1123.633622,7983.855863,7997.410087,-12.197339,88.702137,88.855498,0.000000,0.000000,0.000000,1.187988
-50600.665516,-6343.893593,34232.955885,-561.918629,-70.409993,380.367131,0.000000,0.000000,0.000000,0.992612
-664682067.379788,-23525855.511570,478010377.278424,-7385356.045365,-261398.524982,5311226.413784,0.000000,0.000000,0.000000,0.900015
212707041.318958,-227021008.419596,-165063671.094923,2363411.667132,-2522455.660006,-1834040.794095,0.000000,0.000000,0.000000,1.066297
-108.074402,-219.031339,276.967242,-1.103863,-2.393835,3.074543,0.000000,0.000000,0.000000,0.986453
3698.621586,2926.743221,5408.924115,41.430486,32.606722,60.096941,0.000000,0.000000,0.000000,0.865427
273253755.174564,436231379.451569,-472190710.024850,3036153.061929,4847015.309395,-5246563.445593,0.000000,0.000000,0.000000,0.898110
-103.061574,-893.047196,888.724574,-0.780915,-9.979759,9.892540,0.000000,0.000000,0.000000,0.964653
-4044.152168,-5152.352046,46752.316710,-44.731437,-57.136799,519.469528,0.000000,0.000000,0.000000,0.961394
-8601301500.377306,-3568717385.726144,-3130045223.017965,-95570016.358842,-39652415.430740,-34778280.250559,0.000000,0.000000,0.000000,1.179285
-142416.796163,-119451.317532,-21873.441912,-1582.157047,-1327.198610,-243.032814,0.000000,0.000000,0.000000,1.141455
5245.831836,4791.190058,2895.371236,58.671791,53.300003,32.240495,0.000000,0.000000,0.000000,1.005335
-308515.875485,-791830.910635,-163819.592812,-3427.690275,-8798.129127,-1820.222271,0.000000,0.000000,0.000000,0.928633
-142036.322265,73835.527282,-172508.284995,-1577.991742,820.416847,-1916.754533,0.000000,0.000000,0.000000,1.097397
-2177313.515206,-2452526.029227,884156.300974,-24192.164428,-27250.300825,9823.959918,0.000000,0.000000,0.000000,1.029214
-10835.695894,51152.422478,26959.971535,-120.220607,568.405041,299.556821,0.000000,0.000000,0.000000,0.894533
-201390.516370,80487.504065,-148489.539133,-2237.397534,894.302379,-1649.881977,0.000000,0.000000,0.000000,1.089561
1493.822422,-416.158661,2680.756392,16.888938,-4.502184,29.809184,0.000000,0.000000,0.000000,1.175445
5626.299378,-6712.896233,27317.708329,62.726245,-74.484663,303.529389,0.000000,0.000000,0.000000,1.064853
-272488998115.062195,100279176124.371552,-137389498728.989838,-3027655534.290978,1114213067.948574,-1526549985.875960,0.000000,0.000000,0.000000,1.025197
-169665.219640,94105.884334,8860.357395,-1884.805411,1045.616607,98.446953,0.000000,0.000000,0.000000,1.156436
-39.519295,-61.844285,65.457606,-0.241416,-0.588971,0.753405,0.000000,0.000000,0.000000,1.031836
2051.968092,-474.500127,721.284548,23.002217,-5.254144,8.009365,0.000000,0.000000,0.000000,0.896157
4507374.476562,-3279854.710239,6227559.703569,50082.129474,-36442.835305,69195.106704,0.000000,0.000000,0.000000,1.181418
506.869162,-2624.397007,1168.343134,5.940605,-29.135010,12.976843,0.000000,0.000000,0.000000,1.110292
9723.819735,9626.881350,15072.698788,108.383343,106.890794,167.470381,0.000000,0.000000,0.000000,0.887501
498056.869579,221578.646309,880262.835482,5534.166990,2461.985587,9780.695818,0.000000,0.000000,0.000000,1.039350
2291.805172,-1120.916678,-3324.836659,25.633371,-12.381074,-36.937383,0.000000,0.000000,0.000000,1.039584
181257044375.243805,1541683031981.379150,-768133239585.207275,2013967159.906348,17129811466.500095,-8534813773.170730,0.000000,0.000000,0.000000,1.198868
8681.392351,-8554.216799,-34907.365207,96.699528,-95.089150,-387.855816,0.000000,0.000000,0.000000,0.871438
114.179180,16.547970,22.550068,1.551491,0.290161,0.215746,0.000000,0.000000,0.000000,1.057511
-9601.523981,18117.736248,20251.191676,-106.489408,201.334634,225.012564,0.000000,0.000000,0.000000,0.847838
-53932227053.491776,-28124324041.661633,321972499713.635559,-599246967.019529,-312492489.366828,3577472219.042420,0.000000,0.000000,0.000000,1.066998
5.211160,-20.207180,30.544938,0.303990,-0.338626,0.355966,0.000000,0.000000,0.000000,0.847053
2227.985572,-6432.089687,-5020.485230,25.005920,-71.540748,-55.779708,0.000000,0.000000,0.000000,0.905289
191.919180,136.857057,211.835703,2.360993,1.448654,2.369751,0.000000,0.000000,0.000000,0.864598
-183896.195739,237888.858681,38024.923030,-2043.073694,2643.203109,422.493953,0.000000,0.000000,0.000000,1.022130
-27398287.566790,-130340864.499060,-195706149.422997,-304425.314462,-1448231.727355,-2174512.769474,0.000000,0.000000,0.000000,0.930288
-37120497.557324,-32595294.564658,13136986.988313,-412449.734069,-362169.874458,145966.526699,0.000000,0.000000,0.000000,1.042631
994470.360739,291765.286389,-223349.117854,11049.831534,3241.753923,-2481.657381,0.000000,0.000000,0.000000,1.096076
-5997.811053,-11785.208953,-353499.551101,-66.455584,-130.923174,-3927.772048,0.000000,0.000000,0.000000,0.948953
2656.800347,-10224.663243,5342.148407,29.595420,-113.646724,59.353381,0.000000,0.000000,0.000000,1.145340
134372.883597,741966.851620,376346.916032,1493.273473,8243.986740,4181.631265,0.000000,0.000000,0.000000,1.084248
717.662274,-623.720573,-2389.482982,8.206012,-6.877091,-26.546440,0.000000,0.000000,0.000000,1.008535
2229176693.857160,-1552911728.998830,-383808305.318756,24768630.125943,-17254574.760538,-4264536.730576,0.000000,0.000000,0.000000,0.940286
-1496598.434676,-9902980.581589,-5955592.233900,-16628.535845,-110033.014551,-66173.243393,0.000000,0.000000,0.000000,1.122959
22.222386,26.481696,123.540212,0.537339,0.410761,1.476608,0.000000,0.000000,0.000000,1.034345
-18530.234617,-6362.158723,-1986.657456,-205.754663,-70.712435,-22.072953,0.000000,0.000000,0.000000,1.096461
8484059.730048,1857108.440572,-11948633.283568,94267.640957,20634.556471,-132762.592582,0.000000,0.000000,0.000000,0.922344
-4570.225633,2990.694992,-4021.805345,-50.485042,33.136708,-44.681580,0.000000,0.000000,0.000000,1.182083
-19461374.210094,-699575631.219397,-191288472.178910,-216237.423577,-7773062.586863,-2125427.465703,0.000000,0.000000,0.000000,1.137618
-22461.604970,-444602.140726,-5826.495379,-249.438758,-4940.010138,-64.738402,0.000000,0.000000,0.000000,0.977799
-38738.317969,-24457.780073,-15581.271749,-430.166030,-271.835746,-173.128057,0.000000,0.000000,0.000000,0.905500
-69.062064,30.641649,17.333060,-0.517428,0.289093,0.146360,0.000000,0.000000,0.000000,0.970647
-46640.773654,-164097.239466,-250693.498647,-526.227905,-1852.139466,-2829.575784,0.000000,0.000000,0.000000,1.041833
7676431341.565046,-151561890508.522217,-205284849763.678436,85293681.760622,-1684021005.570185,-2280942775.151720,0.000000,0.000000,0.000000,0.839044
234268.199604,-195601.301935,-359701.248551,2603.194967,-2173.330694,-3996.676211,0.000000,0.000000,0.000000,1.134157
137501299.559131,3170356012.249402,-1969466596.225783,1527792.474849,35226177.957262,-21882962.175441,0.000000,0.000000,0.000000,1.163537
-2676613.511449,-926680.957394,1603636.324510,-29739.889937,-10296.475864,17818.181905,0.000000,0.000000,0.000000,0.967401
-48.054918,-122.258379,26.515933,-0.269256,-1.342801,0.290490,0.000000,0.000000,0.000000,1.051263
186.270004,98.301621,-267.848876,2.399396,1.028549,-3.017161,0.000000,0.000000,0.000000,0.896020
401255.834280,417855.692855,90804.392043,4458.595871,4642.806338,1008.937355,0.000000,0.000000,0.000000,0.804705
-431.743004,566.787420,-393.615045,-4.559654,6.165337,-4.370134,0.000000,0.000000,0.000000,0.942999
-4701761.182604,-128076057.007834,-82326007.453828,-52241.574052,-1423067.307016,-914733.412716,0.000000,0.000000,0.000000,1.010987
-29572.657349,-22886.532679,33853.464325,-328.246117,-254.342755,376.144356,0.000000,0.000000,0.000000,0.942820
206717815756.715607,-334345782430.479980,401627261944.200623,2296864619.666075,-3714953138.099766,4462525132.716005,0.000000,0.000000,0.000000,0.962942
-8581.069899,-15149.687106,1646.438213,-95.158763,-168.312575,18.289013,0.000000,0.000000,0.000000,0.807800
119999.537663,-358677.234855,-198256.304199,1333.639725,-3985.167889,-2202.844584,0.000000,0.000000,0.000000,0.996413
133271.273215,-238025.259212,-77466.272382,1480.973305,-2644.711792,-860.736167,0.000000,0.000000,0.000000,0.931207
14061.455916,-35696.569125,-30309.641542,156.489714,-396.605425,-336.768370,0.000000,0.000000,0.000000,0.940354
-32.601520,-54.166643,21.531112,-0.076392,-0.729653,0.234156,0.000000,0.000000,0.000000,1.135388
4357252.591095,-245918.686069,-759400.714466,48414.171243,-2732.446735,-8437.787881,0.000000,0.000000,0.000000,0.883397
85133.942045,-260154.989958,-865411.462778,946.089707,-2890.565602,-9615.679428,0.000000,0.000000,0.000000,1.058488
-167124092.922876,-245836835.945845,280844146.267327,-1856934.076816,-2731520.515631,3120490.516789,0.000000,0.000000,0.000000,0.996876
272109823980.328461,15470687071.663765,-384477570613.295349,3023442488.899899,171896523.013415,-4271973006.813911,0.000000,0.000000,0.000000,1.144424
137.177560,1636.305345,1771.207658,1.757430,18.187086,19.675408,0.000000,0.000000,0.000000,0.916588
-244231656.201517,-154997167.353726,-310457195.175321,-2713684.805091,-1722190.733708,-3449524.385536,0.000000,0.000000,0.000000,1.052027
279807.904359,-111514.457502,-269446.475369,3109.316844,-1238.983623,-2993.844779,0.000000,0.000000,0.000000,1.164678
5291819997.146144,611959535.124128,1078015520.534046,58798000.190162,6799550.404971,11977950.227233,0.000000,0.000000,0.000000,1.061098
-61394.536854,-24717.746928,-3184.804301,-682.006967,-274.783889,-35.381341,0.000000,0.000000,0.000000,0.951685
-5587648.642303,14079725.856712,-8821741.748986,-62084.786048,156441.434203,-98019.352196,0.000000,0.000000,0.000000,0.840609
-2100253981.656098,1488080059.297985,374526381.342299,-23336155.155757,16534222.885963,4161404.232018,0.000000,0.000000,0.000000,0.988357
-5504.277413,-4035.600448,11328.150587,-61.041738,-44.872092,125.866897,0.000000,0.000000,0.000000,0.945544
-1245.185731,-669.287955,-937.528254,-13.533952,-7.426697,-10.414994,0.000000,0.000000,0.000000,0.951091
-1904.690295,612.410909,-778.790702,-21.268967,6.800830,-8.787643,0.000000,0.000000,0.000000,0.839014
-21.483030,12.093568,64.528689,0.245645,0.423898,0.656094,0.000000,0.000000,0.000000,1.148896
129.507275,-2184.928020,2726.434893,1.596260,-24.345819,30.290565,0.000000,0.000000,0.000000,0.878896
-23292.260456,108882.722244,-314146.747629,-258.602121,1209.888428,-3490.513871,0.000000,0.000000,0.000000,0.907304
35370.413576,22479.150649,14385.169250,393.259953,249.682939,159.830632,0.000000,0.000000,0.000000,0.987589
17741643.410529,130412108.497178,-34998094.097190,197129.580641,1449023.442451,-388867.715479,0.000000,0.000000,0.000000,0.917638
43345.758406,153852.705192,236464.357887,489.420717,1736.457822,2668.815990,0.000000,0.000000,0.000000,1.108671
1294.771480,779.143721,-184.994835,14.769661,8.683180,-2.066843,0.000000,0.000000,0.000000,0.961355
-100386.871760,-696452.131667,-14640.024675,-1115.166800,-7738.411234,-162.671228,0.000000,0.000000,0.000000,1.099488
-5480839560.718375,-10161696898.507904,-14983780603.099184,-60898217.095659,-112907743.271440,-166486451.149463,0.000000,0.000000,0.000000,0.911037
11871.745417,11054.081164,12001.646047,132.144277,122.746094,133.348974,0.000000,0.000000,0.000000,1.100910
578524943.220224,5424898273.290750,-6115254247.315623,6428055.151449,60276647.490307,-67947269.416413,0.000000,0.000000,0.000000,1.073747
182073.161045,25168.075853,4913.784792,2023.177239,279.661081,54.600401,0.000000,0.000000,0.000000,0.876352
2741.247694,1148.379650,-656.511400,30.854990,12.790808,-7.363521,0.000000,0.000000,0.000000,1.178540
-361126.785789,-2686658.548174,461248.783744,-4012.293547,-29851.678791,5124.990514,0.000000,0.000000,0.000000,1.135274
290663098.819943,-302005700.387060,-183989317.787902,3229590.207339,-3355618.856999,-2044325.755927,0.000000,0.000000,0.000000,0.853435
253.888004,-653.494483,3344.106400,3.116682,-7.324056,37.152046,0.000000,0.000000,0.000000,1.128172
-15792025.763960,-117749052.308633,31785634.195299,-175466.743153,-1308322.786024,353173.709264,0.000000,0.000000,0.000000,1.014671
-1585.953010,-176.316883,550.240288,-17.381873,-1.950963,6.110803,0.000000,0.000000,0.000000,0.993887
2779.946878,-878.594587,-2359.108955,31.189935,-9.909017,-26.243731,0.000000,0.000000,0.000000,0.876248
-28919.203121,-6135.983964,10464.693854,-321.087919,-68.289693,116.269964,0.000000,0.000000,0.000000,1.118398
8428.413564,-10582.331073,13389.293165,93.938473,-117.662122,148.941409,0.000000,0.000000,0.000000,1.036875
-111.571282,69.025172,19.369450,-1.022151,0.655868,0.224015,0.000000,0.000000,0.000000,1.032530
39160690.648409,53129770.059073,-35160558.033949,435119.097539,590330.797095,-390672.870345,0.000000,0.000000,0.000000,1.126932
-3232431.838679,2539131.819881,16079799.720920,-35915.692055,28212.510394,178664.443680,0.000000,0.000000,0.000000,1.181770
-2604.773759,-1522.732074,1268.771774,-28.820268,-16.879166,14.092693,0.000000,0.000000,0.000000,0.926611
-4249.685167,-12304.263002,-8661.075566,-47.028878,-136.711683,-96.233377,0.000000,0.000000,0.000000,1.080725
18176.583665,-18592.965308,16775.021340,202.222963,-206.622981,186.385565,0.000000,0.000000,0.000000,1.047504
-10170.371314,9462.770074,-5162.612921,-112.787972,105.173503,-57.363213,0.000000,0.000000,0.000000,1.180399
-2621.730279,3753.423210,1810.269054,-28.987236,41.577346,20.113250,0.000000,0.000000,0.000000,1.059858
35559777807359.289062,103496001247598.203125,-1299734852198827.500000,395108642304.204041,1149955569417.757080,-14441498357764.498047,0.000000,0.000000,0.000000,0.899240
-2128795539839.182129,-3752236804012.245605,-1348971383205.215332,-23653283775.767609,-41691520044.446152,-14988570924.498957,0.000000,0.000000,0.000000,0.800287
-42.067384,9.668913,61.606631,-0.138135,0.185331,0.743907,0.000000,0.000000,0.000000,1.167949
89.089894,126.079700,119.381067,1.282496,1.548027,1.488744,0.000000,0.000000,0.000000,1.038922
-462.528223,485.152645,-375.403332,-4.917250,5.319389,-4.166652,0.000000,0.000000,0.000000,1.121563
106403.942606,877193.872211,734713.899242,1182.512123,9746.481015,8163.485835,0.000000,0.000000,0.000000,0.975422
-69.253181,8.738687,59.350675,-0.563562,-0.066993,0.662985,0.000000,0.000000,0.000000,1.126032
133061.823313,332886.315431,-220814.039730,1480.374909,3702.756149,-2456.215440,0.000000,0.000000,0.000000,0.934643
1515.687617,-19886.935707,-30150.316993,17.303466,-222.550996,-337.248768,0.000000,0.000000,0.000000,0.989983
9543.068818,-20426.866944,31931.144216,106.260947,-226.816123,354.787144,0.000000,0.000000,0.000000,0.937532
421269.033799,-64103.526800,-542901.473416,4680.969258,-712.260152,-6032.236722,0.000000,0.000000,0.000000,1.196614
10250.227976,-55510.782511,4510.369185,114.138325,-617.390242,50.165155,0.000000,0.000000,0.000000,0.869027
163078.836008,100445.952988,-294657.151518,1812.178090,1116.080905,-3273.963968,0.000000,0.000000,0.000000,1.141255
108.921226,6.736410,115.702840,1.466073,0.140336,1.364965,0.000000,0.000000,0.000000,0.932021
-48669.730174,130637.590223,-131187.807430,-540.498216,1451.500323,-1457.638316,0.000000,0.000000,0.000000,1.045511
-22024.214843,-24336.603748,1618.390129,-244.463810,-270.421098,17.983676,0.000000,0.000000,0.000000,1.006000
-76.699807,30.941273,43.808940,-0.683689,0.326127,0.440383,0.000000,0.000000,0.000000,1.044041
-134043027.852628,-87810478.863016,226464931.881587,-1489366.678666,-975672.002641,2516277.017944,0.000000,0.000000,0.000000,0.821489
20222.184776,-8258.116867,-2451.863325,224.895600,-91.664314,-27.238042,0.000000,0.000000,0.000000,0.842214
-5953432.087425,4531229.074166,-7493793.967846,-66149.052632,50346.983037,-83264.376094,0.000000,0.000000,0.000000,1.050042
-204.108265,57.359392,-77.911373,-2.419700,0.641052,-1.053326,0.000000,0.000000,0.000000,0.927245
-397319.189490,-729659.962559,-264012.299048,-4414.404070,-8107.328760,-2933.471081,0.000000,0.000000,0.000000,0.963850
552304366.609409,2558543019.988708,894151646.581753,6136715.438287,28428255.787053,9935018.294333,0.000000,0.000000,0.000000,0.939808
1825.218126,1287.312421,6802.844061,20.440418,14.297138,75.582354,0.000000,0.000000,0.000000,1.123234
102.004350,38.977198,83.737886,1.389476,0.627209,0.949123,0.000000,0.000000,0.000000,1.194903
-17982.301206,35735.653679,-20787.912094,-199.573112,397.207991,-230.978216,0.000000,0.000000,0.000000,1.060793
-6974677370.337061,15037334790.145323,40936753814.675133,-77496414.875761,167081497.723874,454852820.165836,0.000000,0.000000,0.000000,1.196936
-3666153.465213,-12403845.264132,-4054132.567395,-40734.737182,-137820.452202,-45045.912968,0.000000,0.000000,0.000000,0.857963
-274.436641,-104.531556,88.124698,-2.818040,-1.217600,0.978079,0.000000,0.000000,0.000000,0.856542
30.457788,28.207676,56.121901,0.658029,0.192898,0.683748,0.000000,0.000000,0.000000,0.889516
18266.711744,-5172.846033,17538.293209,203.146221,-57.369573,194.868941,0.000000,0.000000,0.000000,1.197501
1149737064.032457,-399163891.398647,-600055571.352026,12774856.480667,-4435154.344531,-6667284.120596,0.000000,0.000000,0.000000,1.079987
-5420304.889672,-36783384.968823,-6281001.963592,-60225.408642,-408704.305852,-69788.909820,0.000000,0.000000,0.000000,0.872782
-2894.336900,4620.374775,-521.257692,-31.854954,51.270142,-5.793031,0.000000,0.000000,0.000000,1.184339
323.313352,-1992.585854,1855.798414,3.934644,-22.070152,20.617391,0.000000,0.000000,0.000000,1.033409
-257567.286652,-338848.058674,81117.259974,-2861.646278,-3764.957500,901.298028,0.000000,0.000000,0.000000,1.034618
139670.016785,-121260.768418,-184117.799774,1552.125874,-1347.412076,-2045.751230,0.000000,0.000000,0.000000,0.850624
-9060.931100,57203.871349,10579.457458,-100.315405,635.623069,117.548034,0.000000,0.000000,0.000000,0.817141
63.999976,492.441643,-440.575681,1.061761,5.499924,-4.903148,0.000000,0.000000,0.000000,1.168598
52.456914,-50.649805,-121.634282,0.896740,-0.520922,-1.425918,0.000000,0.000000,0.000000,1.047303
-304.673604,-96.651250,514.935172,-3.029545,-1.040065,5.716888,0.000000,0.000000,0.000000,0.975596
-39.822690,267.000424,344.250877,-0.331369,2.950422,3.842465,0.000000,0.000000,0.000000,1.010250
5847928.889813,-1898455.569508,-2808286.198718,64977.178773,-21094.101017,-31203.180068,0.000000,0.000000,0.000000,1.160936
-3962516.160667,-6660834.314089,-953741.293564,-44027.661516,-74009.272764,-10597.121357,0.000000,0.000000,0.000000,0.853880
2185561.446013,2812267.775158,-2912779.037674,24284.312407,31247.359609,-32364.206625,0.000000,0.000000,0.000000,1.127411
58.848896,143.603443,180.132718,0.811343,1.622571,2.025180,0.000000,0.000000,0.000000,0.866887
-3159225.700815,-13325757.333919,4257578.969795,-35102.246429,-148064.073457,47306.431153,0.000000,0.000000,0.000000,1.069055
-61695428332405.250000,53618597636608.554688,84788238154964.843750,-685504759248.688721,595762195962.302856,942091535055.183472,0.000000,0.000000,0.000000,1.032493
2635254.585983,935799.498481,-1650442.361524,29280.863586,10397.750319,-18338.245997,0.000000,0.000000,0.000000,0.970348
168.636933,119.629632,359.669084,2.054732,1.404445,3.993338,0.000000,0.000000,0.000000,0.934396
-5762350.172470,1871002.742336,2767678.634946,-64025.918845,20788.768116,30751.983274,0.000000,0.000000,0.000000,1.178252
-41.782596,-59.450953,25.684412,-0.095905,-0.733133,0.272012,0.000000,0.000000,0.000000,0.837976
-534331.389043,1770591.289884,482073.035719,-5936.856935,19673.264220,5356.368449,0.000000,0.000000,0.000000,0.964006
-7780.956325,-10270.095107,9788.791756,-86.211494,-114.129094,108.760751,0.000000,0.000000,0.000000,1.066733
-4484130.404009,-1621710.182333,671647.212467,-49823.364550,-18018.924859,7462.750721,0.000000,0.000000,0.000000,0.941113
4079211.273761,545825.856970,-7387216.008271,45324.897823,6064.629886,-82080.172948,0.000000,0.000000,0.000000,0.968685
12117.810155,-19503.443502,-1295.987327,134.951146,-216.604602,-14.395033,0.000000,0.000000,0.000000,1.003737
-148959.741554,157680.929836,39088.262667,-1654.895545,1752.021628,434.309895,0.000000,0.000000,0.000000,0.952999
-375966.729056,136315.201891,-173606.673799,-4177.090965,1514.708366,-1928.965609,0.000000,0.000000,0.000000,0.854990
-28004779.554288,-167940924.096996,-163407168.783973,-311163.978680,-1866010.265296,-1815635.205846,0.000000,0.000000,0.000000,1.055596
88.512478,89.891205,17.703678,1.067511,1.031318,0.212826,0.000000,0.000000,0.000000,0.971811
-3987.847576,-5325.604862,-4721.666402,-44.608612,-59.826862,-53.224556,0.000000,0.000000,0.000000,0.874854
3781.223593,6492.103129,8830.548463,42.256684,72.125444,98.114140,0.000000,0.000000,0.000000,1.001737
-198.114160,-1610.804743,1952.165753,-1.967639,-17.838868,21.690958,0.000000,0.000000,0.000000,1.083715
-262.934679,-1006.769398,4981.057396,-2.804236,-11.227756,55.469157,0.000000,0.000000,0.000000,1.103459
-27251.087384,14638.365093,40296.110982,-302.625902,162.619115,447.734434,0.000000,0.000000,0.000000,0.884125
4749087.128484,3056697.089236,-10362476.682311,52767.887170,33963.309732,-115138.627732,0.000000,0.000000,0.000000,1.153185
26269.948511,-3229.622159,9408.024505,291.979175,-35.849866,104.535718,0.000000,0.000000,0.000000,1.091282
2233.874340,721.168716,1306.531721,25.382849,8.029062,14.719236,0.000000,0.000000,0.000000,0.870198
-118427.613896,-166313.991791,48034.020621,-1315.545135,-1847.909561,533.712558,0.000000,0.000000,0.000000,0.992842
204895.928716,-26639.115906,-77198.754674,2276.869580,-295.954982,-857.759069,0.000000,0.000000,0.000000,0.934861
2204.805591,811.040728,623.442148,24.696403,8.996825,6.927826,0.000000,0.000000,0.000000,0.807511
-83.575654,-9.790430,24.163235,-0.684294,-0.229655,0.256617,0.000000,0.000000,0.000000,0.951073
5756.685888,15907.868622,6413.658175,64.257900,176.689300,71.264559,0.000000,0.000000,0.000000,0.931604
8666.945086,38515.568158,-21387.074247,96.462939,427.834298,-237.632727,0.000000,0.000000,0.000000,0.950585
-186.847496,-34.840082,176.999182,-1.825830,-0.316675,1.962976,0.000000,0.000000,0.000000,1.157927
78915.486704,-26089.439880,-9347.144603,876.996121,-289.886443,-103.855529,0.000000,0.000000,0.000000,1.015634
5914.072885,-5491.753548,-9531.757582,65.819049,-61.056827,-105.906540,0.000000,0.000000,0.000000,0.978569
14809.597130,51579.242129,-44702.730676,164.704686,573.022257,-496.696511,0.000000,0.000000,0.000000,1.049067
404.232351,711.903114,-878.484501,4.868099,7.887715,-9.781211,0.000000,0.000000,0.000000,0.930630
-2127.140288,-1803.722738,-717.997842,-23.432415,-20.033306,-7.975923,0.000000,0.000000,0.000000,1.056607
127.542505,-337.351516,1.025958,1.716745,-3.760178,-0.012888,0.000000,0.000000,0.000000,0.974102
41889.502568,43763.973056,-101.765388,465.653089,486.255960,-1.134220,0.000000,0.000000,0.000000,1.002826
-18488.634640,-1153.417765,-3063.194281,-205.194614,-12.793759,-34.034977,0.000000,0.000000,0.000000,0.855105
46137578.045070,40512699.779162,-16329043.059859,512639.992646,450141.171875,-181433.806391,0.000000,0.000000,0.000000,0.838867
48357.962596,304129.388860,141806.891650,537.474921,3379.319404,1575.631087,0.000000,0.000000,0.000000,0.973391
14365.509940,25192.308766,-9194.363583,159.884759,280.009266,-102.157350,0.000000,0.000000,0.000000,1.026758
7351379136.304515,-15849351863.922258,-43147338184.999557,81681990.753321,-176103909.542970,-479414868.717857,0.000000,0.000000,0.000000,1.135614
123.246803,69.271453,102.854721,1.708343,0.833594,1.159121,0.000000,0.000000,0.000000,0.827707
49478.142697,13491.663466,11213.930270,549.930283,149.901472,124.598206,0.000000,0.000000,0.000000,0.832518
-1898295.605874,1526144.954127,143995.144626,-21091.921718,16957.278974,1599.950552,0.000000,0.000000,0.000000,1.058104
-108480.002471,329022.782901,-98637.509249,-1205.110567,3655.792456,-1095.967841,0.000000,0.000000,0.000000,0.873224
-7.359282,-61.445653,76.372782,0.494320,-0.749715,0.547766,0.000000,0.000000,0.000000,0.857006
14569.188089,15906.279274,-2445.142234,162.161017,176.723400,-27.165411,0.000000,0.000000,0.000000,1.003894
65293536411.576073,34046944393.608177,-389786706358.421021,725483738.147664,378299382.136037,-4330963403.979059,0.000000,0.000000,0.000000,0.881364
-671.096724,-25270.639513,35364.376274,-7.243429,-282.284068,395.129071,0.000000,0.000000,0.000000,1.062840
5855548573.975688,10641547356.092321,15775298392.377314,65061651.067057,118239415.112008,175281093.243239,0.000000,0.000000,0.000000,0.867158
25485.264540,146678.753200,147632.889477,283.811183,1631.599979,1642.187847,0.000000,0.000000,0.000000,1.022530
23504078.715553,-3344596.524653,21308187.271962,261156.670102,-37162.058045,236757.634033,0.000000,0.000000,0.000000,1.073452
-8215.233131,7628.041820,13925.354398,-91.030183,84.781955,154.725849,0.000000,0.000000,0.000000,0.937182
681588237.743256,-594747653.304323,-596330907.549652,7573202.828594,-6608307.153552,-6625898.970122,0.000000,0.000000,0.000000,1.090042
-5266924.906867,-2032353.687101,4963781.315156,-58521.186475,-22581.670844,55153.123904,0.000000,0.000000,0.000000,0.876130
-53.422357,-217.096735,-113.328340,-0.327784,-2.341145,-1.296053,0.000000,0.000000,0.000000,1.186175
8532.466530,-9358.476297,-20960.772836,95.388408,-104.261738,-233.667302,0.000000,0.000000,0.000000,1.198969
-380.251023,304.226836,227.914971,-3.956936,3.270447,2.527389,0.000000,0.000000,0.000000,0.953716
-15259.994621,-3915.388710,12906.568783,-169.353906,-43.555151,143.403702,0.000000,0.000000,0.000000,0.945146
-61.733264,-45.950052,62.267041,-0.456276,-0.531666,0.739520,0.000000,0.000000,0.000000,0.995258
-62989700.593789,35386287.114719,98298488.847678,-699885.328080,393180.958634,1092205.435106,0.000000,0.000000,0.000000,0.906235
-508583.345944,-610273.800034,1256709.327067,-5650.697348,-6780.823669,13963.432284,0.000000,0.000000,0.000000,0.869644
-2794.641426,-2269.404069,-3985.848227,-30.713542,-25.125539,-44.284570,0.000000,0.000000,0.000000,1.153020
-21060559.194811,-11028821.220502,-9645010.090569,-234006.014657,-122542.451721,-107166.782679,0.000000,0.000000,0.000000,0.961667
-37.075662,-46.829262,-6.421851,-0.072230,-0.586835,-0.219725,0.000000,0.000000,0.000000,0.891950
2960.243946,1172.525014,-1893.010182,33.332260,13.204433,-21.274874,0.000000,0.000000,0.000000,1.175423
-13042.545362,-23264.343027,553.538916,-144.713233,-258.440862,6.149691,0.000000,0.000000,0.000000,1.050285
-19.613990,-68.440952,-68.844278,0.079579,-0.696237,-0.771620,0.000000,0.000000,0.000000,1.187342
-9.607068,28.108635,-6.676962,0.119519,0.147448,-0.082338,0.000000,0.000000,0.000000,1.109482
-307404.043630,322735.394142,74367.677373,-3415.456889,3585.892997,826.304291,0.000000,0.000000,0.000000,1.029596
-187.548461,-156.427090,-232.038025,-1.934964,-1.592604,-2.580109,0.000000,0.000000,0.000000,0.886542
-27587921.477507,15137076.087517,9940800.523712,-306532.227029,168189.714773,110453.341794,0.000000,0.000000,0.000000,1.003011
3064608.021416,21437529.974124,-545320.599707,34051.365009,238194.696032,-6059.119169,0.000000,0.000000,0.000000,0.905086
170501.005324,1892671.951805,1620236.900759,1894.683862,21029.676728,18002.633062,0.000000,0.000000,0.000000,1.175238
-12554.579488,8932.813986,1985.015852,-139.530458,99.417963,22.073757,0.000000,0.000000,0.000000,0.949407
41361291.190233,-1672578.782491,-8059412.227250,459570.069463,-18584.150104,-89549.029207,0.000000,0.000000,0.000000,0.877148
-1620628.580891,442099.524350,2273411.370164,-18006.801768,4912.262701,25260.120996,0.000000,0.000000,0.000000,1.138156
388.115725,-747.781648,475.378647,4.608335,-8.293427,5.283048,0.000000,0.000000,0.000000,0.852140
-2204324832195.905273,24314877429926.074219,7052698139467.068359,-24492498135.279503,270165304776.988373,78363312660.739838,0.000000,0.000000,0.000000,0.844537
-137.181029,842.465727,29.262552,-1.291003,9.425464,0.333107,0.000000,0.000000,0.000000,0.944213
-75.111631,-50.586367,35.344988,-0.727369,-0.831102,0.391022,0.000000,0.000000,0.000000,1.141452
-181365378739.337738,-1542604670401.898926,768592034530.343140,-2015170874.700006,-17140051893.313553,8539911494.779491,0.000000,0.000000,0.000000,1.198152
-1190.478817,694.737797,1682.287833,-13.020280,7.600688,18.686634,0.000000,0.000000,0.000000,1.083250
-214344658.410783,104103561.844831,689518207.680048,-2381607.088067,1156706.225517,7661313.415520,0.000000,0.000000,0.000000,0.838829
170.175637,1147.928900,515.999773,2.136130,13.769188,6.116075,0.000000,0.000000,0.000000,1.049758
-15.010971,-1.103571,46.320311,-0.021196,-0.304511,0.588031,0.000000,0.000000,0.000000,0.972331
-169917079867.547333,92727044304.258545,394972198066.202332,-1887967553.889420,1030300492.338153,4388579978.513722,0.000000,0.000000,0.000000,1.028063
37515.395081,135078.626679,-112701.094423,417.152303,1500.893461,-1252.232087,0.000000,0.000000,0.000000,1.000767
1907.240094,2462.587042,-5441.121134,21.391441,27.357191,-60.453228,0.000000,0.000000,0.000000,1.071612
-110.001654,428.954680,-293.645876,-0.900910,4.855889,-3.389878,0.000000,0.000000,0.000000,1.190287
398.652640,30.770081,-246.439811,4.701158,0.362646,-2.747225,0.000000,0.000000,0.000000,1.068178
-55.195693,-59.625319,2.144862,-0.476235,-0.588586,-0.009049,0.000000,0.000000,0.000000,1.161866
14967.570290,-1984.891538,-7993.425933,166.507545,-22.144419,-88.814364,0.000000,0.000000,0.000000,0.802607
55.034161,798.049695,-192.156223,0.694712,9.111218,-2.207977,0.000000,0.000000,0.000000,1.180255
-17.764349,125.283842,57.395057,-0.098309,1.567126,0.649339,0.000000,0.000000,0.000000,1.101630
18436.152564,26652.732053,7069.266807,205.047343,296.188348,78.546798,0.000000,0.000000,0.000000,0.808742
44.379231,-228.092365,-103.173700,0.616477,-2.498256,-1.140020,0.000000,0.000000,0.000000,0.820701
1051184.362689,440968.629681,576925.444005,11679.988878,4899.758247,6410.284811,0.000000,0.000000,0.000000,1.085718
-605551895.350614,-5297736359.805616,6504924611.029384,-6728354.165868,-58863737.320621,72276940.119224,0.000000,0.000000,0.000000,1.041853
-535.897768,-1171.378494,-489.872997,-5.828428,-13.269246,-5.518471,0.000000,0.000000,0.000000,0.995666
32.783954,7.843008,74.097484,0.686074,-0.298915,0.657893,0.000000,0.000000,0.000000,0.824760
-21.246527,57.742376,165.363727,-0.114017,0.580355,1.846883,0.000000,0.000000,0.000000,1.025234
-237856565.669948,253864042.418228,184580689.931443,-2642850.631190,2820711.569865,2050896.549436,0.000000,0.000000,0.000000,0.953551
-23519901.714124,-39496538.082986,-5843496.780989,-261332.012968,-438850.296692,-64927.739318,0.000000,0.000000,0.000000,0.888580
-859.957747,-5902.094469,678.612216,-9.409174,-65.999574,7.573999,0.000000,0.000000,0.000000,1.060313
-1059736244879.497559,-725133050818.248169,335809054781.692383,-11774847165.070621,-8057033897.978215,3731211719.792493,0.000000,0.000000,0.000000,1.066283
-5131470.701882,-6664777.650754,1581408.746294,-57016.135906,-74053.059358,17571.210991,0.000000,0.000000,0.000000,1.000945
-32.986027,54.343839,4.013709,-0.357145,0.692105,-0.155352,0.000000,0.000000,0.000000,1.134218
4894.064058,-3341.497448,4526.979755,54.669562,-37.218199,50.301153,0.000000,0.000000,0.000000,1.075745
-1384724744.901663,-142490266.998790,-274152241.590064,-15385830.310367,-1583225.247833,-3046136.020322,0.000000,0.000000,0.000000,0.868933
-195.874822,-15.583415,-52.742724,-1.830322,-0.203225,-0.580503,0.000000,0.000000,0.000000,0.962804
-830171779609.126465,141052118746.770111,316754039073.556519,-9224130884.314688,1567245763.827623,3519489323.043964,0.000000,0.000000,0.000000,0.922450
1075.002022,202.108474,2437.332080,12.167830,2.326311,27.079415,0.000000,0.000000,0.000000,0.988361
3779.774828,52725.597393,188.897377,42.163961,586.568515,2.095385,0.000000,0.000000,0.000000,0.878847
-109.142934,-1425.505362,-1588.556994,-0.947974,-15.872008,-17.646045,0.000000,0.000000,0.000000,1.005695
-570.300529,-972.672770,-905.825657,-6.094007,-10.794975,-10.063049,0.000000,0.000000,0.000000,0.858551
-108375.909238,-271840.698836,180161.611497,-1205.249154,-3023.903360,2004.023005,0.000000,0.000000,0.000000,1.145449
-29.901757,44.096488,-47.296711,-0.251259,0.493237,-0.554092,0.000000,0.000000,0.000000,1.039033
3962741.073299,-3105029.296764,-19674005.127616,44030.672992,-34500.390399,-218600.051448,0.000000,0.000000,0.000000,0.967435
-24438.766224,-52239.083024,70292.593386,-271.363773,-580.437571,781.026547,0.000000,0.000000,0.000000,0.960485
-627.857180,-1241.243205,360.586585,-6.717650,-13.788429,4.012094,0.000000,0.000000,0.000000,1.143574
-122.401253,-319.074058,191.760270,-1.016815,-3.500681,2.130504,0.000000,0.000000,0.000000,1.168897
-402.051230,-5.871390,-329.109543,-4.161098,0.057761,-3.653323,0.000000,0.000000,0.000000,0.838668
-49386376434936.359375,-115491857267709.687500,-107013408289198.875000,-548737515943.600403,-1283242858530.135498,-1189037869879.978271,0.000000,0.000000,0.000000,1.128160
2134702.443403,3049566.361691,-392063.855999,23719.121575,33884.056300,-4356.263119,0.000000,0.000000,0.000000,0.965061
5.691350,82.502498,93.305886,0.366388,0.782919,1.035600,0.000000,0.000000,0.000000,1.188821
165.855800,35.967390,-317.627018,2.046220,0.468083,-3.531930,0.000000,0.000000,0.000000,1.098564
-38.244329,49.004982,49.802864,-0.285181,0.403035,0.556131,0.000000,0.000000,0.000000,1.096919
505.496617,1298.720029,-5668.275188,5.752251,14.444284,-63.114100,0.000000,0.000000,0.000000,1.116244
-1056783.899759,-800020.638086,-989197.694477,-11741.878105,-8889.009428,-10991.080962,0.000000,0.000000,0.000000,0.936039
-12.073196,16.079412,-43.738908,0.038287,0.073872,-0.680098,0.000000,0.000000,0.000000,1.016946
-96.375367,204.358282,63.904058,-0.991381,2.271332,0.706761,0.000000,0.000000,0.000000,0.862081
-10927467235.191374,-7321232457.138156,837660685.901504,-121416302.493383,-81347027.419250,9307340.948911,0.000000,0.000000,0.000000,0.989079
5830252.030896,-7478797.355285,17510666.285227,64780.800806,-83097.738129,194562.957481,0.000000,0.000000,0.000000,1.194641
-4693769.175930,-30727635.779789,-7416701.964301,-52152.822854,-341418.086453,-82407.796824,0.000000,0.000000,0.000000,1.145137
16938.971050,7480.602281,4264.495454,189.898645,83.533078,47.541915,0.000000,0.000000,0.000000,0.863949
9744.849474,-739.363837,-5786.438437,108.510431,-8.291233,-64.289246,0.000000,0.000000,0.000000,1.021176
-42160015.711158,1704933.895986,8215108.855874,-468444.448601,18943.768422,91278.982231,0.000000,0.000000,0.000000,0.860530
-54597859.395514,4006925362.204751,-7307841287.927782,-606642.595694,44521392.791840,-81198236.532393,0.000000,0.000000,0.000000,0.853743
-71913942.715572,166577159.828707,237319568.513211,-799043.464204,1850857.259651,2636884.094877,0.000000,0.000000,0.000000,1.170574
-269.738461,-190.744648,6.025541,-2.832444,-2.125984,0.029846,0.000000,0.000000,0.000000,1.096211
1672474.775137,11066860.580341,6655669.180258,18583.388271,122965.217688,73951.881690,0.000000,0.000000,0.000000,1.004855
-8345624389.966858,-51176779182.467117,-90805115130.126755,-92729159.651955,-568630879.817475,-1008945723.671253,0.000000,0.000000,0.000000,0.810410
-4210.652012,-7349.657556,6471.511795,-46.608104,-81.610641,71.906368,0.000000,0.000000,0.000000,1.088580
-9.173631,-1563.544325,-510.571495,-0.002715,-18.536426,-6.118736,0.000000,0.000000,0.000000,1.121250
6662.436920,2002.097631,3702.359052,74.331965,22.264184,41.134127,0.000000,0.000000,0.000000,1.036524
21886.588581,33094.624783,6075.543200,243.876737,368.651002,67.656695,0.000000,0.000000,0.000000,0.857043
-52040.236241,67289.012022,-31084.678141,-578.014804,747.647807,-345.380887,0.000000,0.000000,0.000000,0.882167
-2097.521795,507.263931,-2789.934877,-23.102986,5.584003,-30.995114,0.000000,0.000000,0.000000,1.122901
309211.087738,172290.044110,-251915.858533,3435.905814,1914.313668,-2799.062159,0.000000,0.000000,0.000000,1.017835
-55.961031,15.727353,61.826095,-0.556047,0.159574,0.684790,0.000000,0.000000,0.000000,0.997220
157011.307337,88796.824691,-93765.688998,1744.701003,986.642724,-1041.838346,0.000000,0.000000,0.000000,0.847091
76817.660767,3785251.694425,-3262696.203151,853.772034,42058.474472,-36252.178038,0.000000,0.000000,0.000000,1.114930
-1335280817.924590,95442119.848658,2363475426.776344,-14836453.306775,1060467.991390,26260838.077380,0.000000,0.000000,0.000000,1.122911
7270.903930,-11903.774933,5248.979006,81.055229,-132.282052,58.323016,0.000000,0.000000,0.000000,0.856832
-87836.285357,265016.129883,884763.532814,-975.801311,2944.667850,9830.705377,0.000000,0.000000,0.000000,1.035512
-631.960140,-1093.564881,1220.664798,-6.783850,-12.123985,13.558858,0.000000,0.000000,0.000000,0.819653
2459.135984,-1922.071923,8474.554513,27.417804,-21.293545,94.159753,0.000000,0.000000,0.000000,1.113768
-21459.005750,42684.602506,16226.585865,-238.221013,474.359205,180.297900,0.000000,0.000000,0.000000,1.090717
15.580484,1.796003,62.561422,0.770958,0.463922,0.686083,0.000000,0.000000,0.000000,0.901490
-383965.719411,69436.628038,-24350.149704,-4265.965121,771.384482,-270.558709,0.000000,0.000000,0.000000,0.942367
1090396191.141309,3290831859.765277,619573487.181835,12547712.561109,37869181.286659,7129729.403341,0.000000,0.000000,0.000000,1.195784
1010.050129,13799.416821,404.890781,11.392336,153.456114,4.503134,0.000000,0.000000,0.000000,1.077158
7352555421.794189,1476844831.885334,-8369818703.530983,81695060.435669,16409386.968556,-92997985.592166,0.000000,0.000000,0.000000,1.091971
-32505.753713,28364.652286,41350.745544,-361.072107,315.245743,459.449416,0.000000,0.000000,0.000000,1.096610
45.627482,297.675607,679.205256,0.754589,3.214095,7.543083,0.000000,0.000000,0.000000,1.192966
28439.953259,-14794.978559,15227.792112,316.133512,-164.358490,169.193723,0.000000,0.000000,0.000000,1.000032
-3725.182530,14265.569898,-7317.938654,-41.314143,158.461775,-81.311564,0.000000,0.000000,0.000000,0.824119
-159.133758,-433.633550,717.920454,-1.422150,-4.807647,7.992117,0.000000,0.000000,0.000000,0.885948
-7174.849513,16038.611026,1811.222241,-79.528458,178.236990,20.127820,0.000000,0.000000,0.000000,1.177809
231285.136246,247632.738571,163736.376287,2570.015520,2751.480979,1819.290525,0.000000,0.000000,0.000000,1.032353
-1867445.178889,-2897045.739339,1422107.660414,-20749.155451,-32189.398925,15801.199200,0.000000,0.000000,0.000000,1.026992
2137124.815862,-1711763.776321,-162550.487786,23746.079935,-19019.482260,-1806.111801,0.000000,0.000000,0.000000,0.929951
-7236.430951,423334.106744,378943.146361,-80.223317,4703.749163,4210.474580,0.000000,0.000000,0.000000,0.867581
-17435.690141,17672.246181,-8065.496831,-193.451933,196.410754,-89.618179,0.000000,0.000000,0.000000,1.128076
-2172.544054,-5546.672458,5962.867538,-23.974666,-61.650916,66.249495,0.000000,0.000000,0.000000,0.870115
25312.347874,18967.883019,-28651.234356,281.584093,210.703845,-318.348654,0.000000,0.000000,0.000000,1.103878
-3980.054594,1555.050611,-2571.542866,-44.053320,17.255312,-28.573343,0.000000,0.000000,0.000000,1.171799
48.916636,37.869742,150.083729,0.675238,0.418486,1.739429,0.000000,0.000000,0.000000,0.946411
313.684810,-41.847971,-88.213156,4.414358,-0.370540,-1.299600,0.000000,0.000000,0.000000,1.035227
-566.887671,768.936498,-1886.453881,-6.031945,8.677234,-20.988030,0.000000,0.000000,0.000000,1.125308
-75.597154,60.801167,-23.261003,-0.723759,0.660220,-0.269681,0.000000,0.000000,0.000000,1.059288
-9.774939,21.963084,24.599001,0.125673,0.358445,0.209723,0.000000,0.000000,0.000000,0.870182
-195629.208773,-25472.716668,158863.857322,-2173.490004,-282.925737,1765.149969,0.000000,0.000000,0.000000,1.017779
247808694806.817139,-91196532457.861847,124945640471.561981,2753429942.617560,-1013294805.186872,1388284894.129555,0.000000,0.000000,0.000000,1.127300
-26947667741155.640625,-78430777622219.546875,984957749697856.750000,-299418530457.062317,-871453084691.314087,10943974996643.095703,0.000000,0.000000,0.000000,1.186622
-74788651.912572,127091744.092690,-13248474.253370,-830984.822036,1412130.582630,-147205.271113,0.000000,0.000000,0.000000,1.158315
-2955413.865938,-5604504.529499,-1506296.272070,-32837.698363,-62272.277125,-16736.620747,0.000000,0.000000,0.000000,1.037564
54.628949,1777.059835,-970.045836,0.948240,19.776119,-10.780970,0.000000,0.000000,0.000000,1.186762
-61258163.163999,57955561.104794,-4360557.709556,-680646.037319,643950.689511,-48450.639212,0.000000,0.000000,0.000000,0.818528
-7.094589,-61.258651,77.194360,0.061978,-0.537778,1.122592,0.000000,0.000000,0.000000,1.121757
-4629115527.184500,10535857574.624609,-8219286830.312465,-51721961.025370,117719078.950590,-91835607.048082,0.000000,0.000000,0.000000,1.073467
-83.901597,12.623579,58.462670,-0.724628,0.163850,0.666988,0.000000,0.000000,0.000000,1.014512
-14.528097,-2.371282,121.636739,0.073108,0.002936,1.489658,0.000000,0.000000,0.000000,0.943921
779.999241,2036.752915,-4245.307873,8.859416,22.739721,-47.327524,0.000000,0.000000,0.000000,1.095259
2412880.219697,1000787.127621,-1423528.144348,26809.965403,11119.853364,-15816.980049,0.000000,0.000000,0.000000,1.136821
1750121.654482,-569092.324701,-2427109.819474,19445.976427,-6323.201654,-26967.889152,0.000000,0.000000,0.000000,1.053030
-3779.342997,-7030.517193,5197.834065,-41.752957,-78.037126,57.750538,0.000000,0.000000,0.000000,0.824072
15.844994,1.877365,61.569656,0.430365,-0.307349,0.774710,0.000000,0.000000,0.000000,0.835675
1411952364.815775,-107432680.057445,-2538217520.462564,15688359.833735,-1193696.451932,-28202416.890053,0.000000,0.000000,0.000000,1.056174
383700.539766,-116097.634508,118712.087774,4263.644126,-1289.984836,1319.023816,0.000000,0.000000,0.000000,1.031222
692.472114,-135.376436,947.834959,7.942981,-1.489082,10.526052,0.000000,0.000000,0.000000,0.995006
245594.739452,337003.967957,265843.075114,2728.985407,3744.439513,2953.812027,0.000000,0.000000,0.000000,0.868310
-13106.058786,12661.099745,29748.302907,-145.841622,141.216430,331.646442,0.000000,0.000000,0.000000,0.841950
135030.677721,-134512.785372,7466.025177,1500.623779,-1494.550645,82.957555,0.000000,0.000000,0.000000,1.164382
22105.018040,946.747975,1511.281970,245.906384,10.511342,16.788033,0.000000,0.000000,0.000000,0.904045
316.357764,-933.002518,-710.912946,3.671434,-10.433217,-7.894543,0.000000,0.000000,0.000000,0.855006
100.959052,-6.285974,-16.588221,1.360781,-0.171765,-0.201162,0.000000,0.000000,0.000000,0.966268
0.032865,12.435855,9.216962,0.125869,0.264527,0.084577,0.000000,0.000000,0.000000,1.128423
54.045835,-33.491174,45.074912,1.009631,-0.254019,0.458301,0.000000,0.000000,0.000000,1.066786
-19126.259949,-3245.343053,980.930544,-212.213138,-36.067046,10.895534,0.000000,0.000000,0.000000,0.982279
-116.239656,-4.304017,84.796591,-1.162366,-0.197735,0.981057,0.000000,0.000000,0.000000,0.972173
740381426503.172974,-12240966543.819473,-294734317983.260315,8226460294.709579,-136010739.400926,-3274825755.364722,0.000000,0.000000,0.000000,0.907171
-125729.326956,-695292.032212,-352668.141279,-1396.750413,-7725.552673,-3918.534141,0.000000,0.000000,0.000000,1.157134
421278.848439,-448077.319437,-62642.228008,4681.016647,-4978.689469,-696.027538,0.000000,0.000000,0.000000,0.806333
19.248101,-36.871455,59.303348,0.532433,-0.424297,0.571142,0.000000,0.000000,0.000000,1.141493
15332.363655,-6640.507146,-1608.923418,170.663690,-73.809044,-17.902686,0.000000,0.000000,0.000000,0.876037
-8354.411507,-36729.385574,20503.129981,-92.662184,-408.216051,227.811374,0.000000,0.000000,0.000000,0.995454
-5622632808.639051,-1317692558.937434,9469970079.568455,-62473697.678958,-14641028.484789,105221889.774211,0.000000,0.000000,0.000000,0.856559
388.299270,31563.579253,-44304.975863,4.593376,352.731952,-495.026842,0.000000,0.000000,0.000000,0.845643
12081908.037327,11504885.873914,-75879352.242873,134243.652535,127832.081094,-843103.911887,0.000000,0.000000,0.000000,0.863715
-48.470799,19.290640,68.236399,-0.435561,0.085264,0.800010,0.000000,0.000000,0.000000,1.166219
24.687156,12.448764,135.172273,0.425136,0.114351,1.619510,0.000000,0.000000,0.000000,0.816255
-9595.728073,6612.491945,-2723.650784,-110.276430,76.246696,-31.433951,0.000000,0.000000,0.000000,0.824722
-208.570700,-0.776812,114.240625,-2.132671,-0.104048,1.276914,0.000000,0.000000,0.000000,1.120337
-276.441383,-683.700564,-430.334717,-3.029146,-7.775335,-4.762150,0.000000,0.000000,0.000000,1.105116
1994.925956,874.430943,-1392.739921,22.376126,9.707344,-15.492905,0.000000,0.000000,0.000000,1.170362
76136024.322771,-176383134.879585,-251290875.281237,845956.168932,-1959812.680108,-2792120.834115,0.000000,0.000000,0.000000,1.105545
-19068.827410,11538.203218,-9699.703954,-211.636205,128.124255,-107.772392,0.000000,0.000000,0.000000,0.842723
-71667.937804,11895.944009,30017.390099,-795.955453,132.231994,333.527456,0.000000,0.000000,0.000000,1.182668
3873782.480558,6409215.762067,949944.397863,43042.321544,71213.502811,10554.941429,0.000000,0.000000,0.000000,0.915218
-310.977636,-2789.246940,5762.608596,-3.302714,-31.058843,64.237520,0.000000,0.000000,0.000000,0.824622
21627.269423,31617.728568,47034.769927,240.511760,351.300381,522.603110,0.000000,0.000000,0.000000,1.086065
17.735221,62.215412,4.685366,0.325900,0.851419,0.041776,0.000000,0.000000,0.000000,1.105222
25462.593330,-22552.414497,-3300.701781,283.182898,-250.581878,-36.671883,0.000000,0.000000,0.000000,1.095226
-848666696.653262,740522891.851407,742466144.223601,-9429629.774340,8228032.235783,8249623.826070,0.000000,0.000000,0.000000,0.875471
-157365826.108946,175466411.594823,-27888034.397591,-1748508.947027,1949626.799855,-309867.045163,0.000000,0.000000,0.000000,0.801765
-51.753300,50.503615,53.080480,-0.323798,0.723691,0.628506,0.000000,0.000000,0.000000,1.052456
732.034522,931.998711,-2.558713,8.286130,10.394373,-0.027784,0.000000,0.000000,0.000000,1.141113
418.069187,-1798.527724,-1109.924806,4.868943,-19.959970,-12.332085,0.000000,0.000000,0.000000,1.065021
13333.229175,17247.567973,3903.340703,148.366618,191.644665,43.368223,0.000000,0.000000,0.000000,0.945873
-39.529299,-1240.049126,295.958897,-0.385394,-14.146852,3.364140,0.000000,0.000000,0.000000,0.991486
239455.338009,254079.640593,22966.525366,2714.993375,2880.686724,260.380113,0.000000,0.000000,0.000000,0.958720
-129191.657906,73183.285457,-31012.071048,-1435.204894,813.163474,-344.574088,0.000000,0.000000,0.000000,1.155730
1243.733523,4328.407894,-102.762874,14.039645,48.015667,-1.145169,0.000000,0.000000,0.000000,1.181506
5157900.348524,36732980.117171,6274427.199763,57310.204659,408144.192028,69715.858135,0.000000,0.000000,0.000000,0.864553
53168107741944.007812,-46207616567496.164062,-73069114834373.421875,590756752688.542358,-513417961861.097961,-811879053715.268066,0.000000,0.000000,0.000000,1.198089
27.565238,-10.375123,41.857608,0.714671,-0.182180,0.858188,0.000000,0.000000,0.000000,1.140690
28.533369,-10.909805,41.757102,0.531194,0.151256,0.001494,0.000000,0.000000,0.000000,0.919415
-3697.161115,-1551.428918,2597.076338,-41.464742,-17.399707,29.172100,0.000000,0.000000,0.000000,0.886350
-80402.655314,102149.750394,-123778.468156,-893.117992,1135.116609,-1375.311386,0.000000,0.000000,0.000000,1.120723
-161963224.179398,164279998.222864,47778989.888478,-1799591.156091,1825333.344173,530877.667997,0.000000,0.000000,0.000000,0.822960
495591.717779,-1120932.146025,240739.778400,5506.711468,-12454.754875,2674.887496,0.000000,0.000000,0.000000,1.093680
-4781.994960,3570.556573,-3107.488994,-52.927491,39.579390,-34.523205,0.000000,0.000000,0.000000,0.899880
72923.514235,489814.629323,373153.102959,814.142439,5466.766231,4164.650158,0.000000,0.000000,0.000000,0.907983
-182.393508,-39.870856,117.410487,-1.718202,-0.541397,1.323120,0.000000,0.000000,0.000000,0.871534
5784802.652325,-12724603.416311,3018081.645677,64275.794536,-141384.499005,33534.235430,0.000000,0.000000,0.000000,0.990089
-343564509.671569,112023242.610839,-184435710.139834,-3817383.214786,1244702.709422,-2049285.668280,0.000000,0.000000,0.000000,0.961192
-28951.108081,-23831.643776,-37166.633709,-321.541289,-264.899892,-412.962891,0.000000,0.000000,0.000000,1.034270
379.823679,-412.935706,483.878835,4.372047,-4.449082,5.377573,0.000000,0.000000,0.000000,0.875531
136.491346,-35.589493,-0.458220,1.608866,-0.426410,-0.023535,0.000000,0.000000,0.000000,0.844017
-1774.235288,-1462.083700,3346.609621,-19.366135,-16.303048,37.183543,0.000000,0.000000,0.000000,1.053551
287.216908,-412.188853,437.570241,3.425466,-4.707261,4.860543,0.000000,0.000000,0.000000,1.142860
1261.960968,-2518.244992,-1756.876025,14.327478,-27.938751,-19.522851,0.000000,0.000000,0.000000,1.051468
2404099.518753,13714743.844675,16004980.878403,26712.451510,152386.028618,177833.120969,0.000000,0.000000,0.000000,1.093388
-200671.195856,-902368.372688,54698.478609,-2229.450499,-10026.286174,607.764817,0.000000,0.000000,0.000000,1.093652
178.912433,4080.620814,2705.465054,2.187372,45.329917,30.055317,0.000000,0.000000,0.000000,0.999280
527.400916,86.774837,221.586441,6.129878,0.808686,2.456355,0.000000,0.000000,0.000000,1.139585
-324749.577620,-69534.665222,-184442.816775,-3608.164775,-772.627232,-2049.361095,0.000000,0.000000,0.000000,0.980556
-9707.612806,28966.180547,11663.836499,-107.560223,321.967532,129.594317,0.000000,0.000000,0.000000,1.084633
-63.044771,-466.340453,-558.983253,-0.590937,-5.184270,-6.215556,0.000000,0.000000,0.000000,1.008290
-71617.257459,-529944.776126,-295820.676778,-795.515882,-5888.388429,-3286.898934,0.000000,0.000000,0.000000,0.913202
1952.094022,-1909.190419,334.071515,21.980939,-21.165089,3.706991,0.000000,0.000000,0.000000,1.090817
1341.458430,5534.768667,2030.421598,15.071214,61.577363,22.560234,0.000000,0.000000,0.000000,0.966068
899347.696999,-1941475.694233,-269044.941485,9992.981068,-21571.924091,-2989.391129,0.000000,0.000000,0.000000,0.824455
1035223.051355,-308203.031178,192670.476026,11502.638929,-3424.573679,2140.784969,0.000000,0.000000,0.000000,0.996795
-1096.011936,2640.788830,-5250.257441,-11.975446,29.386173,-58.331274,0.000000,0.000000,0.000000,1.192100
-7177.710101,4215.693354,-5256.460752,-79.678520,46.896927,-58.465462,0.000000,0.000000,0.000000,1.024388
-9849412.346314,10219284.582915,-20740485.424958,-109437.691568,113547.615651,-230449.836352,0.000000,0.000000,0.000000,1.084571
-20421.458797,-5038.159145,439.848577,-227.997583,-56.496195,4.761266,0.000000,0.000000,0.000000,0.924416
-64555.657019,24432.089896,102931.561237,-717.053741,271.480735,1143.678765,0.000000,0.000000,0.000000,0.928617
10979.873233,-4695.525518,8642.845781,122.252088,-52.082216,96.027020,0.000000,0.000000,0.000000,0.808000
-27791.364452,12605.518290,-987.017511,-309.216241,140.320849,-10.990713,0.000000,0.000000,0.000000,0.956997
3703127.701530,-34485306.182369,-15488310.884811,41146.093197,-383170.059461,-172092.338501,0.000000,0.000000,0.000000,0.876427
6575.742962,509.201920,4276.715495,73.359090,5.783301,47.513748,0.000000,0.000000,0.000000,1.094605
-69.052936,55.999292,75.917071,-0.606103,0.506804,0.869955,0.000000,0.000000,0.000000,0.829318
1131833421.776902,116467476.659301,224084132.815915,12575927.094898,1294083.014801,2489823.694850,0.000000,0.000000,0.000000,1.063083
21870129.058956,35024220.788493,5876414.126997,243001.660718,389158.132575,65293.492602,0.000000,0.000000,0.000000,0.959562
68933.615190,27831.152079,3679.151209,766.078699,309.090786,40.884572,0.000000,0.000000,0.000000,0.846626
318277866.041723,145725708.170537,2555828.907097,3536420.966928,1619174.528525,28398.093421,0.000000,0.000000,0.000000,0.884445
603592.165925,-8970178.178880,-2171152.800265,6706.809290,-99668.627216,-24123.917290,0.000000,0.000000,0.000000,1.077336
-24996.138396,3356.006331,-9121.064929,-277.638754,37.323121,-101.341167,0.000000,0.000000,0.000000,1.143288
-3795885.282490,8136008.906715,-7910240.054861,-42176.334814,90400.092935,-87891.551226,0.000000,0.000000,0.000000,1.163000
-3487705904.204349,-420248046.599417,906704789.596994,-38752287.627640,-4669422.791898,10074497.662885,0.000000,0.000000,0.000000,1.036448
-86.574537,-24.687354,160.338784,-0.771446,-0.376666,1.941594,0.000000,0.000000,0.000000,1.093057
28.648240,339.172809,224.875158,0.567437,3.606506,2.497007,0.000000,0.000000,0.000000,0.957869
1676441196914.413574,2954912409023.351562,1062324285123.413452,18627124410.383301,32832360100.392315,11803603168.040512,0.000000,0.000000,0.000000,1.016228
18236207.701660,7794081.697307,36088323.071699,202624.749658,86600.920189,400981.367048,0.000000,0.000000,0.000000,1.159158
-425543.807653,-526522.192431,105701.660316,-4728.085156,-5850.285888,1174.459539,0.000000,0.000000,0.000000,0.914799
-3824179.124577,923948.245996,1470769.262490,-42490.657918,10266.079594,16341.884036,0.000000,0.000000,0.000000,0.946914
2804.292453,1961.083719,-2212.999235,31.410886,21.700355,-24.617431,0.000000,0.000000,0.000000,1.151416
22.355942,-2137.526791,1093.105588,0.588970,-23.711680,12.140677,0.000000,0.000000,0.000000,1.075848
-2185142970.703341,371440426.668814,-819236135.171355,-24279366.122111,4127115.866920,-9102623.722665,0.000000,0.000000,0.000000,1.096484
-41860898.188489,40181923.172900,1380165.992734,-465120.801572,446465.839289,15335.182822,0.000000,0.000000,0.000000,0.876089
30.139619,197.188699,428.151279,0.467344,2.435198,5.049377,0.000000,0.000000,0.000000,0.852677
-6861.241152,39432.789944,1943.876007,-76.034420,438.137263,21.596020,0.000000,0.000000,0.000000,1.074863
-503.561105,-214.573004,-787.465763,-5.340302,-2.478446,-8.750533,0.000000,0.000000,0.000000,0.932659
-8489.351972,12397.035863,-15181.821887,-94.243272,137.945005,-168.864357,0.000000,0.000000,0.000000,0.968753
-47.660412,-76.329675,-60.558269,-0.508128,-1.105360,-0.871186,0.000000,0.000000,0.000000,0.955005
2718730997.116574,9837738400.077045,-5559188036.999684,30208122.399417,109308204.445826,-61768755.970517,0.000000,0.000000,0.000000,1.158609
-230187634.521096,-127449117.695941,-237471560.746229,-2557640.156321,-1416101.296277,-2638572.897677,0.000000,0.000000,0.000000,0.918582
-6235667.581792,864855.427072,3853332.210174,-69516.573952,9641.643561,42957.987264,0.000000,0.000000,0.000000,1.040780
138570.229040,28327.513836,105779.968633,1539.841063,314.821729,1175.332598,0.000000,0.000000,0.000000,0.927107
481364.279269,-83081.412282,204142.041440,5348.669889,-923.132897,2268.247077,0.000000,0.000000,0.000000,1.128084
27.704087,30.563245,-14.465688,0.517608,0.314083,-0.227941,0.000000,0.000000,0.000000,0.946045
142915.605938,19793.744994,-59060.745521,1588.184975,219.875613,-656.231154,0.000000,0.000000,0.000000,1.127063
-225.216896,18.366102,486.862091,-2.296033,0.276358,5.404648,0.000000,0.000000,0.000000,0.884658
25192924.501085,-14071081.341922,-9217785.242276,279921.614543,-156345.366331,-102419.832433,0.000000,0.000000,0.000000,1.087730
-550223574.151826,-2522366117.785675,-867728941.919873,-6113595.014174,-28026290.186188,-9641432.688319,0.000000,0.000000,0.000000,0.954176
2369266.988194,-37243795.184055,-14076783.066988,26325.416122,-413819.941371,-156408.700650,0.000000,0.000000,0.000000,1.047518
-129466655687.467117,-41622391809.843742,-150921208722.979279,-1438518396.278161,-462471020.064692,-1676902319.146167,0.000000,0.000000,0.000000,1.052604
35742.825644,30612.826305,47015.537566,397.277314,340.036201,522.390783,0.000000,0.000000,0.000000,0.834774
-3036336.796025,33424019.670265,14454699.973765,-33736.847891,371377.998637,160607.776363,0.000000,0.000000,0.000000,1.193051
43105.749885,-143557.415031,-304556.953702,479.218071,-1595.145100,-3383.962975,0.000000,0.000000,0.000000,0.850615
-36.816546,1.802179,29.840219,-0.348389,0.064402,0.222210,0.000000,0.000000,0.000000,0.985159
-75.312925,19.827448,48.459131,-0.645992,0.093378,0.592633,0.000000,0.000000,0.000000,0.970887
-24296950.418326,7858766.713220,9463705.196570,-269965.957621,87319.715439,105152.283419,0.000000,0.000000,0.000000,0.913613
1560.097863,-2509.819884,-1314.612713,17.465337,-27.892573,-14.605834,0.000000,0.000000,0.000000,0.851217
17258.884580,5612.340483,-15499.713033,197.225440,64.202804,-176.872977,0.000000,0.000000,0.000000,1.013071
71982139.438691,-67441267.410331,-103876367.101129,799801.782055,-749347.423486,-1154181.851286,0.000000,0.000000,0.000000,1.028262
4497498279.541095,-10236297494.219641,7985592467.702435,50251377.596639,-114372039.135637,89224496.839248,0.000000,0.000000,0.000000,1.104882
5843.915224,-33467.037665,-13536.289082,65.142446,-371.765629,-150.398962,0.000000,0.000000,0.000000,1.173870
-2663385.541418,-7738221.936031,388007.159844,-29593.003251,-85980.246362,4311.195361,0.000000,0.000000,0.000000,0.886806
-673051.259756,1461094.682080,212247.659456,-7478.116775,16234.409806,2358.303929,0.000000,0.000000,0.000000,1.093609
150.193621,540.264758,602.951728,1.794645,5.994553,6.709772,0.000000,0.000000,0.000000,0.962762
614.637319,49.505884,-490.018816,7.121725,0.557932,-5.441167,0.000000,0.000000,0.000000,0.894744
-413804.050711,73226.234895,-17308.100132,-4597.515545,813.550118,-192.312778,0.000000,0.000000,0.000000,1.125705
-16862.982894,-16695.686493,540.893891,-187.081449,-185.516425,6.012105,0.000000,0.000000,0.000000,0.809324
42430149.131058,-32344610.629206,-98735567.445607,473023.088088,-360586.586890,-1100730.953338,0.000000,0.000000,0.000000,1.127365
100.846066,-44.477122,9.113961,1.359569,-0.432117,0.199625,0.000000,0.000000,0.000000,1.136320
2909.658090,-1084.170188,68.741924,32.473452,-12.154422,0.766512,0.000000,0.000000,0.000000,0.819373
-976360.143469,713708.129503,1562248.145287,-10848.226742,7930.079301,17358.312235,0.000000,0.000000,0.000000,1.126828
-7244563609.932283,143035175019.387238,193735736253.077545,-80495151.033747,1589279722.516776,2152619291.699958,0.000000,0.000000,0.000000,0.889062
856.904721,-11886.018857,-7045.828931,9.807927,-132.069710,-78.287687,0.000000,0.000000,0.000000,1.027043
170650.086462,-333785.900590,-436216.892788,1896.316431,-3708.743948,-4846.849151,0.000000,0.000000,0.000000,1.160073
20994275.480521,-6790479.307312,-8177192.954443,233269.882820,-75449.683858,-90857.694915,0.000000,0.000000,0.000000,1.057339
26089.532242,-20605.035121,-2290.366282,290.788599,-229.504792,-25.504813,0.000000,0.000000,0.000000,0.803405
20733.428640,-3206.152377,11303.823347,230.585734,-35.669339,125.592682,0.000000,0.000000,0.000000,0.851926
-642.958076,-131.919279,-528.204992,-6.891265,-1.494247,-5.863514,0.000000,0.000000,0.000000,1.016284
-647.613937,432.168225,430.165999,-6.918517,4.699138,4.774301,0.000000,0.000000,0.000000,0.811855
-12432724.798577,112850673.771426,-40871061.404105,-138141.151511,1253896.346164,-454122.903146,0.000000,0.000000,0.000000,0.810598
-1168470.602773,-273109.942318,727957.516749,-12982.676030,-3034.548957,8088.417295,0.000000,0.000000,0.000000,0.961358
-22.494558,-31.464522,56.385699,-0.196950,-0.226459,0.655979,0.000000,0.000000,0.000000,0.986693
5069.934017,-19270.500845,8123.647510,59.921846,-226.835100,95.542036,0.000000,0.000000,0.000000,0.825082
-271749.016545,-444593.918507,-1705714.712673,-3019.195687,-4939.856365,-18952.381621,0.000000,0.000000,0.000000,0.868226
-78.531250,-17.837844,2.862950,-0.627653,-0.222238,-0.054380,0.000000,0.000000,0.000000,1.153287
1326.794224,2290.099568,-638.282952,14.961091,25.407213,-7.088173,0.000000,0.000000,0.000000,0.870447
2983.215582,3334.789816,4318.659549,33.240332,36.984162,47.983961,0.000000,0.000000,0.000000,0.987682
1807.872882,-2157.511063,-2038.784759,20.390609,-23.947695,-22.653307,0.000000,0.000000,0.000000,0.878281
2599.649375,-643.762301,677.815828,29.135949,-7.281212,7.530699,0.000000,0.000000,0.000000,1.176964
-553222.555738,438779.957852,-1788410.900418,-6146.663417,4875.350904,-19871.227811,0.000000,0.000000,0.000000,0.985321
4523.015399,5754.957233,-51907.551013,50.458845,64.054929,-576.745830,0.000000,0.000000,0.000000,0.864344
-159677.512094,98036.043569,159574.354987,-1773.955005,1089.216979,1773.047260,0.000000,0.000000,0.000000,0.892454
219434.688812,413596.532336,1202891.403646,2493.639021,4700.162869,13669.222212,0.000000,0.000000,0.000000,1.115895
-294784393.738075,-134915235.182056,-2336744.551204,-3275381.917136,-1499058.174303,-25963.833875,0.000000,0.000000,0.000000,0.955103
-79.933258,694.782230,911.745855,-0.560109,7.707440,10.151805,0.000000,0.000000,0.000000,0.913098
-178.451436,424.018451,-111.948048,-2.022048,5.123000,-1.373940,0.000000,0.000000,0.000000,0.890366
-49.855557,93.067381,111.929495,-0.469845,1.091290,1.376811,0.000000,0.000000,0.000000,0.980274
-120072.603680,-76898.352111,-72952.363854,-1333.965913,-854.377498,-810.577040,0.000000,0.000000,0.000000,1.109128
46.011517,97.358959,-308.081331,0.651572,1.039925,-3.417796,0.000000,0.000000,0.000000,1.108792
1125.251240,33.979538,1360.216367,12.730342,0.430711,15.111429,0.000000,0.000000,0.000000,1.171583
-19212.991758,19396.493174,-16233.491852,-213.213436,215.478802,-180.372633,0.000000,0.000000,0.000000,1.020912
-2419.515301,-2384.038529,1671.621719,-26.722443,-26.536105,18.589550,0.000000,0.000000,0.000000,1.076698
-186417.662128,-296101.838361,367826.097122,-2071.171508,-3290.028897,4086.951637,0.000000,0.000000,0.000000,1.124017
3903249.242860,436776.657681,5289344.243598,43369.553147,4853.135150,58770.493875,0.000000,0.000000,0.000000,1.142295
1772.359028,1255.244294,-444.057005,19.925164,14.018417,-4.932232,0.000000,0.000000,0.000000,0.864710
8463525.081453,-9138897.352679,2787644.324338,94039.364201,-101543.265694,30973.825649,0.000000,0.000000,0.000000,1.100182
-122.421066,-15.234501,-13.305980,-1.392369,-0.091999,-0.002083,0.000000,0.000000,0.000000,0.897377
-37.439865,47.078893,-15.643490,-0.157674,0.498012,-0.207759,0.000000,0.000000,0.000000,1.039522
600819.195911,397781.042126,-66460.778981,6676.018892,4419.791156,-738.453806,0.000000,0.000000,0.000000,1.185663
-13.390001,18.246589,58.849343,0.247696,0.195672,0.698806,0.000000,0.000000,0.000000,0.833635
-1074523593.580530,372820257.759212,560610818.210893,-11939150.824197,4142447.312102,6229009.095754,0.000000,0.000000,0.000000,1.155855
16849.845564,-6783.329445,4564.384548,187.431447,-75.336592,50.713132,0.000000,0.000000,0.000000,1.125171
-1836.258979,606.534945,573.895919,-20.902537,6.782916,6.436966,0.000000,0.000000,0.000000,0.805200
13.169881,-396.163506,-242.830986,-0.081864,-4.531514,-2.692407,0.000000,0.000000,0.000000,1.010085
-1779.413931,4855.846912,-3028.487776,-20.125577,54.165727,-33.760262,0.000000,0.000000,0.000000,1.094638
-737.933537,-654.525091,244.615972,-8.372038,-7.379677,2.729773,0.000000,0.000000,0.000000,1.078279
3085938029.793161,786169237.372480,11434767404.260269,34288200.114468,8735213.754954,127052971.160069,0.000000,0.000000,0.000000,1.152899
-3684.230719,-7589.530537,-526.652778,-41.120378,-84.216834,-5.855811,0.000000,0.000000,0.000000,1.085728
-3303.367263,-745.822927,586.237356,-36.804117,-8.256789,6.511022,0.000000,0.000000,0.000000,0.848772
-3.637490,72.020278,-78.224254,-0.329998,0.785881,-0.895890,0.000000,0.000000,0.000000,0.980531
-468.864295,-775.899773,607.736018,-5.330423,-8.656348,6.749684,0.000000,0.000000,0.000000,1.000139
-9967930.839606,2356695.652871,-26737487.935113,-110755.031668,26185.509167,-297083.195816,0.000000,0.000000,0.000000,1.010837
18926920.316514,26552629.574555,-22620459.527233,210298.923957,295029.178107,-251338.441747,0.000000,0.000000,0.000000,0.954164
-21568.862986,9369.914007,19423.458902,-239.951664,104.103487,215.812462,0.000000,0.000000,0.000000,1.044827
56.587559,-233.551989,102.386715,0.545901,-2.556430,1.132836,0.000000,0.000000,0.000000,0.940580
-248984573.739598,-417140615.576867,10810404.491713,-2766495.475657,-4634895.720654,120115.608429,0.000000,0.000000,0.000000,0.898207
1171.378566,1947.180037,-826.360614,12.981422,21.839578,-9.234246,0.000000,0.000000,0.000000,0.966543
-402590.817213,32559.020135,261569.809324,-4473.438153,361.842448,2906.332160,0.000000,0.000000,0.000000,1.179068
4.691839,117.434249,-40.062811,-0.215292,1.284285,-0.438836,0.000000,0.000000,0.000000,1.143497
-14.562374,18.820318,0.782963,-0.549343,0.164755,0.001212,0.000000,0.000000,0.000000,1.020994
220.710794,-230.064753,-269.861381,2.323839,-2.502417,-3.035816,0.000000,0.000000,0.000000,1.156391
-23.039247,-1408.464842,-2202.306398,-0.348199,-15.696735,-24.465473,0.000000,0.000000,0.000000,0.965299
22922.704092,-9144.154986,1739.032195,254.395553,-101.499693,19.326692,0.000000,0.000000,0.000000,1.030297
65487.888299,-116456.655265,-55727.776029,727.406989,-1293.899735,-619.199180,0.000000,0.000000,0.000000,1.162622
-277.587835,107.518202,170.893601,-3.430084,1.176279,1.887425,0.000000,0.000000,0.000000,0.963892
54284.943865,91822.475082,7959.897770,602.859634,1020.169077,88.443465,0.000000,0.000000,0.000000,0.803676
-115793.429201,-68438.188951,-23627.256347,-1286.833231,-760.471407,-262.521295,0.000000,0.000000,0.000000,0.978531
-101.010212,125.810046,108.578892,-1.409351,1.345290,1.270788,0.000000,0.000000,0.000000,1.185931
-715.797809,-791.057879,-229.921866,-8.135977,-8.896473,-2.581869,0.000000,0.000000,0.000000,0.975066
-339353.512545,141752.075775,261897.276593,-3779.322855,1578.444210,2916.448997,0.000000,0.000000,0.000000,1.173821
62.056422,40.091912,-100.852033,0.510943,0.513721,-1.132067,0.000000,0.000000,0.000000,0.806426
35.611860,498.135154,65.579283,0.183921,5.626165,0.770807,0.000000,0.000000,0.000000,0.906176
846588.414937,544836.957972,-27230.409053,9406.389776,6053.716840,-302.564245,0.000000,0.000000,0.000000,1.158930
925.731204,-294.961190,233.489941,10.106530,-3.388213,2.604452,0.000000,0.000000,0.000000,1.161871
-4108.650260,-4699.658498,-1368.583100,-45.851367,-52.123705,-15.202122,0.000000,0.000000,0.000000,0.996467
-1696568.738297,941877.533377,-522026.977933,-18851.100831,10465.277888,-5800.303433,0.000000,0.000000,0.000000,1.113007
-1448545302603.162354,2329930431638.229980,2173930509402.359863,-16094947806.897778,25888115906.960232,24154783437.801323,0.000000,0.000000,0.000000,1.103689
-4376.501193,3668.982218,-1573.641003,-48.859270,40.908734,-17.486475,0.000000,0.000000,0.000000,1.034387
-310351.562236,-594958.371503,114836.796891,-3448.583616,-6610.638508,1275.967361,0.000000,0.000000,0.000000,0.951720
181801.576155,11371.399470,249914.000185,2019.855931,126.408537,2776.816951,0.000000,0.000000,0.000000,0.850262
5614.408459,3521.939420,-937.209220,62.040655,39.071228,-10.414191,0.000000,0.000000,0.000000,1.178905
3616.926436,351.742657,1843.920533,40.016878,3.844840,20.487506,0.000000,0.000000,0.000000,1.132187
43454.980524,230652.710799,-127949.478993,482.616848,2562.809828,-1421.655527,0.000000,0.000000,0.000000,0.821755
-270202.828373,-111640.556427,194437.877506,-3002.493296,-1240.423067,2160.423040,0.000000,0.000000,0.000000,0.979187
68.941390,29.473986,-60.170133,0.356395,0.453251,-0.873704,0.000000,0.000000,0.000000,0.852776
551.236697,-190.443180,868.249253,5.917553,-2.170939,9.646420,0.000000,0.000000,0.000000,1.154541
662.773662,394.135302,4345.713305,7.162720,4.395077,48.283885,0.000000,0.000000,0.000000,1.067602
186.285815,-0.127186,-1903.971595,1.788120,-0.094059,-21.149810,0.000000,0.000000,0.000000,1.154992
-9793.638726,9163.913148,3571.708811,-109.161948,101.767672,39.684667,0.000000,0.000000,0.000000,1.042995
-18786679.065954,-6455716.833391,-4294512.409718,-208741.055191,-71730.343791,-47716.806188,0.000000,0.000000,0.000000,1.020038
37.197336,35.955387,-41.375237,0.235988,0.513075,-0.477335,0.000000,0.000000,0.000000,1.137709
950.148100,-3497.972262,2994.588816,10.303033,-38.960036,33.382524,0.000000,0.000000,0.000000,1.042319
-85.688702,-406.879128,1023.210281,-1.061210,-4.586473,11.365862,0.000000,0.000000,0.000000,1.125389
-11207288.352068,-7628437.206856,-637856.863105,-124525.484669,-84760.442591,-7087.294235,0.000000,0.000000,0.000000,0.894271
9637.304115,1286.963828,-1498.331618,107.101866,14.221852,-16.677975,0.000000,0.000000,0.000000,1.128531
588971.556153,11508230.299466,-5329256.396026,6543.862986,127869.360011,-59213.956733,0.000000,0.000000,0.000000,0.968596
429.885722,8164.088072,2245.704519,4.487002,90.782717,24.947010,0.000000,0.000000,0.000000,0.924299
407254687.992960,178121175.435927,172379189.308063,4525051.836804,1979124.275643,1915324.330191,0.000000,0.000000,0.000000,1.078567
-1142801.439852,1416730.669685,3079099.988086,-12697.897781,15741.378912,34212.218312,0.000000,0.000000,0.000000,0.911689
700.984303,31839.529790,-4849.034213,7.627544,353.826712,-53.882450,0.000000,0.000000,0.000000,1.111671
-251866.107787,176724.146008,58803.211132,-2798.735203,1963.595855,653.369745,0.000000,0.000000,0.000000,1.044103
-44.795450,-106.929474,-368.444393,-0.777481,-1.308906,-4.149912,0.000000,0.000000,0.000000,0.835333
-69.428016,33.602926,137.040786,-1.201788,0.386895,1.629237,0.000000,0.000000,0.000000,0.826927
1281.131132,-1927.994866,729.276392,13.909689,-21.327963,8.098478,0.000000,0.000000,0.000000,0.975929
-1848.302873,2816.403987,3498.237841,-20.697500,31.339401,38.867114,0.000000,0.000000,0.000000,0.855713
-1207.359234,2575.898503,-788.608392,-13.738259,28.601881,-8.757470,0.000000,0.000000,0.000000,0.998780
154.780809,60.926177,-77.964025,1.525841,0.551309,-0.891222,0.000000,0.000000,0.000000,0.849696
-24497301.726805,17129305.144967,-1270185.171377,-272798.653751,190749.510825,-14144.581505,0.000000,0.000000,0.000000,1.170608
-1424.561530,-13238.754066,8113.035371,-15.976320,-147.251091,90.245781,0.000000,0.000000,0.000000,0.841411
4361.592721,-30361.972944,-25660.451239,48.078673,-337.345936,-285.117698,0.000000,0.000000,0.000000,0.817673
-42068517.664338,59809837.465499,-118694592.320388,-467428.158877,664553.684518,-1318828.798473,0.000000,0.000000,0.000000,0.877842
-91565.093763,169617.409762,-446977.533844,-1017.572556,1884.608214,-4966.414166,0.000000,0.000000,0.000000,1.130582
3050005.425249,-206071.416614,2455675.503071,33888.799281,-2289.815798,27285.280266,0.000000,0.000000,0.000000,0.804761
58.440042,-22.379870,-33.827138,0.497094,-0.346766,-0.184907,0.000000,0.000000,0.000000,0.971646
13440.240096,9970.263291,-6262.667883,149.162138,110.848823,-69.585731,0.000000,0.000000,0.000000,1.175206
1850731.267867,-2540099.051276,-1012234.913889,20563.426841,-28223.423211,-11247.052779,0.000000,0.000000,0.000000,0.895610
230019.955850,204964.599320,84934.586443,2555.530799,2277.407594,943.721107,0.000000,0.000000,0.000000,1.124766
-415799.683416,-187862.933727,-12867.261218,-4620.147644,-2087.377706,-142.967776,0.000000,0.000000,0.000000,0.917030
-292526.518281,2444284.679552,-2228315.735199,-3250.486222,27158.740816,-24759.058774,0.000000,0.000000,0.000000,1.110419
115726.230574,-796707.491890,-58071.109954,1285.678847,-8852.167763,-645.237536,0.000000,0.000000,0.000000,1.182938
145.762237,2571.255512,3071.222620,1.351598,28.537350,34.120265,0.000000,0.000000,0.000000,0.870615
16984813.506428,20319408.222137,3107647.507938,188719.915474,225771.199072,34529.413186,0.000000,0.000000,0.000000,1.124942
-126697959.032576,-84244015.528136,-90860271.735979,-1407755.326409,-936044.612770,-1009558.577031,0.000000,0.000000,0.000000,1.097224
18.825709,46.087081,252.107308,-0.001461,0.502663,3.089326,0.000000,0.000000,0.000000,0.936291
107.363584,785.236811,2315.437107,0.964202,8.843859,25.844657,0.000000,0.000000,0.000000,0.816094
8649.746193,931.411741,-10429.460841,95.953902,10.382507,-115.881538,0.000000,0.000000,0.000000,1.110992
14213.349957,2351.334818,23662.571820,157.682327,26.191241,262.916290,0.000000,0.000000,0.000000,0.993451
31.735312,-2256.952014,1432.353145,0.139127,-24.955097,15.916769,0.000000,0.000000,0.000000,1.003036
-2654245.996402,3503895.998689,-720419.885761,-29491.738205,38932.192617,-8004.660019,0.000000,0.000000,0.000000,1.101751
17820849.584154,16744460.463132,1129536.096510,198009.197477,186049.551792,12550.406315,0.000000,0.000000,0.000000,0.997930
-118577.275965,-111486.758734,8379.731742,-1317.760817,-1238.727693,93.103616,0.000000,0.000000,0.000000,0.882918
281184.033401,-172557.668485,-258627.932425,3124.029341,-1917.316887,-2873.643478,0.000000,0.000000,0.000000,1.040275
3646.537561,6500.297299,2167.227609,40.193036,72.163894,24.077565,0.000000,0.000000,0.000000,0.822449
-160.849486,-31.770889,-79.213859,-2.136878,-0.530013,-0.868764,0.000000,0.000000,0.000000,1.015110
346801.322049,12510440.222831,24516730.189780,3853.130079,139004.860830,272408.114143,0.000000,0.000000,0.000000,0.835719
65.617785,46.883881,-80.343218,0.410913,0.592801,-0.928187,0.000000,0.000000,0.000000,0.874795
-31942490.494691,36914347.412143,-5495481.345215,-354916.778444,410159.430220,-61060.899105,0.000000,0.000000,0.000000,0.843767
68.616315,28.667316,-60.220841,0.747790,0.055534,-0.581444,0.000000,0.000000,0.000000,1.158408
-148.547542,353.910245,279.182254,-1.994546,3.869937,3.141345,0.000000,0.000000,0.000000,0.820242
59216126.105969,-71356777.918676,-2493588.153952,657956.660866,-792852.988069,-27706.530516,0.000000,0.000000,0.000000,1.047587
733.647024,400.510257,49.827054,8.041227,4.396088,0.557537,0.000000,0.000000,0.000000,1.193608
-16371.128007,-11007.783603,-5560.588402,-182.155356,-122.243041,-61.780750,0.000000,0.000000,0.000000,0.839774
-1238805.751204,-192266145.456203,-204591727.800206,-13764.645197,-2136290.463218,-2273241.418740,0.000000,0.000000,0.000000,0.802157
18.693762,-32.888337,46.694367,0.023730,-0.316981,0.609421,0.000000,0.000000,0.000000,0.810005
3508.310172,-2729.965702,5598.947494,39.042808,-30.564673,62.678394,0.000000,0.000000,0.000000,1.156415
-21371597.818794,27585912.754649,86244211.449886,-237462.579726,306510.126280,958269.013078,0.000000,0.000000,0.000000,1.178320
-74445706105.399612,-108260613010.265381,37878983457.210266,-827174512.512131,-1202895700.112348,420877593.973133,0.000000,0.000000,0.000000,0.849203
121.132591,-21.873631,29.583232,1.082043,-0.164025,0.331075,0.000000,0.000000,0.000000,0.811737
-32450.116919,12441.614931,-11509.925844,-360.747637,138.226557,-127.891140,0.000000,0.000000,0.000000,1.007577
2280.292553,234603.227318,-138267.559590,25.081966,2606.664319,-1536.301667,0.000000,0.000000,0.000000,0.907589
15182.976157,-24577.277237,-286265.868377,168.508348,-272.986988,-3180.731147,0.000000,0.000000,0.000000,1.118950
7.291007,-37.734578,-23.581976,0.033266,-0.432983,-0.229336,0.000000,0.000000,0.000000,1.058072
-4060.151692,-8623.056182,-1059.092359,-45.345529,-95.688622,-11.767760,0.000000,0.000000,0.000000,0.979610
16145.783008,-4893.714072,-253707.697325,179.094905,-54.417165,-2818.971863,0.000000,0.000000,0.000000,1.015808
-3758.533729,-7756.844582,1953.112503,-41.955002,-86.312124,21.697174,0.000000,0.000000,0.000000,1.172563
-210527.349125,-97536.117723,238100.177850,-2339.359243,-1083.847034,2645.555774,0.000000,0.000000,0.000000,0.963067
92455.390431,15563.735898,20830.125946,1027.071769,172.919026,231.446462,0.000000,0.000000,0.000000,0.931933
-287.188967,-65.874548,1064.702850,-3.382078,-0.721553,11.833794,0.000000,0.000000,0.000000,0.810177
-90832.436673,467705.801638,-267729.623377,-1009.459806,5196.788185,-2974.775526,0.000000,0.000000,0.000000,1.048074
221.050827,27161.500226,8433.609017,2.263091,301.929336,93.707954,0.000000,0.000000,0.000000,1.088974
-47249080.686212,-49942868.495218,-107586576.755911,-524989.993011,-554920.782492,-1195406.403687,0.000000,0.000000,0.000000,1.149844
-72.095334,-469.250215,-231.333354,-1.053613,-5.276995,-2.574884,0.000000,0.000000,0.000000,1.190474
-407.736304,399.993646,7252.403259,-4.760572,4.468683,80.576857,0.000000,0.000000,0.000000,0.941091
4813.572718,-1447.047854,3768.011572,53.195558,-16.065058,41.863056,0.000000,0.000000,0.000000,1.111548
-12168973447558.966797,-11458168613691.226562,7625639485050.894531,-135210816084.300140,-127312984596.623734,84729327611.681351,0.000000,0.000000,0.000000,0.909709
5388625514.511346,-4609063506.017625,275555660.625478,59873616.576093,-51211816.723662,3061729.565287,0.000000,0.000000,0.000000,0.810550
-207.370826,-240.123710,196.151927,-2.542696,-2.710385,2.187062,0.000000,0.000000,0.000000,1.023740
3202.593663,-13143.361354,7081.550502,35.336971,-146.133716,78.683695,0.000000,0.000000,0.000000,0.920904
-1087.857379,-38759.573285,13050.131000,-12.304269,-430.630846,145.000560,0.000000,0.000000,0.000000,1.139613
16823.474586,-15005.789161,-5360.858845,186.792117,-166.820359,-59.564435,0.000000,0.000000,0.000000,0.804975
-39877557369.919273,7823460281.589957,32716228890.947437,-443083970.993720,86927336.449994,363513654.343281,0.000000,0.000000,0.000000,0.889098
47908.883413,30644.078925,9177.503542,532.201472,340.557326,101.966793,0.000000,0.000000,0.000000,1.009288
90949.355665,37786.717079,92997.753912,1013.775861,421.311324,1036.758221,0.000000,0.000000,0.000000,1.077554
43152755.860567,25945760.211863,-27027044.615225,479474.844396,288286.230883,-300300.490513,0.000000,0.000000,0.000000,0.998451
410214.791259,-2113602.697730,-2351777.200996,4557.858520,-23484.546197,-26130.860469,0.000000,0.000000,0.000000,0.870427
11390698.678402,7753203.986751,648204.064842,126563.257284,86146.679857,7202.271470,0.000000,0.000000,0.000000,0.879874
-19099.512804,5520.395748,2309.339602,-212.355704,61.266066,25.657628,0.000000,0.000000,0.000000,1.180466
-870974.641428,604467.459136,2967480.755903,-9677.591573,6716.213168,32972.003518,0.000000,0.000000,0.000000,1.041296
-72962.448913,3323.776686,-26842.131271,-810.794029,36.859002,-298.244930,0.000000,0.000000,0.000000,0.901040
1372877.692305,869615.635702,1431210.892911,15253.977581,9662.401829,15902.339519,0.000000,0.000000,0.000000,0.921799
-114225.262411,61023.132180,25040.489256,-1269.413468,677.985240,278.230910,0.000000,0.000000,0.000000,0.931945
-880.528982,494.887231,634.825036,-10.235921,5.451076,7.180953,0.000000,0.000000,0.000000,1.171765
-5538.659553,30854.846594,33297.001338,-62.085589,344.395495,371.622962,0.000000,0.000000,0.000000,0.932916
23.951290,77.279407,45.542970,-0.016979,0.855615,0.530658,0.000000,0.000000,0.000000,0.856158
125675543.997467,-77358122.859796,-48561294.095198,1396394.717880,-859534.702715,-539569.929254,0.000000,0.000000,0.000000,0.805981
-28.209842,384.287629,133.878712,-0.540620,4.134562,1.487474,0.000000,0.000000,0.000000,1.002399
-478998.713813,-9327778.127423,4321456.110271,-5322.473189,-103641.841629,48016.180789,0.000000,0.000000,0.000000,1.194210
-36550488.430582,-75127354.178647,-121433816.112159,-406116.810784,-834748.511237,-1349264.622569,0.000000,0.000000,0.000000,0.848603
1031168.460429,-715587.434276,-3514288.444295,11457.330725,-7951.062693,-39047.650664,0.000000,0.000000,0.000000,0.879236
406560.433553,207994.286338,14385.531814,4517.182861,2311.033979,159.840922,0.000000,0.000000,0.000000,0.914770
-211.503599,225.557185,-592.011437,-2.532526,2.498439,-6.716700,0.000000,0.000000,0.000000,0.803288
1299.815105,-615.814690,-653.135304,14.209268,-6.902776,-7.301198,0.000000,0.000000,0.000000,1.033023
18.038505,-76.512805,10.445766,0.118871,-0.936850,0.154554,0.000000,0.000000,0.000000,0.957055
-98.598598,4.813266,1.032938,-1.539823,0.058102,0.044827,0.000000,0.000000,0.000000,0.870589
-36818.334355,-77059.186527,-156434.576077,-409.263697,-856.185942,-1738.159934,0.000000,0.000000,0.000000,0.856782
-1166.933371,-3392.584774,-413.634342,-13.261243,-37.554901,-4.597973,0.000000,0.000000,0.000000,1.008505
-8595.889950,1577.012948,-14692.751071,-95.627260,17.398492,-163.252917,0.000000,0.000000,0.000000,1.051318
66961555.516829,75111444.646773,4420663.186351,744017.152493,834571.513892,49118.479535,0.000000,0.000000,0.000000,0.829319
54126.502648,78313.740188,-1761.560205,601.038502,870.079622,-19.568599,0.000000,0.000000,0.000000,1.105101
-445270911.223557,-40477801.745163,-976053322.955786,-4947454.678473,-449753.374471,-10845036.921731,0.000000,0.000000,0.000000,0.803975
1440380.712761,-1206902.184317,-73030.923034,16004.086805,-13410.027554,-811.450974,0.000000,0.000000,0.000000,1.156677
193381963.291646,-225979404.200708,-205867329.430967,2148688.240926,-2510882.257314,-2287414.774833,0.000000,0.000000,0.000000,1.087580
3855904.451056,46660603.041136,-65746787.812440,42843.176435,518451.181025,-730519.866194,0.000000,0.000000,0.000000,0.835413
-69441.911197,-6659771.523962,5445631.042553,-771.794651,-73997.533839,60507.007349,0.000000,0.000000,0.000000,1.076250
573666.869155,-117397.015185,-822736.484659,6373.792007,-1304.383289,-9141.517769,0.000000,0.000000,0.000000,0.854089
170049.750337,-499725.863966,47025.344078,1891.233480,-5558.703309,523.090832,0.000000,0.000000,0.000000,0.978424
143.271174,-37.302070,111.289318,1.412026,-0.397909,1.243246,0.000000,0.000000,0.000000,0.814313
-1907053.397542,-1072860.916480,799854.941472,-21189.806684,-11920.600408,8887.279883,0.000000,0.000000,0.000000,1.156732
129545597.216876,-1356422.607102,-278446097.414852,1439395.327890,-15071.422456,-3093845.525244,0.000000,0.000000,0.000000,0.967532
-1119126.758777,-464163.730347,3679.490213,-12434.899943,-5157.519753,40.879164,0.000000,0.000000,0.000000,0.841535
-2009.058655,-236.192251,-184.826982,-22.552220,-2.679988,-2.058332,0.000000,0.000000,0.000000,0.832770
-549.433920,-1087.511232,1021.274595,-6.323366,-12.136390,11.345042,0.000000,0.000000,0.000000,1.098945
24183.149840,146107.104926,93389.234780,268.438976,1623.450454,1037.653417,0.000000,0.000000,0.000000,1.004478
-753415.382634,-1293768.355671,-552975.291464,-8371.508712,-14375.207441,-6144.168084,0.000000,0.000000,0.000000,0.917441
5880491.866694,-2789590.521495,3335570.306457,65338.497646,-30995.461756,37061.887411,0.000000,0.000000,0.000000,0.876738
111.781475,111.672516,-1.598612,0.983329,1.428196,0.016642,0.000000,0.000000,0.000000,0.966446
-288822046.702297,610183588.752894,660495492.106518,-3209134.041913,6779817.625009,7338838.798583,0.000000,0.000000,0.000000,1.117363
52816013.470279,55827395.220598,120232177.879028,586844.385475,620304.368816,1335913.089911,0.000000,0.000000,0.000000,1.028863
-1614059.711671,-26975620.783457,53658865.319458,-17934.213350,-299729.112152,596209.613528,0.000000,0.000000,0.000000,0.836461
23663.275745,180134.542082,18892.706702,263.327010,2005.927558,210.407325,0.000000,0.000000,0.000000,1.152251
1497128.627012,-305093.516180,8455.338435,16634.618962,-3389.947869,93.945872,0.000000,0.000000,0.000000,1.002167
6.917326,-49.303959,-19.633649,-0.397098,-0.393999,-0.164545,0.000000,0.000000,0.000000,0.838406
887.756629,-244.029656,142.657540,9.560445,-2.743988,1.584923,0.000000,0.000000,0.000000,0.945995
43.865500,127.155396,-10.856468,0.360344,1.415849,-0.062634,0.000000,0.000000,0.000000,1.045414
-63.166266,270.988993,-458.667095,-0.842515,2.944632,-5.112949,0.000000,0.000000,0.000000,1.155078
-265.433248,-114.283981,26.185829,-3.172341,-1.128442,0.286271,0.000000,0.000000,0.000000,1.198135
88270496.938752,69881894.001585,-102601575.635076,980783.087691,776465.528549,-1140017.504221,0.000000,0.000000,0.000000,0.929944
500125.686650,391691.105901,-197556.824003,5600.427876,4386.264788,-2212.275251,0.000000,0.000000,0.000000,1.033498
-75749241.200088,-98297932.400082,271390246.243186,-841658.416421,-1092199.262802,3015447.175832,0.000000,0.000000,0.000000,1.152693
-1398.243201,-2755.805636,878.435535,-15.758468,-30.760762,9.832893,0.000000,0.000000,0.000000,0.809414
-71607.447197,-244430.794081,7246.849046,-821.325921,-2803.042239,83.104764,0.000000,0.000000,0.000000,1.195861
346.012637,-127.472216,-29.048372,3.474868,-1.436688,-0.320329,0.000000,0.000000,0.000000,0.824312
-127349264.263536,67650127.445678,45248215.789803,-1414992.038267,751668.077082,502757.957495,0.000000,0.000000,0.000000,0.831466
-101381.816956,137836.055564,-3969.030179,-1126.584277,1531.517494,-44.099110,0.000000,0.000000,0.000000,0.886855
138.735599,59.815405,-13.509397,1.237053,0.626541,-0.154852,0.000000,0.000000,0.000000,1.011782
-749.982881,351.849285,-1203.206128,-8.508953,3.917916,-13.367743,0.000000,0.000000,0.000000,0.978179
447456.191828,-35648.389989,-291165.481836,4971.524917,-396.017366,-3235.168670,0.000000,0.000000,0.000000,1.061153
-42.307271,-267.032955,247.057929,-0.591479,-3.004212,2.758435,0.000000,0.000000,0.000000,1.008906
7857.580929,-2286.994272,-7528.568036,86.958518,-25.460672,-83.650227,0.000000,0.000000,0.000000,0.980591
-79197.008452,-307736.963645,449551.396420,-880.170957,-3419.306949,4995.010207,0.000000,0.000000,0.000000,1.007109
-123.421052,353.877060,-20.018079,-1.609054,3.980237,-0.235042,0.000000,0.000000,0.000000,0.874747
5.298336,146.714448,-134.892840,-0.121814,1.640307,-1.544138,0.000000,0.000000,0.000000,1.009182
5370.942838,1846.551631,-12490.141517,59.597218,20.472067,-138.773995,0.000000,0.000000,0.000000,0.871542
-81.782807,-11.528080,-114.785012,-1.296540,-0.263474,-1.296965,0.000000,0.000000,0.000000,1.014160
-76401841.331450,92042750.696044,3213696.766830,-848909.642154,1022697.327656,35707.746304,0.000000,0.000000,0.000000,0.812252
-2429775.030777,202302.207389,-1975360.311269,-26997.647248,2247.668712,-21948.448604,0.000000,0.000000,0.000000,0.986785
-86562.605700,-34619.818758,-110255.498184,-962.170155,-384.615596,-1225.059380,0.000000,0.000000,0.000000,0.967353
-2636328.350931,-1476181.651578,713214.596797,-29292.768204,-16402.017006,7924.601264,0.000000,0.000000,0.000000,1.058365
-22139.883705,-16447.548425,-23461.228507,-246.239549,-182.684568,-260.676679,0.000000,0.000000,0.000000,0.897868
-57.780282,-458.940579,513.460879,-0.952340,-5.063951,5.701029,0.000000,0.000000,0.000000,1.134777
-20.201805,-5.795768,-52.459198,-0.373260,-0.159271,-0.587222,0.000000,0.000000,0.000000,0.836290
629031080.959510,637985913.082649,117492416.312510,6989233.943625,7088732.444270,1305471.288808,0.000000,0.000000,0.000000,0.864157
1689186.971737,-697372.054500,183951.956015,18768.371930,-7748.535259,2043.906199,0.000000,0.000000,0.000000,1.043791
249261888.813927,280073042.969692,-665972616.335347,2769576.282430,3111922.666296,-7399695.738211,0.000000,0.000000,0.000000,0.971444
-418.688314,-142.271572,-461.396323,-4.865692,-1.678599,-5.123757,0.000000,0.000000,0.000000,0.803007
-7049.952931,5913.183638,-8969.696131,-78.566720,65.695439,-99.658801,0.000000,0.000000,0.000000,0.926664
-33046.076720,22516.770535,60485.996665,-367.359895,250.192804,672.063656,0.000000,0.000000,0.000000,1.144067
-34.830071,-34.976461,-75.055007,-0.749965,-0.491119,-0.865942,0.000000,0.000000,0.000000,0.976764
-101.221478,-226.858989,-2221.768243,-1.281837,-2.583861,-24.684703,0.000000,0.000000,0.000000,0.889098
394.381636,470.958523,-259.709041,4.058401,5.250766,-2.882339,0.000000,0.000000,0.000000,0.891783
178.879743,-134.636239,277.800036,1.656669,-1.568647,3.082094,0.000000,0.000000,0.000000,0.995825
-4.328466,8.602201,-61.567764,-0.247393,-0.059223,-0.705597,0.000000,0.000000,0.000000,0.819459
-541461.369009,-1479488.829021,-83849.256183,-6016.453841,-16438.768060,-931.657798,0.000000,0.000000,0.000000,1.121507
1759028395684.224609,-2829330747608.764648,-2639893611061.196777,19544759951.850292,-31437008306.894028,-29332151234.015854,0.000000,0.000000,0.000000,0.908878
105.118350,-76.782394,-37.833472,1.250779,-0.575375,-0.381950,0.000000,0.000000,0.000000,1.164952
240240266.532981,-325124068.503042,130076108.763797,2669336.075947,-3612489.628273,1445290.098719,0.000000,0.000000,0.000000,1.103829
-11197.474400,-3254.558421,-3093.983751,-124.619841,-36.178817,-34.373421,0.000000,0.000000,0.000000,1.019504
83.219978,57.069544,-96.686358,0.630618,0.761918,-1.097219,0.000000,0.000000,0.000000,0.944565
-4669973084.756419,1916209046.738524,-4518471396.660938,-51888590.041887,21291211.636083,-50205237.744537,0.000000,0.000000,0.000000,0.910022
-7150.961426,19375.890469,-5253.724192,-79.719060,215.302892,-58.375376,0.000000,0.000000,0.000000,0.803507
163.994330,29.646682,79.450091,1.599385,0.308386,0.961142,0.000000,0.000000,0.000000,0.923965
-8658.209121,-854.450085,21092.569213,-96.369980,-9.595215,234.361021,0.000000,0.000000,0.000000,0.939871
-360.692945,643.989641,-187.307853,-4.442404,7.509959,-2.170916,0.000000,0.000000,0.000000,0.966995
2530.827330,-6883.048595,3191.027360,27.770407,-76.522590,35.453885,0.000000,0.000000,0.000000,1.096231
1253.806207,-2325.158548,1017.585381,13.583133,-25.917023,11.302261,0.000000,0.000000,0.000000,0.840062
-2029679201.469891,-1790936818.649881,1279557551.376178,-22551991.251357,-19899298.098400,14217306.129573,0.000000,0.000000,0.000000,1.170553
159.402584,-500.939115,350.249660,1.695285,-5.596329,3.889681,0.000000,0.000000,0.000000,0.811813
-1734.462446,7762.209952,-5790.646758,-19.481200,86.299004,-64.338894,0.000000,0.000000,0.000000,1.145674
-167729.758271,955143.071277,84311.428084,-1863.831546,10612.834314,936.790350,0.000000,0.000000,0.000000,0.907146
191746.858941,-525548.916615,-1414992.915954,2130.306545,-5839.591298,-15722.139388,0.000000,0.000000,0.000000,0.846820
10943.301405,9678.175460,-11245.926353,121.273891,107.578006,-124.950787,0.000000,0.000000,0.000000,1.185405
290747.750664,-1762577.135144,-1386012.207533,3230.356874,-19584.207343,-15400.131851,0.000000,0.000000,0.000000,0.955268
1172.673500,10411.029226,-5945.900125,12.913310,115.811353,-66.135469,0.000000,0.000000,0.000000,1.138260
405.184523,-1104.796545,2381.420704,4.247992,-12.373126,26.455612,0.000000,0.000000,0.000000,0.927767
-38866.637411,5243.230564,19239.016069,-432.158505,58.332820,213.764643,0.000000,0.000000,0.000000,1.155436
63381.770538,-57001.928463,-40731.998524,704.112366,-633.220448,-452.575590,0.000000,0.000000,0.000000,1.161849
4161.569694,-703.413544,-2384.333473,46.200032,-7.836420,-26.601036,0.000000,0.000000,0.000000,1.006901
70177729857.639099,101739091944.661728,-35597985396.549316,779752553.742973,1130434354.941143,-395533171.068206,0.000000,0.000000,0.000000,0.902154
4656658.128397,11812174.005468,-81181803.391728,51740.439292,131246.374057,-902020.035379,0.000000,0.000000,0.000000,0.984989
-52853.506031,31018.454255,-35815.352771,-590.070684,346.232551,-399.733862,0.000000,0.000000,0.000000,0.941679
-43637.628796,-31559.628367,32770.169972,-485.078323,-350.649703,364.110571,0.000000,0.000000,0.000000,0.968550
564.190496,-296.694442,-958.272267,6.155826,-3.360479,-10.644402,0.000000,0.000000,0.000000,0.991250
-220.699642,974.628208,-33.479086,-2.611336,10.760651,-0.372092,0.000000,0.000000,0.000000,1.098281
-1497.663254,-1854.517682,-888.627226,-16.773272,-20.558607,-9.872059,0.000000,0.000000,0.000000,1.031808
-3539442054.080667,5828302316.161736,-18603210189.048996,-39327134.143515,64758914.631520,-206702335.436778,0.000000,0.000000,0.000000,1.049797
1294513.295530,-1512972.858136,-3254554.044349,14383.375827,-16810.880994,-36161.712094,0.000000,0.000000,0.000000,0.855235
267627.125568,-101996.070167,235397.880135,2973.462050,-1133.401996,2615.530757,0.000000,0.000000,0.000000,1.094591
-1421728.259685,7435557.661168,362893.538495,-15797.197202,82617.285998,4032.148941,0.000000,0.000000,0.000000,0.857193
-107.356969,0.954667,-164.635320,-1.272947,0.043433,-1.825704,0.000000,0.000000,0.000000,1.120642
652.254961,688.160085,-727.270276,6.918413,7.699840,-8.081587,0.000000,0.000000,0.000000,0.868762
602.392247,635.305816,-470.634607,6.416144,7.123176,-5.215770,0.000000,0.000000,0.000000,1.041343
4275.601945,-13297.692368,-222.390401,47.384103,-147.836386,-2.472298,0.000000,0.000000,0.000000,1.187912
783.896148,97.531261,-394.850702,8.378903,1.200276,-4.385548,0.000000,0.000000,0.000000,1.141518
-55.023165,-10.922397,151.546115,-0.892296,0.016725,1.804455,0.000000,0.000000,0.000000,0.817906
-7639501.139944,-23670455.314706,-10996352.768640,-84883.580724,-263005.070379,-122181.700051,0.000000,0.000000,0.000000,0.967201
129637.891673,130309.112322,-96798.478805,1440.248680,1447.760218,-1075.535358,0.000000,0.000000,0.000000,1.039648
-7333.976690,28883.901890,56884.383063,-81.710140,320.907256,632.044106,0.000000,0.000000,0.000000,1.006053
98.294533,2.253662,-126.188536,1.003027,-0.076214,-1.404191,0.000000,0.000000,0.000000,0.831222
-101.321970,19.026993,8.767369,-0.969353,0.095991,0.176453,0.000000,0.000000,0.000000,1.120992
486.259546,224.298755,132.400732,5.232975,2.536369,1.469470,0.000000,0.000000,0.000000,0.928904
105893.891330,-79091.992974,-48100.838847,1176.377328,-878.825650,-534.449442,0.000000,0.000000,0.000000,1.028103
98892.246977,37085.449148,126409.958159,1098.436341,412.108411,1404.553012,0.000000,0.000000,0.000000,0.836554
83.953810,-28.601493,-43.735822,0.758673,-0.190802,-0.493000,0.000000,0.000000,0.000000,1.102035
-1002.240262,398.817898,-276.183841,-11.432799,4.397264,-3.065025,0.000000,0.000000,0.000000,0.811120
119.003468,3.421454,-60.974104,1.203016,0.128806,-0.682627,0.000000,0.000000,0.000000,1.158241
-1954.508911,-2271.336250,1833.212454,-21.865068,-25.093638,20.367448,0.000000,0.000000,0.000000,0.890457
107566.218571,130417.611529,639513.373478,1195.064250,1449.131593,7105.705211,0.000000,0.000000,0.000000,1.188700
-13.421061,1686.422498,2696.712410,-0.392350,18.795254,29.962596,0.000000,0.000000,0.000000,1.041086
95.799134,-45.165132,-26.454330,0.735764,-0.455954,-0.295389,0.000000,0.000000,0.000000,0.808992
-3386.437931,4832.019790,5041.481760,-38.611563,54.952722,57.232198,0.000000,0.000000,0.000000,1.094174
-3543222.927238,-1554739.459185,1480852.605410,-39369.239241,-17274.819581,16453.913415,0.000000,0.000000,0.000000,1.073638
116.505730,92.732591,132.703340,1.004267,1.016659,1.567666,0.000000,0.000000,0.000000,0.827773
32547561.152359,-14938208.647865,-61540869.962644,361639.343086,-165980.089316,-683787.439576,0.000000,0.000000,0.000000,0.889053
-18022.063333,-9046.437244,27629.721794,-200.492275,-100.409538,306.997730,0.000000,0.000000,0.000000,1.185254
1120492.396431,444025.289142,31651.039361,12449.753444,4933.467748,351.674150,0.000000,0.000000,0.000000,0.847754
59.954485,5.386499,-6.726569,0.508578,0.191705,-0.069424,0.000000,0.000000,0.000000,1.102478
-1494194708.616830,2087107092.150537,-3728632252.683579,-16602163.681983,23190078.791540,-41429247.250633,0.000000,0.000000,0.000000,1.151411
47076.606155,-27847.495042,31837.090462,525.216808,-310.751143,355.313085,0.000000,0.000000,0.000000,1.066719
-186361.110464,510529.486460,1374328.126189,-2070.892595,5672.389532,15270.312796,0.000000,0.000000,0.000000,0.871816
56423.040788,16234.929775,25615.846921,626.793530,180.439971,284.617838,0.000000,0.000000,0.000000,1.064302
-61.495931,-42.238905,-247.042311,-0.955622,-0.587214,-2.823729,0.000000,0.000000,0.000000,1.083585
-261983.434765,-34831.693537,152528.018980,-2911.125658,-387.053324,1694.753841,0.000000,0.000000,0.000000,1.004985
657819.046250,83100.164842,86162.036743,7308.879236,923.447432,957.359719,0.000000,0.000000,0.000000,0.805786
10594.418993,10078.372823,104534.949341,117.448737,112.125132,1161.495559,0.000000,0.000000,0.000000,1.095958
503590.844160,186814159.651277,199982823.609435,5595.316965,2075712.925026,2222031.372742,0.000000,0.000000,0.000000,0.819543
-486549.504266,-380456.500288,191738.978800,-5448.563130,-4260.402353,2147.138933,0.000000,0.000000,0.000000,1.063840
113463.978686,193059.257483,746.072883,1260.488993,2145.169442,8.292968,0.000000,0.000000,0.000000,0.925326
35890.342836,50816.548101,2336.055554,398.646409,564.572602,25.955536,0.000000,0.000000,0.000000,1.185133
663.209324,-602.111459,317.358264,7.404700,-6.906223,3.667520,0.000000,0.000000,0.000000,0.855007
7514695419.294430,917339886.638168,8286965929.345676,83496615.562242,10192665.403570,92077399.212945,0.000000,0.000000,0.000000,1.081940
157683.751172,-456640.046269,96865.265271,1751.813699,-5073.726261,1076.282482,0.000000,0.000000,0.000000,1.120414
181.697527,-64.706079,-124.479443,1.762817,-0.645800,-1.379591,0.000000,0.000000,0.000000,1.024909
79541.250367,-53216.406048,-51558.697675,883.534482,-591.300347,-572.871694,0.000000,0.000000,0.000000,1.084246
724763.907752,-550001.234976,1784596.497586,8052.696815,-6111.006965,19828.846896,0.000000,0.000000,0.000000,1.074895
-36927.036299,51798.996235,-63385.111685,-410.595169,575.593473,-704.275911,0.000000,0.000000,0.000000,1.150690
14867.661047,961.946273,-15993.720699,164.924288,10.660156,-177.703004,0.000000,0.000000,0.000000,0.974919
-29504551.387266,-81750655.970263,50311001.106486,-327828.440612,-908340.671802,559011.121362,0.000000,0.000000,0.000000,1.053586
20688.091135,86681.978545,-6408.194185,229.698910,963.261568,-71.205083,0.000000,0.000000,0.000000,0.885200
-2879567149.831588,-6315130156.145010,3060851111.850966,-31995190.691474,-70168112.781019,34009456.795214,0.000000,0.000000,0.000000,0.922503
66570141.658529,-78114136.034239,-72589043.819567,739668.016922,-867934.865454,-806544.929753,0.000000,0.000000,0.000000,1.071649
109975.787424,-563660.766808,324199.315619,1221.741949,-6262.836584,3602.210517,0.000000,0.000000,0.000000,0.885610
170042294.050915,406571205.700253,-3296002.617958,1889358.609603,4517457.846908,-36622.248289,0.000000,0.000000,0.000000,0.953759
-17360746.511751,-24355442.542549,20748478.336536,-192897.372648,-270616.065554,230538.643852,0.000000,0.000000,0.000000,1.040246
113.307105,27.838694,-33.064168,1.163370,0.328591,-0.370914,0.000000,0.000000,0.000000,1.144493
-23356506922323440.000000,2367408387968388.000000,349266336243299.812500,-259516743581371.875000,26304537644093.640625,3880737069369.996094,0.000000,0.000000,0.000000,0.977780
-7390.618698,8576.060453,-1781.621873,-82.235344,95.246180,-19.790565,0.000000,0.000000,0.000000,0.851596
-279.102061,1975.161788,-79.457754,-3.272382,22.243592,-0.856837,0.000000,0.000000,0.000000,0.800099
-2310309.263929,274450.437646,1670033.904135,-25670.316721,3049.561826,18555.934405,0.000000,0.000000,0.000000,1.119573
-884905.356329,-536794.316045,43931.241256,-9832.426405,-5964.406174,488.120646,0.000000,0.000000,0.000000,1.096420
52.470843,168.182222,-216.704730,0.299244,1.849340,-2.409099,0.000000,0.000000,0.000000,1.083795
2622411.304039,-1514971.786401,-3569700.861149,29137.619074,-16833.099874,-39663.339257,0.000000,0.000000,0.000000,0.946685
498.114562,-61.986073,-196.363240,5.348914,-0.830526,-2.175454,0.000000,0.000000,0.000000,0.880569
-10681.861887,-23501.366156,2119.682277,-119.195478,-261.663854,23.607961,0.000000,0.000000,0.000000,0.996733
4.995327,-34.264510,-30.201553,-0.238360,-0.253471,-0.464853,0.000000,0.000000,0.000000,1.003403
582631977461.710815,-34583373032.174515,-584522849639.915894,6473688638.258792,-384259700.267602,-6494698329.328857,0.000000,0.000000,0.000000,1.189955
357.951683,432.760521,978.841216,3.810333,4.741278,10.871035,0.000000,0.000000,0.000000,1.031382
-11869.574464,-604.334285,727.197181,-134.882378,-6.994715,8.264272,0.000000,0.000000,0.000000,0.970448
-21.186445,261.959253,-477.114473,-0.563019,2.834455,-5.298689,0.000000,0.000000,0.000000,0.966858
256383316.265598,-343416175.808743,263896809.694139,2848703.305326,-3815735.242988,2932186.778372,0.000000,0.000000,0.000000,0.916667
-5265.850647,-1867.729554,12209.425574,-58.586996,-20.796890,135.660112,0.000000,0.000000,0.000000,0.885629
5829.703869,10881.726692,4944.330325,64.471720,120.953484,54.939888,0.000000,0.000000,0.000000,0.955112
-2938.898409,6707.907169,8786.025673,-32.738446,74.444505,97.618761,0.000000,0.000000,0.000000,1.005957
13328.948149,-13845.322693,-16880.012119,147.799269,-153.786557,-187.550519,0.000000,0.000000,0.000000,0.885273
-225075623.848061,-252904407.681991,601370884.978970,-2500840.524132,-2810049.006720,6681898.718718,0.000000,0.000000,0.000000,1.075807
-967027.081457,-1153621.610339,180569.630500,-10744.921458,-12818.101874,2006.329901,0.000000,0.000000,0.000000,1.005960
6018999.602192,-635019.803456,1061029.061389,66877.529712,-7055.764124,11789.208883,0.000000,0.000000,0.000000,1.156750
-4085628770.421466,1718086376.080426,1567571165.831645,-45395875.522752,19089848.674971,17417457.396982,0.000000,0.000000,0.000000,1.095993
-106271.458469,-211909.366635,31472.349411,-1181.014130,-2354.533140,349.692438,0.000000,0.000000,0.000000,0.913352
-626325.756498,1009131.439722,-395554.262669,-6959.445769,11212.436354,-4395.045625,0.000000,0.000000,0.000000,0.804534
628637.993559,-595493.599715,-394121.390915,6984.515639,-6616.573927,-4379.126500,0.000000,0.000000,0.000000,1.025495
265401.682231,239630.247685,425654.644759,2968.372396,2680.386319,4761.242898,0.000000,0.000000,0.000000,1.015924
138340198.735270,55427769.720050,50506754.084233,1537113.100955,615864.115840,561186.160673,0.000000,0.000000,0.000000,0.933560
-3114906516192.330566,20257360276646.625000,25123180621472.179688,-34610072402.420242,225081780851.640015,279146451349.697205,0.000000,0.000000,0.000000,1.134775
11203.034266,-25345.373742,2992.427651,124.224078,-281.600200,33.251357,0.000000,0.000000,0.000000,0.951143
1462250362.860913,-2042528288.106798,3649123545.852422,16247226.000421,-22694758.765922,40545817.175841,0.000000,0.000000,0.000000,1.176513
6108.561191,-121979.749002,-290795.554850,67.629710,-1355.304448,-3231.056986,0.000000,0.000000,0.000000,0.993908
3717.347041,-2798.448195,829.738697,41.076637,-31.075917,9.218598,0.000000,0.000000,0.000000,0.999758
32447871.913978,-22685416.785811,1680268.611760,361334.680432,-252621.555647,18711.251136,0.000000,0.000000,0.000000,0.883884
-67539359.230162,-75728615.548861,-4456402.625759,-750437.453867,-841429.152773,-49515.584916,0.000000,0.000000,0.000000,0.822428
-4759.236974,-6358.713228,1941.653152,-53.137591,-70.760435,21.568753,0.000000,0.000000,0.000000,1.046457
-709697903.008575,132596480.684918,12529209.111620,-7885532.487306,1473294.288549,139213.430964,0.000000,0.000000,0.000000,1.179048
6652.315280,6891.060342,10819.714728,73.697590,76.677002,120.216943,0.000000,0.000000,0.000000,0.964761
24045812.906885,-12221613.137902,-5855347.329727,267175.441526,-135795.672954,-65059.412969,0.000000,0.000000,0.000000,1.132106
-235.673277,822.434652,-563.568870,-2.773318,9.126362,-6.270424,0.000000,0.000000,0.000000,0.902754
-8173614.020644,22572849.026782,2472498.657813,-90818.220763,250809.420050,27472.202984,0.000000,0.000000,0.000000,0.897586
1195.687943,211.959041,6904.546983,13.008812,2.310680,76.714308,0.000000,0.000000,0.000000,1.012607
411156473.449972,335336490.588311,-82158519.166743,4568405.028249,3725961.011231,-912872.431398,0.000000,0.000000,0.000000,0.892705
42.104599,-44.841811,-27.452559,0.241688,-0.716721,-0.265643,0.000000,0.000000,0.000000,1.048317
10.100113,-25.235452,-76.626380,-0.035901,-0.240331,-0.866790,0.000000,0.000000,0.000000,1.118778
-10075.138278,19838.875242,-9948.348739,-112.177371,220.397327,-110.538893,0.000000,0.000000,0.000000,1.016125
-8148435.672177,-34074331.704037,-38646779.393951,-90538.408671,-378603.686559,-429408.661694,0.000000,0.000000,0.000000,1.104287
1649.362917,1782.203881,-1546.878747,18.174145,19.941421,-17.185528,0.000000,0.000000,0.000000,1.111704
-3744441160.686200,3202754858.755541,-191480566.276345,-41604902.035655,35586165.105819,-2127561.844654,0.000000,0.000000,0.000000,1.166465
19448360350.780064,212942799.074729,-8589272342.528566,216092892.505358,2366031.100170,-95436359.356624,0.000000,0.000000,0.000000,0.907668
-45272.135727,112995.156715,14032.297169,-504.422049,1258.222687,156.246934,0.000000,0.000000,0.000000,1.121709
-20539310.468912,-19318319.630793,-1314039.167808,-228214.800760,-214648.002596,-14600.429805,0.000000,0.000000,0.000000,0.865140
1166.994711,255.905744,807.115430,12.738968,2.955985,8.968206,0.000000,0.000000,0.000000,0.857302
-487.914292,-510.647942,-238.531473,-5.724547,-5.669254,-2.642894,0.000000,0.000000,0.000000,1.029970
-3426686.810321,-39909608.743342,45155379.537261,-38074.504100,-443440.059265,501726.435299,0.000000,0.000000,0.000000,1.134529
356129079.872416,1954190370.805442,-1081583156.812315,3956989.571060,21713226.331004,-12017590.629110,0.000000,0.000000,0.000000,1.051662
91652218.624083,906543.261857,70229652.207092,1018357.670443,10072.699917,780329.472783,0.000000,0.000000,0.000000,1.081546
3130582757481.208496,-20359308554662.160156,-25249616894069.839844,34784252860.618416,-226214539496.234924,-280551298822.996765,0.000000,0.000000,0.000000,1.129093
68.825624,4.623314,-68.863362,0.473698,0.185543,-0.875756,0.000000,0.000000,0.000000,1.117173
-13465.085004,-11629.501982,12586.204311,-149.926832,-129.170878,139.847326,0.000000,0.000000,0.000000,1.004589
4957093637.993964,-2084606242.773535,-1901831602.978609,55078817.902287,-23162291.533762,-21131462.255775,0.000000,0.000000,0.000000,0.903321
12944.839649,561220.172852,380944.654133,143.648781,6235.827770,4232.716782,0.000000,0.000000,0.000000,0.803210
-9213.091302,16360.739546,-34467.487007,-102.527914,181.637313,-382.971250,0.000000,0.000000,0.000000,0.868585
6511350.138578,-65246127.742344,19709186.696611,72348.123258,-724956.932430,218990.965233,0.000000,0.000000,0.000000,1.002621
110.165303,-27.023607,70.431848,1.117138,-0.220416,0.815983,0.000000,0.000000,0.000000,1.079506
-23474.172155,-8805.589086,10114.924158,-261.166208,-97.926039,112.384940,0.000000,0.000000,0.000000,1.150887
551.086801,-287.987479,10.470350,6.187271,-3.416800,0.149355,0.000000,0.000000,0.000000,0.992110
-1247.287913,483.300666,-3454.001454,-14.074486,5.402212,-38.436763,0.000000,0.000000,0.000000,0.965016
7584613.894316,-8652631.694729,-1215292.795443,84273.287706,-96140.351960,-13503.253602,0.000000,0.000000,0.000000,0.886461
-6056338.131780,6798170.920613,1205359.610274,-67292.843637,75535.230058,13392.883868,0.000000,0.000000,0.000000,1.117090
937.417294,6687.640821,11656.422055,10.173980,74.206453,129.512398,0.000000,0.000000,0.000000,0.873952
-587.793828,267.130149,408.660489,-6.770012,2.899506,4.536125,0.000000,0.000000,0.000000,0.876709
2637.864723,-2995.361623,-3452.052391,29.134985,-33.249351,-38.352655,0.000000,0.000000,0.000000,0.944259
145.236834,-327.712528,-176.225063,1.512094,-3.729670,-1.958438,0.000000,0.000000,0.000000,1.197541
546475.132418,109662.352593,229237.188699,6071.805050,1218.509729,2547.077510,0.000000,0.000000,0.000000,0.969329
385.081720,534.118759,266.255770,4.010136,5.962794,2.960337,0.000000,0.000000,0.000000,0.931600
-10102.065550,31571.111963,30398.937348,-112.322833,350.853738,337.763199,0.000000,0.000000,0.000000,0.886262
55522.167475,-53193.828924,34449.857197,616.707852,-590.889044,382.777257,0.000000,0.000000,0.000000,0.909000
963328.646055,-10200.878334,1270003.177538,10703.433012,-113.348322,14111.143956,0.000000,0.000000,0.000000,0.942965
-3880.588715,-1505.445439,2876.682955,-43.414766,-16.830053,31.962577,0.000000,0.000000,0.000000,0.819906
1780922.179826,-197830.707792,-1561694.158406,19787.807309,-2198.006156,-17352.152978,0.000000,0.000000,0.000000,1.195090
-21169.028840,130141.679290,111268.890249,-235.482092,1446.040129,1236.320544,0.000000,0.000000,0.000000,0.979567
-96127.141579,3617.883813,41512.749816,-1068.345271,40.219295,461.250670,0.000000,0.000000,0.000000,0.919312
251975.280849,-298551.696586,-8961.613504,2799.629424,-3317.174393,-99.571036,0.000000,0.000000,0.000000,0.932492
-4.628327,-11.133058,-143.213944,-0.202402,-0.038823,-1.586745,0.000000,0.000000,0.000000,1.017042
-1551414497.948968,-2747532379.452960,1044028133.007540,-17237939.153410,-30528137.558226,11600312.584310,0.000000,0.000000,0.000000,0.967793
773.193036,-400.345809,-6544.902543,8.360335,-4.423515,-72.720226,0.000000,0.000000,0.000000,1.037726
-5516962075.324885,-15793498091.996796,3779096776.303741,-61299578.940542,-175483312.150002,41989964.175862,0.000000,0.000000,0.000000,0.897974
-2040093.746297,845753.884839,-221468.107917,-22668.076819,9397.306993,-2460.760778,0.000000,0.000000,0.000000,0.863685
-46.757884,19.026050,-189.391324,-0.704735,0.330096,-2.166711,0.000000,0.000000,0.000000,0.879242
38.302769,-9.131575,-3.067472,0.139494,0.022401,-0.015616,0.000000,0.000000,0.000000,0.879825
-1987.064326,-1219.500641,1531.196968,-22.272062,-13.548304,17.009018,0.000000,0.000000,0.000000,1.196461
89332769.849538,-28625208.362255,-8007836.328948,992586.092923,-318057.895870,-88975.960887,0.000000,0.000000,0.000000,0.833566
18855.060613,3253.576944,-11562.895289,209.260301,36.130026,-128.474404,0.000000,0.000000,0.000000,1.189773
-20717.539847,1099.144896,-56132.809578,-230.367765,12.266823,-623.694003,0.000000,0.000000,0.000000,1.121791
-20614.815390,30469.497531,-36234.616326,-229.353238,338.565661,-402.608199,0.000000,0.000000,0.000000,0.882932
-205581.639867,596051.549344,-126812.661049,-2284.467008,6622.842917,-1409.026937,0.000000,0.000000,0.000000,0.858811
-2969.507422,-1976.118601,1133.721716,-33.224730,-22.034107,12.592962,0.000000,0.000000,0.000000,1.145748
-337553384106659.062500,-3365942069626530.000000,1882067699669862.250000,-3750593156740.889160,-37399356329183.273438,20911863329665.324219,0.000000,0.000000,0.000000,1.176957
-320521.406889,1394990.152183,251114.741581,-3561.484948,15499.926591,2790.162369,0.000000,0.000000,0.000000,0.823481
-610.327547,4573.605549,-1096.501830,-7.031923,50.942682,-12.184864,0.000000,0.000000,0.000000,1.062576
4561.042856,6107.660268,-1737.065400,50.417538,67.749876,-19.304690,0.000000,0.000000,0.000000,1.120249
468.147846,306.387776,66.257496,4.966798,3.283810,0.737159,0.000000,0.000000,0.000000,1.025032
-19722176359.028381,-12052975324.375488,3991944560.743690,-219135293.154469,-133921948.009751,44354939.561189,0.000000,0.000000,0.000000,1.195124
-31268.382499,-83236.759864,-181436.657533,-347.696389,-924.829426,-2015.958996,0.000000,0.000000,0.000000,0.999323
-254772.895496,336324.483582,71415.882661,-2831.008892,3737.085292,793.512234,0.000000,0.000000,0.000000,0.806351
-667421205.082824,-676931500.986858,-124665711.432076,-7415791.455159,-7521461.043680,-1385174.574706,0.000000,0.000000,0.000000,0.814451
-1438.666008,-1083.815213,864.239900,-16.304949,-11.961622,9.602567,0.000000,0.000000,0.000000,1.090365
-49993.658275,-71318.221439,-3335.811046,-555.617253,-792.476120,-37.065003,0.000000,0.000000,0.000000,0.846291
-11.481693,62.097041,2.050431,-0.386117,0.647980,0.010963,0.000000,0.000000,0.000000,1.171386
1739045.964133,5143839.222497,4102292.672149,19322.463144,57153.727102,45581.028741,0.000000,0.000000,0.000000,0.801445
313881.563391,-2715058.515029,2448711.283064,3487.381027,-30167.291882,27207.905568,0.000000,0.000000,0.000000,1.004728
-549.599391,-2132.416260,-981.257578,-6.289776,-23.702237,-10.902899,0.000000,0.000000,0.000000,0.957529
-575311.639993,-12339383.896361,-24453117.307333,-6392.569448,-137104.294576,-271701.299597,0.000000,0.000000,0.000000,0.839667
247836427.488067,4501236189.949794,7320871342.654449,2753737.865659,50013735.435940,81343014.919196,0.000000,0.000000,0.000000,0.886175
28532.732520,9440.053618,-11898.084509,316.841924,104.938511,-132.202236,0.000000,0.000000,0.000000,1.127776
2521422567.434605,2224838546.792028,-1589564246.678285,28015806.179466,24720428.183010,-17661824.959008,0.000000,0.000000,0.000000,0.942264
2119.220323,193.646564,-945.972593,23.654312,2.049688,-10.676553,0.000000,0.000000,0.000000,0.908114
45360050.683847,-64514624.295583,128009229.333230,504000.377472,-716829.222726,1422324.773049,0.000000,0.000000,0.000000,0.813906
-3048.695843,-2508.365520,-2183.460885,-34.084005,-27.848385,-24.256129,0.000000,0.000000,0.000000,0.824164
153.037954,-87.197687,-108.126665,1.578410,-0.909337,-1.194264,0.000000,0.000000,0.000000,0.872297
1010.897491,-232.370170,-930.413946,10.993085,-2.647754,-10.342750,0.000000,0.000000,0.000000,0.836343
-3896359.703021,25537567.827215,-36780533.668558,-43293.071293,283750.759191,-408672.591768,0.000000,0.000000,0.000000,0.947381
-8377.465478,-572.645868,-6353.917195,-93.473897,-6.489670,-70.676907,0.000000,0.000000,0.000000,0.923338
-389525.024281,2006933.799070,2233451.067602,-4328.138933,22299.190088,24816.117435,0.000000,0.000000,0.000000,0.916584
96.132263,-51.684750,-72.117704,0.954930,-0.532190,-0.826807,0.000000,0.000000,0.000000,0.956938
2936.334220,120.676847,102.117447,32.478029,1.422853,1.137328,0.000000,0.000000,0.000000,1.156898
8543.764923,518.610810,-19681.977268,94.760752,5.660880,-218.684189,0.000000,0.000000,0.000000,1.004058
-13365.794981,-6972.186592,16313.043781,-148.688842,-77.495084,181.250626,0.000000,0.000000,0.000000,1.084822
261744200.188070,126400775.237222,-655590582.183720,2908268.716312,1404453.089157,-7284339.805351,0.000000,0.000000,0.000000,1.070284
-38.561139,44.797975,-95.108988,-0.786339,0.484669,-1.098739,0.000000,0.000000,0.000000,1.096838
363824.704743,-145565.385635,-238900.325559,4042.356240,-1617.349895,-2654.444446,0.000000,0.000000,0.000000,0.873530
-158693.665738,20108.349462,-17415.328670,-1763.419675,223.485075,-193.508199,0.000000,0.000000,0.000000,0.922016
97909.180013,78035.601904,63419.690087,1092.452347,870.790847,707.827880,0.000000,0.000000,0.000000,0.944205
3016772.979647,-3982540.071420,818739.231064,33519.581549,-44250.427477,9097.107348,0.000000,0.000000,0.000000,0.969357
8129568004.370305,35262257224.319717,52327297763.942276,90328533.185664,391802858.038563,581414419.595484,0.000000,0.000000,0.000000,0.992513
-41207.655564,2201.182019,-43493.639255,-458.025972,24.444248,-483.257868,0.000000,0.000000,0.000000,0.848419
-11135513145.844606,-969078504.077144,3037793188.309094,-123727924.074781,-10767538.769242,33753257.645389,0.000000,0.000000,0.000000,0.860345
-140.361532,51.050793,-246.046922,-1.708314,0.419924,-2.735127,0.000000,0.000000,0.000000,1.084198
-346.911415,43.900989,-8.084102,-4.035266,0.612925,-0.088296,0.000000,0.000000,0.000000,0.808275
34.129254,-222.966774,34.126399,0.079291,-2.563393,0.382504,0.000000,0.000000,0.000000,0.931321
-47.177611,-19.988588,-109.271315,-0.836386,-0.082647,-1.201481,0.000000,0.000000,0.000000,0.847679
37.433757,27.088207,-21.928004,0.326035,0.399668,-0.227979,0.000000,0.000000,0.000000,1.069603
-114383.129784,-48673.179479,-116205.898277,-1275.323205,-542.565703,-1295.497614,0.000000,0.000000,0.000000,0.861356
27253.206146,-6103.432624,21161.465399,303.383641,-68.025616,235.653458,0.000000,0.000000,0.000000,1.156015
-1204.061166,-1275.783046,-164.277495,-13.586735,-14.149872,-1.824163,0.000000,0.000000,0.000000,1.164483
205.538188,-176.385121,-614.100418,2.095174,-1.919078,-6.821731,0.000000,0.000000,0.000000,0.985132
-4495.327410,-1542.796017,-1566.201685,-50.079656,-17.245337,-17.400366,0.000000,0.000000,0.000000,0.920192
17571.703051,-25808.145356,30675.284620,194.939232,-286.738269,340.831321,0.000000,0.000000,0.000000,1.039670
-5626922.414863,-89520.726016,2133643.589316,-62591.044026,-995.750688,23733.523065,0.000000,0.000000,0.000000,1.191544
-211.355866,-31730.219467,-9950.312591,-2.541394,-352.417739,-110.556169,0.000000,0.000000,0.000000,0.931642
-9221076.719303,-204197939.463323,-101982017.335767,-102456.626208,-2268865.983772,-1133133.520565,0.000000,0.000000,0.000000,0.883217
-512.486609,-1044.809676,2011.419844,-5.849381,-11.670892,22.343783,0.000000,0.000000,0.000000,0.842383
-1793517.873037,311899.355563,-30052.283838,-19928.115918,3465.527782,-333.916532,0.000000,0.000000,0.000000,0.842656
617343.460308,-13635391.779050,19072668.424088,6866.862163,-151672.855555,212154.266161,0.000000,0.000000,0.000000,0.978410
567.769902,-2985.643613,-4766.815344,6.108147,-33.155496,-52.960341,0.000000,0.000000,0.000000,0.890721
37.084133,3174.593746,488.579572,0.289652,35.273325,5.431182,0.000000,0.000000,0.000000,0.967262
22585.494073,-202105.550652,79840.366710,250.708730,-2245.714228,887.116712,0.000000,0.000000,0.000000,0.871048
-356.068014,-179.074952,-708.566492,-4.158722,-1.968876,-7.865457,0.000000,0.000000,0.000000,1.182573
-152460.831544,77562.981114,-77993.033115,-1694.257226,861.805174,-866.591132,0.000000,0.000000,0.000000,1.100934
5660291.150445,-906803.620414,2610129.039279,62891.933592,-10075.677824,29001.428857,0.000000,0.000000,0.000000,1.140723
85.076213,-86.820429,247.075631,0.598182,-0.927741,2.789251,0.000000,0.000000,0.000000,1.060528
-301652541.420563,-1854940718.183752,969615422.015593,-3351695.109647,-20610452.433646,10773504.690116,0.000000,0.000000,0.000000,1.107152
-36947555527.394806,-21725531910.807289,6271672157.611916,-410528394.964870,-241394798.988348,69685246.197577,0.000000,0.000000,0.000000,0.876661
40.004659,6.572683,-88.131470,0.354117,0.125760,-0.994800,0.000000,0.000000,0.000000,1.030936
-112.998513,-109.754432,-35.270882,-1.450264,-1.256764,-0.362547,0.000000,0.000000,0.000000,1.121565
6617.067977,-9518.909363,-15677.960440,73.351082,-105.809589,-174.198745,0.000000,0.000000,0.000000,1.000221
19751408994363656.000000,-2001996759892740.500000,-295356713639098.812500,219460099937371.031250,-22244408443253.007812,-3281741262656.717285,0.000000,0.000000,0.000000,1.156248
10336.727830,-9522.344854,6147.351229,114.604805,-105.798012,68.298602,0.000000,0.000000,0.000000,1.134824
5411554322.975940,15491745552.467978,-3706892902.934540,60128381.039969,172130506.120087,-41187698.926370,0.000000,0.000000,0.000000,0.915465
181001.725681,-260101.587507,-104459.656865,2010.928601,-2889.867434,-1160.659652,0.000000,0.000000,0.000000,0.857303
-2516.462394,-711.037146,-2003.612222,-28.123603,-7.761459,-22.261379,0.000000,0.000000,0.000000,1.154023
-108812.324057,-132308.105865,-648225.834117,-1209.141080,-1470.042196,-7202.504046,0.000000,0.000000,0.000000,1.172900
173.935275,2.828864,-64.084137,1.619653,-0.040045,-0.708569,0.000000,0.000000,0.000000,0.910688
-111.865971,21.038672,-40.514067,-1.439854,0.085563,-0.453435,0.000000,0.000000,0.000000,0.964605
1360.055358,-1241.061952,-13620.417912,14.778441,-13.755275,-151.333290,0.000000,0.000000,0.000000,0.992010
5502.823458,3123.507003,5005.634607,61.017031,34.664831,55.618003,0.000000,0.000000,0.000000,0.811978
984002.009054,1173867.835676,-183824.323060,10933.176951,13042.888872,-2042.491320,0.000000,0.000000,0.000000,0.988590
2456.631880,1254.506834,-303.266881,27.505404,14.241342,-3.408641,0.000000,0.000000,0.000000,1.141112
-15273931.874804,-5473907.472382,7460343.980784,-169710.565148,-60821.198676,82892.707037,0.000000,0.000000,0.000000,0.830858
-17790.351127,-13322.275596,8233.491732,-197.840071,-147.953913,91.480684,0.000000,0.000000,0.000000,0.882321
27.465415,2.411097,-148.801036,-0.050149,0.114107,-1.664775,0.000000,0.000000,0.000000,1.003544
7076998.281210,20989388.696450,9950225.198452,78633.078583,233215.415854,110558.053825,0.000000,0.000000,0.000000,1.090557
-250744120.586876,-121092494.486404,628042237.985846,-2786045.958080,-1345472.129566,6978247.083204,0.000000,0.000000,0.000000,1.117236
66.484543,176.576430,-331.661915,0.387992,2.041481,-3.734705,0.000000,0.000000,0.000000,0.921839
-582.731085,381.666435,-994.457639,-6.651897,4.341552,-11.044158,0.000000,0.000000,0.000000,1.064942
-40618.947439,-25977.541713,-7761.356506,-451.436657,-288.568951,-86.241909,0.000000,0.000000,0.000000,1.190728
854872090.510900,-159598437.400975,-15023246.456642,9498578.549436,-1773315.911964,-166924.964198,0.000000,0.000000,0.000000,0.978843
3728.526068,344.831001,-14165.931495,41.174422,3.921566,-157.396520,0.000000,0.000000,0.000000,0.826292
-23484534.067267,11872173.262417,5698405.546160,-260939.522091,131913.063431,63315.618315,0.000000,0.000000,0.000000,1.161362
-390460022.189728,-131983167.423896,117174181.877667,-4338444.874679,-1466479.629957,1301935.355528,0.000000,0.000000,0.000000,1.090252
31.790140,76.862700,-244.807119,0.253546,0.851507,-2.739754,0.000000,0.000000,0.000000,1.169779
369479037104380.312500,3684292419606611.000000,-2060073586770513.000000,4105322634492.853516,40936582440072.546875,-22889706519672.039062,0.000000,0.000000,0.000000,1.075259
72.274788,37.567155,-18.018951,0.447956,0.451783,-0.223644,0.000000,0.000000,0.000000,0.824259
-45436.153960,-76573.611651,-6657.686862,-505.149935,-850.894120,-73.973760,0.000000,0.000000,0.000000,0.962516
35588402.101437,11590262.754514,-75967939.152578,395426.471427,128780.689926,-844088.207667,0.000000,0.000000,0.000000,1.199109
9742.075064,-30361.843146,-29255.564395,108.166382,-337.286344,-325.060877,0.000000,0.000000,0.000000,0.923813
48308.576311,-101292.790347,-25537.707869,538.448527,-1129.315927,-284.703757,0.000000,0.000000,0.000000,1.146033
-66699.703898,-20068.773466,-29210.041429,-741.232315,-222.933112,-324.556667,0.000000,0.000000,0.000000,0.909728
10476198.684040,-2467742.786371,26434607.670597,116401.961929,-27419.362118,293717.863494,0.000000,0.000000,0.000000,0.994752
67.538307,-60.601654,-70.214087,0.481991,-0.613991,-0.801687,0.000000,0.000000,0.000000,1.092672
161.793097,1.623295,22.932032,1.527384,0.150850,0.246177,0.000000,0.000000,0.000000,0.917199
-13797.123707,-2799.410245,-1207.011806,-153.558663,-31.224238,-13.405696,0.000000,0.000000,0.000000,0.970720
-2959.922706,-281.199705,11508.274587,-33.140132,-3.034186,127.866545,0.000000,0.000000,0.000000,1.009326
4770443.299620,1936334.766831,-1784485.503335,53004.826687,21514.892716,-19827.619904,0.000000,0.000000,0.000000,0.820667
2027.312625,3102.584456,68.465148,22.336373,34.470487,0.764065,0.000000,0.000000,0.000000,1.157497
-1390.712060,4023.219395,259.142347,-15.658244,44.627577,2.876580,0.000000,0.000000,0.000000,1.095574
-919591.758093,50961.462815,-79922.703818,-10217.893531,566.239579,-888.027999,0.000000,0.000000,0.000000,0.984745
-6139307.121448,983515.236340,-2831099.545202,-68214.710657,10927.864513,-31456.665042,0.000000,0.000000,0.000000,1.051727
-7.327707,39.558102,-33.354185,-0.195378,0.447933,-0.387311,0.000000,0.000000,0.000000,1.135512
334115650.721142,-705857747.242911,-764055848.783934,3712395.928736,-7842863.884529,-8489509.431881,0.000000,0.000000,0.000000,0.965913
3232.840054,6307.598789,-1128.525135,35.663891,70.040043,-12.533980,0.000000,0.000000,0.000000,0.878008
1186992.103108,3896367.722895,-1833780.070855,13188.609902,43292.905367,-20375.333166,0.000000,0.000000,0.000000,0.923908
7.120539,46.200532,50.418731,-0.020524,0.505364,0.583101,0.000000,0.000000,0.000000,0.969764
-119353.711587,-43824.969551,-20609.794118,-1326.354348,-486.932778,-228.994010,0.000000,0.000000,0.000000,0.944591
101.032185,-91.452263,-208.138356,0.866535,-0.955575,-2.354830,0.000000,0.000000,0.000000,0.809814
17.844879,73.909104,-98.299248,0.004893,0.958689,-1.124587,0.000000,0.000000,0.000000,1.155113
1213.571991,-1166.719653,906.926853,13.232743,-12.832430,10.073965,0.000000,0.000000,0.000000,1.029983
5154.195673,2837.073119,22638.572446,57.059824,31.605838,251.539582,0.000000,0.000000,0.000000,0.835258
-29474.902835,6838.608657,-23090.994690,-328.328217,76.094113,-257.132308,0.000000,0.000000,0.000000,1.066468
4304.959665,705.701265,11314.969327,47.655307,7.894291,125.717291,0.000000,0.000000,0.000000,1.169296
705570862.710510,617726770.990259,250749688.576065,7839676.021106,6863630.764583,2786107.648340,0.000000,0.000000,0.000000,1.119005
-1258.213081,-898.716086,-1541.652814,-14.240524,-10.057771,-17.238685,0.000000,0.000000,0.000000,1.038952
-371.999672,-3082.201336,77.873282,-4.383831,-34.108926,0.862033,0.000000,0.000000,0.000000,1.176150
-9694086.441169,281958135.636593,89543266.715916,-107712.240889,3132868.057900,994925.186764,0.000000,0.000000,0.000000,0.902790
2981756.297861,729696.037307,1254108.972013,33130.391434,8107.733425,13934.546984,0.000000,0.000000,0.000000,1.051618
-36323766.524894,185885692.694297,82632305.748435,-403597.601579,2065396.573598,918136.725579,0.000000,0.000000,0.000000,0.905255
40.349068,99.405187,-43.297450,0.075415,1.149311,-0.490796,0.000000,0.000000,0.000000,0.893379
-99.216359,-4.989348,-86.357085,-1.016104,0.073398,-1.119663,0.000000,0.000000,0.000000,1.000914
168239776.385231,-34553933.698200,-84761233.900684,1869330.612651,-383932.613942,-941791.486399,0.000000,0.000000,0.000000,0.982572
-377.040100,147.370614,-1125.279487,-4.392385,1.580855,-12.498215,0.000000,0.000000,0.000000,1.056024
-331113.397182,-300493.006380,-534346.538603,-3704.053661,-3361.258901,-5977.021965,0.000000,0.000000,0.000000,0.809312
29469629517.802071,-7565710602.493074,-28665865157.550896,327440327.757520,-84063451.150615,-318509612.861072,0.000000,0.000000,0.000000,1.158956
-9.064959,173.154473,482.145844,-0.288127,1.919609,5.354279,0.000000,0.000000,0.000000,1.156830
93.479139,64.421313,17.335446,0.717165,0.816834,0.260828,0.000000,0.000000,0.000000,0.873434
84214.741777,-57532.302079,59710.811813,974.441900,-665.716499,691.116431,0.000000,0.000000,0.000000,1.153578
105.307097,-76.807714,-38.752938,0.817692,-0.935930,-0.466192,0.000000,0.000000,0.000000,0.970115
-733.746066,8270.812678,6933.915672,-8.404067,91.997380,77.044001,0.000000,0.000000,0.000000,0.894150
260.648154,935.861077,325.254372,2.738144,10.304967,3.612897,0.000000,0.000000,0.000000,1.177652
349.022931,-2313.762858,5148.355777,3.681421,-25.709954,57.244772,0.000000,0.000000,0.000000,1.171372
157.271561,4.987264,-145.377501,1.459964,0.048694,-1.685338,0.000000,0.000000,0.000000,1.036042
-26.612183,-106.099239,20.285970,-0.447995,-1.238604,0.222504,0.000000,0.000000,0.000000,0.920117
13.634615,-101.025815,-79.842262,0.061560,-1.165111,-0.905385,0.000000,0.000000,0.000000,1.041553
-17931.352378,17581.261593,-66408.023974,-199.519882,195.372464,-737.864045,0.000000,0.000000,0.000000,0.852513
-42.265142,-66.405987,-90.398878,-0.695359,-0.706482,-0.994214,0.000000,0.000000,0.000000,1.121206
-77864.294796,-22698.446052,6989.059195,-865.426942,-252.079155,77.656433,0.000000,0.000000,0.000000,1.015589
-106179.123141,-218663.122276,-16541.193030,-1179.987488,-2429.519519,-183.787724,0.000000,0.000000,0.000000,0.852184
-665752896253.903687,39517196533.683960,667913533729.519653,-7397254403.024995,439079961.575216,7421261485.886341,0.000000,0.000000,0.000000,1.041386
79.428262,45.833797,-28.772764,0.511899,0.573579,-0.337513,0.000000,0.000000,0.000000,0.842234
26193421884.816036,20780563624.304035,7102410685.731798,291038020.689633,230895151.276838,78915674.286216,0.000000,0.000000,0.000000,0.891092
22482.684043,10531.189395,-10930.996623,249.460723,116.925093,-121.456457,0.000000,0.000000,0.000000,1.156470
232.149240,-145.663877,80.385895,2.227905,-1.537169,0.899447,0.000000,0.000000,0.000000,0.940498
37484.179084,67430.514076,-249442.133019,416.292288,749.224523,-2771.575430,0.000000,0.000000,0.000000,1.099871
1760.852288,-2879.367845,-450.997051,20.151476,-33.581440,-5.234885,0.000000,0.000000,0.000000,0.935047
-3346534970.941904,-3922549569.244087,1395595021.007272,-37183722.139861,-43583884.204069,15506611.348070,0.000000,0.000000,0.000000,1.082900
5822.535984,782.566846,-3501.545580,64.431722,8.574336,-38.901013,0.000000,0.000000,0.000000,1.048884
343063.269932,-142568.664467,-264958.262878,3819.969815,-1587.709629,-2950.536609,0.000000,0.000000,0.000000,1.160611
-175.653479,-217.708617,346.906422,-2.118921,-2.344884,3.861098,0.000000,0.000000,0.000000,0.880410
16930.259987,-15441.322597,18542.111192,187.890864,-171.409337,206.025210,0.000000,0.000000,0.000000,1.082227
-93.132716,1072.460657,-52.663011,-1.359626,12.213105,-0.462793,0.000000,0.000000,0.000000,0.888692
-19935246.149429,2228186.165805,43895172.473848,-221502.962811,24757.617513,487724.136084,0.000000,0.000000,0.000000,0.839384
-9740.470691,-1500.984994,1265.309352,-108.680296,-16.823448,14.096711,0.000000,0.000000,0.000000,1.170744
1690.058585,1940.801222,-3259.859247,18.477541,21.548528,-36.218793,0.000000,0.000000,0.000000,1.082462
62193188.942658,-37152317.524984,89143711.869785,691035.204802,-412803.523588,990485.683088,0.000000,0.000000,0.000000,1.158045
301987.315735,1143055.922281,316853.928204,3355.203221,12700.623586,3520.601346,0.000000,0.000000,0.000000,0.914463
-4585.134524,-3184.898667,-2454.938925,-51.223720,-35.359295,-27.271696,0.000000,0.000000,0.000000,0.975595
2192951.813827,1234134.329701,-920110.550015,24365.803597,13712.678316,-10223.446467,0.000000,0.000000,0.000000,1.006657
51021777.453761,-21650393.354100,7068911.696500,566908.418845,-240559.909408,78543.467657,0.000000,0.000000,0.000000,0.863205
-63.026796,38.687075,-58.473848,-1.056162,0.313325,-0.713740,0.000000,0.000000,0.000000,1.032604
-1696.272979,-2120.479175,5493.268555,-19.053079,-23.579849,61.034167,0.000000,0.000000,0.000000,1.136900
-14155461.144667,26928789.146402,17485038.759439,-157283.134955,299208.762524,194278.203327,0.000000,0.000000,0.000000,1.181825
959089.394683,-11129756.659540,15718271.218180,10656.314567,-123663.963329,174647.452805,0.000000,0.000000,0.000000,1.109992
-53.264164,-304.374470,856.592097,-0.759212,-3.279934,9.515587,0.000000,0.000000,0.000000,1.163210
1367.077238,3702.512127,344.888529,14.892086,41.273173,3.829088,0.000000,0.000000,0.000000,0.924382
76.378234,7.799597,-94.784387,0.636246,0.195427,-1.089989,0.000000,0.000000,0.000000,0.973842
-2148.870207,613.293006,1719.542782,-24.223862,6.857837,19.197012,0.000000,0.000000,0.000000,1.174824
-55508595.690763,15337038.105574,10536176.423262,-616762.394737,170411.539996,117068.628700,0.000000,0.000000,0.000000,0.819035
36573728.396282,101339300.449079,-62362972.297809,406374.667254,1125992.174973,-692921.915030,0.000000,0.000000,0.000000,0.849943
-628225.169719,185527.063286,88010.362620,-6980.510305,2061.398974,977.889591,0.000000,0.000000,0.000000,0.976608
257164.071606,410114.499959,14429.845812,2857.100936,4556.847497,160.329973,0.000000,0.000000,0.000000,1.013698
193346.407479,86342.751215,432923.863337,2150.472409,960.498047,4815.609473,0.000000,0.000000,0.000000,1.067462
-545.247419,-389.863393,202.829006,-6.330462,-4.277577,2.255368,0.000000,0.000000,0.000000,1.114062
-2584.880557,-3967.606457,1554.716855,-28.908592,-44.241675,17.296920,0.000000,0.000000,0.000000,1.066148
-1584.648882,1565.534039,16440.941556,-17.939919,17.428567,182.675875,0.000000,0.000000,0.000000,0.817497
-5237120.613097,2507042.996272,-2968945.926242,-58190.527005,27856.020388,-32988.291305,0.000000,0.000000,0.000000,0.983076
-393664.884935,56836.425296,625628.136700,-4374.336332,631.543501,6951.418874,0.000000,0.000000,0.000000,1.197002
10.379382,-8.957826,-0.094944,-0.219329,-0.226253,0.024825,0.000000,0.000000,0.000000,0.942361
51.154729,67.693393,-66.351181,0.223936,0.800490,-0.733970,0.000000,0.000000,0.000000,1.104817
65581.736197,14523.224171,52449.346387,728.464086,161.337950,582.768236,0.000000,0.000000,0.000000,1.156099
163.696339,-256.557474,-72.783347,1.647963,-2.893559,-0.811187,0.000000,0.000000,0.000000,0.836249
186.664914,565.774573,264.805100,1.799696,6.272748,2.949538,0.000000,0.000000,0.000000,0.906427
8785.024934,13853.396383,15396.952602,97.417221,153.945547,171.078055,0.000000,0.000000,0.000000,0.936325
37739.779238,17242.619769,3075.006749,419.047920,191.604935,34.166554,0.000000,0.000000,0.000000,0.962051
-143400.330321,-375705.339218,46965.960161,-1593.554176,-4174.477861,521.844775,0.000000,0.000000,0.000000,1.075549
1585.137227,2056.184200,-951.136349,17.306642,22.752375,-10.564658,0.000000,0.000000,0.000000,1.034069
-24319.845056,-177509.947326,-19966.730550,-271.005554,-1976.745760,-222.325319,0.000000,0.000000,0.000000,1.176354
60052.434960,22665.372284,15774.737676,667.083946,251.886513,175.276513,0.000000,0.000000,0.000000,1.024877
267.005830,60.040007,-230.858180,2.689823,0.629865,-2.576516,0.000000,0.000000,0.000000,0.982953
5764.196289,8645.183737,-5372.003708,63.802927,96.118386,-59.684145,0.000000,0.000000,0.000000,1.150424
18.820990,-295.937706,-229.288495,0.076543,-3.185260,-2.542643,0.000000,0.000000,0.000000,1.126163
-101181968.053034,2259829.413915,92275856.706619,-1124244.299021,25109.255434,1025287.297637,0.000000,0.000000,0.000000,0.844411
-9579.197649,-17941.534618,-109741.265404,-106.702057,-199.206684,-1219.346277,0.000000,0.000000,0.000000,1.036014
-142349.669029,-454450.177052,32398.600647,-1581.938030,-5049.423062,359.982848,0.000000,0.000000,0.000000,1.043285
58693.448307,960971.474616,-2202616.265338,651.905709,10677.470727,-24473.513371,0.000000,0.000000,0.000000,0.988348
3446700.850864,5175943.421260,3089599.830108,38296.426933,57510.466919,34328.884669,0.000000,0.000000,0.000000,1.014765
470.277622,115.879115,222.832569,4.883895,1.251982,2.481324,0.000000,0.000000,0.000000,1.127865
12151654.519311,-7550920.597228,-317728.793996,135018.097001,-83899.220399,-3530.322506,0.000000,0.000000,0.000000,0.837587
-192955.849217,-203155.037971,-18321.082221,-2187.624574,-2303.376512,-207.733043,0.000000,0.000000,0.000000,1.198040
-1151.211615,-558.000854,-513.850636,-12.915586,-6.171057,-5.704481,0.000000,0.000000,0.000000,0.872062
107159.617552,-148810.262544,1269.844271,1190.539906,-1653.437593,14.110508,0.000000,0.000000,0.000000,0.835567
7308.705418,88638.899082,125727.627709,80.898079,984.734907,1396.969859,0.000000,0.000000,0.000000,1.050494
-16.833039,49.362178,-96.169854,-0.256381,0.525066,-1.060641,0.000000,0.000000,0.000000,0.896114
23.601204,32.850025,483.154950,0.063693,0.510886,5.363100,0.000000,0.000000,0.000000,1.006687
-8991.533286,4044.601825,2632.716703,-100.116981,44.956268,29.253587,0.000000,0.000000,0.000000,1.052623
1467.202446,-8578.850180,750.164034,16.131310,-95.323672,8.330773,0.000000,0.000000,0.000000,0.972416
-3608.574618,-6405.901154,-8071.242585,-40.323738,-71.193493,-89.677107,0.000000,0.000000,0.000000,0.927088
212.694123,295.909310,-758.506986,2.259392,3.379658,-8.427228,0.000000,0.000000,0.000000,1.063849
-1354336916.781052,556432979.446363,569193364.880775,-15048188.288050,6182588.678193,6324370.720624,0.000000,0.000000,0.000000,0.814390
419.903413,154.320867,-711.302745,4.362653,1.725315,-7.915557,0.000000,0.000000,0.000000,1.084872
-222271.149844,-419625.352920,-1217222.005543,-2525.744801,-4768.266306,-13832.062637,0.000000,0.000000,0.000000,1.102768
15.649793,219.626271,-77.505866,-0.149778,2.450187,-0.860218,0.000000,0.000000,0.000000,0.823580
-51235.237513,-74519.427359,1586.056465,-569.644618,-828.062498,17.627050,0.000000,0.000000,0.000000,1.162363
-1512583.979542,-1660180.750766,-390832.133206,-16806.732818,-18446.478544,-4342.577751,0.000000,0.000000,0.000000,0.821384
7652261.769920,120564.622002,-2901633.449361,85119.566470,1341.127435,-32276.231379,0.000000,0.000000,0.000000,0.876243
-3877636.085118,-5807220.377267,-3467569.882700,-43085.092798,-64524.683726,-38528.554989,0.000000,0.000000,0.000000,0.903588
8383.938409,32810.357879,17730.078348,92.933782,364.712825,197.003547,0.000000,0.000000,0.000000,0.992565
-54202.873469,101068.693110,72813.926202,-602.487899,1122.955528,809.039611,0.000000,0.000000,0.000000,1.050501
-55295144.858333,-50137162.582990,-33591055.686505,-614390.727417,-557079.727364,-373233.955647,0.000000,0.000000,0.000000,1.126806
-111410.106881,-348116.784650,169343.838202,-1238.156806,-3867.988208,1881.597038,0.000000,0.000000,0.000000,0.896502
3720134716.567496,4360665199.851508,-1551492485.633387,41334829.942293,48451835.451044,-17238805.391846,0.000000,0.000000,0.000000,0.974140
10076818.154903,-2955250.503347,1245413.712557,111964.408300,-32836.116702,13837.927862,0.000000,0.000000,0.000000,0.913226
310827465452.963989,-233761221716.528320,-702635813260.212402,3453638504.757108,-2597346907.979971,-7807064591.781789,0.000000,0.000000,0.000000,0.945531
3128.847696,-2249.449397,-1409.067308,34.459548,-24.913255,-15.655005,0.000000,0.000000,0.000000,1.186926
-102973971.160667,-971654.207409,-79073257.130815,-1144155.547149,-10796.160831,-878591.740364,0.000000,0.000000,0.000000,0.962127
69448.381582,20228.342583,-6317.452822,771.375614,224.883717,-70.193252,0.000000,0.000000,0.000000,1.140163
1442.299677,3352.339666,9235.422454,15.862371,37.241698,102.610909,0.000000,0.000000,0.000000,1.033141
40.921877,-13.695721,-77.650561,0.172827,-0.091580,-0.837133,0.000000,0.000000,0.000000,1.136733
1892.763085,467.393519,957.306606,20.889417,5.102457,10.634132,0.000000,0.000000,0.000000,1.114637
1822.286761,5444.017094,8043.404604,20.119168,60.972143,90.076706,0.000000,0.000000,0.000000,1.038443
87.532821,-0.817885,-5.802475,0.619113,0.052764,-0.059105,0.000000,0.000000,0.000000,1.193953
-262.710148,-981.092039,-1086.151547,-3.276696,-11.010531,-12.150905,0.000000,0.000000,0.000000,1.192625
-5475.588929,8658.698484,-8606.507593,-60.923258,96.119834,-95.624863,0.000000,0.000000,0.000000,1.026543
644750.947462,-190464.185896,247896.816349,7163.672210,-2116.257487,2754.411476,0.000000,0.000000,0.000000,0.977905
-63598.079757,57160.580535,40777.848609,-706.771461,635.248818,453.087195,0.000000,0.000000,0.000000,1.157193
-342.895891,309.330504,2128.055432,-4.090627,3.343483,23.643651,0.000000,0.000000,0.000000,0.958091
-93.143008,-132.176867,-359.883965,-1.390941,-1.511523,-4.010118,0.000000,0.000000,0.000000,1.187200
36172.194446,162.013113,36315.600429,401.746354,1.786938,403.507622,0.000000,0.000000,0.000000,0.955924
84.077312,27.598207,-40.572258,0.717999,0.541942,-0.427196,0.000000,0.000000,0.000000,1.177776
9539.579029,2720.056070,6291.258132,105.820862,30.135201,69.978031,0.000000,0.000000,0.000000,0.943368
103550.866844,352939.512594,-10487.286612,1187.368992,4047.530077,-120.268215,0.000000,0.000000,0.000000,0.827079
9796433.210048,-292374593.343014,-93320965.449565,108849.088484,-3248606.706016,-1036899.614274,0.000000,0.000000,0.000000,0.870387
26.592222,123.247183,-5.042587,-0.075453,1.327037,-0.051658,0.000000,0.000000,0.000000,0.918610
69.761415,-126.859024,-82.700128,0.597947,-1.252397,-0.916174,0.000000,0.000000,0.000000,0.903879
-11215.555008,1131.903152,37152.818758,-124.858501,12.527549,412.807344,0.000000,0.000000,0.000000,0.895362
80268.814415,34003.405416,17202.926007,891.669087,377.825163,191.146577,0.000000,0.000000,0.000000,0.889664
-110.797758,35.579549,-68.739439,-1.292791,0.383428,-0.850509,0.000000,0.000000,0.000000,0.968999
-2477.097043,-1323.987638,272.833983,-28.048634,-14.792145,3.078020,0.000000,0.000000,0.000000,1.013257
29736944.595645,-40397428.130220,-121595131.458990,330410.113112,-448860.327150,-1351057.016598,0.000000,0.000000,0.000000,0.821278
901895.037209,-2799997.171395,1780588.661416,10020.715736,-31111.105637,19784.313595,0.000000,0.000000,0.000000,0.988740
-161602.570142,-574763.790614,-1466339.321910,-1795.677067,-6386.201161,-16292.656772,0.000000,0.000000,0.000000,0.961047
3.041359,-69.306188,-78.426680,-0.121242,-0.988544,-0.885596,0.000000,0.000000,0.000000,1.172275
30150639177.808514,18072508309.953526,-5060234209.438705,335007101.758114,200805647.908120,-56224824.547178,0.000000,0.000000,0.000000,1.068235
56.392179,-22.272602,-34.395775,0.095734,-0.180672,-0.447918,0.000000,0.000000,0.000000,1.141943
386.687983,7.081427,354.172670,4.045860,0.143845,3.932024,0.000000,0.000000,0.000000,1.138489
557079.306764,703043.132497,813684.849759,6189.621702,7811.660101,9040.941015,0.000000,0.000000,0.000000,0.949375
-2491.150499,-5743.484580,-10069.085726,-28.182594,-64.304547,-112.745574,0.000000,0.000000,0.000000,0.845823
493.950492,97.666597,-101.633104,5.257286,1.224677,-1.129766,0.000000,0.000000,0.000000,0.914110
-569885.812220,12556236.452414,-17565092.425860,-6339.247568,139668.947131,-195384.784029,0.000000,0.000000,0.000000,1.062392
-195562.441158,-87794.217054,-441249.306856,-2175.541924,-976.508587,-4908.226005,0.000000,0.000000,0.000000,1.046150
19551.905202,-5738.300286,-2490.763534,217.099015,-63.828968,-27.676172,0.000000,0.000000,0.000000,1.146327
182555.781508,250365.339100,156242.601057,2028.174962,2781.849057,1736.026658,0.000000,0.000000,0.000000,0.944161
76.255807,-51.531248,-61.614372,0.781469,-0.511109,-0.696343,0.000000,0.000000,0.000000,0.928885
228040.483085,30358.386992,-133021.171217,2533.580546,337.280374,-1478.012613,0.000000,0.000000,0.000000,1.154002
55.513138,-66.803283,-70.698632,0.246761,-0.739242,-0.756048,0.000000,0.000000,0.000000,0.901690
550.140782,6360.352464,941.033292,5.940917,70.657667,10.455024,0.000000,0.000000,0.000000,1.061761
-42.655424,-28.105889,6.830331,-0.782490,-0.392894,0.095997,0.000000,0.000000,0.000000,0.981113
2646642350.126369,5804306424.367477,-2813262474.691309,29407137.085070,64492293.667439,-31258471.943330,0.000000,0.000000,0.000000,1.003691
-19165.839773,5864.853519,301546.511314,-213.256160,65.122383,3350.514636,0.000000,0.000000,0.000000,0.854357
71.556851,-43.353872,-111.153262,0.594975,-0.361684,-1.284842,0.000000,0.000000,0.000000,1.171669
-78267.812308,-82100.314469,-92979.218431,-870.951540,-913.213225,-1034.255275,0.000000,0.000000,0.000000,0.809294
217636.587283,464977.563426,-170266.065424,2417.969376,5166.420469,-1891.847709,0.000000,0.000000,0.000000,1.177510
-177025.760293,522050.056963,-49638.949810,-1969.449301,5806.986824,-552.151194,0.000000,0.000000,0.000000,0.938571
1347351021.848024,1879645879.469230,4281074264.357666,14970566.691995,20884954.203403,47567491.823790,0.000000,0.000000,0.000000,0.965873
-9314541.418213,25138662.776389,130466019.664381,-103495.109422,279318.465366,1449622.438969,0.000000,0.000000,0.000000,0.806254
7456.997102,-1470.189195,12867.145915,82.735195,-16.458757,142.963111,0.000000,0.000000,0.000000,1.197061
-1399892.459082,-4244855.776840,-3381504.206080,-15554.629511,-47165.103455,-37572.267698,0.000000,0.000000,0.000000,0.972570
47655.151235,44528.606439,9561.152697,529.240499,494.787267,106.236015,0.000000,0.000000,0.000000,1.066617
-68762.474234,-40828.915386,-32757.067639,-764.170222,-453.785727,-363.966133,0.000000,0.000000,0.000000,0.827217
20570730.326537,7068775.139035,4702247.922063,228563.490585,78541.788195,52247.196805,0.000000,0.000000,0.000000,0.931572
1485223591.539715,2597574441.246268,-996809359.909999,16502484.062126,28861938.225542,-11075659.558541,0.000000,0.000000,0.000000,1.015864
42.548002,337.580459,274.251597,0.208504,3.709097,3.105929,0.000000,0.000000,0.000000,0.865683
-287758.386585,1745870.665143,1372742.021030,-3197.488587,19398.542910,15252.690486,0.000000,0.000000,0.000000,0.964410
-40581.862253,20064.996776,-73092.012038,-451.089332,222.991578,-812.130749,0.000000,0.000000,0.000000,0.921414
140714.124451,-77994.596968,76147.879446,1563.238448,-866.610297,846.083643,0.000000,0.000000,0.000000,1.165302
-14721.063191,23923.830456,279093.005945,-163.758512,265.913813,3101.029513,0.000000,0.000000,0.000000,1.147375
110.971192,-91.291160,-192.897419,0.945464,-1.132007,-2.232245,0.000000,0.000000,0.000000,0.905243
-38563.531521,6525.474748,1465.604269,-428.746871,72.464998,16.285725,0.000000,0.000000,0.000000,0.887778
25961.702543,86102.689772,-16219.183789,288.178635,956.611101,-180.209993,0.000000,0.000000,0.000000,0.882672
-692.800012,2857.920671,2023.370111,-7.846423,31.741796,22.477297,0.000000,0.000000,0.000000,0.929124
123.906592,214.346606,508.785934,1.186511,2.418474,5.648119,0.000000,0.000000,0.000000,0.872177
14769.397969,39378.570105,12529.127124,163.922913,437.581819,139.213511,0.000000,0.000000,0.000000,0.809480
1184333.772363,60971.330753,-1072496.677736,13158.929593,677.419451,-11916.631677,0.000000,0.000000,0.000000,0.852665
432.949855,312.667560,613.587304,4.431165,3.503869,6.816210,0.000000,0.000000,0.000000,0.818536
-4147.618205,981.080693,3241.119707,-46.404000,11.017048,36.007151,0.000000,0.000000,0.000000,1.140288
102413.340530,370783.810069,-166744.160126,1137.658007,4119.792212,-1852.712125,0.000000,0.000000,0.000000,0.833555
-53688.941358,113098.691953,28388.888428,-598.645439,1260.774234,316.483501,0.000000,0.000000,0.000000,1.027351
1208861759.084232,-509486101.237387,-523676126.971844,13431796.997338,-5660956.661914,-5818623.632452,0.000000,0.000000,0.000000,0.895092
-21322197938.121311,-16913453397.795732,-5779539055.238627,-236913310.674969,-187927260.078740,-64217100.613085,0.000000,0.000000,0.000000,1.094618
-9155.289833,-66352.043660,-197889.552515,-101.886678,-737.183774,-2198.773505,0.000000,0.000000,0.000000,0.964641
290392.642292,913979.759918,-141071.709746,3226.338796,10155.353512,-1567.466813,0.000000,0.000000,0.000000,1.088460
168.021067,385.477078,-392.204698,1.764982,4.344752,-4.360343,0.000000,0.000000,0.000000,0.872413
-119304.559419,-497822.720024,270015.404310,-1325.812584,-5531.362771,3000.168044,0.000000,0.000000,0.000000,0.891384
-1923.764995,3476.058108,411.265683,-22.838437,40.572575,4.827054,0.000000,0.000000,0.000000,0.814934
-1261747.082095,-64795.808633,1142237.688440,-14019.743523,-719.993053,12691.525191,0.000000,0.000000,0.000000,0.800565
-140269.002196,98815.530837,25745.882858,-1558.779156,1097.957536,286.059839,0.000000,0.000000,0.000000,0.851082
5675.108468,-36202.943432,-38858.361592,63.067414,-404.013631,-433.678423,0.000000,0.000000,0.000000,0.802055
-740460.580910,-722702.939197,-192906.796211,-8227.562927,-8030.022079,-2143.405010,0.000000,0.000000,0.000000,1.030139
53.951161,-1336.679812,-1920.734770,0.367768,-14.835771,-21.427325,0.000000,0.000000,0.000000,1.053327
-108.727364,245.505861,343.806125,-1.402330,2.874989,3.893587,0.000000,0.000000,0.000000,0.829351
38236.905399,-3635.019820,-17964.901246,424.542659,-40.313931,-199.609926,0.000000,0.000000,0.000000,1.191348
-8326930.042809,40090362.105972,1434856.215851,-92521.614190,445448.418052,15942.842835,0.000000,0.000000,0.000000,0.964997
37865309.466233,75610587.347287,124168547.536411,420725.387361,840117.504293,1379650.526751,0.000000,0.000000,0.000000,0.832471
-10883.947784,-1446.049993,13506.017169,-121.083344,-16.033302,150.063643,0.000000,0.000000,0.000000,0.859998
-1627.812892,1261.747524,1623.501927,-18.212491,13.924016,18.034267,0.000000,0.000000,0.000000,1.189759
4258.454442,892.395587,-2735.658418,47.013950,9.810653,-30.392967,0.000000,0.000000,0.000000,0.837812
299357778.883944,27213326.882389,656208112.401853,3326197.432836,302370.276855,7291201.246725,0.000000,0.000000,0.000000,1.195844
-3394.052542,-1641.381169,-21344.045442,-37.919472,-18.153779,-237.150551,0.000000,0.000000,0.000000,0.907600
56389427.392649,114943145.304402,-3235243.006652,626548.965624,1277146.060850,-35947.147135,0.000000,0.000000,0.000000,1.175978
-7148.941097,-4874.169042,1119.576899,-79.769294,-54.215235,12.438145,0.000000,0.000000,0.000000,0.918034
-83124.843559,56884.457826,-59084.220007,-962.355177,658.549041,-683.823455,0.000000,0.000000,0.000000,1.162965
-953465145.931524,-834703405.404146,-338792133.389634,-10594057.406537,-9274482.304967,-3764357.039560,0.000000,0.000000,0.000000,0.828171
7473491.642560,-36002619.177540,-1274407.229744,83038.626127,-400029.148726,-14160.084229,0.000000,0.000000,0.000000,1.074301
3592.362339,2829.888027,-1154.760497,39.679792,31.362349,-12.832325,0.000000,0.000000,0.000000,0.828123
-6742.749846,-12676.478064,17200.694514,-75.106087,-140.796873,191.113526,0.000000,0.000000,0.000000,0.945933
-13541.683991,-18007.729413,56056.170523,-150.635802,-200.030635,622.844961,0.000000,0.000000,0.000000,0.871053
-1175.040235,-119.780610,-960.602279,-13.239269,-1.258091,-10.675370,0.000000,0.000000,0.000000,1.006606
-103425.436688,-81754.034664,-67943.065167,-1154.582302,-912.572852,-758.272016,0.000000,0.000000,0.000000,0.891709
870.431600,627.588190,795.605830,9.732564,7.059128,9.008511,0.000000,0.000000,0.000000,0.802266
-40928162.055948,-26463138.282137,-51605069.669983,-454757.559658,-294034.879417,-573389.659000,0.000000,0.000000,0.000000,0.808057
110425.203310,-184148.753478,487425.744386,1226.763244,-2046.125388,5415.840411,0.000000,0.000000,0.000000,0.997179
-47.701010,-35.064158,-71.959948,-0.682682,-0.407993,-0.849842,0.000000,0.000000,0.000000,0.826401
150740879.119262,31726541.623156,-47177533.565787,1674898.394632,352517.171397,-524194.819433,0.000000,0.000000,0.000000,1.092000
-450.664178,-523.886539,497.826138,-5.332292,-5.763511,5.525468,0.000000,0.000000,0.000000,1.064843
-1643250.904559,4913516.995422,-17161831.200005,-18258.642176,54594.711874,-190687.011482,0.000000,0.000000,0.000000,0.822479
138334.881298,1129798.165771,-28008.298211,1536.777917,12553.267420,-311.199805,0.000000,0.000000,0.000000,1.009438
23954.989164,-3970.777626,16942.723566,265.893220,-44.244613,188.249777,0.000000,0.000000,0.000000,0.979089
11554.264392,17821.217941,-2430.584520,128.419752,198.493713,-27.062547,0.000000,0.000000,0.000000,1.066492
-3028.067644,-5383.555818,-1911.573803,-33.966241,-59.873575,-21.240603,0.000000,0.000000,0.000000,0.981742
-303378289948.829651,228158987273.471313,685796704450.526978,-3370869888.595730,2535099858.575141,7619963382.780657,0.000000,0.000000,0.000000,0.968748
-48958.071945,-60327.352332,19195.489768,-544.288369,-670.303431,213.285258,0.000000,0.000000,0.000000,0.983512
396009818.772865,110358456.719152,-85738046.557055,4400108.911490,1226205.081966,-952644.959723,0.000000,0.000000,0.000000,1.084388
-418042902.515484,-346023735.491212,84396277.554103,-4644921.369447,-3844708.165840,937736.420668,0.000000,0.000000,0.000000,0.873257
-1755.381022,16354.678043,124762.319359,-19.817296,181.715901,1386.246779,0.000000,0.000000,0.000000,0.816476
-922.586786,691.066738,774.464351,-10.525550,7.600179,8.626084,0.000000,0.000000,0.000000,1.047589
-307510.593224,-968163.328403,152246.209959,-3417.029229,-10757.343512,1691.620563,0.000000,0.000000,0.000000,1.027319
2730.300358,-1038.822793,-1374.479566,30.097188,-11.421057,-15.270283,0.000000,0.000000,0.000000,1.173960
13344.273014,8859.943520,4156.775915,148.011021,98.506320,46.188466,0.000000,0.000000,0.000000,1.044913
1.578259,53.016267,-2.236596,-0.219827,0.518558,0.024482,0.000000,0.000000,0.000000,0.914418
-2987.292940,21181.668781,17780.694958,-33.575008,235.356940,197.558118,0.000000,0.000000,0.000000,1.174704
21691797.654679,2991020.766750,5386082.426760,241019.644981,33233.582141,59845.360083,0.000000,0.000000,0.000000,0.964197
-70076.014301,10153.776443,131361.100892,-778.860301,112.681624,1459.564142,0.000000,0.000000,0.000000,0.803833
234990.787942,11027.337201,-35309.002994,2610.760162,122.476232,-392.318311,0.000000,0.000000,0.000000,0.974165
4183.608971,806.804382,-3401.451107,46.265081,8.928597,-37.788534,0.000000,0.000000,0.000000,1.077810
815895867.971439,-733400929.149857,-1012113849.631839,9065509.320184,-8148899.172265,-11245709.441006,0.000000,0.000000,0.000000,1.142695
58724.597136,-121581.003223,-15161.990586,653.668658,-1353.979488,-168.855913,0.000000,0.000000,0.000000,0.969278
-30016399.639287,27901590.465321,-18352346.441078,-333515.766855,310017.663289,-203914.956467,0.000000,0.000000,0.000000,1.019335
3455.851696,1167.669812,1126.984773,38.260127,12.868000,12.521869,0.000000,0.000000,0.000000,1.190436
-124.253560,141.861079,75.936901,-1.645872,1.433836,0.841916,0.000000,0.000000,0.000000,1.094258
7654.030613,11559.667360,-30423.881581,84.793984,128.585418,-338.040043,0.000000,0.000000,0.000000,0.907879
28298.882209,81163.049481,143793.598136,314.260038,901.836642,1597.704386,0.000000,0.000000,0.000000,0.928088
-61862.902306,-27107.535790,-20593.084366,-687.526248,-301.143814,-228.808937,0.000000,0.000000,0.000000,0.958425
-222661504.924348,-3943607247.885947,-6246270519.931381,-2474016.938866,-43817858.316740,-69403005.774496,0.000000,0.000000,0.000000,1.021077
-95.834210,969.859444,-509.249714,-1.265441,10.669103,-5.663056,0.000000,0.000000,0.000000,0.887687
-1665.888042,-2147.080888,894.521466,-18.811870,-23.945571,9.940282,0.000000,0.000000,0.000000,0.970445
-119.534361,-414.308030,-681.787777,-1.576790,-4.717545,-7.632140,0.000000,0.000000,0.000000,0.988023
1069536.720367,1169429.102001,271337.706175,11883.494519,12993.628021,3014.864233,0.000000,0.000000,0.000000,1.172336
5513.608548,3097.083951,-3258.252585,61.003799,34.307817,-36.198483,0.000000,0.000000,0.000000,1.017928
-155.054307,3.571073,30.647956,-1.958929,0.143208,0.343226,0.000000,0.000000,0.000000,0.873146
-118209733.929818,187311585.541077,-66349257.600345,-1313441.717478,2081239.837599,-737213.967990,0.000000,0.000000,0.000000,0.818163
375.833402,1123.629489,-1262.521740,3.956079,12.426943,-14.025275,0.000000,0.000000,0.000000,1.022176
-76.043775,1444.255947,800.892238,-1.090152,15.997863,8.904234,0.000000,0.000000,0.000000,0.982968
3940.376949,-1090.263307,-3197.233244,43.457566,-11.996804,-35.526304,0.000000,0.000000,0.000000,1.031078
-7478.335845,-187383.521478,103995.276600,-83.347191,-2082.073231,1155.505277,0.000000,0.000000,0.000000,1.164925
-464.009775,-8235.249383,-8713.181180,-5.313755,-91.511369,-96.810671,0.000000,0.000000,0.000000,0.831382
257.017336,-264.333592,-185.347692,2.512255,-2.862737,-2.055529,0.000000,0.000000,0.000000,1.087354
51.552665,-140.405560,-196.433664,0.405758,-1.784120,-2.413073,0.000000,0.000000,0.000000,0.989456
874356080.036732,10249974402.886442,-9959339380.684935,9715067.246358,113888604.336667,-110659326.450702,0.000000,0.000000,0.000000,1.103315
-163737301.401405,33625360.871404,82468758.999311,-1819303.582582,373615.103006,916319.544616,0.000000,0.000000,0.000000,1.009699
-85004.437676,-154705.661268,-92215.020274,-944.707303,-1718.835387,-1024.605808,0.000000,0.000000,0.000000,0.923912
-99.253599,65.156209,-58.362782,-1.268383,0.693973,-0.644323,0.000000,0.000000,0.000000,1.013365
1061744.138785,-5530702.916026,-291798.033064,11796.939891,-61452.272427,-3242.201682,0.000000,0.000000,0.000000,1.125743
-2.125564,9.111803,-53.275311,-0.411495,0.168674,-0.604125,0.000000,0.000000,0.000000,1.192228
-74.325251,3847.991265,-3519.501216,-1.026511,42.783028,-39.102640,0.000000,0.000000,0.000000,0.911578
-149711223.691305,-31638746.540879,46762935.120520,-1663458.300697,-351541.585439,519588.165169,0.000000,0.000000,0.000000,1.099672
-39682.502182,39925.226070,24587.324822,-441.140571,443.603739,273.188301,0.000000,0.000000,0.000000,0.818657
-2138.667811,-657.754446,-2227.980125,-23.939491,-7.269328,-24.751100,0.000000,0.000000,0.000000,0.883056
78.976053,203.921401,161.604068,0.744333,2.361607,1.792629,0.000000,0.000000,0.000000,1.151102
3185.960246,-598.279346,-3631.437329,35.177343,-6.721847,-40.346497,0.000000,0.000000,0.000000,1.003370
603600.585010,5869599.169471,3468968.089426,6706.466628,65217.803116,38544.084473,0.000000,0.000000,0.000000,1.075824
-487.401096,-218.325061,458.850793,-5.551290,-2.430155,5.094713,0.000000,0.000000,0.000000,0.806125
-151446732.745519,1587174.416172,325522295.159794,-1682741.670585,17635.211124,3616914.389872,0.000000,0.000000,0.000000,0.827612
1816.699773,-296.974604,430.951300,20.000751,-3.267527,4.787153,0.000000,0.000000,0.000000,1.144365
4112.099976,-6316.474013,-5123.742316,46.499616,-71.586966,-58.146453,0.000000,0.000000,0.000000,1.032040
-1553224.061112,1301561.602306,78013.495069,-17258.185432,14461.789760,866.820185,0.000000,0.000000,0.000000,1.072494
11621151265.477615,1011334481.876298,-3170258777.542528,129123902.715803,11237049.963409,-35225097.530226,0.000000,0.000000,0.000000,0.824393
-628.684679,37.708889,-115.303121,-7.508695,0.361161,-1.312301,0.000000,0.000000,0.000000,1.118345
1131657.399843,1953462.404145,-1339407.452144,12573.629467,21705.108812,-14882.307813,0.000000,0.000000,0.000000,0.880674
-6907.632666,-10423.884726,126865.549595,-77.064107,-115.975851,1411.172914,0.000000,0.000000,0.000000,0.942182
80966293.249315,105069716.640722,-290081692.079030,899625.299025,1167441.281241,-3223129.914279,0.000000,0.000000,0.000000,1.078415
-7569211347.377179,-33124678363.864525,-48990470838.526321,-84102348.500207,-368051981.829214,-544338564.874998,0.000000,0.000000,0.000000,1.061641
389138.901864,-207549.456611,-18848.582929,4323.462145,-2306.105479,-209.429163,0.000000,0.000000,0.000000,1.072066
77692.498915,76870.114861,91214.629157,863.865695,855.086838,1014.616368,0.000000,0.000000,0.000000,0.831722
-4649.603557,5220.066231,-12973.128819,-51.892917,58.163393,-144.142776,0.000000,0.000000,0.000000,1.021611
-74.442162,-359.498228,-533.275749,-1.069658,-3.845066,-5.921369,0.000000,0.000000,0.000000,1.028821
-203574917.300711,230251663.880306,210798539.823244,-2261943.764256,2558351.830892,2342205.993209,0.000000,0.000000,0.000000,1.066508
14761845.403060,-679676.353410,-30323697.245368,164020.275377,-7551.965890,-336929.969090,0.000000,0.000000,0.000000,1.195953
6.095505,-49.336690,-19.762622,0.330302,-0.553450,-0.245819,0.000000,0.000000,0.000000,0.841150
2699.109264,-10748.787713,-3898.498854,29.868766,-119.469729,-43.312359,0.000000,0.000000,0.000000,0.850637
-2055.194587,-2273.128529,-639.252393,-23.106836,-25.347814,-7.109367,0.000000,0.000000,0.000000,0.936637
-279.235063,-321.208059,775.132152,-3.192488,-3.485815,8.608672,0.000000,0.000000,0.000000,0.906809
-17050.790153,17892.887148,-4054.981851,-189.655985,198.841120,-45.057476,0.000000,0.000000,0.000000,0.865894
199.690589,490.594562,-353.550898,1.985239,5.505796,-3.925163,0.000000,0.000000,0.000000,0.987967
-127.672440,329.786451,-360.193746,-1.492392,3.628649,-4.000323,0.000000,0.000000,0.000000,1.043584
812542.366021,5616675.885072,1999364.075762,9027.979823,62407.384258,22215.156881,0.000000,0.000000,0.000000,1.044146
-477131870.632176,-208690341.530255,-202008923.727352,-5301465.479111,-2318781.467489,-2244543.591518,0.000000,0.000000,0.000000,0.920562
176.193853,-55.104023,625.634878,1.734011,-0.546448,6.947603,0.000000,0.000000,0.000000,1.040714
-63.104584,88.239758,-241.305956,-0.857449,1.089334,-2.726996,0.000000,0.000000,0.000000,0.811833
-77626730.581196,24845492.496297,6905348.423564,-862519.464635,276061.001667,76726.091669,0.000000,0.000000,0.000000,0.957313
-319036.050976,75836.977246,662344.076214,-3545.088848,842.634863,7359.375250,0.000000,0.000000,0.000000,1.095972
-74341104.723091,87210078.546378,81064507.527275,-826012.496944,969000.850366,900716.750259,0.000000,0.000000,0.000000,0.959278
69.753082,125.369833,-7.553986,0.442905,1.403096,-0.080886,0.000000,0.000000,0.000000,0.998823
260.687086,-11.005530,-1.015982,2.563922,-0.111656,-0.015327,0.000000,0.000000,0.000000,1.141906
-38.137280,-274.302258,-58.861390,-0.576274,-3.017724,-0.656607,0.000000,0.000000,0.000000,0.806500
51.095477,-56.366871,-43.915000,0.438329,-0.764104,-0.481959,0.000000,0.000000,0.000000,0.986759
35.041019,-88.238539,-64.482464,0.219052,-0.857216,-0.726777,0.000000,0.000000,0.000000,1.102423
1541916.904219,-4623481.984181,16153589.250044,17132.110946,-51371.942531,179484.323624,0.000000,0.000000,0.000000,0.873852
-355.690511,175.744853,-483.239697,-4.362878,2.194578,-5.553678,0.000000,0.000000,0.000000,0.812619
-1344989.515992,-4450708.707597,2107212.772450,-14944.518203,-49452.385035,23413.474665,0.000000,0.000000,0.000000,0.807618
-4867.633147,2130.642347,2770.701612,-54.299008,23.635617,30.787802,0.000000,0.000000,0.000000,0.820576
2207.375318,4368.918262,-1840.553147,24.395130,48.483986,-20.467979,0.000000,0.000000,0.000000,1.027701
406.849961,-70.581294,-481.458161,4.279982,-0.863992,-5.345626,0.000000,0.000000,0.000000,0.934740
3060358248.898607,-5288956883.930676,16550644217.467352,34003980.333709,-58766187.591181,183896046.856118,0.000000,0.000000,0.000000,1.178723
-97734.905857,20455.372144,-1725.459041,-1086.170043,227.339573,-19.175276,0.000000,0.000000,0.000000,0.967271
63078608.040812,57194634.237896,38319321.126755,700873.191730,635495.791095,425770.229980,0.000000,0.000000,0.000000,0.987766
-1180818570.643038,-13842602048.602144,13449826663.216919,-13120206.649968,-153806689.567418,149442518.480230,0.000000,0.000000,0.000000,0.816974
9769829863596.537109,9199161982480.296875,-6122225567491.187500,108553665150.763229,102212910916.391998,-68024728527.675629,0.000000,0.000000,0.000000,1.133103
-371675.474212,175842.509820,-1005.341968,-4130.026961,1953.803162,-11.171131,0.000000,0.000000,0.000000,1.091993
-875857.514210,-5931107.890951,-2124201.664575,-9732.018344,-65901.320990,-23602.239023,0.000000,0.000000,0.000000,0.988177
146.136203,209.783081,-90.183742,1.342474,2.383421,-1.001861,0.000000,0.000000,0.000000,0.817647
69761.548630,-10085.665653,-130950.048816,774.888038,-112.200724,-1454.999761,0.000000,0.000000,0.000000,0.806913
-11124176.556445,6912473.993612,290757.822706,-123602.245373,76805.162133,3230.639825,0.000000,0.000000,0.000000,0.914951
4060136636.755287,-1517251433.615951,3850888510.788201,45112629.084594,-16858349.256210,42787650.114656,0.000000,0.000000,0.000000,1.073302
-697604.473121,538765.985646,-1718699.689001,-7751.394875,5986.405503,-19096.662765,0.000000,0.000000,0.000000,1.114679
-234299.803202,1119202.211110,1588372.800629,-2603.423904,12435.641259,17648.585546,0.000000,0.000000,0.000000,0.813495
-3391.827196,-1116.337059,-2974.989565,-37.853361,-12.465590,-33.051763,0.000000,0.000000,0.000000,0.993904
-33137.645286,-19446.239998,-46456.870002,-368.415924,-215.911313,-516.182174,0.000000,0.000000,0.000000,0.811627
42.252749,54.553448,-59.376203,0.198794,0.776349,-0.685887,0.000000,0.000000,0.000000,0.971544
-105.148334,-133.709210,-327.568827,-1.513501,-1.601372,-3.668101,0.000000,0.000000,0.000000,0.828819
-99.711138,-211.765566,-228.280637,-1.410816,-2.317740,-2.533449,0.000000,0.000000,0.000000,0.843591
-17478208853.168495,-191371315.168679,7719164556.412318,-194202320.870156,-2126347.946960,85768495.075306,0.000000,0.000000,0.000000,1.009980
-2548230.232269,-108381.650291,619536.951667,-28313.915054,-1204.093779,6883.740958,0.000000,0.000000,0.000000,1.165896
-12364.736107,6448.265359,10740.274888,-137.601380,71.715888,119.336143,0.000000,0.000000,0.000000,1.173099
-63245.081404,-21341.859262,-8204.182866,-702.900811,-237.079506,-91.156006,0.000000,0.000000,0.000000,0.980241
13708700.793642,5063536.036046,-4566986.046622,152318.683720,56261.505918,-50744.292255,0.000000,0.000000,0.000000,1.049528
-812231383.142992,730107858.793294,1007569294.921045,-9024793.468736,8112309.581544,11195214.385820,0.000000,0.000000,0.000000,1.147849
-633530.100580,600234.980003,397139.143316,-7039.571504,6669.296536,4412.655463,0.000000,0.000000,0.000000,1.017479
-4514498928.526326,-985516258.356045,-16237559956.772148,-50161099.421919,-10950180.641907,-180417332.849567,0.000000,0.000000,0.000000,0.811464
8923.813948,-18838.131920,-5619.291759,98.991753,-209.316856,-62.435940,0.000000,0.000000,0.000000,0.816721
63928.159507,6412742.254446,-5240050.757098,710.094996,71252.616541,-58222.788206,0.000000,0.000000,0.000000,1.117804
-255038984.904927,335489147.589520,-261508260.106965,-2833766.706379,3727657.237503,-2905647.329196,0.000000,0.000000,0.000000,0.933819
-8608028706.598135,-1062295472.467123,-9401747227.032673,-95644763.613053,-11803283.030776,-104463858.078725,0.000000,0.000000,0.000000,0.945291
2786.313012,-2515.770177,-1251.133921,30.767589,-27.895835,-13.904585,0.000000,0.000000,0.000000,0.802871
-172467.476829,-1418058.660227,25668.571018,-1916.581110,-15756.248731,285.209770,0.000000,0.000000,0.000000,0.804158
2562013.270014,96852.234607,-597683.194470,28466.564573,1076.282566,-6640.926429,0.000000,0.000000,0.000000,1.159105
802718.783691,710028.862384,-1858133.243084,8918.713713,7889.193671,-20645.921866,0.000000,0.000000,0.000000,0.947227
-1886.257439,2552.920112,-5019.854483,-21.364570,28.591848,-56.227604,0.000000,0.000000,0.000000,1.178009
-303.308766,53.182607,-103.141918,-3.494088,0.537188,-1.143198,0.000000,0.000000,0.000000,0.804628
5443.950496,7404.980100,-105233.418173,60.328161,82.342640,-1170.568093,0.000000,0.000000,0.000000,1.123032
-2311081.953144,-1128056.079961,-1356229.790286,-25678.936753,-12534.058177,-15069.217437,0.000000,0.000000,0.000000,1.188309
22425042833.599525,13704800454.002554,-4539028726.139915,249167142.317667,152275560.637968,-50433652.514989,0.000000,0.000000,0.000000,1.051077
359.781414,-1295.442324,2265.684745,3.874314,-14.380898,25.169145,0.000000,0.000000,0.000000,0.835316
-23.996489,58.674584,-3.964912,-0.544953,0.598025,-0.019894,0.000000,0.000000,0.000000,1.077266
-2177956.548492,1180567.568462,2950070.025359,-24199.799412,13117.336228,32778.556634,0.000000,0.000000,0.000000,1.150362
488388.535190,188422.782936,-61139.478133,5426.302303,2093.594865,-679.324063,0.000000,0.000000,0.000000,1.104765
-572.472318,39.260955,-250.736480,-6.437102,0.362501,-2.782279,0.000000,0.000000,0.000000,0.862295
81394.027356,-462253.611404,-238892.594661,904.195308,-5136.099285,-2654.361585,0.000000,0.000000,0.000000,1.006393
-6902.922219,27628.174633,-39390.810491,-76.916025,306.964896,-437.670602,0.000000,0.000000,0.000000,1.078170
-444988.187227,-561750.825274,-650153.324688,-4944.459647,-6241.603676,-7223.924789,0.000000,0.000000,0.000000,1.188275
