x,y,z,vx,vy,vz,fx,fy,fz,mass
58954.712305,-32745.220292,-3050.280184,1966.235654,-1091.513390,-101.679743,0.000000,0.000000,0.000000,1.108544
1491913.575434,1986985.648525,-462025.963252,49731.061858,66232.923652,-15400.855392,0.000000,0.000000,0.000000,1.126065
-4450.820008,-7214.710558,-12030.705716,-147.733465,-240.551527,-401.007287,0.000000,0.000000,0.000000,0.994733
67523520.392017,99323439.864259,-113483619.347183,2250784.876914,3310780.975498,-3782787.298181,0.000000,0.000000,0.000000,0.822397
-22127513.627276,-22513739.366668,-27318857.185779,-737583.095297,-750457.988537,-910628.565884,0.000000,0.000000,0.000000,0.898558
-4548.157995,-3386.185641,4780.942643,-150.905772,-112.427604,159.348517,0.000000,0.000000,0.000000,0.846977
-47.363236,1.394651,-2.841630,-0.756448,-0.082352,-0.114828,0.000000,0.000000,0.000000,1.116249
30904082.597217,20245255.107192,-52212393.276650,1030136.975106,674841.788536,-1740413.111538,0.000000,0.000000,0.000000,1.187704
7123.885457,2360.773699,784.555469,237.857018,78.621478,26.153092,0.000000,0.000000,0.000000,0.950589
18974426.793755,-1392347432.284816,2539382683.135485,632481.752521,-46411581.437894,84646089.432965,0.000000,0.000000,0.000000,0.818971
-359.782204,-204.279374,492.731141,-11.675630,-6.798302,16.409953,0.000000,0.000000,0.000000,1.167247
2417.599889,-1362.530036,1889.851540,81.331309,-45.550376,63.209775,0.000000,0.000000,0.000000,0.972061
-1837.145163,2199.998634,-8933.055193,-60.599453,73.638548,-297.754538,0.000000,0.000000,0.000000,1.081818
4209669.866049,42671180.401834,29072054.961116,140322.978920,1422372.652360,969068.504432,0.000000,0.000000,0.000000,0.989544
6808.250537,-3380.912193,-10394.364146,227.424879,-112.780727,-346.466090,0.000000,0.000000,0.000000,1.158531
14120.668413,-15500.656477,-11666.195319,472.899980,-518.218641,-390.155440,0.000000,0.000000,0.000000,1.162612
-73.917405,-7.494088,53.463532,-4.187107,0.443577,3.150352,0.000000,0.000000,0.000000,0.916922
1284.980099,-11489.849954,-6034.256958,43.734136,-382.616954,-201.147604,0.000000,0.000000,0.000000,0.931872
-1564979.460221,-10782.203378,-687718.405545,-52165.321241,-359.428273,-22923.932570,0.000000,0.000000,0.000000,1.092022
-16.323418,19.831771,5.883431,-0.314510,0.854836,-0.026667,0.000000,0.000000,0.000000,1.076214
321.144972,-20.898757,-120.181195,11.091253,-0.599464,-4.003933,0.000000,0.000000,0.000000,0.867463
235.149437,194.985017,83.087486,8.249828,6.104620,2.762230,0.000000,0.000000,0.000000,0.990617
62408.466297,19645.140284,15306.451261,2080.791022,654.979569,510.225993,0.000000,0.000000,0.000000,0.852733
-93403797587.815811,-5141874698.120852,131860484878.265472,-3113459918.902810,-171395823.285772,4395349495.940047,0.000000,0.000000,0.000000,1.112751
494.850982,-360.273789,-542.284691,17.174556,-12.128642,-18.065396,0.000000,0.000000,0.000000,0.971706
-207462665.558237,-4547505348.321716,1947505440.919827,-6915421.557165,-151583511.603897,64916848.016750,0.000000,0.000000,0.000000,0.863572
-7307.879755,-3577.211347,804.011879,-246.587025,-120.725181,27.170273,0.000000,0.000000,0.000000,0.901633
-854.680891,670.873509,-2894.326246,-28.202079,22.546913,-96.466106,0.000000,0.000000,0.000000,1.076310
16513.407621,8757.737880,-3147.345410,551.428544,291.576036,-104.915292,0.000000,0.000000,0.000000,1.079740
-100.453755,2.460721,11.230415,-2.346980,0.065794,0.410992,0.000000,0.000000,0.000000,1.131573
146942.899924,1071187.145104,-185808.939841,4898.774006,35706.475496,-6193.617298,0.000000,0.000000,0.000000,0.949219
618753.252886,-388096.735898,-319362.944373,20625.574814,-12936.469149,-10645.422619,0.000000,0.000000,0.000000,1.028994
-801247.821297,397694.762272,2035948.122268,-26707.397891,13256.587576,67864.933213,0.000000,0.000000,0.000000,0.888145
82735.986112,121025.207371,49119.847416,2758.711113,4034.345353,1637.312436,0.000000,0.000000,0.000000,1.109194
-214406.863560,51489.681813,-117666.793390,-7146.350488,1716.301771,-3922.213791,0.000000,0.000000,0.000000,0.870110
-47.254585,-0.232203,10.968533,-0.725707,-0.044213,0.290122,0.000000,0.000000,0.000000,1.027614
3.550687,-0.945112,14.017105,0.852682,0.063993,0.399299,0.000000,0.000000,0.000000,0.878708
-8.375198,-35.985633,-13.130654,0.101815,-0.808766,-0.429982,0.000000,0.000000,0.000000,0.932374
632.307665,-280.658063,-2738.265365,21.766791,-9.692793,-91.264905,0.000000,0.000000,0.000000,0.950720
304664.369235,24599.721633,97719.292136,10155.965783,819.974565,3257.313026,0.000000,0.000000,0.000000,0.987029
-542.906453,-315.001683,212.937809,-17.142467,-10.092803,7.097353,0.000000,0.000000,0.000000,0.961445
-4697.833230,-1912.548435,-22940.365673,-155.963718,-63.765441,-764.683092,0.000000,0.000000,0.000000,0.803227
161034571.155433,-172589424.571546,-35338366.004956,5367819.722344,-5752980.828787,-1177945.530972,0.000000,0.000000,0.000000,0.945113
27.013174,40.308686,-125.145237,1.727228,1.490264,-4.157106,0.000000,0.000000,0.000000,0.965340
-2610.500179,-510.147968,3085.696645,-86.401365,-17.272856,102.847232,0.000000,0.000000,0.000000,1.008691
8874762.946918,54446630.769908,53330564.148130,295826.146385,1814887.693988,1777685.474663,0.000000,0.000000,0.000000,1.081289
-170926.883396,386432.714628,-82953.956812,-5697.147409,12881.219665,-2765.126309,0.000000,0.000000,0.000000,1.057274
-10145.756309,-30638.755250,64157.736201,-337.640090,-1021.256130,2138.577713,0.000000,0.000000,0.000000,1.011438
941.757920,1458.233622,1637.512167,33.614571,51.071116,56.683624,0.000000,0.000000,0.000000,0.948328
-24511.996786,100290.404364,-5570.521335,-816.637078,3342.878719,-185.692683,0.000000,0.000000,0.000000,0.807111
34737.552432,289429.099838,103577.317438,1158.123780,9647.532531,3452.580396,0.000000,0.000000,0.000000,0.979161
-50758.243337,-26682.989526,32242.723810,-1691.334683,-889.144955,1074.744913,0.000000,0.000000,0.000000,0.944154
374.782458,447.090171,-822.268930,13.536066,14.717879,-27.396034,0.000000,0.000000,0.000000,1.147512
8656.048272,-40470.834268,116715.478545,289.136284,-1348.782033,3890.519424,0.000000,0.000000,0.000000,0.814239
179814.303856,185612.801403,-443148.469708,5994.425755,6186.998158,-14771.602419,0.000000,0.000000,0.000000,1.163616
92.490789,-128.451608,97.644483,4.640578,-4.559407,3.568737,0.000000,0.000000,0.000000,0.831347
383.414310,-231.969228,-577.753023,13.391140,-8.081629,-19.258404,0.000000,0.000000,0.000000,1.001711
-567.332985,2494.230700,-3632.646637,-18.234045,83.581536,-121.078924,0.000000,0.000000,0.000000,0.914952
-183.082217,-257.452881,-304.142521,-6.046243,-8.804123,-10.392020,0.000000,0.000000,0.000000,0.946323
14083268.450541,-13508130.014226,-478482.997023,469443.143340,-450270.915386,-15949.417643,0.000000,0.000000,0.000000,0.867750
439.056969,-116.878551,-192.790145,15.658951,-4.062512,-6.424082,0.000000,0.000000,0.000000,1.115972
-837.597578,7836.300261,11705.631706,-27.426065,266.221077,398.146066,0.000000,0.000000,0.000000,0.837142
-19.724420,20.612555,26.755435,-0.277326,0.609711,1.152228,0.000000,0.000000,0.000000,1.199553
548.631422,1240.346154,555.453548,19.365093,41.401485,18.503513,0.000000,0.000000,0.000000,1.074319
-2533.026945,12231.530839,-520.874509,-83.809104,407.708590,-17.348634,0.000000,0.000000,0.000000,1.126542
-1468189.592197,-164364.066524,-1989589.672663,-48939.295390,-5478.617981,-66319.640328,0.000000,0.000000,0.000000,1.012272
-38.252321,13.257679,-76.900490,-0.378425,0.197996,-2.559061,0.000000,0.000000,0.000000,1.144267
-132.492270,-168.462392,-54.309855,-3.290129,-5.763765,-1.810054,0.000000,0.000000,0.000000,1.073443
36.859229,112.721243,-6.828632,1.642964,3.866889,-0.195474,0.000000,0.000000,0.000000,0.995503
-164.908341,-175.964763,-18.621712,-4.764090,-5.652500,-0.615596,0.000000,0.000000,0.000000,1.112735
205.789566,305.209792,-278.792473,7.936872,11.267020,-9.651138,0.000000,0.000000,0.000000,0.843669
-1719.341935,857.618193,-3615.805250,-56.667738,28.585724,-120.525240,0.000000,0.000000,0.000000,1.195338
-60179089.950488,-1387541471.034024,861958775.461396,-2005968.892210,-46251382.232316,28731959.193262,0.000000,0.000000,0.000000,0.886178
7293013.320312,34694801.315453,52094088.889140,243100.751915,1156493.673974,1736469.628640,0.000000,0.000000,0.000000,1.164964
554.121008,-1298.928825,-590.518284,18.892823,-43.663283,-19.678900,0.000000,0.000000,0.000000,1.142623
91.619622,-187.556531,183.093173,3.671353,-6.093538,6.119755,0.000000,0.000000,0.000000,0.942950
-10605.098341,61509.311618,37512.464600,-352.756651,2050.403673,1250.422698,0.000000,0.000000,0.000000,0.804799
-569709.025956,1149838.542945,861196.998216,-19053.260549,38455.768382,28802.582341,0.000000,0.000000,0.000000,0.954997
-87.087957,-132.932861,49.247530,-1.965162,-4.450259,1.639855,0.000000,0.000000,0.000000,1.103109
52435520.326828,34781159.709597,8786910.215586,1747851.507045,1159371.780740,292897.012573,0.000000,0.000000,0.000000,1.142902
636163.545850,-303396.254528,-1726858.251740,21206.310416,-10113.111035,-57561.935929,0.000000,0.000000,0.000000,1.041734
-22400.323474,-75841.734116,42115.296684,-745.526643,-2528.143817,1403.828987,0.000000,0.000000,0.000000,0.938065
-310.149652,-391.962218,-465.908532,-9.454890,-13.286921,-15.526711,0.000000,0.000000,0.000000,0.988095
-720.471094,-1401.283980,-987.171403,-23.201225,-46.699877,-32.893868,0.000000,0.000000,0.000000,0.905486
14962.384390,24014.424246,-14711.481508,499.561127,800.388289,-490.387289,0.000000,0.000000,0.000000,0.878215
-513.716289,-2138.323079,1624.266888,-16.300262,-71.334046,54.140166,0.000000,0.000000,0.000000,1.181118
419.751093,273.435535,-564.155202,14.297121,9.118508,-18.803651,0.000000,0.000000,0.000000,0.959298
-31.524198,29.542037,34.206804,-0.396707,0.540398,1.169711,0.000000,0.000000,0.000000,1.194278
167.026749,69.977021,-650.390173,6.001553,2.607422,-21.665589,0.000000,0.000000,0.000000,0.892655
-1306720.713106,-61432.359358,198960.741296,-43556.585304,-2047.796601,6632.016260,0.000000,0.000000,0.000000,0.983172
-98.889694,231.874720,193.886574,-2.484226,7.789246,6.466301,0.000000,0.000000,0.000000,1.050169
-1063720.187694,1903475.861308,-1690492.147452,-35456.651293,63449.170802,-56349.731710,0.000000,0.000000,0.000000,0.871078
-335.353342,-840.068722,252.725324,-10.515283,-28.098267,8.429448,0.000000,0.000000,0.000000,0.837749
61184364406.492134,-33389494166.504681,-142223035589.962036,2039478814.131351,-1112983138.676758,-4740767852.993640,0.000000,0.000000,0.000000,0.951689
450.831399,-62.880169,-1057.013471,15.568316,-1.774091,-35.218066,0.000000,0.000000,0.000000,0.950231
-68520.682533,-45305.227562,129701.114872,-2283.443420,-1510.126043,4323.372162,0.000000,0.000000,0.000000,0.871993
-84666.630913,-14235.253185,26427.743704,-2821.376555,-474.970053,880.910695,0.000000,0.000000,0.000000,0.852751
183250.538886,44579.835484,-111577.186152,6108.967796,1485.998117,-3719.224786,0.000000,0.000000,0.000000,1.147153
-10.120587,-4.254222,16.155793,0.266141,-0.054675,0.484420,0.000000,0.000000,0.000000,0.993805
-41.017410,-13.088770,10.248234,-0.274138,-0.286727,0.323001,0.000000,0.000000,0.000000,1.106077
3284.552772,325.007737,-205.182003,119.097617,11.335726,-7.436648,0.000000,0.000000,0.000000,0.946183
8164.224389,-54608.694542,938.288177,272.786226,-1820.296973,31.261527,0.000000,0.000000,0.000000,1.179822
-55558109649.958084,89859712397.306641,-107942480643.379822,-1851936987.889224,2995323746.624389,-3598082688.101539,0.000000,0.000000,0.000000,1.194290
-13.527995,-16.318326,16.793081,0.287087,-0.171013,0.366197,0.000000,0.000000,0.000000,1.180160
-139109.223416,-25779.914223,-51044.282946,-4699.049879,-870.785349,-1724.468454,0.000000,0.000000,0.000000,0.975946
-15.180764,0.879916,25.177441,0.886500,0.020585,1.121051,0.000000,0.000000,0.000000,0.824101
-1713.071796,2030.082838,2352.334420,-56.360033,67.578177,78.412369,0.000000,0.000000,0.000000,1.160362
194677517.303543,6890751.432538,-140004588.124891,6489251.347425,229691.322980,-4666819.601165,0.000000,0.000000,0.000000,1.024294
-9333.528411,292312.674219,26054.915944,-310.388585,9743.580282,868.483205,0.000000,0.000000,0.000000,0.874086
14801708.179531,21007413.010015,-1556526.222189,493390.946190,700247.077676,-51884.209797,0.000000,0.000000,0.000000,1.076029
81312.100270,133705.701495,505565.380297,2711.114974,4457.081863,16852.179899,0.000000,0.000000,0.000000,0.973946
5905.042528,17795.951382,-13068.657985,197.317438,592.898513,-435.606671,0.000000,0.000000,0.000000,1.064150
-528939.640986,-4240360.043673,1917171.218423,-17630.510653,-141345.402953,63905.717298,0.000000,0.000000,0.000000,0.923941
-8521.355551,-43984.909706,-44768.467775,-284.011270,-1470.987469,-1497.269721,0.000000,0.000000,0.000000,1.122373
220.480719,2515.863790,-244.241441,8.017556,84.589131,-8.248791,0.000000,0.000000,0.000000,1.071131
-121464.442972,-159008.112660,289437.732534,-4048.000420,-5300.275497,9647.921273,0.000000,0.000000,0.000000,1.071878
118103.267725,21939.770552,43303.033590,3990.548627,741.363803,1462.936240,0.000000,0.000000,0.000000,1.150206
-1.196858,-3.816626,25.960666,0.535366,0.218579,0.916393,0.000000,0.000000,0.000000,0.941464
1512028.215812,542597.253418,-235801.540352,50401.849964,18086.802890,-7860.037978,0.000000,0.000000,0.000000,0.941387
1083559.835921,3666081.859894,1198280.860736,36119.562368,122202.871422,39942.705613,0.000000,0.000000,0.000000,0.967605
875431.381735,300266.548752,-1298922.687856,29181.700056,10008.851462,-43297.407834,0.000000,0.000000,0.000000,1.026309
3974.964990,-936.173352,6.594454,133.370730,-31.439203,0.208208,0.000000,0.000000,0.000000,0.882430
-1256.568840,4827.037398,-1955.657738,-49.320928,192.643255,-78.321501,0.000000,0.000000,0.000000,0.993582
850.767998,770.314599,105.190554,28.769018,25.897063,3.653292,0.000000,0.000000,0.000000,1.078578
105942.497507,-38442.776924,48990.925914,3532.356150,-1281.136570,1633.017691,0.000000,0.000000,0.000000,1.011073
21584372456032.847656,50475848511646.015625,46770332766744.093750,719479081868.184570,1682528283721.425293,1559011092224.796631,0.000000,0.000000,0.000000,0.860433
-16.985345,-20.939011,41.157096,0.142368,-0.966535,1.510181,0.000000,0.000000,0.000000,0.817714
8986748.596598,323046124.571665,88332149.348079,299558.489299,10768204.092140,2944404.985217,0.000000,0.000000,0.000000,0.821193
884.186681,-1557.978008,541.355314,29.754357,-52.119700,18.048039,0.000000,0.000000,0.000000,1.096169
208.341432,-10.486017,271.643111,7.347078,-0.169637,9.283820,0.000000,0.000000,0.000000,0.984807
-384.161183,-150.692694,-289.137809,-11.936863,-4.623714,-9.623260,0.000000,0.000000,0.000000,1.022588
195.455080,226.853346,270.656308,6.857396,7.716529,9.212867,0.000000,0.000000,0.000000,1.196130
32506786.776992,21408920.976227,22050027.836265,1083560.233320,713630.724824,735000.916615,0.000000,0.000000,0.000000,0.879180
-1234381.532925,-4373993.326854,-15719072.934201,-41145.277245,-145800.205893,-523969.098583,0.000000,0.000000,0.000000,1.108554
723.962222,2338.227051,557.505696,24.985621,77.558772,18.578646,0.000000,0.000000,0.000000,1.056726
175284.704110,-29814.932895,7259.417849,5843.731946,-994.052904,241.978377,0.000000,0.000000,0.000000,0.886343
-295308.128998,70392.057637,-42196.610522,-9843.110539,2346.112104,-1406.546050,0.000000,0.000000,0.000000,1.186292
-42857.786202,-8168.836083,-31065.859478,-1428.065575,-272.077543,-1035.521252,0.000000,0.000000,0.000000,1.016252
78318.904640,11460.182188,-181533.314099,2611.252523,381.936704,-6051.107578,0.000000,0.000000,0.000000,1.054678
-75268248.467417,78204076.863868,47648898.034916,-2508940.949341,2606802.665621,1588296.589887,0.000000,0.000000,0.000000,1.098557
-782951432.095777,114829119.301644,418279981.159567,-26098380.436503,3827637.311583,13942666.023754,0.000000,0.000000,0.000000,1.112295
136581.362215,-217017.893178,-59757.403855,4553.470729,-7233.884419,-1991.910945,0.000000,0.000000,0.000000,1.155625
68787.052290,327135.173562,-24725.157332,2293.587511,10904.580678,-824.159268,0.000000,0.000000,0.000000,0.995605
-10.983005,5.738960,12.156688,-0.039839,-0.208066,0.369327,0.000000,0.000000,0.000000,0.925170
-1200.397315,141.056648,-1991.126635,-39.539075,4.481413,-66.365283,0.000000,0.000000,0.000000,0.822204
59.931480,-1221.380972,-363.844856,2.759109,-40.429654,-12.118395,0.000000,0.000000,0.000000,1.073643
148754.152269,184052.645004,-36916.322880,4959.001693,6134.960145,-1230.552129,0.000000,0.000000,0.000000,0.872427
-205769.429924,-39129.348406,26573.207590,-6858.352159,-1304.305056,885.787867,0.000000,0.000000,0.000000,1.061290
-5306.122615,-7858.112112,-1472.502843,-177.594189,-263.337697,-49.409376,0.000000,0.000000,0.000000,1.176053
-14021055.898051,10689281.558757,32626710.755969,-472088.684571,359908.258277,1098542.473537,0.000000,0.000000,0.000000,1.129608
-10661.355441,12341.552667,25241.881286,-354.544983,411.293596,841.394491,0.000000,0.000000,0.000000,1.112493
-924.720006,-827.221583,323.321750,-30.030576,-27.293584,10.760864,0.000000,0.000000,0.000000,1.071082
-140.605387,-128.996082,37.350145,-3.813882,-3.965018,1.229530,0.000000,0.000000,0.000000,1.075690
63.190737,-430.662752,398.839122,2.477111,-14.278827,13.278926,0.000000,0.000000,0.000000,1.097371
-204.846719,-235.909811,48.006438,-6.567725,-8.223986,1.606175,0.000000,0.000000,0.000000,1.191502
-2121824654.090625,-371266727.386092,-430894107.691272,-70727487.798083,-12375557.534721,-14363136.924605,0.000000,0.000000,0.000000,0.803348
18889.712386,64149.201526,-35605.619204,630.804343,2138.208695,-1186.861541,0.000000,0.000000,0.000000,1.108765
-22666.025103,-152943.301196,-116551.807943,-764.943580,-5166.735194,-3937.568151,0.000000,0.000000,0.000000,0.960094
-16.564076,142.242578,612.619240,-0.103856,4.598794,20.410486,0.000000,0.000000,0.000000,1.083925
-1172294.846210,-5982734.022583,224043.789055,-39075.998669,-199424.702127,7468.121756,0.000000,0.000000,0.000000,1.098847
-49.443295,11.150482,14.245242,-1.254880,0.196660,0.447899,0.000000,0.000000,0.000000,1.059239
111.766074,46.396969,-148.842418,4.302470,1.503776,-4.945202,0.000000,0.000000,0.000000,0.969303
879644.683296,-7058889.849557,-11830278.162290,29322.216166,-235295.952602,-394342.606057,0.000000,0.000000,0.000000,1.140464
-3.261704,9.725983,7.191000,0.210245,0.744378,0.206184,0.000000,0.000000,0.000000,1.136952
-3601.354402,5759.383810,385.982398,-119.109602,192.265800,12.879541,0.000000,0.000000,0.000000,1.129021
-460.918725,191.589344,8.680448,-14.300931,6.192266,0.303125,0.000000,0.000000,0.000000,1.174275
-41821.101634,135556.960377,31753.179501,-1393.629109,4518.593420,1058.437765,0.000000,0.000000,0.000000,0.892747
3084770.737600,-1802056.752727,17003050.499526,102826.405927,-60069.032679,566768.343572,0.000000,0.000000,0.000000,0.991313
670568.684438,692093.529338,495570.017234,22352.970431,23070.075019,16518.993978,0.000000,0.000000,0.000000,1.040638
8.510781,67.607006,-67.719185,0.714886,2.222138,-2.258345,0.000000,0.000000,0.000000,1.107347
-8101620.428690,6714465.324213,6138642.052109,-270053.281423,223815.881319,204621.396491,0.000000,0.000000,0.000000,1.160856
-20.447313,-9.152595,20.526679,-0.115744,0.172763,0.727369,0.000000,0.000000,0.000000,1.006083
-16.062523,0.563401,18.434623,-0.562774,0.322399,1.034402,0.000000,0.000000,0.000000,0.950264
105916.743309,20781.954745,57667.998564,3531.037951,692.669797,1922.270583,0.000000,0.000000,0.000000,1.002828
-38.438011,0.421224,9.049160,-0.400529,-0.311890,0.327977,0.000000,0.000000,0.000000,1.126099
-135.290809,87.713257,-192.207294,-4.113423,3.284825,-6.399934,0.000000,0.000000,0.000000,1.083911
636534051.213579,-492205662.698099,12562636.183230,21217802.596305,-16406855.661882,418754.526889,0.000000,0.000000,0.000000,0.960880
-8798939.086751,1743216.517186,2346710.154238,-293297.244494,58107.149372,78223.661030,0.000000,0.000000,0.000000,0.808571
-44.242940,-18.217629,14.743832,-0.636383,-0.723409,0.486850,0.000000,0.000000,0.000000,1.187454
-2056.090292,2029.163844,3441.711301,-68.206665,67.518550,114.715403,0.000000,0.000000,0.000000,0.916252
196544.038669,107959.684116,-136115.660084,6551.897381,3598.472787,-4537.182310,0.000000,0.000000,0.000000,0.840400
44963041.978056,-40638423.255840,13059194.953170,1498768.756400,-1354614.089414,435306.508575,0.000000,0.000000,0.000000,0.907398
3.417203,2.375455,-1.812731,0.539977,0.115394,-0.623999,0.000000,0.000000,0.000000,0.809587
-31.467134,-3.101061,9.302397,-0.126783,0.318225,0.535881,0.000000,0.000000,0.000000,0.847782
-45.066487,18.082393,9.006648,-1.007288,0.550294,0.280885,0.000000,0.000000,0.000000,1.180275
-60011892.244805,-39806626.110868,-10056480.115347,-2000395.572005,-1326887.742184,-335215.997341,0.000000,0.000000,0.000000,0.998614
435.995753,2808.295483,-11.442171,15.398471,93.670589,-0.365259,0.000000,0.000000,0.000000,0.928766
935697063.478782,-158607940.760806,345162607.878770,31189902.766986,-5286931.312530,11505420.264763,0.000000,0.000000,0.000000,0.866197
-701698709.775239,542593353.405498,-13847913.410713,-23389956.098073,18086444.870846,-461597.126138,0.000000,0.000000,0.000000,0.871651
-59.677080,15.141826,25.755935,-1.139609,0.139041,0.888900,0.000000,0.000000,0.000000,1.123621
209582.159404,244053.956015,-674016.267040,6986.752303,8135.099449,-22467.195168,0.000000,0.000000,0.000000,0.863915
9465.973866,137448.519843,50379.772994,316.303805,4581.552874,1679.313680,0.000000,0.000000,0.000000,0.955058
-11478.069655,-25658.976847,17713.401891,-381.781342,-855.379760,590.434220,0.000000,0.000000,0.000000,0.834440
1.647399,2.495707,20.929703,0.410776,0.361320,1.040763,0.000000,0.000000,0.000000,1.015190
-627.098324,-751.510378,438.089128,-20.463725,-24.772888,14.596767,0.000000,0.000000,0.000000,1.190213
171.337393,-101.885407,103.178077,7.683280,-3.830074,3.742603,0.000000,0.000000,0.000000,1.010340
58.606595,-258.094846,73.363678,2.842199,-8.509411,2.432697,0.000000,0.000000,0.000000,0.812301
-142079.203461,-95577.190053,-63709.901254,-4735.356085,-3185.900369,-2123.666447,0.000000,0.000000,0.000000,1.025505
87.150349,407.508224,513.211436,3.799045,13.598593,17.101156,0.000000,0.000000,0.000000,0.837771
-10953203.918369,-19446568.848800,10500885.306902,-365106.119627,-648218.977339,350029.504340,0.000000,0.000000,0.000000,1.046956
125656773.554796,-15129065.064693,27573938.856381,4188559.691594,-504302.325099,919131.301429,0.000000,0.000000,0.000000,1.066873
-31.439137,6.548302,17.928881,-0.657612,0.714956,0.348112,0.000000,0.000000,0.000000,0.984859
-87536.203891,-118224.123755,-94183.641842,-2917.401760,-3940.942001,-3139.447168,0.000000,0.000000,0.000000,0.822774
-18192604.555023,-34249838.183431,11163876.575375,-606419.472609,-1141661.223384,372129.216274,0.000000,0.000000,0.000000,1.142448
10475.688641,-9033.321953,-13068.253351,349.489702,-300.854395,-435.607495,0.000000,0.000000,0.000000,1.156151
-54.992182,-7.695153,29.472119,-1.018582,-0.358662,1.009073,0.000000,0.000000,0.000000,1.138209
35145.070549,-7457.267313,45566.806214,1203.994265,-255.633048,1560.491549,0.000000,0.000000,0.000000,0.920994
1957428.836013,-271657.438203,-1209803.600083,65907.726050,-9146.713817,-40734.147659,0.000000,0.000000,0.000000,1.097459
-31.278730,-12.321140,-15.172173,-0.265158,-0.539215,-0.721092,0.000000,0.000000,0.000000,0.962119
38552.879248,198768.462901,107577.900199,1285.788020,6625.264516,3585.916204,0.000000,0.000000,0.000000,0.825075
1786340.321147,-816416.731202,2641640.640464,59545.176289,-27213.906609,88054.694834,0.000000,0.000000,0.000000,1.081014
2153.527287,2555.419107,1912.093881,72.262233,85.107160,63.725678,0.000000,0.000000,0.000000,1.043635
2078.584104,-20197.133877,-4187.123718,70.369247,-673.148559,-139.572064,0.000000,0.000000,0.000000,0.836206
-194914.495015,-91218.467437,119199.470377,-6496.710589,-3040.793550,3973.315249,0.000000,0.000000,0.000000,0.887222
-79.395471,-194.637137,-165.412299,-1.592638,-6.953952,-5.594021,0.000000,0.000000,0.000000,0.829103
2765407467.193997,16959001718.064352,30091749237.293800,92180249.615768,565300057.229530,1003058307.895958,0.000000,0.000000,0.000000,0.815176
446048118874.036804,305212232285.349548,-141343561475.673370,14868270629.902517,10173741076.182596,-4711452049.200404,0.000000,0.000000,0.000000,0.844437
6569118.561918,6804601.320168,-3601594.118199,218971.205178,226820.035917,-120053.150187,0.000000,0.000000,0.000000,0.928135
-178.072899,1779.199915,-1504.545778,-5.173042,59.570703,-50.147602,0.000000,0.000000,0.000000,1.174177
115372.955718,-20603.787439,7357.472904,3846.713637,-687.191324,245.243767,0.000000,0.000000,0.000000,1.045710
-47.966675,-82.123267,-33.453807,-0.848645,-3.201245,-1.108463,0.000000,0.000000,0.000000,1.160726
29655800027.265755,-37490056494.496368,-7817394093.825952,988526668.262045,-1249668549.888391,-260579803.112229,0.000000,0.000000,0.000000,1.058136
-1668.600405,187.344854,504.219441,-54.953506,6.030036,16.796675,0.000000,0.000000,0.000000,0.846378
-13771.049768,15044.491865,11427.711642,-459.924224,503.348141,382.208474,0.000000,0.000000,0.000000,1.182231
-595.865928,1648.997103,1301.219276,-19.105373,54.732775,43.373006,0.000000,0.000000,0.000000,1.180357
6.715807,-10.742962,29.579876,1.232422,-0.177677,1.111155,0.000000,0.000000,0.000000,1.063029
-31.391727,-24.488394,31.014955,-0.313953,-0.651587,1.004935,0.000000,0.000000,0.000000,0.848960
0.116920,-314.697459,-267.602331,0.416951,-10.785754,-8.907402,0.000000,0.000000,0.000000,0.864947
167.490011,349.174458,250.401137,6.363870,11.512568,8.331782,0.000000,0.000000,0.000000,0.999556
-11202.575638,37138.910926,78801.258236,-372.621522,1237.769633,2626.705554,0.000000,0.000000,0.000000,1.096175
-23.542394,-6.741357,26.258878,-0.004092,0.130071,0.900912,0.000000,0.000000,0.000000,0.918964
-122890.828887,49647.606404,117499.659806,-4095.331250,1655.114210,3916.661188,0.000000,0.000000,0.000000,0.885209
-30546.819723,-33677.438510,12913.790395,-1017.548560,-1122.477007,430.462574,0.000000,0.000000,0.000000,0.897048
-361.072158,-4961.242669,-114.735637,-11.526122,-164.969044,-3.810966,0.000000,0.000000,0.000000,1.000404
1823647.504976,11939393.413318,2881640.666992,60788.752759,397980.038060,96054.695063,0.000000,0.000000,0.000000,0.982238
-5.414090,-25.327141,47.691360,0.390431,-0.678926,1.585169,0.000000,0.000000,0.000000,0.949265
-8823.484418,-7801.937636,4916.720315,-293.401367,-260.227372,163.883175,0.000000,0.000000,0.000000,0.999438
-2.897907,-14.753068,18.376135,0.326963,-0.180361,0.697862,0.000000,0.000000,0.000000,1.144124
-39.837353,-44.968354,39.406314,-0.515588,-1.234246,1.359170,0.000000,0.000000,0.000000,0.899783
301.852526,-2431.433747,447.835608,10.968984,-81.232175,14.921951,0.000000,0.000000,0.000000,1.130132
-14.188765,67.687355,43.448373,0.665911,2.242891,1.530531,0.000000,0.000000,0.000000,0.946264
-55.265438,242.745666,118.290279,-0.705800,7.921866,3.934518,0.000000,0.000000,0.000000,0.876357
547318.444254,-1106058.987903,-828639.936485,18305.513585,-36992.301229,-27713.696851,0.000000,0.000000,0.000000,0.992490
-2323199.943490,4108953.190086,-914904.862597,-77439.365479,136965.047501,-30496.841843,0.000000,0.000000,0.000000,0.919839
473571.313070,83385.878926,-960512.178563,15786.386523,2779.546397,-32017.062502,0.000000,0.000000,0.000000,0.889647
-512787.672444,-588808.607120,585177.466661,-17092.357610,-19626.960522,19505.908063,0.000000,0.000000,0.000000,1.196938
6322.868723,-5868.289796,2686.328205,211.584326,-195.441245,89.534591,0.000000,0.000000,0.000000,1.077054
-3352.453166,-860.294424,9277.396454,-111.090007,-28.873980,309.238246,0.000000,0.000000,0.000000,1.087227
311525.765920,-444350.125615,598911.454413,10384.948999,-14811.612178,19963.718387,0.000000,0.000000,0.000000,0.873973
379.208533,1141.219738,-348.691469,13.463083,37.936639,-11.608331,0.000000,0.000000,0.000000,0.974196
-536444.417466,-195622.410423,200458.095247,-17880.994285,-6520.660075,6681.936629,0.000000,0.000000,0.000000,0.866828
2111.116411,-2374.606514,-2402.426648,71.103224,-79.234079,-80.068672,0.000000,0.000000,0.000000,1.042817
1618.892311,4.906358,-794.107933,54.638324,0.137579,-26.609712,0.000000,0.000000,0.000000,1.160956
-10969.824285,5650.895995,-5463.772710,-365.245183,188.446718,-182.130897,0.000000,0.000000,0.000000,0.891919
6312.225492,-13035.603893,-6731.366721,210.977167,-434.416172,-224.362597,0.000000,0.000000,0.000000,0.891456
2.054187,10.231579,-4.784835,0.647725,0.626977,-0.427947,0.000000,0.000000,0.000000,1.187455
99.442444,-59.903923,241.174102,3.700226,-1.627859,8.027773,0.000000,0.000000,0.000000,1.192895
3461343672.819193,1436126537.327612,1259595734.171635,115378123.358274,47870884.474127,41986524.486126,0.000000,0.000000,0.000000,0.976825
361989.852351,-19443.005643,-428532.441662,12066.897659,-648.130698,-14284.420222,0.000000,0.000000,0.000000,1.062141
-25.427932,53.408211,76.789392,0.070543,1.549227,2.627428,0.000000,0.000000,0.000000,1.177009
-1109962.257822,-148487.558338,2009873.057159,-36997.752459,-4949.890167,66995.774058,0.000000,0.000000,0.000000,1.186791
5809.395400,2794.852112,-609.753335,196.548572,94.539506,-20.590375,0.000000,0.000000,0.000000,1.124175
-4836471.504850,9572982.886811,-1098122.834348,-161215.012034,319099.393280,-36604.086593,0.000000,0.000000,0.000000,1.172772
-7.224606,120.040207,81.823549,-0.033493,4.217603,2.870001,0.000000,0.000000,0.000000,0.850789
-93559.014088,-136631.268136,-54928.608714,-3117.781726,-4554.193362,-1830.965225,0.000000,0.000000,0.000000,0.985556
-3357292.900439,1961242.831621,-18504730.479433,-111909.047057,65374.285854,-616824.346809,0.000000,0.000000,0.000000,0.910865
51572.553789,3480.414972,-90112.852481,1719.706252,116.057838,-3003.759524,0.000000,0.000000,0.000000,0.940245
-21.416710,-20.618528,24.854486,-0.541870,-0.899512,1.027112,0.000000,0.000000,0.000000,1.104931
-191498.508616,-179370.546934,431773.766384,-6382.663642,-5979.109103,14392.461746,0.000000,0.000000,0.000000,1.182283
-2202.569151,2100.432845,8617.793150,-72.696146,69.883668,287.255303,0.000000,0.000000,0.000000,1.180009
-1590.646627,-2381.173715,-2634.894240,-52.284895,-79.388465,-87.826754,0.000000,0.000000,0.000000,1.101541
-20452313.870033,-149649685.792630,-47992862.256399,-681743.113438,-4988322.905846,-1599762.079008,0.000000,0.000000,0.000000,1.066494
33190.197021,-27599.872731,-7940.596683,1106.938358,-919.916667,-264.674111,0.000000,0.000000,0.000000,0.893703
167864.323865,466488.412734,55196.495136,5596.104543,15549.544692,1839.873835,0.000000,0.000000,0.000000,0.889287
-65.176876,-38.858548,-7.412028,-1.244681,-1.678636,-0.234924,0.000000,0.000000,0.000000,0.801348
-642971.635728,326736.311746,-96683.382029,-21431.652634,10891.159651,-3222.769661,0.000000,0.000000,0.000000,0.897921
-330754.182902,51187.428888,414438.995427,-11024.562687,1706.215982,13814.618313,0.000000,0.000000,0.000000,1.125234
47674387848.954247,15346822732.640350,55599083555.280968,1589146262.376579,511560757.887784,1853302785.166852,0.000000,0.000000,0.000000,0.952242
-4857.123780,-1700.152155,4230.935051,-175.314675,-61.166572,153.487210,0.000000,0.000000,0.000000,1.137772
-79806.365161,-95848.050266,-211401.919403,-2659.540899,-3194.897128,-7046.717539,0.000000,0.000000,0.000000,1.181822
184788.474194,143068.288549,-241357.887327,6160.423147,4768.932796,-8045.256901,0.000000,0.000000,0.000000,1.053305
-24.455283,13.187525,6.765031,-0.401528,0.326126,0.138957,0.000000,0.000000,0.000000,0.944790
98194.117892,-4883.689114,297284.899306,3273.798137,-162.746275,9909.482002,0.000000,0.000000,0.000000,1.095001
5251.929553,-1833.666637,4892.680069,175.766417,-61.334565,163.079614,0.000000,0.000000,0.000000,1.041333
82248.488550,211295.353462,43802.923277,2742.403383,7043.142968,1460.081284,0.000000,0.000000,0.000000,1.159337
-33.668584,-0.172282,17.651257,-0.093576,0.157506,0.729575,0.000000,0.000000,0.000000,1.143483
8103.347909,-5977.349599,-3439.519435,270.779872,-198.791185,-114.650753,0.000000,0.000000,0.000000,0.954676
-12440.039206,-1397.875443,1111.022423,-413.659736,-46.576182,37.033998,0.000000,0.000000,0.000000,1.160653
-56.028216,235.857225,-157.663676,-1.285260,7.485454,-5.244306,0.000000,0.000000,0.000000,0.830318
-53731.045631,-59143.828023,-18334.476779,-1790.138071,-1971.458502,-611.133670,0.000000,0.000000,0.000000,1.005126
-602163.690317,-621494.339626,-444980.508100,-20071.434985,-20716.179977,-14832.684971,0.000000,0.000000,0.000000,1.158877
-33978.509593,-279595.444921,-234143.055367,-1131.877541,-9320.191293,-7804.766302,0.000000,0.000000,0.000000,1.020097
69267.158802,11931.700283,-21802.694933,2309.736296,397.259460,-726.766388,0.000000,0.000000,0.000000,1.037147
-4283.213108,-17670.935571,17114.347079,-142.309751,-589.260858,570.469651,0.000000,0.000000,0.000000,0.976821
-43069.937070,130674.224072,71907.035137,-1434.726185,4356.200213,2396.904591,0.000000,0.000000,0.000000,0.913593
-1.621108,16.978605,9.198680,0.461611,1.005504,0.268898,0.000000,0.000000,0.000000,0.942740
-139.958384,15.082629,34.341990,-5.099796,0.980997,0.916612,0.000000,0.000000,0.000000,0.958484
-29.877516,-5.328249,3.982700,-0.000813,0.209716,-0.032605,0.000000,0.000000,0.000000,1.170001
-6287.690385,966.809675,-3382.443977,-208.931313,32.088401,-112.755939,0.000000,0.000000,0.000000,0.945104
-7549273.454191,-7820127.981729,4164632.914049,-251641.855805,-260670.934370,138821.080809,0.000000,0.000000,0.000000,0.806143
32603241.707196,-55283934.595971,5731714.712145,1086775.317049,-1842797.534655,191057.151443,0.000000,0.000000,0.000000,0.887157
962371176.558404,1069207735.446018,-883456589.894388,32079039.883324,35640257.897673,-29448552.988567,0.000000,0.000000,0.000000,1.031721
-1202.419139,1411.023080,-921.830453,-39.488954,47.070876,-30.716970,0.000000,0.000000,0.000000,1.185306
55294287.767162,-56011468.420731,-16321158.911172,1843143.591000,-1867048.849913,-544038.621006,0.000000,0.000000,0.000000,0.804055
63194.597499,-27969.932346,203767.906607,2107.042970,-932.258614,6792.253186,0.000000,0.000000,0.000000,0.857400
-15277.765039,-8060.309251,2926.065398,-508.263319,-269.018188,97.529080,0.000000,0.000000,0.000000,1.172317
4293408659.935668,2876516826.506528,-329117372.738223,143113622.352658,95883893.860542,-10970579.107560,0.000000,0.000000,0.000000,0.839125
-75.513491,-175.566905,132.369046,-1.523187,-6.173912,4.437422,0.000000,0.000000,0.000000,1.044693
-3720292.852470,-60396.436136,18779049.801695,-124009.070555,-2013.167002,625968.323719,0.000000,0.000000,0.000000,1.198128
-55.018906,427.149731,-334.708212,-1.461401,14.299956,-11.158133,0.000000,0.000000,0.000000,1.184516
-822.658361,448.140525,656.236615,-26.728106,14.810200,21.873804,0.000000,0.000000,0.000000,0.856857
-34.181981,-23.779169,25.657685,-0.047377,-0.656812,0.950993,0.000000,0.000000,0.000000,0.962641
3178.489146,8863.267340,-1485.905124,106.555908,295.494491,-49.519309,0.000000,0.000000,0.000000,1.080431
1618321.293478,5734767.589589,20609354.831549,53944.816284,191158.488897,686978.484894,0.000000,0.000000,0.000000,0.845513
426516.312080,97726.598579,-257229.232742,14218.192060,3257.568788,-8574.300192,0.000000,0.000000,0.000000,0.911640
632300827399.140015,-6974569880366.008789,-2023107027038.139160,21076694247.331150,-232485662678.757812,-67436900901.281952,0.000000,0.000000,0.000000,0.981403
-11.940723,-10.147840,24.653184,-0.039476,0.078922,1.044752,0.000000,0.000000,0.000000,1.135734
-754929.756512,-974225.598757,1001320.663744,-25163.430950,-32474.360205,33377.363215,0.000000,0.000000,0.000000,1.089831
-3341.474785,-210.520574,1144.528274,-110.686043,-6.768077,38.157140,0.000000,0.000000,0.000000,0.947485
2175.115653,-1757.232143,677.194154,82.751079,-65.872774,25.295635,0.000000,0.000000,0.000000,1.053785
6023798.557818,-1190117.336697,-1605664.366672,200794.001056,-39670.643927,-53522.153862,0.000000,0.000000,0.000000,1.181194
-40002.463597,8242.053437,-50102.161987,-1369.542094,282.013003,-1715.831279,0.000000,0.000000,0.000000,0.832507
-29748.067936,-247680.669603,-88612.705294,-991.395466,-8256.114519,-2953.749426,0.000000,0.000000,0.000000,1.144125
20.965614,-178.804089,-106.295471,1.032341,-6.130778,-3.574539,0.000000,0.000000,0.000000,0.819656
70834.155890,114139.968014,-140420.154593,2361.541211,3804.632450,-4680.677210,0.000000,0.000000,0.000000,0.978073
-18.823567,-22.319501,24.367249,0.333086,-0.371523,0.936163,0.000000,0.000000,0.000000,0.927466
-3769.994874,-893.221428,-1066.130264,-125.694815,-29.642646,-35.659559,0.000000,0.000000,0.000000,1.029083
-1622.239406,1145.046768,-350.795493,-53.295772,38.435899,-11.704855,0.000000,0.000000,0.000000,1.152193
-105766.042212,2697.224945,-63447.294561,-3524.984291,89.934873,-2114.911570,0.000000,0.000000,0.000000,1.048803
-1796.785105,746.731697,-1800.991057,-59.600781,24.689807,-60.021826,0.000000,0.000000,0.000000,1.076297
622477.945743,4457497.604561,-1364882.742379,20750.047603,148582.934736,-45496.094036,0.000000,0.000000,0.000000,1.151527
-475994105.194516,-1436557686.620041,-270464302.989497,-17694947.015501,-53403631.687664,-10054435.129657,0.000000,0.000000,0.000000,0.847945
-4458.940664,-6350.958929,342.578597,-147.819440,-211.400501,11.420964,0.000000,0.000000,0.000000,1.111519
-7.438670,19.670326,7.490798,-0.072286,0.771362,0.232040,0.000000,0.000000,0.000000,1.031342
-21.960138,21.482488,4.626284,-0.257115,0.689338,0.475308,0.000000,0.000000,0.000000,0.875287
76467606.033670,48571428.266652,97260068.953235,2548920.988184,1619047.650107,3242002.308773,0.000000,0.000000,0.000000,1.119452
2966.514481,25966.932890,-37102.959303,99.432968,865.582804,-1236.754878,0.000000,0.000000,0.000000,0.832110
-29865.182907,512405.808914,-153636.209477,-994.825223,17080.553408,-5121.196573,0.000000,0.000000,0.000000,0.968123
-16513595.805009,-19589430.052709,16138345.640486,-550452.251109,-652980.940171,537944.840165,0.000000,0.000000,0.000000,1.047359
-1081751730.744259,-1199587485.745208,977758639.957530,-36058390.356544,-39986249.471434,32591954.669948,0.000000,0.000000,0.000000,0.925759
-84.224604,83.958380,-43.052901,-1.955307,3.380157,-1.684878,0.000000,0.000000,0.000000,0.987086
-90.027959,151.471329,193.799487,-2.577178,5.038907,6.469512,0.000000,0.000000,0.000000,1.061423
1406.859409,1125.218717,-3100.361975,47.238453,37.405421,-103.334197,0.000000,0.000000,0.000000,1.150372
2473487.773390,-64515118.406745,51225688.214013,82450.285338,-2150503.832852,1707522.924984,0.000000,0.000000,0.000000,1.190815
-161.214034,57.216151,-149.031475,-4.478033,1.921242,-5.015651,0.000000,0.000000,0.000000,0.867286
3984123.808427,-36253889.721628,13142885.731205,132804.831478,-1208463.069864,438096.192145,0.000000,0.000000,0.000000,0.840931
-87.918258,-20.537757,11.902256,-2.315014,-0.544591,0.315222,0.000000,0.000000,0.000000,0.844658
-33.891973,-15.844819,22.422479,-0.218792,-0.814256,0.962613,0.000000,0.000000,0.000000,1.021148
-25.639128,-7.227652,20.145699,-0.339484,-0.323653,0.541710,0.000000,0.000000,0.000000,0.911438
-113589.635501,34632.548159,-35666.255050,-3785.394372,1154.381125,-1188.869425,0.000000,0.000000,0.000000,1.164890
-1.118065,-1498.383620,2608.568645,0.774575,-49.638763,86.937868,0.000000,0.000000,0.000000,1.065780
-39.618498,2.897968,70.092789,-0.540682,0.214868,2.324048,0.000000,0.000000,0.000000,0.818145
-52355.497258,-44434.257844,28212.512728,-1744.358750,-1481.214306,940.425380,0.000000,0.000000,0.000000,1.022969
399228.824847,-376714.487338,53748.852592,13308.402774,-12557.450570,1791.621718,0.000000,0.000000,0.000000,1.021750
1431.867159,-1263.685639,2747.083780,48.393051,-42.040534,91.557932,0.000000,0.000000,0.000000,1.128971
-21.592544,9.310910,17.806794,0.566665,0.357933,0.676301,0.000000,0.000000,0.000000,0.828819
-391.793272,2661.727653,2666.080197,-12.197339,88.702137,88.855498,0.000000,0.000000,0.000000,1.187988
-16885.547792,-2119.294019,11410.928037,-561.918629,-70.409993,380.367131,0.000000,0.000000,0.000000,0.992612
-221560704.657914,-7841944.012636,159336792.451412,-7385356.045365,-261398.524982,5311226.413784,0.000000,0.000000,0.000000,0.900015
70902341.291056,-75673668.819215,-55021223.449252,2363411.667132,-2522455.660006,-1834040.794095,0.000000,0.000000,0.000000,1.066297
-41.842619,-75.401241,92.494669,-1.103863,-2.393835,3.074543,0.000000,0.000000,0.000000,0.986453
1212.792445,970.339910,1803.107627,41.430486,32.606722,60.096941,0.000000,0.000000,0.000000,0.865427
91084571.458805,145410460.887886,-157396903.289263,3036153.061929,4847015.309395,-5246563.445593,0.000000,0.000000,0.000000,0.898110
-56.206685,-294.261636,295.172162,-0.780915,-9.979759,9.892540,0.000000,0.000000,0.000000,0.964653
-1360.265929,-1724.144107,15584.145060,-44.731437,-57.136799,519.469528,0.000000,0.000000,0.000000,0.961394
-2867100518.846737,-1189572459.881666,-1043348407.984433,-95570016.358842,-39652415.430740,-34778280.250559,0.000000,0.000000,0.000000,1.179285
-47487.373329,-39819.400933,-7291.473073,-1582.157047,-1327.198610,-243.032814,0.000000,0.000000,0.000000,1.141455
1725.524376,1593.189860,960.941541,58.671791,53.300003,32.240495,0.000000,0.000000,0.000000,1.005335
-102854.458987,-263943.163029,-54606.256549,-3427.690275,-8798.129127,-1820.222271,0.000000,0.000000,0.000000,0.928633
-47356.817729,24610.516465,-57503.013019,-1577.991742,820.416847,-1916.754533,0.000000,0.000000,0.000000,1.097397
-725783.649508,-817507.979743,294718.705873,-24192.164428,-27250.300825,9823.959918,0.000000,0.000000,0.000000,1.029214
-3622.459499,17048.120030,8986.562282,-120.220607,568.405041,299.556821,0.000000,0.000000,0.000000,0.894533
-67146.664304,26829.361327,-49496.620529,-2237.397534,894.302379,-1649.881977,0.000000,0.000000,0.000000,1.089561
480.486159,-146.027618,892.205358,16.888938,-4.502184,29.809184,0.000000,0.000000,0.000000,1.175445
1862.724662,-2243.816442,9105.944981,62.726245,-74.484663,303.529389,0.000000,0.000000,0.000000,1.064853
-90829666057.599945,33426392047.455090,-45796499576.430557,-3027655534.290978,1114213067.948574,-1526549985.875960,0.000000,0.000000,0.000000,1.025197
-56576.894958,31368.887899,2953.540208,-1884.805411,1045.616607,98.446953,0.000000,0.000000,0.000000,1.156436
-25.034192,-26.505080,20.256378,-0.241602,-0.589183,0.753016,0.000000,0.000000,0.000000,1.031836
671.835051,-159.251506,240.722665,23.002217,-5.254144,8.009365,0.000000,0.000000,0.000000,0.896157
1502446.708134,-1093284.591948,2075853.301338,50082.129474,-36442.835305,69195.106704,0.000000,0.000000,0.000000,1.181418
150.432873,-876.296402,389.732562,5.940605,-29.135010,12.976843,0.000000,0.000000,0.000000,1.110292
3220.819180,3213.433714,5024.475948,108.383343,106.890794,167.470381,0.000000,0.000000,0.000000,0.887501
166006.850183,73859.511077,293421.086393,5534.166990,2461.985587,9780.695818,0.000000,0.000000,0.000000,1.039350
753.802928,-378.052231,-1108.593650,25.633371,-12.381074,-36.937383,0.000000,0.000000,0.000000,1.039584
60419014780.865128,513894343991.396057,-256044413194.976349,2013967159.906348,17129811466.500095,-8534813773.170730,0.000000,0.000000,0.000000,1.198868
2879.420664,-2848.867824,-11636.016232,96.699528,-95.089150,-387.855816,0.000000,0.000000,0.000000,0.871438
21.089722,-0.861723,9.605248,1.551493,0.290162,0.215754,0.000000,0.000000,0.000000,1.057511
-3212.159486,6037.658182,6750.437808,-106.489408,201.334634,225.012564,0.000000,0.000000,0.000000,0.847838
-17977409032.320686,-9374774679.651442,107324166571.094040,-599246967.019529,-312492489.366828,3577472219.042420,0.000000,0.000000,0.000000,1.066998
-13.029115,0.112441,9.189945,0.304279,-0.338915,0.355462,0.000000,0.000000,0.000000,0.847053
727.630361,-2139.644800,-1673.702723,25.005920,-71.540748,-55.779708,0.000000,0.000000,0.000000,0.905289
50.259585,49.937802,69.650646,2.360993,1.448654,2.369751,0.000000,0.000000,0.000000,0.864598
-61311.774070,79296.672142,12675.285831,-2043.073694,2643.203109,422.493953,0.000000,0.000000,0.000000,1.022130
-9132768.699046,-43446960.857789,-65235383.254552,-304425.314462,-1448231.727355,-2174512.769474,0.000000,0.000000,0.000000,0.930288
-12373513.513165,-10865102.097193,4378995.386393,-412449.734069,-362169.874458,145966.526699,0.000000,0.000000,0.000000,1.042631
331480.468707,97260.051029,-74449.674977,11049.831534,3241.753923,-2481.657381,0.000000,0.000000,0.000000,1.096076
-2010.476042,-3929.818528,-117833.228201,-66.455584,-130.923174,-3927.772048,0.000000,0.000000,0.000000,0.948953
881.075132,-3405.859813,1780.945555,29.595420,-113.646724,59.353381,0.000000,0.000000,0.000000,1.145340
44776.475222,247327.647232,125449.040115,1493.273473,8243.986740,4181.631265,0.000000,0.000000,0.000000,1.084248
225.301524,-211.095132,-796.696604,8.206012,-6.877091,-26.546440,0.000000,0.000000,0.000000,1.008535
743058886.300626,-517637243.366563,-127936101.484213,24768630.125943,-17254574.760538,-4264536.730576,0.000000,0.000000,0.000000,0.940286
-498886.283993,-3300999.708536,-1985197.630307,-16628.535845,-110033.014551,-66173.243393,0.000000,0.000000,0.000000,1.122959
-10.017007,1.835632,34.944686,0.537281,0.410768,1.476565,0.000000,0.000000,0.000000,1.034345
-6184.954829,-2119.412602,-662.280247,-205.754663,-70.712435,-22.072953,0.000000,0.000000,0.000000,1.096461
2828001.272607,619035.052286,-3982877.728649,94267.640957,20634.556471,-132762.592582,0.000000,0.000000,0.000000,0.922344
-1541.123128,1002.492527,-1340.910530,-50.485042,33.136708,-44.681580,0.000000,0.000000,0.000000,1.182083
-6487128.795486,-233191876.007638,-63762824.236724,-216237.423577,-7773062.586863,-2125427.465703,0.000000,0.000000,0.000000,1.137618
-7495.279512,-148201.532465,-1942.191247,-249.438758,-4940.010138,-64.738402,0.000000,0.000000,0.000000,0.977799
-12928.356188,-8147.635285,-5193.588344,-430.166030,-271.835746,-173.128057,0.000000,0.000000,0.000000,0.905500
-38.016164,13.295985,8.552451,-0.517455,0.289116,0.146180,0.000000,0.000000,0.000000,0.970647
-15067.099346,-52968.871488,-80918.951607,-526.227905,-1852.139466,-2829.575784,0.000000,0.000000,0.000000,1.041833
2558810435.927593,-50520630174.310242,-68428283254.578064,85293681.760622,-1684021005.570185,-2280942775.151720,0.000000,0.000000,0.000000,0.839044
78076.501597,-65201.460316,-119900.675867,2603.194967,-2173.330694,-3996.676211,0.000000,0.000000,0.000000,1.134157
45833751.068213,1056785334.813695,-656488865.699335,1527792.474849,35226177.957262,-21882962.175441,0.000000,0.000000,0.000000,1.163537
-892220.115237,-308892.405545,534545.410215,-29739.889937,-10296.475864,17818.181905,0.000000,0.000000,0.000000,0.967401
-31.899529,-41.690292,9.086549,-0.269257,-1.342802,0.290490,0.000000,0.000000,0.000000,1.051263
42.306222,36.588667,-86.819191,2.399396,1.028549,-3.017161,0.000000,0.000000,0.000000,0.896020
133740.082029,139287.312548,30268.150748,4458.595871,4642.806338,1008.937355,0.000000,0.000000,0.000000,0.804705
-158.163789,196.867220,-131.407012,-4.559654,6.165337,-4.370134,0.000000,0.000000,0.000000,0.942999
-1567266.739493,-42692018.586894,-27442002.690871,-52241.574052,-1423067.307016,-914733.412716,0.000000,0.000000,0.000000,1.010987
-9877.890307,-7625.967379,11284.802955,-328.246117,-254.342755,376.144356,0.000000,0.000000,0.000000,0.942820
68905938576.747345,-111448594144.493805,133875753981.236755,2296864619.666075,-3714953138.099766,4462525132.716005,0.000000,0.000000,0.000000,0.962942
-2871.544117,-5050.932594,549.097425,-95.158763,-168.312575,18.289013,0.000000,0.000000,0.000000,0.807800
39981.154157,-119567.161544,-66085.629133,1333.639725,-3985.167889,-2202.844584,0.000000,0.000000,0.000000,0.996413
44412.874939,-79342.551702,-25822.102364,1480.973305,-2644.711792,-860.736167,0.000000,0.000000,0.000000,0.931207
4672.073099,-11900.243597,-10103.539359,156.489714,-396.605425,-336.768370,0.000000,0.000000,0.000000,0.940354
-28.021954,-10.388478,7.480622,-0.075714,-0.729569,0.234441,0.000000,0.000000,0.000000,1.135388
1452402.316511,-81971.881971,-253133.441582,48414.171243,-2732.446735,-8437.787881,0.000000,0.000000,0.000000,0.883397
28368.559603,-86721.053832,-288470.697098,946.089707,-2890.565602,-9615.679428,0.000000,0.000000,0.000000,1.058488
-55708048.313925,-81945605.007958,93614715.259975,-1856934.076816,-2731520.515631,3120490.516789,0.000000,0.000000,0.000000,0.996876
90703274646.337967,5156895690.858748,-128159190204.457504,3023442488.899899,171896523.013415,-4271973006.813911,0.000000,0.000000,0.000000,1.144424
31.731774,545.080205,590.683168,1.757430,18.187086,19.675408,0.000000,0.000000,0.000000,0.916588
-81410567.896035,-51665723.331226,-103485732.043143,-2713684.805091,-1722190.733708,-3449524.385536,0.000000,0.000000,0.000000,1.052027
93248.893717,-37175.440095,-89815.788612,3109.316844,-1238.983623,-2993.844779,0.000000,0.000000,0.000000,1.164678
1763939985.736385,203986510.825886,359338506.900056,58798000.190162,6799550.404971,11977950.227233,0.000000,0.000000,0.000000,1.061098
-20474.118815,-8230.713569,-1061.923817,-682.006967,-274.783889,-35.381341,0.000000,0.000000,0.000000,0.951685
-1862561.479435,4693239.804536,-2940580.617241,-62084.786048,156441.434203,-98019.352196,0.000000,0.000000,0.000000,0.840609
-700084672.310690,496026686.140190,124842127.421219,-23336155.155757,16534222.885963,4161404.232018,0.000000,0.000000,0.000000,0.988357
-1841.773115,-1343.274924,3776.136750,-61.041738,-44.872092,125.866897,0.000000,0.000000,0.000000,0.945544
-433.148607,-223.686112,-312.628594,-13.533952,-7.426697,-10.414994,0.000000,0.000000,0.000000,0.951091
-628.552296,204.361134,-251.532098,-21.268967,6.800830,-8.787643,0.000000,0.000000,0.000000,0.839014
-16.682967,-0.272546,18.543738,0.309213,0.123374,0.556860,0.000000,0.000000,0.000000,1.148896
33.731701,-724.178904,909.000997,1.596260,-24.345819,30.290565,0.000000,0.000000,0.000000,0.878896
-7776.133205,36289.416555,-104715.915381,-258.602121,1209.888428,-3490.513871,0.000000,0.000000,0.000000,0.907304
11774.816379,7498.174286,4795.331312,393.259953,249.682939,159.830632,0.000000,0.000000,0.000000,0.987589
5913868.572088,43470701.950149,-11666031.168445,197129.580641,1449023.442451,-388867.715479,0.000000,0.000000,0.000000,0.917638
13980.515387,49665.235896,76335.398489,489.420717,1736.457822,2668.815990,0.000000,0.000000,0.000000,1.108671
408.591830,258.152930,-60.984228,14.769661,8.683180,-2.066843,0.000000,0.000000,0.000000,0.961355
-33476.863739,-232147.457626,-4879.751012,-1115.166800,-7738.411234,-162.671228,0.000000,0.000000,0.000000,1.099488
-1826946534.978718,-3387232302.221531,-4994593534.131366,-60898217.095659,-112907743.271440,-166486451.149463,0.000000,0.000000,0.000000,0.911037
3943.088782,3689.315552,4000.707614,132.144277,122.746094,133.348974,0.000000,0.000000,0.000000,1.100910
192841634.133258,1808299423.872293,-2038418082.330952,6428055.151449,60276647.490307,-67947269.416413,0.000000,0.000000,0.000000,1.073747
60682.526686,8388.411021,1637.760752,2023.177239,279.661081,54.600401,0.000000,0.000000,0.000000,0.876352
889.948303,380.931186,-214.700112,30.854990,12.790808,-7.363521,0.000000,0.000000,0.000000,1.178540
-120389.172945,-895557.820688,153749.352899,-4012.293547,-29851.678791,5124.990514,0.000000,0.000000,0.000000,1.135274
96887686.379623,-100668568.967102,-61329772.432308,3229590.207339,-3355618.856999,-2044325.755927,0.000000,0.000000,0.000000,0.853435
66.887100,-214.051095,1114.983637,3.116682,-7.324056,37.152046,0.000000,0.000000,0.000000,1.128172
-5264021.174767,-39249685.147172,10595211.639440,-175466.743153,-1308322.786024,353173.709264,0.000000,0.000000,0.000000,1.014671
-543.040622,-59.259074,183.592116,-17.381873,-1.950963,6.110803,0.000000,0.000000,0.000000,0.993887
908.550789,-284.053580,-784.485107,31.189935,-9.909017,-26.243731,0.000000,0.000000,0.000000,0.876248
-9653.927965,-2038.602358,3488.496019,-321.087919,-68.289693,116.269964,0.000000,0.000000,0.000000,1.118398
2792.105167,-3522.603741,4452.808635,93.938473,-117.662122,148.941409,0.000000,0.000000,0.000000,1.036875
-50.242172,29.672967,5.928563,-1.022154,0.655876,0.224013,0.000000,0.000000,0.000000,1.032530
13053544.796098,17709922.233356,-11720185.813258,435119.097539,590330.797095,-390672.870345,0.000000,0.000000,0.000000,1.126932
-1077490.315399,846381.196247,5359933.100123,-35915.692055,28212.510394,178664.443680,0.000000,0.000000,0.000000,1.181770
-875.557675,-509.982124,423.210180,-28.820268,-16.879166,14.092693,0.000000,0.000000,0.000000,0.926611
-1427.952474,-4101.562039,-2887.072960,-47.028878,-136.711683,-96.233377,0.000000,0.000000,0.000000,1.080725
6043.205870,-6195.586443,5591.887438,202.222963,-206.622981,186.385565,0.000000,0.000000,0.000000,1.047504
-3403.093009,3152.359921,-1720.820135,-112.787972,105.173503,-57.363213,0.000000,0.000000,0.000000,1.180399
-882.496122,1258.782451,603.474048,-28.987236,41.577346,20.113250,0.000000,0.000000,0.000000,1.059858
11853259269106.449219,34498667082531.871094,-433244950732933.062500,395108642304.204041,1149955569417.757080,-14441498357764.498047,0.000000,0.000000,0.000000,0.899240
-709598513293.166016,-1250745601345.406738,-449657127735.248779,-23653283775.767609,-41691520044.446152,-14988570924.498957,0.000000,0.000000,0.000000,0.800287
-33.916594,2.396506,19.016723,-0.283410,-0.083971,0.600005,0.000000,0.000000,0.000000,1.167949
12.140115,33.198103,30.056406,1.282496,1.548027,1.488744,0.000000,0.000000,0.000000,1.038922
-167.493205,165.989285,-125.404215,-4.917250,5.319389,-4.166652,0.000000,0.000000,0.000000,1.121563
35453.215199,292405.011338,244904.749114,1182.512123,9746.481015,8163.485835,0.000000,0.000000,0.000000,0.975422
-35.440002,12.760592,19.559697,-0.563482,-0.067201,0.665703,0.000000,0.000000,0.000000,1.126032
44239.328788,110720.946479,-73441.113315,1480.374909,3702.756149,-2456.215440,0.000000,0.000000,0.000000,0.934643
477.479632,-6533.875918,-9915.390927,17.303466,-222.550996,-337.248768,0.000000,0.000000,0.000000,0.989983
3167.411974,-6817.899554,10643.915581,106.260947,-226.816123,354.787144,0.000000,0.000000,0.000000,0.937532
140410.878341,-21367.917694,-180967.270104,4680.969258,-712.260152,-6032.236722,0.000000,0.000000,0.000000,1.196614
3401.928488,-18467.367972,1500.459884,114.138325,-617.390242,50.165155,0.000000,0.000000,0.000000,0.869027
54348.150619,33481.098699,-98219.313430,1812.178090,1116.080905,-3273.963968,0.000000,0.000000,0.000000,1.141255
20.956797,-1.683708,33.804877,1.466080,0.140326,1.364985,0.000000,0.000000,0.000000,0.932021
-16239.837217,43547.570846,-43729.508478,-540.498216,1451.500323,-1457.638316,0.000000,0.000000,0.000000,1.045511
-7356.386228,-8111.337853,539.369557,-244.463810,-270.421098,17.983676,0.000000,0.000000,0.000000,1.006000
-36.072992,12.244034,15.115811,-0.613301,-0.183671,0.705533,0.000000,0.000000,0.000000,1.044041
-44681027.132667,-29270158.704576,75488310.804974,-1489366.678666,-975672.002641,2516277.017944,0.000000,0.000000,0.000000,0.821489
6728.448772,-2758.258049,-817.580810,224.895600,-91.664314,-27.238042,0.000000,0.000000,0.000000,0.842214
-1984488.929486,1510410.091971,-2497931.402216,-66149.052632,50346.983037,-83264.376094,0.000000,0.000000,0.000000,1.050042
-58.926246,18.896259,-14.711813,-2.419700,0.641052,-1.053326,0.000000,0.000000,0.000000,0.927245
-132454.945305,-243220.236937,-88004.034188,-4414.404070,-8107.328760,-2933.471081,0.000000,0.000000,0.000000,0.963850
184101440.312174,852847672.765522,298050548.921760,6136715.438287,28428255.787053,9935018.294333,0.000000,0.000000,0.000000,0.939808
598.793030,429.484154,2267.902838,20.440418,14.297138,75.582354,0.000000,0.000000,0.000000,1.123234
18.635824,1.344632,26.790524,1.389472,0.627217,0.949109,0.000000,0.000000,0.000000,1.194903
-6007.914486,11903.174205,-6929.219123,-199.573112,397.207991,-230.978216,0.000000,0.000000,0.000000,1.060793
-2324892477.791292,5012444926.713188,13645584604.724941,-77496414.875761,167081497.723874,454852820.165836,0.000000,0.000000,0.000000,1.196936
-1222069.234282,-4134618.132024,-1351377.789285,-40734.737182,-137820.452202,-45045.912968,0.000000,0.000000,0.000000,0.857963
-105.354232,-31.475546,29.439976,-2.818040,-1.217600,0.978079,0.000000,0.000000,0.000000,0.856542
-9.022604,16.637841,15.095683,0.657937,0.192715,0.683840,0.000000,0.000000,0.000000,0.889516
6077.938500,-1730.671659,5846.156778,203.146221,-57.369573,194.868941,0.000000,0.000000,0.000000,1.197501
383245675.192458,-133054630.726760,-200018524.116268,12774856.480667,-4435154.344531,-6667284.120596,0.000000,0.000000,0.000000,1.079987
-1806780.371136,-12261126.617726,-2093667.374366,-60225.408642,-408704.305852,-69788.909820,0.000000,0.000000,0.000000,0.872782
-983.039687,1544.166277,-173.675812,-31.854954,51.270142,-5.793031,0.000000,0.000000,0.000000,1.184339
87.234709,-668.376706,618.754945,3.934644,-22.070152,20.617391,0.000000,0.000000,0.000000,1.033409
-85868.509991,-112950.608670,27039.378272,-2861.646278,-3764.957500,901.298028,0.000000,0.000000,0.000000,1.034618
46542.464323,-40416.043872,-61372.725967,1552.125874,-1347.412076,-2045.751230,0.000000,0.000000,0.000000,0.850624
-3042.006820,19066.487203,3526.575433,-100.315405,635.623069,117.548034,0.000000,0.000000,0.000000,0.817141
0.294316,162.446208,-146.386819,1.061761,5.499924,-4.903148,0.000000,0.000000,0.000000,1.168598
-1.347540,-19.394006,-36.079163,0.896711,-0.521138,-1.425914,0.000000,0.000000,0.000000,1.047303
-122.900898,-34.247327,171.921919,-3.029545,-1.040065,5.716888,0.000000,0.000000,0.000000,0.975596
-19.940532,89.975112,113.702974,-0.331369,2.950422,3.842465,0.000000,0.000000,0.000000,1.010250
1949298.163459,-632809.508477,-936095.394650,64977.178773,-21094.101017,-31203.180068,0.000000,0.000000,0.000000,1.160936
-1320856.469714,-2220277.948226,-317914.012164,-44027.661516,-74009.272764,-10597.121357,0.000000,0.000000,0.000000,0.853880
728502.701578,937426.198637,-970926.640204,24284.312407,31247.359609,-32364.206625,0.000000,0.000000,0.000000,1.127411
10.168297,46.249197,58.621921,0.811343,1.622571,2.025180,0.000000,0.000000,0.000000,0.866887
-1053090.915095,-4441912.926505,1419193.100641,-35102.246429,-148064.073457,47306.431153,0.000000,0.000000,0.000000,1.069055
-20565142777484.937500,17872865878871.484375,28262746051655.179688,-685504759248.688721,595762195962.302856,942091535055.183472,0.000000,0.000000,0.000000,1.032493
878402.770831,311934.479331,-550147.601707,29280.863586,10397.750319,-18338.245997,0.000000,0.000000,0.000000,0.970348
45.352985,35.362956,120.068799,2.054732,1.404445,3.993338,0.000000,0.000000,0.000000,0.934396
-1920795.041747,623676.655359,922559.638493,-64025.918845,20788.768116,30751.983274,0.000000,0.000000,0.000000,1.178252
-36.026303,-15.460708,9.362464,-0.095914,-0.733453,0.272111,0.000000,0.000000,0.000000,0.837976
-178119.972945,590195.436695,160690.928783,-5936.856935,19673.264220,5356.368449,0.000000,0.000000,0.000000,0.964006
-2608.266663,-3422.349446,3263.146672,-86.211494,-114.129094,108.760751,0.000000,0.000000,0.000000,1.066733
-1494728.531030,-540574.690801,223882.169188,-49823.364550,-18018.924859,7462.750721,0.000000,0.000000,0.000000,0.941113
1359717.404360,181948.063825,-2462405.631396,45324.897823,6064.629886,-82080.172948,0.000000,0.000000,0.000000,0.968685
4020.741414,-6507.167404,-432.285359,134.951146,-216.604602,-14.395033,0.000000,0.000000,0.000000,1.003737
-49666.008827,52559.632176,13029.668967,-1654.895545,1752.021628,434.309895,0.000000,0.000000,0.000000,0.952999
-125341.271170,45432.699960,-57868.737245,-4177.090965,1514.708366,-1928.965609,0.000000,0.000000,0.000000,0.854990
-9334940.833467,-55980308.179231,-54469056.433199,-311163.978680,-1866010.265296,-1815635.205846,0.000000,0.000000,0.000000,1.055596
24.461831,28.012097,4.934117,1.067514,1.031322,0.212816,0.000000,0.000000,0.000000,0.971811
-1311.330841,-1735.993148,-1528.193018,-44.608612,-59.826862,-53.224556,0.000000,0.000000,0.000000,0.874854
1245.822546,2164.576500,2943.700079,42.256684,72.125444,98.114140,0.000000,0.000000,0.000000,1.001737
-80.055833,-540.472686,650.708298,-1.967639,-17.838868,21.690958,0.000000,0.000000,0.000000,1.083715
-94.680505,-333.104049,1652.907960,-2.804236,-11.227756,55.469157,0.000000,0.000000,0.000000,1.103459
-9093.533273,4881.218204,13432.044968,-302.625902,162.619115,447.734434,0.000000,0.000000,0.000000,0.884125
1583013.898304,1018898.505322,-3454159.018403,52767.887170,33963.309732,-115138.627732,0.000000,0.000000,0.000000,1.153185
8751.198007,-1078.630204,3135.881451,291.979175,-35.849866,104.535718,0.000000,0.000000,0.000000,1.091282
710.903420,239.425022,423.377581,25.382849,8.029062,14.719236,0.000000,0.000000,0.000000,0.870198
-39494.905792,-55439.418111,16011.267163,-1315.545135,-1847.909561,533.712558,0.000000,0.000000,0.000000,0.992842
68283.753895,-8881.816961,-25733.210509,2276.869580,-295.954982,-857.759069,0.000000,0.000000,0.000000,0.934861
723.021424,271.231220,207.772599,24.696403,8.996825,6.927826,0.000000,0.000000,0.000000,0.807511
-42.535555,3.988987,8.776143,-0.683576,-0.229217,0.256080,0.000000,0.000000,0.000000,0.951073
1901.211895,5306.510622,2137.784610,64.257900,176.689300,71.264559,0.000000,0.000000,0.000000,0.931604
2879.168765,12845.510251,-7129.110616,96.462939,427.834298,-237.632727,0.000000,0.000000,0.000000,0.950585
-77.297676,-15.839585,59.220637,-1.825830,-0.316679,1.962977,0.000000,0.000000,0.000000,1.157927
26295.719455,-8696.253301,-3115.812852,876.996121,-289.886443,-103.855529,0.000000,0.000000,0.000000,1.015634
1964.929968,-1828.343921,-3177.365163,65.819049,-61.056827,-105.906540,0.000000,0.000000,0.000000,0.978569
4927.315984,17197.906687,-14900.939992,164.704686,573.022257,-496.696511,0.000000,0.000000,0.000000,1.049067
112.146408,238.640222,-291.611826,4.868099,7.887715,-9.781211,0.000000,0.000000,0.000000,0.930630
-721.195393,-601.724358,-239.442477,-23.432415,-20.033306,-7.975923,0.000000,0.000000,0.000000,1.056607
24.537801,-111.740808,1.799243,1.716745,-3.760178,-0.012888,0.000000,0.000000,0.000000,0.974102
13950.317224,14588.615480,-33.712197,465.653089,486.255960,-1.134220,0.000000,0.000000,0.000000,1.002826
-6176.957777,-385.792198,-1021.095642,-205.194614,-12.793759,-34.034977,0.000000,0.000000,0.000000,0.855105
15379178.486294,13504229.466650,-5443014.676377,512639.992646,450141.171875,-181433.806391,0.000000,0.000000,0.000000,0.838867
16109.467365,101370.224592,47269.026418,537.474921,3379.319404,1575.631087,0.000000,0.000000,0.000000,0.973391
4772.424394,8391.752793,-3064.922608,159.884759,280.009266,-102.157350,0.000000,0.000000,0.000000,1.026758
2450459691.105394,-5283117291.344412,-14382446061.928219,81681990.753321,-176103909.542970,-479414868.717857,0.000000,0.000000,0.000000,1.135614
20.746226,19.255838,33.307448,1.708344,0.833594,1.159122,0.000000,0.000000,0.000000,0.827707
16482.325707,4497.575133,3738.037881,549.930283,149.901472,124.598206,0.000000,0.000000,0.000000,0.832518
-632780.302775,508708.215705,47998.111521,-21091.921718,16957.278974,1599.950552,0.000000,0.000000,0.000000,1.058104
-36173.368459,109675.235528,-32879.438811,-1205.110567,3655.792456,-1095.967841,0.000000,0.000000,0.000000,0.873224
-21.927278,-23.688928,23.955140,0.590253,-0.689644,0.872971,0.000000,0.000000,0.000000,0.857006
4839.527064,5302.875248,-815.217548,162.161017,176.723400,-27.165411,0.000000,0.000000,0.000000,1.003894
21764512122.716511,11348981465.445795,-129928902119.678177,725483738.147664,378299382.136037,-4330963403.979059,0.000000,0.000000,0.000000,0.881364
-236.490995,-8333.595449,11656.632030,-7.243429,-282.284068,395.129071,0.000000,0.000000,0.000000,1.062840
1951849509.952288,3547182449.371943,5258432797.783120,65061651.067057,118239415.112008,175281093.243239,0.000000,0.000000,0.000000,0.867158
8456.593567,48782.754446,49101.618638,283.811183,1631.599979,1642.187847,0.000000,0.000000,0.000000,1.022530
7834678.509416,-1114873.041940,7102729.230004,261156.670102,-37162.058045,236757.634033,0.000000,0.000000,0.000000,1.073452
-2753.422159,2541.124528,4641.803453,-91.030183,84.781955,154.725849,0.000000,0.000000,0.000000,0.937182
227196068.027614,-198249224.091225,-198776969.342312,7573202.828594,-6608307.153552,-6625898.970122,0.000000,0.000000,0.000000,1.090042
-1755653.718384,-677453.436465,1654593.880903,-58521.186475,-22581.670844,55153.123904,0.000000,0.000000,0.000000,0.876130
-33.755305,-76.628032,-35.565143,-0.327784,-2.341145,-1.296053,0.000000,0.000000,0.000000,1.186175
2809.162068,-3102.771988,-6940.734698,95.388408,-104.261738,-233.667302,0.000000,0.000000,0.000000,1.198969
-142.834879,107.999992,76.271601,-3.956936,3.270447,2.527389,0.000000,0.000000,0.000000,0.953716
-5098.760276,-1302.079640,4302.346647,-169.353906,-43.555151,143.403702,0.000000,0.000000,0.000000,0.945146
-34.356295,-14.050611,17.896646,-0.456353,-0.531499,0.739198,0.000000,0.000000,0.000000,0.995258
-20996580.908963,11795429.596657,32766162.741327,-699885.328080,393180.958634,1092205.435106,0.000000,0.000000,0.000000,0.906235
-169541.505052,-203424.379906,418903.390046,-5650.697348,-6780.823669,13963.432284,0.000000,0.000000,0.000000,0.869644
-951.828885,-761.871751,-1328.774008,-30.713542,-25.125539,-44.284570,0.000000,0.000000,0.000000,1.153020
-7020198.315387,-3676274.117227,-3215003.129837,-234006.014657,-122542.451721,-107166.782679,0.000000,0.000000,0.000000,0.961667
-32.739501,-11.619419,6.764412,-0.072871,-0.586857,-0.220235,0.000000,0.000000,0.000000,0.891950
960.308347,380.259052,-616.517765,33.332260,13.204433,-21.274874,0.000000,0.000000,0.000000,1.175423
-4359.751373,-7757.891288,184.557460,-144.713233,-258.440862,6.149691,0.000000,0.000000,0.000000,1.050285
-24.388729,-26.666677,-22.547108,0.079579,-0.696239,-0.771620,0.000000,0.000000,0.000000,1.187342
-16.778232,19.261368,-1.736217,0.119536,0.147463,-0.082392,0.000000,0.000000,0.000000,1.109482
-102476.630318,107581.814305,24789.419916,-3415.456889,3585.892997,826.304291,0.000000,0.000000,0.000000,1.029596
-71.450642,-60.870852,-77.231471,-1.934964,-1.592604,-2.580109,0.000000,0.000000,0.000000,0.886542
-9195987.855789,5045693.201145,3313600.016054,-306532.227029,168189.714773,110453.341794,0.000000,0.000000,0.000000,1.003011
1021526.120886,7145848.212189,-181773.449550,34051.365009,238194.696032,-6059.119169,0.000000,0.000000,0.000000,0.905086
56819.973586,630891.348139,540078.917027,1894.683862,21029.676728,18002.633062,0.000000,0.000000,0.000000,1.175238
-4182.752030,2967.736232,660.590439,-139.530458,99.417963,22.073757,0.000000,0.000000,0.000000,0.949407
13787087.022460,-557529.776237,-2686470.474849,459570.069463,-18584.150104,-89549.029207,0.000000,0.000000,0.000000,0.877148
-540220.474811,147363.762315,757804.110401,-18006.801768,4912.262701,25260.120996,0.000000,0.000000,0.000000,1.138156
111.615627,-250.176006,158.395793,4.608335,-8.293427,5.283048,0.000000,0.000000,0.000000,0.852140
-734774944079.187744,8104959143306.542969,2350899379822.537598,-24492498135.279503,270165304776.988373,78363312660.739838,0.000000,0.000000,0.000000,0.844537
-59.720862,276.937912,9.276115,-1.291003,9.425464,0.333107,0.000000,0.000000,0.000000,0.944213
-31.431787,-0.743612,11.677916,-0.735773,-0.828056,0.414508,0.000000,0.000000,0.000000,1.141452
-60455126257.337013,-514201556803.118347,256197344843.579712,-2015170874.700006,-17140051893.313553,8539911494.779491,0.000000,0.000000,0.000000,1.198152
-409.262044,238.696532,561.089795,-13.020280,7.600688,18.686634,0.000000,0.000000,0.000000,1.083250
-71448233.126767,34701188.313796,229839402.748858,-2381607.088067,1156706.225517,7661313.415520,0.000000,0.000000,0.000000,0.838829
42.007828,321.777648,149.035269,2.136130,13.769188,6.116075,0.000000,0.000000,0.000000,1.049758
-10.541619,-5.004772,16.407491,-0.443355,0.170820,0.519347,0.000000,0.000000,0.000000,0.972331
-56639026634.179909,30909014763.969616,131657399355.374695,-1887967553.889420,1030300492.338153,4388579978.513722,0.000000,0.000000,0.000000,1.028063
12486.256924,45025.019026,-37567.169179,417.152303,1500.893461,-1252.232087,0.000000,0.000000,0.000000,1.000767
623.753616,821.155577,-1813.927431,21.391441,27.357191,-60.453228,0.000000,0.000000,0.000000,1.071612
-55.947027,137.601350,-90.253190,-0.900910,4.855889,-3.389878,0.000000,0.000000,0.000000,1.190287
116.583164,9.011315,-81.606323,4.701158,0.362646,-2.747225,0.000000,0.000000,0.000000,1.068178
-26.621500,-24.309880,2.687945,-0.476235,-0.588605,-0.009059,0.000000,0.000000,0.000000,1.161866
4977.117607,-656.226368,-2664.564103,166.507545,-22.144419,-88.814364,0.000000,0.000000,0.000000,0.802607
13.351468,251.376625,-59.677631,0.694712,9.111218,-2.207977,0.000000,0.000000,0.000000,1.180255
-11.865792,31.256276,18.434721,-0.098307,1.567129,0.649338,0.000000,0.000000,0.000000,1.101630
6133.312012,8881.431186,2356.458925,205.047343,296.188348,78.546798,0.000000,0.000000,0.000000,0.808742
7.390637,-78.197019,-34.772492,0.616477,-2.498256,-1.140020,0.000000,0.000000,0.000000,0.820701
350385.030020,146983.134848,192308.355320,11679.988878,4899.758247,6410.284811,0.000000,0.000000,0.000000,1.085718
-201850645.398518,-1765912120.568228,2168308203.875822,-6728354.165868,-58863737.320621,72276940.119224,0.000000,0.000000,0.000000,1.041853
-186.192099,-375.223738,-158.764746,-5.828428,-13.269246,-5.518471,0.000000,0.000000,0.000000,0.995666
2.363198,3.089287,20.701001,0.630099,-0.270578,0.700013,0.000000,0.000000,0.000000,0.824760
-14.405529,22.921085,54.550750,-0.114017,0.580355,1.846883,0.000000,0.000000,0.000000,1.025234
-79285527.798549,84621348.226305,61526896.965274,-2642850.631190,2820711.569865,2050896.549436,0.000000,0.000000,0.000000,0.953551
-7839980.936058,-13165520.281462,-1947832.421892,-261332.012968,-438850.296692,-64927.739318,0.000000,0.000000,0.000000,0.888580
-295.407295,-1942.120034,224.172279,-9.409174,-65.999574,7.573999,0.000000,0.000000,0.000000,1.060313
-353245414975.249512,-241711016939.538513,111936351594.143524,-11774847165.070621,-8057033897.978215,3731211719.792493,0.000000,0.000000,0.000000,1.066283
-1710502.547505,-2221594.089290,527136.086831,-57016.135906,-74053.059358,17571.210991,0.000000,0.000000,0.000000,1.000945
-22.554623,22.097069,4.931571,-0.115416,0.420561,-0.401704,0.000000,0.000000,0.000000,1.134218
1613.890330,-1108.405522,1508.910565,54.669562,-37.218199,50.301153,0.000000,0.000000,0.000000,1.075745
-461574926.279690,-47496752.128820,-91384080.370771,-15385830.310367,-1583225.247833,-3046136.020322,0.000000,0.000000,0.000000,0.868933
-86.055520,-3.389898,-17.912571,-1.830322,-0.203225,-0.580503,0.000000,0.000000,0.000000,0.962804
-276723926550.233337,47017372917.111496,105584679690.925735,-9224130884.314688,1567245763.827623,3519489323.043964,0.000000,0.000000,0.000000,0.922450
344.932199,62.529836,812.567189,12.167830,2.326311,27.079415,0.000000,0.000000,0.000000,0.988361
1249.937198,17531.486514,63.174293,42.163961,586.568515,2.095385,0.000000,0.000000,0.000000,0.878847
-52.264499,-473.184891,-529.794296,-0.947974,-15.872008,-17.646045,0.000000,0.000000,0.000000,1.005695
-204.660083,-324.974248,-302.042747,-6.094007,-10.794975,-10.063049,0.000000,0.000000,0.000000,0.858551
-36060.959987,-90406.497255,59920.231178,-1205.249154,-3023.903360,2004.023005,0.000000,0.000000,0.000000,1.145449
-14.826021,14.507931,-14.064296,-0.251327,0.492915,-0.553397,0.000000,0.000000,0.000000,1.039033
1320900.693802,-1035005.872833,-6558002.040741,44030.672992,-34500.390399,-218600.051448,0.000000,0.000000,0.000000,0.967435
-8156.939864,-17412.828744,23431.000574,-271.363773,-580.437571,781.026547,0.000000,0.000000,0.000000,0.960485
-224.798151,-413.937493,119.860971,-6.717650,-13.788429,4.012094,0.000000,0.000000,0.000000,1.143574
-61.392348,-109.033170,63.930023,-1.016815,-3.500681,2.130504,0.000000,0.000000,0.000000,1.168897
-152.385338,-9.337024,-109.910176,-4.161098,0.057761,-3.653323,0.000000,0.000000,0.000000,0.838668
-16462125478320.732422,-38497285755900.312500,-35671136096398.882812,-548737515943.600403,-1283242858530.135498,-1189037869879.978271,0.000000,0.000000,0.000000,1.128160
711555.148920,1016522.983668,-130688.068852,23719.121575,33884.056300,-4356.263119,0.000000,0.000000,0.000000,0.965061
-16.291944,35.527364,31.169892,0.366396,0.782922,1.035602,0.000000,0.000000,0.000000,1.188821
43.082591,7.882397,-105.711188,2.046220,0.468083,-3.531931,0.000000,0.000000,0.000000,1.098564
-21.133856,24.822721,16.435024,-0.285172,0.403049,0.556131,0.000000,0.000000,0.000000,1.096919
160.361556,432.063017,-1881.429209,5.752251,14.444284,-63.114100,0.000000,0.000000,0.000000,1.116244
-352271.213455,-266680.072417,-329732.836766,-11741.878105,-8889.009428,-10991.080962,0.000000,0.000000,0.000000,0.936039
-14.370366,11.647302,-2.932987,0.038291,0.073834,-0.680112,0.000000,0.000000,0.000000,1.016946
-36.892499,68.078353,21.498369,-0.991381,2.271333,0.706761,0.000000,0.000000,0.000000,0.862081
-3642489085.588484,-2440410811.983012,279220228.966861,-121416302.493383,-81347027.419250,9307340.948911,0.000000,0.000000,0.000000,0.989079
1943403.982531,-2492933.067570,5836888.836361,64780.800806,-83097.738129,194562.957481,0.000000,0.000000,0.000000,1.194641
-1564599.804714,-10242550.592588,-2472234.154888,-52152.822854,-341418.086453,-82407.796824,0.000000,0.000000,0.000000,1.145137
5545.052332,2468.617603,1411.980552,189.898645,83.533078,47.541915,0.000000,0.000000,0.000000,0.863949
3234.223604,-241.889829,-1929.083653,108.510431,-8.291233,-64.289246,0.000000,0.000000,0.000000,1.021176
-14053348.795111,568307.790687,2738369.922002,-468444.448601,18943.768422,91278.982231,0.000000,0.000000,0.000000,0.860530
-18199303.653871,1335641794.694389,-2435947095.984232,-606642.595694,44521392.791840,-81198236.532393,0.000000,0.000000,0.000000,0.853743
-23971334.863358,55525724.249622,79106522.820576,-799043.464204,1850857.259651,2636884.094877,0.000000,0.000000,0.000000,1.170574
-99.791822,-63.185627,4.234756,-2.832444,-2.125984,0.029846,0.000000,0.000000,0.000000,1.096211
557471.478854,3688947.519083,2218556.278840,18583.388271,122965.217688,73951.881690,0.000000,0.000000,0.000000,1.004855
-2781874810.849465,-17058926393.417986,-30268371709.850883,-92729159.651955,-568630879.817475,-1008945723.671253,0.000000,0.000000,0.000000,0.810410
-1414.165797,-2453.019081,2157.129707,-46.608104,-81.610641,71.906368,0.000000,0.000000,0.000000,1.088580
-9.010734,-451.358749,-143.447312,-0.002715,-18.536426,-6.118736,0.000000,0.000000,0.000000,1.121250
2202.519004,666.246601,1234.311429,74.331965,22.264184,41.134127,0.000000,0.000000,0.000000,1.036524
7253.984375,10975.564666,2016.141474,243.876737,368.651002,67.656695,0.000000,0.000000,0.000000,0.857043
-17359.347972,22430.143599,-10361.824945,-578.014804,747.647807,-345.380887,0.000000,0.000000,0.000000,0.882167
-711.342617,172.223752,-930.228067,-23.102986,5.584003,-30.995114,0.000000,0.000000,0.000000,1.122901
103056.738869,57431.224055,-83972.128990,3435.905814,1914.313668,-2799.062159,0.000000,0.000000,0.000000,1.017835
-22.586952,6.158045,20.715172,-0.556459,0.158657,0.688544,0.000000,0.000000,0.000000,0.997220
52329.247171,29598.261227,-31255.388225,1744.701003,986.642724,-1041.838346,0.000000,0.000000,0.000000,0.847091
25591.338749,1261743.226109,-1087565.520877,853.772034,42058.474472,-36252.178038,0.000000,0.000000,0.000000,1.114930
-445093619.518089,31814040.365280,787825142.133525,-14836453.306775,1060467.991390,26260838.077380,0.000000,0.000000,0.000000,1.122911
2407.590206,-3966.851833,1749.598050,81.055229,-132.282052,58.323016,0.000000,0.000000,0.000000,0.856832
-29288.206689,88336.058877,294921.210176,-975.801311,2944.667850,9830.705377,0.000000,0.000000,0.000000,1.035512
-224.929166,-366.125800,407.133322,-6.783850,-12.123985,13.558858,0.000000,0.000000,0.000000,0.819653
814.067739,-644.459226,2824.969336,27.417804,-21.293545,94.159753,0.000000,0.000000,0.000000,1.113768
-7165.744965,14223.050199,5408.711840,-238.221013,474.359205,180.297900,0.000000,0.000000,0.000000,1.090717
-20.532658,-3.409845,18.099875,0.704904,0.033706,0.207064,0.000000,0.000000,0.000000,0.901490
-128007.812176,23153.559119,-8116.627134,-4265.965121,771.384482,-270.558709,0.000000,0.000000,0.000000,0.942367
337533437.474765,1018680982.565725,191789722.981386,12547712.561109,37869181.286659,7129729.403341,0.000000,0.000000,0.000000,1.195784
326.509941,4592.049967,134.702729,11.392336,153.456114,4.503134,0.000000,0.000000,0.000000,1.077158
2450851795.654167,492281613.771967,-2789939568.001083,81695060.435669,16409386.968556,-92997985.592166,0.000000,0.000000,0.000000,1.091971
-10841.427283,9449.907686,13783.780590,-361.072107,315.245743,459.449416,0.000000,0.000000,0.000000,1.096610
0.352148,104.829883,226.620263,0.754589,3.214095,7.543083,0.000000,0.000000,0.000000,1.192966
9471.942515,-4933.469177,5076.168712,316.133512,-164.358490,169.193723,0.000000,0.000000,0.000000,1.000032
-1246.333925,4757.863424,-2439.244842,-41.314143,158.461775,-81.311564,0.000000,0.000000,0.000000,0.824119
-73.804741,-145.174748,238.393408,-1.422150,-4.807647,7.992117,0.000000,0.000000,0.000000,0.885948
-2403.142014,5344.391652,603.553053,-79.528458,178.236990,20.127820,0.000000,0.000000,0.000000,1.177809
77084.205068,82543.879838,54578.944768,2570.015520,2751.480979,1819.290525,0.000000,0.000000,0.000000,1.032353
-622495.851826,-965681.803862,474035.708420,-20749.155451,-32189.398925,15801.199200,0.000000,0.000000,0.000000,1.026992
712360.019752,-570594.840724,-54183.779747,23746.079935,-19019.482260,-1806.111801,0.000000,0.000000,0.000000,0.929951
-2423.031902,141109.156983,126314.671539,-80.223317,4703.749163,4210.474580,0.000000,0.000000,0.000000,0.867581
-5828.574140,5887.600963,-2688.406098,-193.451933,196.410754,-89.618179,0.000000,0.000000,0.000000,1.128076
-734.064091,-1847.617491,1987.897818,-23.974666,-61.650916,66.249495,0.000000,0.000000,0.000000,0.870115
8417.302297,6325.652308,-9550.315138,281.584093,210.703845,-318.348654,0.000000,0.000000,0.000000,1.103878
-1336.855377,519.731881,-857.142280,-44.053320,17.255312,-28.573343,0.000000,0.000000,0.000000,1.171799
8.402352,12.760587,45.717989,0.675243,0.418488,1.739434,0.000000,0.000000,0.000000,0.946411
48.823176,-19.614378,-10.235527,4.413909,-0.372390,-1.301883,0.000000,0.000000,0.000000,1.035227
-204.970945,248.302439,-627.172101,-6.031945,8.677234,-20.988030,0.000000,0.000000,0.000000,1.125308
-32.171481,21.187835,-7.080088,-0.723795,0.660253,-0.269698,0.000000,0.000000,0.000000,1.059288
-17.302641,0.449446,12.023295,0.124162,0.359190,0.208795,0.000000,0.000000,0.000000,0.870182
-65219.808520,-8497.172472,52954.859201,-2173.490004,-282.925737,1765.149969,0.000000,0.000000,0.000000,1.017779
82602898249.767578,-30398844146.649380,41648546823.791336,2753429942.617560,-1013294805.186872,1388284894.129555,0.000000,0.000000,0.000000,1.127300
-8982555913731.421875,-26143592540740.578125,328319249899293.312500,-299418530457.062317,-871453084691.314087,10943974996643.095703,0.000000,0.000000,0.000000,1.186622
-24929562.590401,42363909.134870,-4416157.986593,-830984.822036,1412130.582630,-147205.271113,0.000000,0.000000,0.000000,1.158315
-985151.964186,-1868167.901980,-502099.027247,-32837.698363,-62272.277125,-16736.620747,0.000000,0.000000,0.000000,1.037564
-2.265429,590.492701,-323.187634,0.948240,19.776119,-10.780970,0.000000,0.000000,0.000000,1.186762
-20419400.924890,19318519.734113,-1453519.356817,-680646.037319,643950.689511,-48450.639212,0.000000,0.000000,0.000000,0.818528
-22.365738,-23.399743,24.799701,-0.006148,-0.615437,0.865172,0.000000,0.000000,0.000000,1.121757
-1525797865.662236,3472712837.589240,-2709150407.427524,-51721961.025370,117719078.950590,-91835607.048082,0.000000,0.000000,0.000000,1.073467
-40.421735,2.793473,18.443054,-0.724816,0.163803,0.667026,0.000000,0.000000,0.000000,1.014512
-18.914570,-2.547462,32.257121,0.073103,0.002940,1.489693,0.000000,0.000000,0.000000,0.943921
248.434255,672.369633,-1405.656430,8.859416,22.739721,-47.327524,0.000000,0.000000,0.000000,1.095259
804282.295533,333595.925789,-474509.341394,26809.965403,11119.853364,-15816.980049,0.000000,0.000000,0.000000,1.136821
583363.068859,-189700.225483,-809036.470324,19445.976427,-6323.201654,-26967.889152,0.000000,0.000000,0.000000,1.053030
-1274.165593,-2348.289643,1732.801802,-41.752957,-78.037126,57.750538,0.000000,0.000000,0.000000,0.824072
-20.915459,-4.053035,18.596317,0.498317,0.148057,1.296770,0.000000,0.000000,0.000000,0.835675
470650774.791689,-35810892.941529,-846072507.059339,15688359.833735,-1193696.451932,-28202416.890053,0.000000,0.000000,0.000000,1.056174
127881.892232,-38698.544374,39570.658800,4263.644126,-1289.984836,1319.023816,0.000000,0.000000,0.000000,1.031222
215.893264,-46.031514,316.271860,7.942981,-1.489082,10.526052,0.000000,0.000000,0.000000,0.995006
81855.615049,112337.597176,88614.353503,2728.985407,3744.439513,2953.812027,0.000000,0.000000,0.000000,0.868310
-4355.561438,4188.113928,9849.516364,-145.841622,141.216430,331.646442,0.000000,0.000000,0.000000,0.841950
44993.250989,-44839.746646,2488.571875,1500.623779,-1494.550645,82.957555,0.000000,0.000000,0.000000,1.164382
7350.635007,316.067453,503.999997,245.906384,10.511342,16.788033,0.000000,0.000000,0.000000,0.904045
96.071694,-307.009492,-237.240350,3.671434,-10.433217,-7.894543,0.000000,0.000000,0.000000,0.855006
19.310707,4.019130,-4.508384,1.360896,-0.171917,-0.203259,0.000000,0.000000,0.000000,0.966268
-7.519608,-3.435507,4.142362,0.125908,0.264520,0.084544,0.000000,0.000000,0.000000,1.128423
-6.537154,-18.229787,17.563779,1.009539,-0.256168,0.458216,0.000000,0.000000,0.000000,1.066786
-6393.471680,-1081.320302,327.198490,-212.213138,-36.067046,10.895534,0.000000,0.000000,0.000000,0.982279
-46.497665,7.560078,25.933151,-1.162372,-0.197734,0.981067,0.000000,0.000000,0.000000,0.972173
246793808820.604553,-4080322179.763913,-98244772661.377365,8226460294.709579,-136010739.400926,-3274825755.364722,0.000000,0.000000,0.000000,0.907171
-41924.302167,-231758.871862,-117556.092848,-1396.750413,-7725.552673,-3918.534141,0.000000,0.000000,0.000000,1.157134
140417.849647,-149355.951301,-20880.575722,4681.016647,-4978.689469,-696.027538,0.000000,0.000000,0.000000,0.806333
-12.687451,-11.242527,25.045182,0.476627,-0.636292,0.583828,0.000000,0.000000,0.000000,1.141493
5092.542228,-2211.964511,-534.762282,170.663690,-73.809044,-17.902686,0.000000,0.000000,0.000000,0.876037
-2794.680473,-12236.422542,6834.447570,-92.662184,-408.216051,227.811374,0.000000,0.000000,0.000000,0.995454
-1874210947.901632,-439230849.850106,3156656693.115918,-62473697.678958,-14641028.484789,105221889.774211,0.000000,0.000000,0.000000,0.856559
112.696734,10399.662137,-14603.365317,4.593376,352.731952,-495.026842,0.000000,0.000000,0.000000,0.845643
4027288.885252,3834961.008295,-25293117.529664,134243.652535,127832.081094,-843103.911887,0.000000,0.000000,0.000000,0.863715
-22.341637,14.166060,20.230826,-0.435486,0.085856,0.800290,0.000000,0.000000,0.000000,1.166219
-0.822358,5.588878,38.000576,0.425206,0.114063,1.619507,0.000000,0.000000,0.000000,0.816255
-2979.142275,2037.690209,-837.613741,-110.276430,76.246696,-31.433951,0.000000,0.000000,0.000000,0.824722
-80.610430,5.466055,37.625792,-2.132672,-0.104046,1.276914,0.000000,0.000000,0.000000,1.120337
-94.692594,-217.180435,-144.605742,-3.029146,-7.775335,-4.762150,0.000000,0.000000,0.000000,1.105116
652.358421,291.990305,-463.165621,22.376126,9.707344,-15.492905,0.000000,0.000000,0.000000,1.170362
25378654.186827,-58794374.073126,-83763625.234361,845956.168932,-1959812.680108,-2792120.834115,0.000000,0.000000,0.000000,1.105545
-6370.655117,3850.747923,-3233.360409,-211.636205,128.124255,-107.772392,0.000000,0.000000,0.000000,0.842723
-23910.610617,3962.024387,10005.742722,-795.955453,132.231994,333.527456,0.000000,0.000000,0.000000,1.182668
1291243.187932,2136405.593434,316647.912099,43042.321544,71213.502811,10554.941429,0.000000,0.000000,0.000000,0.915218
-112.814790,-925.716354,1908.357384,-3.302714,-31.058843,64.237520,0.000000,0.000000,0.000000,0.824622
7196.563844,10539.705716,15678.583349,240.511760,351.300381,522.603110,0.000000,0.000000,0.000000,1.086065
-1.822482,11.129675,2.165570,0.327098,0.851762,0.044841,0.000000,0.000000,0.000000,1.105222
8471.619420,-7517.501821,-1100.388781,283.182898,-250.581878,-36.671883,0.000000,0.000000,0.000000,1.095226
-282888910.192894,246840957.704428,247488714.659390,-9429629.774340,8228032.235783,8249623.826070,0.000000,0.000000,0.000000,0.875471
-52455289.287336,58488803.603521,-9296011.687804,-1748508.947027,1949626.799855,-309867.045163,0.000000,0.000000,0.000000,0.801765
-33.268855,6.736020,15.625252,-0.231237,0.791330,0.493236,0.000000,0.000000,0.000000,1.052456
234.866696,308.336351,-0.891687,8.286130,10.394373,-0.027784,0.000000,0.000000,0.000000,1.141113
125.932634,-600.929538,-369.999724,4.868943,-19.959970,-12.332085,0.000000,0.000000,0.000000,1.065021
4431.232107,5748.888052,1301.247349,148.366618,191.644665,43.368223,0.000000,0.000000,0.000000,0.945873
-16.405678,-391.237992,94.110506,-0.385394,-14.146852,3.364140,0.000000,0.000000,0.000000,0.991486
76555.735514,81238.437148,7343.718599,2714.993375,2880.686724,260.380113,0.000000,0.000000,0.000000,0.958720
-43079.364244,24393.477020,-10337.625758,-1435.204894,813.163474,-344.574088,0.000000,0.000000,0.000000,1.155730
401.354798,1447.467895,-34.052736,14.039645,48.015667,-1.145169,0.000000,0.000000,0.000000,1.181506
1719288.068962,12244328.595486,2091475.711639,57310.204659,408144.192028,69715.858135,0.000000,0.000000,0.000000,0.864553
17722702580631.914062,-15402538855830.535156,-24356371611458.582031,590756752688.542358,-513417961861.097961,-811879053715.268066,0.000000,0.000000,0.000000,1.198089
-9.875883,-8.796750,13.757037,0.955810,-0.195082,0.377201,0.000000,0.000000,0.000000,1.140690
-10.089737,-8.378888,12.649787,0.232709,0.165916,0.597222,0.000000,0.000000,0.000000,0.919415
-1209.276568,-507.446521,846.750315,-41.464742,-17.399707,29.172100,0.000000,0.000000,0.000000,0.886350
-26815.575816,34042.753837,-41259.785003,-893.117992,1135.116609,-1375.311386,0.000000,0.000000,0.000000,1.120723
-53987754.813962,54759997.572501,15926329.808634,-1799591.156091,1825333.344173,530877.667997,0.000000,0.000000,0.000000,0.822960
165189.029686,-373646.853523,80246.528617,5506.711468,-12454.754875,2674.887496,0.000000,0.000000,0.000000,1.093680
-1606.345480,1195.793185,-1036.096681,-52.927491,39.579390,-34.523205,0.000000,0.000000,0.000000,0.899880
24074.967901,161808.655435,123274.093454,814.142439,5466.766231,4164.650158,0.000000,0.000000,0.000000,0.907983
-79.301400,-7.387031,38.023281,-1.718201,-0.541399,1.323120,0.000000,0.000000,0.000000,0.871534
1928254.980168,-4241533.476017,1006027.519852,64275.794536,-141384.499005,33534.235430,0.000000,0.000000,0.000000,0.990089
-114521516.784405,37341080.045520,-61478570.043062,-3817383.214786,1244702.709422,-2049285.668280,0.000000,0.000000,0.000000,0.961192
-9658.630734,-7937.650276,-12388.860233,-321.541289,-264.899892,-412.962891,0.000000,0.000000,0.000000,1.034270
117.500858,-145.990787,161.224463,4.372047,-4.449082,5.377573,0.000000,0.000000,0.000000,0.875531
39.959376,-10.004805,0.953869,1.608864,-0.426424,-0.023526,0.000000,0.000000,0.000000,0.844017
-612.267187,-483.900791,1115.597036,-19.366135,-16.303048,37.183543,0.000000,0.000000,0.000000,1.053551
81.688955,-129.753174,145.937691,3.425466,-4.707261,4.860543,0.000000,0.000000,0.000000,1.142860
402.312272,-841.919921,-585.504948,14.327478,-27.938751,-19.522851,0.000000,0.000000,0.000000,1.051468
801352.428145,4571582.127580,5334993.620242,26712.451510,152386.028618,177833.120969,0.000000,0.000000,0.000000,1.093388
-66904.165893,-300791.202242,18232.589592,-2229.450499,-10026.286174,607.764817,0.000000,0.000000,0.000000,1.093652
47.670128,1360.825811,902.146022,2.187372,45.329917,30.055317,0.000000,0.000000,0.000000,0.999280
159.608307,38.254117,74.205133,6.129866,0.808651,2.456355,0.000000,0.000000,0.000000,1.139585
-108259.691107,-23177.031295,-61481.151100,-3608.164775,-772.627232,-2049.361095,0.000000,0.000000,0.000000,0.980556
-3253.999397,9648.128619,3888.177497,-107.560223,321.967532,129.594317,0.000000,0.000000,0.000000,1.084633
-27.588549,-155.284259,-186.049908,-0.590937,-5.184270,-6.215556,0.000000,0.000000,0.000000,1.008290
-23886.304514,-176641.470389,-98606.740745,-795.515882,-5888.388429,-3286.898934,0.000000,0.000000,0.000000,0.913202
633.237685,-639.285107,111.652052,21.980939,-21.165089,3.706991,0.000000,0.000000,0.000000,1.090817
437.185583,1840.126876,676.807533,15.071214,61.577363,22.560234,0.000000,0.000000,0.000000,0.966068
299768.832926,-647160.248786,-89681.473743,9992.981068,-21571.924091,-2989.391129,0.000000,0.000000,0.000000,0.824455
345064.715633,-102728.610450,64223.377886,11502.638929,-3424.573679,2140.784969,0.000000,0.000000,0.000000,0.996795
-377.485149,877.618427,-1750.381023,-11.975446,29.386173,-58.331274,0.000000,0.000000,0.000000,1.192100
-2396.998926,1401.877735,-1748.533034,-79.678520,46.896927,-58.465462,0.000000,0.000000,0.000000,1.024388
-3283150.852241,3406427.643879,-6913495.243846,-109437.691568,113547.615651,-230449.836352,0.000000,0.000000,0.000000,1.084571
-6741.603810,-1648.387445,154.172602,-227.997583,-56.496195,4.761266,0.000000,0.000000,0.000000,0.924416
-21532.432579,8143.245786,34310.835310,-717.053741,271.480735,1143.678765,0.000000,0.000000,0.000000,0.928617
3644.747975,-1570.592536,2881.224606,122.252088,-52.082216,96.027020,0.000000,0.000000,0.000000,0.808000
-9238.389996,4186.267354,-327.574739,-309.216241,140.320849,-10.990713,0.000000,0.000000,0.000000,0.956997
1234362.109709,-11495102.614713,-5162770.574737,41146.093197,-383170.059461,-172092.338501,0.000000,0.000000,0.000000,0.876427
2174.197566,162.203856,1425.890640,73.359090,5.783301,47.513748,0.000000,0.000000,0.000000,1.094605
-32.686681,25.591015,23.719797,-0.606112,0.506808,0.869951,0.000000,0.000000,0.000000,0.829318
377277796.083067,38822495.771261,74694711.124924,12575927.094898,1294083.014801,2489823.694850,0.000000,0.000000,0.000000,1.063083
7290029.415899,11674732.833986,1958804.570860,243001.660718,389158.132575,65293.492602,0.000000,0.000000,0.000000,0.959562
22968.893227,9285.704924,1226.076869,766.078699,309.090786,40.884572,0.000000,0.000000,0.000000,0.846626
106092608.026077,48575236.459009,851943.301849,3536420.966928,1619174.528525,28398.093421,0.000000,0.000000,0.000000,0.884445
201183.608524,-2990060.545897,-723717.762874,6706.809290,-99668.627216,-24123.917290,0.000000,0.000000,0.000000,1.077336
-8337.813166,1116.619087,-3040.594883,-277.638754,37.323121,-101.341167,0.000000,0.000000,0.000000,1.143288
-1265305.193640,2712003.330610,-2636746.981286,-42176.334814,90400.092935,-87891.551226,0.000000,0.000000,0.000000,1.163000
-1162568646.545962,-140082679.085530,302234929.823882,-38752287.627640,-4669422.791898,10074497.662885,0.000000,0.000000,0.000000,1.036448
-40.287797,-2.087394,43.843125,-0.771446,-0.376666,1.941595,0.000000,0.000000,0.000000,1.093057
-5.398047,122.782480,75.054853,0.567451,3.606511,2.496974,0.000000,0.000000,0.000000,0.957869
558813732291.415527,984970802999.828003,354108095040.967224,18627124410.383301,32832360100.392315,11803603168.040512,0.000000,0.000000,0.000000,1.016228
6078722.722159,2598026.485961,12029441.048816,202624.749658,86600.920189,400981.367048,0.000000,0.000000,0.000000,1.159158
-141858.698299,-175505.039176,35234.087983,-4728.085156,-5850.285888,1174.459539,0.000000,0.000000,0.000000,0.914799
-1274739.649484,307983.470346,490256.220321,-42490.657918,10266.079594,16341.884036,0.000000,0.000000,0.000000,0.946914
919.639269,659.062408,-735.953382,31.410886,21.700355,-24.617431,0.000000,0.000000,0.000000,1.151416
-12.982228,-714.826015,364.664958,0.588970,-23.711680,12.140677,0.000000,0.000000,0.000000,1.075848
-728381003.376727,123813474.653593,-273078711.811437,-24279366.122111,4127115.866920,-9102623.722665,0.000000,0.000000,0.000000,1.096484
-13953650.094197,13393972.815543,460055.023431,-465120.801572,446465.839289,15335.182822,0.000000,0.000000,0.000000,0.876089
2.098967,51.076796,125.188672,0.467344,2.435198,5.049377,0.000000,0.000000,0.000000,0.852677
-2299.175959,13144.554180,648.114782,-76.034420,438.137263,21.596020,0.000000,0.000000,0.000000,1.074863
-183.142962,-65.866261,-262.433762,-5.340302,-2.478446,-8.750533,0.000000,0.000000,0.000000,0.932659
-2834.755652,4120.335552,-5049.960492,-94.243272,137.945005,-168.864357,0.000000,0.000000,0.000000,0.968753
-17.172779,-10.007985,-8.287257,-0.508124,-1.105365,-0.871180,0.000000,0.000000,0.000000,0.955005
906243653.151609,3279246133.327435,-1853062678.768701,30208122.399417,109308204.445826,-61768755.970517,0.000000,0.000000,0.000000,1.158609
-76729225.141804,-42483039.919327,-79157186.885620,-2557640.156321,-1416101.296277,-2638572.897677,0.000000,0.000000,0.000000,0.918582
-2064673.144648,286356.813435,1275852.974339,-69516.573952,9641.643561,42957.987264,0.000000,0.000000,0.000000,1.040780
46179.765238,9438.210112,35260.012769,1539.841063,314.821729,1175.332598,0.000000,0.000000,0.000000,0.927107
160444.085904,-27693.438487,68047.216794,5348.669889,-923.132897,2268.247077,0.000000,0.000000,0.000000,1.128084
-3.349860,11.720185,-0.781706,0.516262,0.313705,-0.231531,0.000000,0.000000,0.000000,0.946045
47624.507427,6601.208211,-19686.876283,1588.184975,219.875613,-656.231154,0.000000,0.000000,0.000000,1.127063
-87.454930,1.784634,162.583228,-2.296033,0.276358,5.404648,0.000000,0.000000,0.000000,0.884658
8397627.628510,-4690359.362065,-3072595.296277,279921.614543,-156345.366331,-102419.832433,0.000000,0.000000,0.000000,1.087730
-183407873.301391,-840788706.614350,-289242980.620748,-6113595.014174,-28026290.186188,-9641432.688319,0.000000,0.000000,0.000000,0.954176
789742.020884,-12414598.701824,-4692261.027990,26325.416122,-413819.941371,-156408.700650,0.000000,0.000000,0.000000,1.047518
-43155551910.774742,-13874130605.961906,-50307069574.211334,-1438518396.278161,-462471020.064692,-1676902319.146167,0.000000,0.000000,0.000000,1.052604
11906.186809,10210.654274,15672.090596,397.277314,340.036201,522.390783,0.000000,0.000000,0.000000,0.834774
-1012125.922551,11141339.752043,4818233.391963,-33736.847891,371377.998637,160607.776363,0.000000,0.000000,0.000000,1.193051
14352.665641,-47848.709038,-101519.175176,479.218071,-1595.145100,-3383.962975,0.000000,0.000000,0.000000,0.850615
-15.912797,-2.058678,16.526512,-0.347054,0.060035,0.213255,0.000000,0.000000,0.000000,0.985159
-36.097680,13.282988,15.350025,-0.725251,0.642862,0.305068,0.000000,0.000000,0.000000,0.970887
-8098992.961091,2619583.786884,3154568.191410,-269965.957621,87319.715439,105152.283419,0.000000,0.000000,0.000000,0.913613
512.177629,-836.265503,-438.262661,17.465337,-27.892573,-14.605834,0.000000,0.000000,0.000000,0.851217
5425.358184,1760.172269,-4887.334415,197.225440,64.202804,-176.872977,0.000000,0.000000,0.000000,1.013071
23994032.515389,-22480422.001168,-34625456.023996,799801.782055,-749347.423486,-1154181.851286,0.000000,0.000000,0.000000,1.028262
1482415623.742710,-3373975146.081267,2632122657.347629,50251377.596639,-114372039.135637,89224496.839248,0.000000,0.000000,0.000000,1.104882
1935.368450,-11161.099940,-4512.351381,65.142446,-371.765629,-150.398962,0.000000,0.000000,0.000000,1.173870
-887805.346366,-2579407.154301,129335.438186,-29593.003251,-85980.246362,4311.195361,0.000000,0.000000,0.000000,0.886806
-224364.253277,487030.093745,70749.423741,-7478.116775,16234.409806,2358.303929,0.000000,0.000000,0.000000,1.093609
42.514933,180.591591,200.365398,1.794645,5.994553,6.709772,0.000000,0.000000,0.000000,0.962762
187.333845,16.029940,-163.548819,7.121725,0.557932,-5.441167,0.000000,0.000000,0.000000,0.894744
-137953.118040,24413.227833,-5769.333442,-4597.515545,813.550118,-192.312778,0.000000,0.000000,0.000000,1.125705
-5638.095929,-5564.700998,180.167616,-187.081449,-185.516425,6.012105,0.000000,0.000000,0.000000,0.809324
14048763.845798,-10709415.415807,-32691710.245345,473023.088088,-360586.586890,-1100730.953338,0.000000,0.000000,0.000000,1.127365
19.164221,-18.600035,-2.804535,1.589303,-0.321947,0.067619,0.000000,0.000000,0.000000,1.136320
961.250961,-354.904845,22.751185,32.473452,-12.154422,0.766512,0.000000,0.000000,0.000000,0.819373
-325466.538963,237903.371440,520749.411191,-10848.226742,7930.079301,17358.312235,0.000000,0.000000,0.000000,1.126828
-2414854547.907594,47678391668.380165,64578578751.082649,-80495151.033747,1589279722.516776,2152619291.699958,0.000000,0.000000,0.000000,0.889062
268.429082,-3961.836253,-2348.567691,9.807927,-132.069710,-78.287687,0.000000,0.000000,0.000000,1.027043
56871.100588,-111261.263700,-145405.943751,1896.316431,-3708.743948,-4846.849151,0.000000,0.000000,0.000000,1.160073
6998082.511313,-2263498.275847,-2725731.259562,233269.882820,-75449.683858,-90857.694915,0.000000,0.000000,0.000000,1.057339
8642.216302,-6834.747605,-760.077502,290.788599,-229.504792,-25.504813,0.000000,0.000000,0.000000,0.803405
6898.284600,-1065.992054,3768.262453,230.585734,-35.669339,125.592682,0.000000,0.000000,0.000000,0.851926
-229.482158,-42.264467,-176.394135,-6.891265,-1.494247,-5.863514,0.000000,0.000000,0.000000,1.016284
-232.502926,150.219961,143.707949,-6.918517,4.699138,4.774301,0.000000,0.000000,0.000000,0.811855
-4144255.707932,37616893.001610,-13623687.215336,-138141.151511,1253896.346164,-454122.903146,0.000000,0.000000,0.000000,0.810598
-389510.041000,-91037.004893,242652.479050,-12982.676030,-3034.548957,8088.417295,0.000000,0.000000,0.000000,0.961358
-13.324633,-17.180265,17.582549,-0.264120,-0.386668,0.853065,0.000000,0.000000,0.000000,0.986693
1474.623244,-5660.394868,2391.125378,59.921846,-226.835100,95.542036,0.000000,0.000000,0.000000,0.825082
-90597.275310,-148202.536600,-568571.815392,-3019.195687,-4939.856365,-18952.381621,0.000000,0.000000,0.000000,0.868226
-40.871906,-4.502831,6.127443,-0.627791,-0.222374,-0.054963,0.000000,0.000000,0.000000,1.153287
429.128766,765.666794,-212.992581,14.961091,25.407213,-7.088173,0.000000,0.000000,0.000000,0.870447
988.795640,1115.740108,1439.621891,33.240332,36.984162,47.983961,0.000000,0.000000,0.000000,0.987682
584.436317,-720.649367,-679.586346,20.390609,-23.947695,-22.653307,0.000000,0.000000,0.000000,0.878281
851.492410,-206.889597,225.973903,29.135949,-7.281212,7.530699,0.000000,0.000000,0.000000,1.176964
-184422.750727,146258.903614,-596137.231741,-6146.663417,4875.350904,-19871.227811,0.000000,0.000000,0.000000,0.985321
1495.484718,1911.661470,-17302.801185,50.458845,64.054929,-576.745830,0.000000,0.000000,0.000000,0.864344
-53240.211785,32683.024806,53191.519404,-1773.955005,1089.216979,1773.047260,0.000000,0.000000,0.000000,0.892454
69816.347558,131586.760183,382738.070929,2493.639021,4700.162869,13669.222212,0.000000,0.000000,0.000000,1.115895
-98261478.709931,-44971744.723848,-778914.518717,-3275381.917136,-1499058.174303,-25963.833875,0.000000,0.000000,0.000000,0.955103
-46.326722,232.335802,302.637548,-0.560109,7.707440,10.151805,0.000000,0.000000,0.000000,0.913098
-57.128554,116.638481,-29.511670,-2.022048,5.123000,-1.373940,0.000000,0.000000,0.000000,0.890366
-21.665078,27.589706,29.320865,-0.469833,1.091320,1.376815,0.000000,0.000000,0.000000,0.980274
-40034.648889,-25635.702234,-24317.741466,-1333.965913,-854.377498,-810.577040,0.000000,0.000000,0.000000,1.109128
6.917186,34.963478,-103.013557,0.651572,1.039925,-3.417796,0.000000,0.000000,0.000000,1.108792
361.430703,8.136882,453.530654,12.730342,0.430711,15.111429,0.000000,0.000000,0.000000,1.171583
-6420.185569,6467.765069,-5411.133848,-213.213436,215.478802,-180.372633,0.000000,0.000000,0.000000,1.020912
-816.168716,-791.872248,556.248728,-26.722443,-26.536105,18.589550,0.000000,0.000000,0.000000,1.076698
-62147.371641,-98700.104517,122608.998894,-2071.171508,-3290.028897,4086.951637,0.000000,0.000000,0.000000,1.124017
1301076.054040,145588.548678,1763114.611090,43369.553147,4853.135150,58770.493875,0.000000,0.000000,0.000000,1.142295
576.849171,414.139287,-148.123056,19.925164,14.018417,-4.932232,0.000000,0.000000,0.000000,0.864710
2821163.229412,-3046301.411010,929214.785421,94039.364201,-101543.265694,30973.825649,0.000000,0.000000,0.000000,1.100182
-38.878848,-9.714451,-13.180972,-1.392386,-0.092005,-0.002037,0.000000,0.000000,0.000000,0.897377
-27.979267,17.198398,-3.177626,-0.157666,0.497979,-0.207764,0.000000,0.000000,0.000000,1.039522
200258.062401,132593.572741,-22153.550639,6676.018892,4419.791156,-738.453806,0.000000,0.000000,0.000000,1.185663
-28.259274,6.480612,16.966645,0.249297,0.196750,0.693868,0.000000,0.000000,0.000000,0.833635
-358174544.128740,124273419.033073,186870272.465683,-11939150.824197,4142447.312102,6229009.095754,0.000000,0.000000,0.000000,1.155855
5603.958728,-2263.133933,1521.596615,187.431447,-75.336592,50.713132,0.000000,0.000000,0.000000,1.125171
-582.106786,199.559978,187.677984,-20.902537,6.782916,6.436966,0.000000,0.000000,0.000000,0.805200
18.081700,-124.272654,-81.286558,-0.081864,-4.531514,-2.692407,0.000000,0.000000,0.000000,1.010085
-571.879304,1605.903306,-1002.872041,-20.125577,54.165727,-33.760262,0.000000,0.000000,0.000000,1.094638
-235.611235,-211.744442,80.829579,-8.372038,-7.379677,2.729773,0.000000,0.000000,0.000000,1.078279
1028646022.925065,262056412.075239,3811589134.656157,34288200.114468,8735213.754954,127052971.160069,0.000000,0.000000,0.000000,1.152899
-1217.008017,-2536.520505,-175.304117,-41.120378,-84.216834,-5.855811,0.000000,0.000000,0.000000,1.085728
-1095.120272,-250.415613,195.576061,-36.804117,-8.256789,6.511022,0.000000,0.000000,0.000000,0.848772
16.162454,24.867346,-24.470941,-0.330002,0.785894,-0.895879,0.000000,0.000000,0.000000,0.980531
-149.038890,-256.518864,202.754958,-5.330423,-8.656348,6.749684,0.000000,0.000000,0.000000,1.000139
-3322628.939508,785565.102837,-8912496.186176,-110755.031668,26185.509167,-297083.195816,0.000000,0.000000,0.000000,1.010837
6308984.879104,8850878.888155,-7540153.022418,210298.923957,295029.178107,-251338.441747,0.000000,0.000000,0.000000,0.954164
-7171.763121,3123.704789,6474.711206,-239.951664,104.103487,215.812462,0.000000,0.000000,0.000000,1.044827
23.833497,-80.166209,34.416561,0.545901,-2.556430,1.132836,0.000000,0.000000,0.000000,0.940580
-82994845.200161,-139046872.337646,3603467.985971,-2766495.475657,-4634895.720654,120115.608429,0.000000,0.000000,0.000000,0.898207
392.493241,636.805372,-272.305830,12.981422,21.839578,-9.234246,0.000000,0.000000,0.000000,0.966543
-134184.528034,10848.473231,87189.879734,-4473.438153,361.842448,2906.332160,0.000000,0.000000,0.000000,1.179068
17.609409,40.377123,-13.732647,-0.215301,1.284283,-0.438846,0.000000,0.000000,0.000000,1.143497
18.398116,8.935470,0.709564,-0.549362,0.164768,0.001282,0.000000,0.000000,0.000000,1.020994
81.280461,-79.919731,-87.712399,2.323839,-2.502417,-3.035816,0.000000,0.000000,0.000000,1.156391
-2.147290,-466.660756,-734.378018,-0.348199,-15.696735,-24.465473,0.000000,0.000000,0.000000,0.965299
7658.970923,-3054.173411,579.430647,254.395553,-101.499693,19.326692,0.000000,0.000000,0.000000,1.030297
21843.468982,-38822.671142,-18575.825237,727.406989,-1293.899735,-619.199180,0.000000,0.000000,0.000000,1.162622
-71.782822,36.941467,57.648093,-3.430084,1.176279,1.887425,0.000000,0.000000,0.000000,0.963892
18113.365833,30612.330442,2653.289882,602.859634,1020.169077,88.443465,0.000000,0.000000,0.000000,0.803676
-38583.435356,-22809.904522,-7875.978662,-1286.833231,-760.471407,-262.521295,0.000000,0.000000,0.000000,0.978531
-16.449136,45.092612,32.331609,-1.409352,1.345295,1.270789,0.000000,0.000000,0.000000,1.185931
-227.639174,-257.269522,-75.009711,-8.135977,-8.896473,-2.581869,0.000000,0.000000,0.000000,0.975066
-112594.141271,47045.423185,86910.336774,-3779.322855,1578.444210,2916.448997,0.000000,0.000000,0.000000,1.173821
31.399963,9.268673,-32.927786,0.510931,0.513720,-1.132080,0.000000,0.000000,0.000000,0.806426
24.576580,160.565251,19.330875,0.183921,5.626165,0.770807,0.000000,0.000000,0.000000,0.906176
282205.028375,181613.947548,-9076.554354,9406.389776,6053.716840,-302.564245,0.000000,0.000000,0.000000,1.158930
319.339425,-91.668394,77.222844,10.106530,-3.388213,2.604452,0.000000,0.000000,0.000000,1.161871
-1357.568269,-1572.236196,-456.455801,-45.851367,-52.123705,-15.202122,0.000000,0.000000,0.000000,0.996467
-565502.688414,313960.860088,-174008.771955,-18851.100831,10465.277888,-5800.303433,0.000000,0.000000,0.000000,1.113007
-482848434189.299805,776643477220.615234,724643503134.323242,-16094947806.897778,25888115906.960232,24154783437.801323,0.000000,0.000000,0.000000,1.103689
-1444.945009,1214.458208,-524.452498,-48.859270,40.908734,-17.486475,0.000000,0.000000,0.000000,1.034387
-103436.545282,-198320.061011,38278.755222,-3448.583616,-6610.638508,1275.967361,0.000000,0.000000,0.000000,0.951720
60610.220319,3786.887233,83304.983146,2019.855931,126.408537,2776.816951,0.000000,0.000000,0.000000,0.850262
1891.969149,1177.665720,-312.357759,62.040655,39.071228,-10.414191,0.000000,0.000000,0.000000,1.178905
1215.913731,121.052263,614.670147,40.016878,3.844840,20.487506,0.000000,0.000000,0.000000,1.132187
14497.969670,76884.121102,-42650.147377,482.616848,2562.809828,-1421.655527,0.000000,0.000000,0.000000,0.821755
-90053.230595,-37215.172421,64812.495133,-3002.493296,-1240.423067,2160.423040,0.000000,0.000000,0.000000,0.979187
33.950663,16.056360,-17.899994,0.255175,0.085270,-0.869734,0.000000,0.000000,0.000000,0.852776
196.183522,-60.186859,289.464050,5.917553,-2.170939,9.646420,0.000000,0.000000,0.000000,1.154541
233.010445,130.430702,1448.680200,7.162720,4.395077,48.283885,0.000000,0.000000,0.000000,1.067602
78.998636,5.516350,-634.983006,1.788120,-0.094059,-21.149810,0.000000,0.000000,0.000000,1.154992
-3243.921848,3057.852848,1190.628811,-109.161948,101.767672,39.684667,0.000000,0.000000,0.000000,1.042995
-6262215.754501,-2151896.205921,-1431504.038409,-208741.055191,-71730.343791,-47716.806188,0.000000,0.000000,0.000000,1.020038
23.037701,5.170657,-12.734367,0.236041,0.513136,-0.477409,0.000000,0.000000,0.000000,1.137709
331.966099,-1160.370085,991.637361,10.303033,-38.960036,33.382524,0.000000,0.000000,0.000000,1.042319
-22.016094,-131.690727,341.258532,-1.061210,-4.586473,11.365862,0.000000,0.000000,0.000000,1.125389
-3735759.271899,-2542810.651407,-212619.209012,-124525.484669,-84760.442591,-7087.294235,0.000000,0.000000,0.000000,0.894271
3211.192163,433.652714,-497.653113,107.101866,14.221852,-16.677975,0.000000,0.000000,0.000000,1.128531
196339.777022,3836068.698803,-1776418.992037,6543.862986,127869.360011,-59213.956733,0.000000,0.000000,0.000000,0.968596
160.665609,2717.125045,748.883922,4.487002,90.782717,24.947010,0.000000,0.000000,0.000000,0.924299
135751577.784747,59373718.897346,57459729.496620,4525051.836804,1979124.275643,1915324.330191,0.000000,0.000000,0.000000,1.078567
-380927.573000,472247.934974,1026366.889373,-12697.897781,15741.378912,34212.218312,0.000000,0.000000,0.000000,0.911689
243.331658,10609.927074,-1616.087207,7.627544,353.826712,-53.882450,0.000000,0.000000,0.000000,1.111671
-83941.995625,58908.394681,19601.026462,-2798.735203,1963.595855,653.369745,0.000000,0.000000,0.000000,1.044103
1.853413,-28.395107,-119.449695,-0.777481,-1.308906,-4.149912,0.000000,0.000000,0.000000,0.835333
2.679407,10.388584,39.286368,-1.201781,0.387177,1.629309,0.000000,0.000000,0.000000,0.826927
446.549820,-648.317082,243.367689,13.909689,-21.327963,8.098478,0.000000,0.000000,0.000000,0.975929
-606.452862,936.039910,1166.211006,-20.697500,31.339401,38.867114,0.000000,0.000000,0.000000,0.855713
-383.063704,859.785619,-263.160174,-13.738259,28.601881,-8.757470,0.000000,0.000000,0.000000,0.998780
63.230360,27.847612,-24.490709,1.525841,0.551310,-0.891222,0.000000,0.000000,0.000000,0.849696
-8129382.501744,5684334.495459,-421510.281073,-272798.653751,190749.510825,-14144.581505,0.000000,0.000000,0.000000,1.170608
-465.982305,-4403.688611,2698.288501,-15.976320,-147.251091,90.245781,0.000000,0.000000,0.000000,0.841411
1476.872326,-10121.216773,-8553.389360,48.078673,-337.345936,-285.117698,0.000000,0.000000,0.000000,0.817673
-14022828.131715,19936616.394416,-39564864.412005,-467428.158877,664553.684518,-1318828.798473,0.000000,0.000000,0.000000,0.877842
-30510.740387,56540.916913,-148992.683879,-1017.572556,1884.608214,-4966.414166,0.000000,0.000000,0.000000,1.130582
1016677.468370,-68682.468726,818558.687105,33888.799281,-2289.815798,27285.280266,0.000000,0.000000,0.000000,0.804761
40.627766,-6.498458,-14.928083,0.566493,-0.137359,-0.325507,0.000000,0.000000,0.000000,0.971646
4490.511838,3319.333933,-2087.523993,149.162138,110.848823,-69.585731,0.000000,0.000000,0.000000,1.175206
616925.657414,-846693.658635,-337411.747152,20563.426841,-28223.423211,-11247.052779,0.000000,0.000000,0.000000,0.895610
76688.107891,68320.143705,28311.320004,2555.530799,2277.407594,943.721107,0.000000,0.000000,0.000000,1.124766
-138590.824776,-62620.271354,-4289.194664,-4620.147644,-2087.377706,-142.967776,0.000000,0.000000,0.000000,0.917030
-97497.344976,814760.230582,-742772.208759,-3250.486222,27158.740816,-24759.058774,0.000000,0.000000,0.000000,1.110419
38585.499767,-265577.426090,-19356.857769,1285.678847,-8852.167763,-645.237536,0.000000,0.000000,0.000000,1.182938
64.666356,859.014524,1024.006692,1.351598,28.537350,34.120265,0.000000,0.000000,0.000000,0.870615
5661618.577978,6773136.277800,1035882.716761,188719.915474,225771.199072,34529.413186,0.000000,0.000000,0.000000,1.124942
-42232639.448025,-28081338.761916,-30286757.114113,-1407755.326409,-936044.612770,-1009558.577031,0.000000,0.000000,0.000000,1.097224
18.913378,15.927284,66.747770,-0.001461,0.502663,3.089326,0.000000,0.000000,0.000000,0.936291
49.511476,254.605246,764.757677,0.964202,8.843859,25.844657,0.000000,0.000000,0.000000,0.816094
2892.512101,308.461308,-3476.568575,95.953902,10.382507,-115.881538,0.000000,0.000000,0.000000,1.110992
4752.410330,779.860346,7887.594434,157.682327,26.191241,262.916290,0.000000,0.000000,0.000000,0.993451
23.387711,-759.646193,477.347019,0.139127,-24.955097,15.916769,0.000000,0.000000,0.000000,1.003036
-884741.704077,1167964.441641,-240140.284596,-29491.738205,38932.192617,-8004.660019,0.000000,0.000000,0.000000,1.101751
5940297.735555,5581487.355625,376511.717588,198009.197477,186049.551792,12550.406315,0.000000,0.000000,0.000000,0.997930
-39511.626950,-37163.097126,2793.514762,-1317.760817,-1238.727693,93.103616,0.000000,0.000000,0.000000,0.882918
93742.272940,-57518.655292,-86209.323732,3124.029341,-1917.316887,-2873.643478,0.000000,0.000000,0.000000,1.040275
1234.955395,2170.463633,722.573709,40.193036,72.163894,24.077565,0.000000,0.000000,0.000000,0.822449
-32.636590,0.029698,-27.087744,-2.136898,-0.529989,-0.868796,0.000000,0.000000,0.000000,1.015110
115613.517308,4170148.573043,8172243.341174,3853.130079,139004.860830,272408.114143,0.000000,0.000000,0.000000,0.835719
40.962788,11.315809,-24.651633,0.410925,0.592780,-0.928198,0.000000,0.000000,0.000000,0.874795
-10647483.788022,12304781.598933,-1831827.398911,-354916.778444,410159.430220,-61060.899105,0.000000,0.000000,0.000000,0.843767
33.764306,15.192630,-17.861297,0.822465,0.326480,-0.584257,0.000000,0.000000,0.000000,1.158408
-28.874808,121.714034,90.701579,-1.994546,3.869937,3.141345,0.000000,0.000000,0.000000,0.820242
19738726.453982,-23785598.634537,-831196.322991,657956.660866,-792852.988069,-27706.530516,0.000000,0.000000,0.000000,1.047587
251.173429,136.744998,16.374815,8.041227,4.396088,0.557537,0.000000,0.000000,0.000000,1.193608
-5441.806660,-3673.201120,-1853.743420,-182.155356,-122.243041,-61.780750,0.000000,0.000000,0.000000,0.839774
-412927.039363,-64088717.663140,-68197242.675801,-13764.645197,-2136290.463218,-2273241.418740,0.000000,0.000000,0.000000,0.802157
17.275486,-13.886402,10.152087,0.023559,-0.316296,0.608504,0.000000,0.000000,0.000000,0.810005
1165.741669,-896.085294,1838.243844,39.042808,-30.564673,62.678394,0.000000,0.000000,0.000000,1.156415
-7123843.035209,9195305.177849,28748070.665200,-237462.579726,306510.126280,958269.013078,0.000000,0.000000,0.000000,1.178320
-24815235354.671238,-36086871003.525024,12626327818.822443,-827174512.512131,-1202895700.112348,420877593.973133,0.000000,0.000000,0.000000,0.849203
56.209997,-12.032134,9.718695,1.082044,-0.164026,0.331078,0.000000,0.000000,0.000000,0.811737
-10805.258728,4148.021535,-3836.457443,-360.747637,138.226557,-127.891140,0.000000,0.000000,0.000000,1.007577
775.374571,78203.368207,-46089.459552,25.081966,2606.664319,-1536.301667,0.000000,0.000000,0.000000,0.907589
5072.475270,-8198.057947,-95421.999581,168.508348,-272.986988,-3180.731147,0.000000,0.000000,0.000000,1.118950
5.575125,-11.713089,-10.124692,0.026324,-0.433709,-0.222515,0.000000,0.000000,0.000000,1.058072
-1339.419932,-2881.738876,-353.026779,-45.345529,-95.688622,-11.767760,0.000000,0.000000,0.000000,0.979610
5400.088710,-1628.684164,-84569.385570,179.094905,-54.417165,-2818.971863,0.000000,0.000000,0.000000,1.015808
-1241.233581,-2578.117160,651.282048,-41.955002,-86.312124,21.697174,0.000000,0.000000,0.000000,1.172563
-70165.794572,-32505.295685,79366.831439,-2339.359243,-1083.847034,2645.555774,0.000000,0.000000,0.000000,0.963067
30831.084318,5188.594350,6943.338217,1027.071769,172.919026,231.446462,0.000000,0.000000,0.000000,0.931933
-84.264260,-22.581348,354.675233,-3.382078,-0.721553,11.833794,0.000000,0.000000,0.000000,0.810177
-30264.848300,155898.510529,-89243.091842,-1009.459806,5196.788185,-2974.775526,0.000000,0.000000,0.000000,1.048074
85.265368,9045.740037,2811.131769,2.263091,301.929336,93.707954,0.000000,0.000000,0.000000,1.088974
-15749681.105571,-16647621.545670,-35862192.534711,-524989.993011,-554920.782492,-1195406.403687,0.000000,0.000000,0.000000,1.149844
-8.878545,-152.630534,-76.840299,-1.053613,-5.276995,-2.574884,0.000000,0.000000,0.000000,1.190474
-122.101968,131.872682,2417.791852,-4.760572,4.468683,80.576857,0.000000,0.000000,0.000000,0.941091
1621.839256,-483.144360,1256.228187,53.195558,-16.065058,41.863056,0.000000,0.000000,0.000000,1.111548
-4056324482501.140625,-3819389537893.937988,2541879828350.113281,-135210816084.300140,-127312984596.623734,84729327611.681351,0.000000,0.000000,0.000000,0.909709
1796208519.945770,-1536354502.597939,91851886.708280,59873616.576093,-51211816.723662,3061729.565287,0.000000,0.000000,0.000000,0.810550
-54.809037,-77.500617,64.928198,-2.542696,-2.710385,2.187062,0.000000,0.000000,0.000000,1.023740
1082.375377,-4375.338393,2360.528821,35.336971,-146.133716,78.683695,0.000000,0.000000,0.000000,0.920904
-349.601258,-12921.722500,4350.097378,-12.304269,-430.630846,145.000560,0.000000,0.000000,0.000000,1.139613
5615.947538,-4996.567632,-1786.992746,186.792117,-166.820359,-59.564435,0.000000,0.000000,0.000000,0.804975
-13292519110.295559,2607820094.590255,10905409630.349775,-443083970.993720,86927336.449994,363513654.343281,0.000000,0.000000,0.000000,0.889098
15976.795110,10210.639361,3059.495967,532.201472,340.557326,101.966793,0.000000,0.000000,0.000000,1.009288
30122.804023,12508.037658,30792.260652,1013.775861,421.311324,1036.758221,0.000000,0.000000,0.000000,1.077554
14384265.196834,8648586.358887,-9009015.184431,479474.844396,288286.230883,-300300.490513,0.000000,0.000000,0.000000,0.998451
136743.280071,-704529.925897,-783925.572856,4557.858520,-23484.546197,-26130.860469,0.000000,0.000000,0.000000,0.870427
3796903.241367,2584403.195355,216067.776633,126563.257284,86146.679857,7202.271470,0.000000,0.000000,0.000000,0.879874
-6358.170591,1844.431816,769.881900,-212.355704,61.266066,25.657628,0.000000,0.000000,0.000000,1.180466
-290319.147059,201494.669060,989160.544848,-9677.591573,6716.213168,32972.003518,0.000000,0.000000,0.000000,1.041296
-24314.807200,1112.236546,-8947.435491,-810.794029,36.859002,-298.244930,0.000000,0.000000,0.000000,0.901040
457639.037452,289871.525959,477070.521759,15253.977581,9662.401829,15902.339519,0.000000,0.000000,0.000000,0.921799
-38060.454317,20344.017801,8346.634680,-1269.413468,677.985240,278.230910,0.000000,0.000000,0.000000,0.931945
-266.373695,167.822642,203.967869,-10.235921,5.451076,7.180953,0.000000,0.000000,0.000000,1.171765
-1813.524202,10191.116921,10999.623601,-62.085589,344.395495,371.622962,0.000000,0.000000,0.000000,0.932916
24.970015,25.942488,13.703352,-0.016980,0.855613,0.530674,0.000000,0.000000,0.000000,0.856158
41891860.924684,-25786040.696870,-16187098.339946,1396394.717880,-859534.702715,-539569.929254,0.000000,0.000000,0.000000,0.805981
4.227331,136.213897,44.630275,-0.540620,4.134562,1.487474,0.000000,0.000000,0.000000,1.002399
-159650.322494,-3109267.629657,1440485.262936,-5322.473189,-103641.841629,48016.180789,0.000000,0.000000,0.000000,1.194210
-12183479.783530,-25042443.504407,-40477938.758014,-406116.810784,-834748.511237,-1349264.622569,0.000000,0.000000,0.000000,0.848603
343728.616921,-238523.672720,-1171429.404435,11457.330725,-7951.062693,-39047.650664,0.000000,0.000000,0.000000,0.879236
135529.461874,69332.247582,4795.076478,4517.182861,2311.033979,159.840922,0.000000,0.000000,0.000000,0.914770
-59.552052,75.650840,-189.009412,-2.532526,2.498439,-6.716700,0.000000,0.000000,0.000000,0.803288
447.259002,-201.648129,-215.063407,14.209268,-6.902776,-7.301198,0.000000,0.000000,0.000000,1.033023
10.906258,-20.301731,1.172329,0.118860,-0.936866,0.154601,0.000000,0.000000,0.000000,0.957055
-6.208901,1.324821,-1.654961,-1.539854,0.058249,0.044661,0.000000,0.000000,0.000000,0.870589
-12262.512507,-25688.029978,-52144.980042,-409.263697,-856.185942,-1738.159934,0.000000,0.000000,0.000000,0.856782
-371.258787,-1139.290722,-137.755975,-13.261243,-37.554901,-4.597973,0.000000,0.000000,0.000000,1.008505
-2858.254377,533.103401,-4897.576037,-95.627260,17.398492,-163.252917,0.000000,0.000000,0.000000,1.051318
22320526.367257,25037153.813264,1473554.414248,744017.152493,834571.513892,49118.479535,0.000000,0.000000,0.000000,0.829319
18064.192499,26108.962853,-587.444287,601.038502,870.079622,-19.568599,0.000000,0.000000,0.000000,1.105101
-148423630.515184,-13492599.276875,-325351107.651912,-4947454.678473,-449753.374471,-10845036.921731,0.000000,0.000000,0.000000,0.803975
480135.504488,-402300.531084,-24343.864602,16004.086805,-13410.027554,-811.450974,0.000000,0.000000,0.000000,1.156677
64460668.836093,-75326468.761849,-68622442.940968,2148688.240926,-2510882.257314,-2287414.774833,0.000000,0.000000,0.000000,1.087580
1285313.864964,15553532.179619,-21915595.840788,42843.176435,518451.181025,-730519.866194,0.000000,0.000000,0.000000,0.835413
-23134.232164,-2219919.493624,1815210.601614,-771.794651,-73997.533839,60507.007349,0.000000,0.000000,0.000000,1.076250
191239.348757,-39134.017869,-274245.418526,6373.792007,-1304.383289,-9141.517769,0.000000,0.000000,0.000000,0.854089
56575.741543,-166203.665409,15639.894166,1891.233480,-5558.703309,523.090832,0.000000,0.000000,0.000000,0.978424
58.549583,-13.427530,36.694575,1.412027,-0.397909,1.243246,0.000000,0.000000,0.000000,0.814313
-635664.996482,-357624.891973,266618.148494,-21189.806684,-11920.600408,8887.279883,0.000000,0.000000,0.000000,1.156732
43181877.543482,-452137.259722,-92815365.900219,1439395.327890,-15071.422456,-3093845.525244,0.000000,0.000000,0.000000,0.967532
-373032.762213,-154712.545186,1226.740389,-12434.899943,-5157.519753,40.879164,0.000000,0.000000,0.000000,0.841535
-655.925462,-75.392993,-61.327087,-22.552220,-2.679988,-2.058332,0.000000,0.000000,0.000000,0.832770
-170.031955,-359.327825,340.572074,-6.323366,-12.136390,11.345042,0.000000,0.000000,0.000000,1.098945
8076.811291,48700.077693,31130.029731,268.438976,1623.450454,1037.653417,0.000000,0.000000,0.000000,1.004478
-251124.859909,-431255.909217,-184325.206403,-8371.508712,-14375.207441,-6144.168084,0.000000,0.000000,0.000000,0.917441
1960182.007962,-929862.816122,1111857.061787,65338.497646,-30995.461756,37061.887411,0.000000,0.000000,0.000000,0.876738
52.781709,25.980746,-2.597153,0.983329,1.428200,0.016642,0.000000,0.000000,0.000000,0.966446
-96274004.187528,203394531.252335,220165164.191563,-3209134.041913,6779817.625009,7338838.798583,0.000000,0.000000,0.000000,1.117363
17605350.341753,18609133.091620,40077392.484358,586844.385475,620304.368816,1335913.089911,0.000000,0.000000,0.000000,1.028863
-538006.910698,-8991874.054342,17886288.507750,-17934.213350,-299729.112152,596209.613528,0.000000,0.000000,0.000000,0.836461
7863.655137,59778.888618,6268.267209,263.327010,2005.927558,210.407325,0.000000,0.000000,0.000000,1.152251
499051.489275,-101696.644034,2818.586118,16634.618962,-3389.947869,93.945872,0.000000,0.000000,0.000000,1.002167
8.078058,-21.031973,-7.582110,0.252402,-0.466501,-0.164495,0.000000,0.000000,0.000000,0.838406
314.129947,-79.390358,47.562160,9.560445,-2.743988,1.584923,0.000000,0.000000,0.000000,0.945995
22.242717,42.202527,-7.078242,0.360318,1.415919,-0.063632,0.000000,0.000000,0.000000,1.045414
-12.615345,94.311055,-151.890167,-0.842515,2.944632,-5.112949,0.000000,0.000000,0.000000,1.155078
-75.092804,-46.577472,9.009539,-3.172341,-1.128442,0.286272,0.000000,0.000000,0.000000,1.198135
29423511.677264,23293962.288621,-34200525.381802,980783.087691,776465.528549,-1140017.504221,0.000000,0.000000,0.000000,0.929944
164100.014115,128515.218596,-64820.308940,5600.427876,4386.264788,-2212.275251,0.000000,0.000000,0.000000,1.033498
-25249736.214826,-32765976.631944,90463415.693281,-841658.416421,-1092199.262802,3015447.175832,0.000000,0.000000,0.000000,1.152693
-452.735126,-910.159887,288.461949,-15.758468,-30.760762,9.832893,0.000000,0.000000,0.000000,0.809414
-22327.891926,-76248.259745,2260.563200,-821.325921,-2803.042239,83.104764,0.000000,0.000000,0.000000,1.195861
137.520533,-41.270910,-9.828613,3.474868,-1.436688,-0.320329,0.000000,0.000000,0.000000,0.824312
-42449741.967491,22550042.820783,15082738.340119,-1414992.038267,751668.077082,502757.957495,0.000000,0.000000,0.000000,0.831466
-33786.760328,45945.005932,-1323.083554,-1126.584277,1531.517494,-44.099110,0.000000,0.000000,0.000000,0.886855
64.512376,22.222959,-4.218292,1.237056,0.626540,-0.154852,0.000000,0.000000,0.000000,1.011782
-239.445681,116.774304,-401.141519,-8.508953,3.917916,-13.367743,0.000000,0.000000,0.000000,0.978179
149164.696811,-11887.348017,-97055.361628,4971.524917,-396.017366,-3235.168670,0.000000,0.000000,0.000000,1.061153
-6.818533,-86.780232,81.551826,-0.591479,-3.004212,2.758435,0.000000,0.000000,0.000000,1.008906
2640.069877,-759.353963,-2509.554402,86.958518,-25.460672,-83.650227,0.000000,0.000000,0.000000,0.980591
-26386.751024,-102578.546726,149850.784002,-880.170957,-3419.306949,4995.010207,0.000000,0.000000,0.000000,1.007109
-26.877837,115.062855,-5.915561,-1.609054,3.980237,-0.235042,0.000000,0.000000,0.000000,0.874747
12.607204,48.296044,-42.244575,-0.121814,1.640307,-1.544138,0.000000,0.000000,0.000000,1.009182
1795.109732,618.227622,-4163.701823,59.597218,20.472067,-138.773995,0.000000,0.000000,0.000000,0.871542
-3.990423,4.280346,-36.967124,-1.296541,-0.263474,-1.296965,0.000000,0.000000,0.000000,1.014160
-25467262.802208,30680911.036686,1071231.988579,-848909.642154,1022697.327656,35707.746304,0.000000,0.000000,0.000000,0.812252
-809916.195868,67442.084699,-658453.395049,-26997.647248,2247.668712,-21948.448604,0.000000,0.000000,0.000000,0.986785
-28832.396376,-11542.882983,-36751.935395,-962.170155,-384.615596,-1225.059380,0.000000,0.000000,0.000000,0.967353
-878762.258689,-492060.631235,237738.520986,-29292.768204,-16402.017006,7924.601264,0.000000,0.000000,0.000000,1.058365
-7365.510778,-5486.474316,-7820.627744,-246.239549,-182.684568,-260.676679,0.000000,0.000000,0.000000,0.897868
-0.639898,-155.103528,171.399148,-0.952340,-5.063951,5.701029,0.000000,0.000000,0.000000,1.134777
2.193975,3.760610,-17.225876,-0.373272,-0.159280,-0.587224,0.000000,0.000000,0.000000,0.836290
209677044.342013,212661966.426423,39164138.984039,6989233.943625,7088732.444270,1305471.288808,0.000000,0.000000,0.000000,0.864157
563084.655953,-232459.938931,61317.584089,18768.371930,-7748.535259,2043.906199,0.000000,0.000000,0.000000,1.043791
83087311.868112,93357682.991910,-221990872.042706,2769576.282430,3111922.666296,-7399695.738211,0.000000,0.000000,0.000000,0.971444
-126.746764,-41.555624,-153.970927,-4.865692,-1.678599,-5.123757,0.000000,0.000000,0.000000,0.803007
-2335.949721,1971.457294,-2990.168069,-78.566720,65.695439,-99.658801,0.000000,0.000000,0.000000,0.926664
-11004.482999,7505.202307,20162.177321,-367.359895,250.192804,672.063656,0.000000,0.000000,0.000000,1.144067
10.168076,-5.510077,-23.098681,-0.750133,-0.490757,-0.865805,0.000000,0.000000,0.000000,0.976764
-24.311232,-71.827329,-740.686053,-1.281837,-2.583861,-24.684703,0.000000,0.000000,0.000000,0.889098
150.877570,155.912577,-86.768700,4.058401,5.250766,-2.882339,0.000000,0.000000,0.000000,0.891783
79.479617,-40.517403,92.874382,1.656669,-1.568647,3.082094,0.000000,0.000000,0.000000,0.995825
10.518417,12.153794,-19.225726,-0.247460,-0.059176,-0.705732,0.000000,0.000000,0.000000,0.819459
-180474.138524,-493162.745398,-27949.788316,-6016.453841,-16438.768060,-931.657798,0.000000,0.000000,0.000000,1.121507
586342798573.189453,-943110249195.092773,-879964537020.266846,19544759951.850292,-31437008306.894028,-29332151234.015854,0.000000,0.000000,0.000000,0.908878
41.640359,-32.701489,-13.048161,0.932324,-0.786381,-0.160269,0.000000,0.000000,0.000000,1.164952
80080101.976161,-108374690.806647,43358702.840656,2669336.075947,-3612489.628273,1445290.098719,0.000000,0.000000,0.000000,1.103829
-3720.283968,-1083.829376,-1031.578474,-124.619841,-36.178817,-34.373421,0.000000,0.000000,0.000000,1.019504
45.382616,11.354347,-30.852951,0.630660,0.761926,-1.097266,0.000000,0.000000,0.000000,0.944565
-1556657682.243269,638736348.573537,-1506157131.988733,-51888590.041887,21291211.636083,-50205237.744537,0.000000,0.000000,0.000000,0.910022
-2367.817854,6457.716936,-1751.201660,-79.719060,215.302892,-58.375376,0.000000,0.000000,0.000000,0.803507
68.031256,11.143534,21.781565,1.599385,0.308386,0.961142,0.000000,0.000000,0.000000,0.923965
-2876.010301,-278.737157,7030.907948,-96.369980,-9.595215,234.361021,0.000000,0.000000,0.000000,0.939871
-94.148714,193.392111,-57.052918,-4.442404,7.509959,-2.170916,0.000000,0.000000,0.000000,0.966995
864.602926,-2291.693169,1063.794232,27.770407,-76.522590,35.453885,0.000000,0.000000,0.000000,1.096231
438.818238,-770.137191,339.449710,13.583133,-25.917023,11.302261,0.000000,0.000000,0.000000,0.840062
-676559726.388474,-596978932.745903,426519183.601830,-22551991.251357,-19899298.098400,14217306.129573,0.000000,0.000000,0.000000,1.170553
57.685487,-165.159404,116.868817,1.695285,-5.596329,3.889681,0.000000,0.000000,0.000000,0.811813
-565.590458,2584.269706,-1930.313123,-19.481200,86.299004,-64.338894,0.000000,0.000000,0.000000,1.145674
-55899.865485,318373.012434,28104.007073,-1863.831546,10612.834314,936.790350,0.000000,0.000000,0.000000,0.907146
63928.466254,-175173.438724,-471664.552681,2130.306545,-5839.591298,-15722.139388,0.000000,0.000000,0.000000,0.846820
3666.867937,3223.495073,-3748.879103,121.273891,107.578006,-124.950787,0.000000,0.000000,0.000000,1.185405
96926.338195,-587524.694567,-462004.296461,3230.356874,-19584.207343,-15400.131851,0.000000,0.000000,0.000000,0.955268
397.874928,3462.348037,-1977.772005,12.913310,115.811353,-66.135469,0.000000,0.000000,0.000000,1.138260
150.304975,-362.408962,794.084007,4.247992,-12.373126,26.455612,0.000000,0.000000,0.000000,0.927767
-12937.127134,1743.261382,6413.137512,-432.158505,58.332820,213.764643,0.000000,0.000000,0.000000,1.155436
21135.028581,-19008.701598,-13577.463103,704.112366,-633.220448,-452.575590,0.000000,0.000000,0.000000,1.161849
1389.567751,-233.228347,-788.271298,46.200032,-7.836420,-26.601036,0.000000,0.000000,0.000000,1.006901
23392576633.060249,33913030648.193329,-11865995132.457563,779752553.742973,1130434354.941143,-395533171.068206,0.000000,0.000000,0.000000,0.902154
1552231.770857,3937391.562037,-27060601.268992,51740.439292,131246.374057,-902020.035379,0.000000,0.000000,0.000000,0.984989
-17449.264996,10244.501218,-11831.321038,-590.070684,346.232551,-399.733862,0.000000,0.000000,0.000000,0.941679
-14532.929440,-10520.646193,10923.535741,-485.078323,-350.649703,364.110571,0.000000,0.000000,0.000000,0.968550
194.840956,-95.065709,-319.608154,6.155826,-3.360479,-10.644402,0.000000,0.000000,0.000000,0.991250
-64.019502,328.989133,-11.153595,-2.611336,10.760651,-0.372092,0.000000,0.000000,0.000000,1.098281
-491.266906,-621.001249,-296.303679,-16.773272,-20.558607,-9.872059,0.000000,0.000000,0.000000,1.031808
-1179814005.469789,1942767438.270576,-6201070062.842135,-39327134.143515,64758914.631520,-206702335.436778,0.000000,0.000000,0.000000,1.049797
431510.745912,-504319.998508,-1084851.318718,14383.375827,-16810.880994,-36161.712094,0.000000,0.000000,0.000000,0.855235
89219.402577,-33991.950426,78466.034738,2973.462050,-1133.401996,2615.530757,0.000000,0.000000,0.000000,1.094591
-473896.427592,2478520.501273,120964.602018,-15797.197202,82617.285998,4032.148941,0.000000,0.000000,0.000000,0.857193
-30.980128,-1.651315,-55.093051,-1.272947,0.043433,-1.825705,0.000000,0.000000,0.000000,1.120642
237.150189,226.169711,-242.375065,6.918413,7.699840,-8.081587,0.000000,0.000000,0.000000,0.868762
217.423616,207.915274,-157.688397,6.416144,7.123176,-5.215770,0.000000,0.000000,0.000000,1.041343
1432.555768,-4427.509196,-74.052493,47.384103,-147.836386,-2.472298,0.000000,0.000000,0.000000,1.187912
281.161946,25.514675,-131.717820,8.378903,1.200276,-4.385548,0.000000,0.000000,0.000000,1.141518
-1.485398,-11.925915,43.278758,-0.892295,0.016725,1.804458,0.000000,0.000000,0.000000,0.817906
-2546486.296482,-7890151.091959,-3665450.765582,-84883.580724,-263005.070379,-122181.700051,0.000000,0.000000,0.000000,0.967201
43222.970879,43443.499270,-32266.357308,1440.248680,1447.760218,-1075.535358,0.000000,0.000000,0.000000,1.039648
-2431.368266,9629.466559,18961.736706,-81.710140,320.907256,632.044106,0.000000,0.000000,0.000000,1.006053
38.112883,6.826525,-41.937051,1.003030,-0.076215,-1.404197,0.000000,0.000000,0.000000,0.831222
-43.160685,13.267439,-1.819755,-0.969359,0.095996,0.176443,0.000000,0.000000,0.000000,1.120992
172.281059,72.116625,44.232526,5.232975,2.536369,1.469470,0.000000,0.000000,0.000000,0.928904
35311.251643,-26362.454003,-16033.872351,1176.377328,-878.825650,-534.449442,0.000000,0.000000,0.000000,1.028103
32986.066537,12358.944469,42136.777457,1098.436341,412.108411,1404.553012,0.000000,0.000000,0.000000,0.836554
38.433084,-17.152840,-14.155751,0.758693,-0.190855,-0.492986,0.000000,0.000000,0.000000,1.102035
-316.272298,134.982076,-92.282330,-11.432799,4.397264,-3.065025,0.000000,0.000000,0.000000,0.811120
46.822378,-4.306887,-20.016411,1.203066,0.128814,-0.682658,0.000000,0.000000,0.000000,1.158241
-642.604859,-765.717968,611.165601,-21.865068,-25.093638,20.367448,0.000000,0.000000,0.000000,0.890457
35862.363573,43469.715941,213171.060790,1195.064250,1449.131593,7105.705211,0.000000,0.000000,0.000000,1.188700
10.119915,558.707230,898.956650,-0.392350,18.795254,29.962596,0.000000,0.000000,0.000000,1.041086
51.653400,-17.809369,-8.733090,0.736350,-0.453591,-0.292466,0.000000,0.000000,0.000000,0.808992
-1069.744175,1534.856471,1607.549876,-38.611563,54.952722,57.232198,0.000000,0.000000,0.000000,1.094174
-1181068.572762,-518250.284300,493617.800507,-39369.239241,-17274.819581,16453.913415,0.000000,0.000000,0.000000,1.073638
56.249707,31.733038,38.643383,1.004267,1.016659,1.567666,0.000000,0.000000,0.000000,0.827773
10849200.567188,-4979403.288898,-20513623.588110,361639.343086,-165980.089316,-683787.439576,0.000000,0.000000,0.000000,0.889053
-5992.526852,-3021.864974,9209.857992,-200.492275,-100.409538,306.997730,0.000000,0.000000,0.000000,1.185254
373507.189821,148017.224276,10550.590366,12449.753444,4933.467748,351.674150,0.000000,0.000000,0.000000,0.847754
29.439411,-6.117509,-2.562105,0.508675,0.192543,-0.069430,0.000000,0.000000,0.000000,1.102478
-498064887.697895,695702364.658157,-1242877417.645585,-16602163.681983,23190078.791540,-41429247.250633,0.000000,0.000000,0.000000,1.151411
15563.597670,-9202.426460,10518.305374,525.216808,-310.751143,355.313085,0.000000,0.000000,0.000000,1.066719
-62107.554792,170186.114558,458109.358452,-2070.892595,5672.389532,15270.312796,0.000000,0.000000,0.000000,0.871816
18815.428960,5408.531505,8538.776646,626.793530,180.439971,284.617838,0.000000,0.000000,0.000000,1.064302
-4.158603,-7.006076,-77.618574,-0.955622,-0.587214,-2.823729,0.000000,0.000000,0.000000,1.083585
-87315.895258,-11608.494090,50842.788545,-2911.125658,-387.053324,1694.753841,0.000000,0.000000,0.000000,1.004985
219286.292069,27693.318920,28720.453612,7308.879236,923.447432,957.359719,0.000000,0.000000,0.000000,0.805786
3547.494757,3350.864901,34845.215777,117.448737,112.125132,1161.495559,0.000000,0.000000,0.000000,1.095958
167871.826240,62271384.149709,66660941.244894,5595.316965,2075712.925026,2222031.372742,0.000000,0.000000,0.000000,0.819543
-159635.716472,-124832.359134,62910.642821,-5448.563130,-4260.402353,2147.138933,0.000000,0.000000,0.000000,1.063840
37834.639079,64349.090984,248.494789,1260.488993,2145.169442,8.292968,0.000000,0.000000,0.000000,0.925326
11971.558277,16942.191960,778.723371,398.646409,564.572602,25.955536,0.000000,0.000000,0.000000,1.185133
218.927337,-187.738099,97.307082,7.404700,-6.906223,3.667520,0.000000,0.000000,0.000000,0.855007
2504898485.560006,305779962.423985,2762321976.569069,83496615.562242,10192665.403570,92077399.212945,0.000000,0.000000,0.000000,1.081940
52574.929261,-152216.470599,32288.316322,1751.813699,-5073.726261,1076.282482,0.000000,0.000000,0.000000,1.120414
75.928506,-25.958106,-41.704003,1.762817,-0.645799,-1.379591,0.000000,0.000000,0.000000,1.024909
26529.181464,-17738.385202,-17186.396040,883.534482,-591.300347,-572.871694,0.000000,0.000000,0.000000,1.084246
241602.098864,-183340.817056,594865.683825,8052.696815,-6111.006965,19828.846896,0.000000,0.000000,0.000000,1.074895
-12291.326158,17263.387859,-21128.557036,-410.595169,575.593473,-704.275911,0.000000,0.000000,0.000000,1.150690
4972.203770,322.336938,-5331.540458,164.924288,10.660156,-177.703004,0.000000,0.000000,0.000000,0.974919
-9834844.950551,-27250215.662152,16770333.824784,-327828.440612,-908340.671802,559011.121362,0.000000,0.000000,0.000000,1.053586
6906.156512,28886.284487,-2135.889232,229.698910,963.261568,-71.205083,0.000000,0.000000,0.000000,0.885200
-959855708.343125,-2105043389.283857,1020283704.138109,-31995190.691474,-70168112.781019,34009456.795214,0.000000,0.000000,0.000000,0.922503
22190060.643221,-26038044.106991,-24196348.034390,739668.016922,-867934.865454,-806544.929753,0.000000,0.000000,0.000000,1.071649
36671.270498,-187890.571779,108066.684590,1221.741949,-6262.836584,3602.210517,0.000000,0.000000,0.000000,0.885610
56680777.474750,135523734.885766,-1098667.720645,1889358.609603,4517457.846908,-36622.248289,0.000000,0.000000,0.000000,0.953759
-5786904.152842,-8118478.609338,6916159.705434,-192897.372648,-270616.065554,230538.643852,0.000000,0.000000,0.000000,1.040246
43.504840,8.125987,-10.807755,1.163257,0.328141,-0.371215,0.000000,0.000000,0.000000,1.144493
-7785502307441100.000000,789136129322811.250000,116422112081099.828125,-259516743581371.875000,26304537644093.640625,3880737069369.996094,0.000000,0.000000,0.000000,0.977780
-2456.498080,2861.289681,-594.187946,-82.235344,95.246180,-19.790565,0.000000,0.000000,0.000000,0.851596
-82.759129,640.546271,-28.047555,-3.272382,22.243592,-0.856837,0.000000,0.000000,0.000000,0.800099
-770090.260666,91476.728069,556677.839808,-25670.316721,3049.561826,18555.934405,0.000000,0.000000,0.000000,1.119573
-294959.772049,-178929.945609,14644.002495,-9832.426405,-5964.406174,488.120646,0.000000,0.000000,0.000000,1.096420
34.516174,57.221851,-72.158794,0.299245,1.849339,-2.409099,0.000000,0.000000,0.000000,1.083795
874154.159613,-504985.793944,-1189900.505752,29137.619074,-16833.099874,-39663.339257,0.000000,0.000000,0.000000,0.946685
177.179719,-12.154532,-65.836014,5.348914,-0.830526,-2.175454,0.000000,0.000000,0.000000,0.880569
-3530.133222,-7801.534910,703.204604,-119.195478,-261.663854,23.607961,0.000000,0.000000,0.000000,0.996733
19.121597,-19.050670,-2.056265,-0.491086,-0.377219,-0.322608,0.000000,0.000000,0.000000,1.003403
194210659166.187653,-11527791016.118435,-194840949880.195282,6473688638.258792,-384259700.267602,-6494698329.328857,0.000000,0.000000,0.000000,1.189955
129.331732,148.283861,326.579128,3.810333,4.741278,10.871035,0.000000,0.000000,0.000000,1.031382
-3776.631811,-184.651384,231.340847,-134.882378,-6.994715,8.264272,0.000000,0.000000,0.000000,0.970448
12.594706,91.891970,-159.193136,-0.563019,2.834455,-5.298689,0.000000,0.000000,0.000000,0.966858
85461117.946016,-114472061.229471,87965602.991823,2848703.305326,-3815735.242988,2932186.778372,0.000000,0.000000,0.000000,0.916667
-1750.630896,-619.916153,4069.818856,-58.586996,-20.796890,135.660112,0.000000,0.000000,0.000000,0.885629
1961.400668,3624.517663,1647.937070,64.471720,120.953484,54.939888,0.000000,0.000000,0.000000,0.955112
-974.591638,2241.236878,2928.900016,-32.738446,74.444505,97.618761,0.000000,0.000000,0.000000,1.005957
4460.991987,-4618.129294,-5626.980961,147.799269,-153.786557,-187.550519,0.000000,0.000000,0.000000,0.885273
-75025192.400147,-84301467.278801,200456961.855914,-2500840.524132,-2810049.006720,6681898.718718,0.000000,0.000000,0.000000,1.075807
-322331.794004,-384535.497907,60189.836424,-10744.921458,-12818.101874,2006.329901,0.000000,0.000000,0.000000,1.005960
2006347.819487,-211673.956041,353676.528428,66877.529712,-7055.764124,11789.208883,0.000000,0.000000,0.000000,1.156750
-1361876239.056357,572695455.582215,522523722.012742,-45395875.522752,19089848.674971,17417457.396982,0.000000,0.000000,0.000000,1.095993
-35410.610663,-70637.378235,10490.803121,-1181.014130,-2354.533140,349.692438,0.000000,0.000000,0.000000,0.913352
-208759.010362,336385.258505,-131851.525178,-6959.445769,11212.436354,-4395.045625,0.000000,0.000000,0.000000,0.804534
209567.055248,-198499.164107,-131373.800913,6984.515639,-6616.573927,-4379.126500,0.000000,0.000000,0.000000,1.025495
87299.338450,78807.068564,139980.070873,2968.372396,2680.386319,4761.242898,0.000000,0.000000,0.000000,1.015924
46113412.677948,18475922.769678,16835584.443862,1537113.100955,615864.115840,561186.160673,0.000000,0.000000,0.000000,0.933560
-1038302172047.097778,6752453425548.187500,8374393540490.915039,-34610072402.420242,225081780851.640015,279146451349.697205,0.000000,0.000000,0.000000,1.134775
3749.589614,-8449.361764,997.346207,124.224078,-281.600200,33.251357,0.000000,0.000000,0.000000,0.951143
487416802.835650,-680842762.151502,1216374515.301942,16247226.000421,-22694758.765922,40545817.175841,0.000000,0.000000,0.000000,1.176513
2050.778592,-40661.482123,-96932.135681,67.629710,-1355.304448,-3231.056986,0.000000,0.000000,0.000000,0.993908
1252.748842,-933.893198,276.622827,41.076637,-31.075917,9.218598,0.000000,0.000000,0.000000,0.999758
10767791.088053,-7528123.447019,557593.543606,361334.680432,-252621.555647,18711.251136,0.000000,0.000000,0.000000,0.883884
-22513111.998162,-25242866.382492,-1485467.530803,-750437.453867,-841429.152773,-49515.584916,0.000000,0.000000,0.000000,0.822428
-1570.981539,-2113.087109,647.527994,-53.137591,-70.760435,21.568753,0.000000,0.000000,0.000000,1.046457
-236565953.770202,44198823.372005,4176403.253809,-7885532.487306,1473294.288549,139213.430964,0.000000,0.000000,0.000000,1.179048
2230.459861,2290.440247,3606.698148,73.697590,76.677002,120.216943,0.000000,0.000000,0.000000,0.964761
8015286.415321,-4073872.760672,-1951782.551593,267175.441526,-135795.672954,-65059.412969,0.000000,0.000000,0.000000,1.132106
-69.274179,274.852947,-187.343401,-2.773318,9.126362,-6.270424,0.000000,0.000000,0.000000,0.902754
-2724520.774884,7524283.823786,824166.478793,-90818.220763,250809.420050,27472.202984,0.000000,0.000000,0.000000,0.897586
415.159202,73.318216,2301.688516,13.008812,2.310680,76.714308,0.000000,0.000000,0.000000,1.012607
137052171.755003,111778829.914431,-27386173.282864,4568405.028249,3725961.011231,-912872.431398,0.000000,0.000000,0.000000,0.892705
27.603535,-1.838677,-11.514074,0.241690,-0.716714,-0.265638,0.000000,0.000000,0.000000,1.048317
12.191644,-10.836256,-24.639747,0.011159,-0.238187,-0.850862,0.000000,0.000000,0.000000,1.118778
-3344.495990,6615.035604,-3316.015133,-112.177371,220.397327,-110.538893,0.000000,0.000000,0.000000,1.016125
-2716131.151889,-11358110.510503,-12882259.692339,-90538.408671,-378603.686559,-429408.661694,0.000000,0.000000,0.000000,1.104287
558.914237,585.718644,-515.747055,18.174145,19.941421,-17.185528,0.000000,0.000000,0.000000,1.111704
-1248147038.546842,1067584952.406359,-63826855.597105,-41604902.035655,35586165.105819,-2127561.844654,0.000000,0.000000,0.000000,1.166465
6482786800.458684,70980933.064528,-2863090781.131204,216092892.505358,2366031.100170,-95436359.356624,0.000000,0.000000,0.000000,0.907668
-15006.812784,37501.795518,4657.481152,-504.422049,1258.222687,156.246934,0.000000,0.000000,0.000000,1.121709
-6846422.423333,-6439439.475035,-438013.379484,-228214.800760,-214648.002596,-14600.429805,0.000000,0.000000,0.000000,0.865140
402.656611,78.546645,269.023099,12.738968,2.955985,8.968206,0.000000,0.000000,0.000000,0.857302
-144.441471,-170.492696,-79.957841,-5.724547,-5.669254,-2.642894,0.000000,0.000000,0.000000,1.029970
-1142216.564329,-13303205.187430,15051793.419321,-38074.504100,-443440.059265,501726.435299,0.000000,0.000000,0.000000,1.134529
118709705.608795,651396790.945160,-360527719.065695,3956989.571060,21713226.331004,-12017590.629110,0.000000,0.000000,0.000000,1.051662
30550758.397491,302181.266823,23409883.840082,1018357.670443,10072.699917,780329.472783,0.000000,0.000000,0.000000,1.081546
1043527585844.080444,-6786436184888.092773,-8416538964689.998047,34784252860.618416,-226214539496.234924,-280551298822.996765,0.000000,0.000000,0.000000,1.129093
40.409573,-6.514919,-16.262696,0.454778,0.189522,-1.005633,0.000000,0.000000,0.000000,1.117173
-4469.475074,-3879.249285,4195.364723,-149.926832,-129.170878,139.847326,0.000000,0.000000,0.000000,1.004589
1652364563.856680,-694868750.747854,-633943867.632078,55078817.902287,-23162291.533762,-21131462.255775,0.000000,0.000000,0.000000,0.903321
4325.912792,187070.506637,126981.647218,143.648781,6235.827770,4232.716782,0.000000,0.000000,0.000000,0.803210
-3061.416454,5462.500779,-11489.211994,-102.527914,181.637313,-382.971250,0.000000,0.000000,0.000000,0.868585
2170462.743085,-21748711.796560,6569728.782638,72348.123258,-724956.932430,218990.965233,0.000000,0.000000,0.000000,1.002621
43.137032,-13.798669,21.472836,1.117138,-0.220416,0.815984,0.000000,0.000000,0.000000,1.079506
-7804.199699,-2930.026735,3371.827742,-261.166208,-97.926039,112.384940,0.000000,0.000000,0.000000,1.150887
179.850512,-82.979498,1.509047,6.187271,-3.416800,0.149355,0.000000,0.000000,0.000000,0.992110
-402.818775,159.167928,-1147.795675,-14.074486,5.402212,-38.436763,0.000000,0.000000,0.000000,0.965016
2528216.631941,-2884210.577124,-405097.579351,84273.287706,-96140.351960,-13503.253602,0.000000,0.000000,0.000000,0.886461
-2018767.513540,2266057.117130,401786.578178,-67292.843637,75535.230058,13392.883868,0.000000,0.000000,0.000000,1.117090
326.978497,2235.253633,3885.678146,10.173980,74.206453,129.512398,0.000000,0.000000,0.000000,0.873952
-181.593132,93.159791,136.492992,-6.770012,2.899506,4.536125,0.000000,0.000000,0.000000,0.876709
889.765631,-1000.400547,-1150.893080,29.134985,-33.249351,-38.352655,0.000000,0.000000,0.000000,0.944259
54.511179,-103.932348,-58.718759,1.512094,-3.729670,-1.958438,0.000000,0.000000,0.000000,1.197541
182166.829396,36551.768852,76412.538089,6071.805050,1218.509729,2547.077510,0.000000,0.000000,0.000000,0.969329
144.473537,176.351114,88.635569,4.010136,5.962794,2.960337,0.000000,0.000000,0.000000,0.931600
-3362.695580,10519.887705,10133.145433,-112.322833,350.853738,337.763199,0.000000,0.000000,0.000000,0.886262
18519.696370,-17740.486278,11483.221803,616.707852,-590.889044,382.777257,0.000000,0.000000,0.000000,0.909000
321122.665313,-3399.979031,423334.540155,10703.433012,-113.348322,14111.143956,0.000000,0.000000,0.000000,0.942965
-1275.702772,-495.642287,958.928329,-43.414766,-16.830053,31.962577,0.000000,0.000000,0.000000,0.819906
593653.741283,-65950.338411,-520564.979711,19787.807309,-2198.006156,-17352.152978,0.000000,0.000000,0.000000,1.195090
-7040.103315,43379.271554,37089.657606,-235.482092,1446.040129,1236.320544,0.000000,0.000000,0.000000,0.979567
-32026.425319,1204.726137,13837.709640,-1068.345271,40.219295,461.250670,0.000000,0.000000,0.000000,0.919312
83997.515399,-99521.232987,-2987.351373,2799.629424,-3317.174393,-99.571036,0.000000,0.000000,0.000000,0.932492
7.515764,-8.803705,-48.009222,-0.202401,-0.038822,-1.586747,0.000000,0.000000,0.000000,1.017042
-517138148.744390,-915844125.959371,348009377.948904,-17237939.153410,-30528137.558226,11600312.584310,0.000000,0.000000,0.000000,0.967793
271.572959,-134.934910,-2181.688966,8.360335,-4.423515,-72.720226,0.000000,0.000000,0.000000,1.037726
-1838987338.892250,-5264499362.996704,1259698925.751995,-61299578.940542,-175483312.150002,41989964.175862,0.000000,0.000000,0.000000,0.897974
-680009.137180,281915.465251,-73822.461224,-22668.076819,9397.306993,-2460.760778,0.000000,0.000000,0.000000,0.863685
-4.473811,-0.779732,-59.388687,-0.704735,0.330097,-2.166711,0.000000,0.000000,0.000000,0.879242
29.934573,-10.471385,-2.131271,0.139333,0.021183,-0.015451,0.000000,0.000000,0.000000,0.879825
-650.740613,-406.602421,510.655874,-22.272062,-13.548304,17.009018,0.000000,0.000000,0.000000,1.196461
29777604.274143,-9541734.610069,-2669278.675733,992586.092923,-318057.895870,-88975.960887,0.000000,0.000000,0.000000,0.833566
6299.442543,1085.775369,-3854.431047,209.260301,36.130026,-128.474404,0.000000,0.000000,0.000000,1.189773
-6895.473932,363.135503,-18711.169405,-230.367765,12.266823,-623.694003,0.000000,0.000000,0.000000,1.121791
-6853.621137,10155.557901,-12078.124383,-229.353238,338.565661,-402.608199,0.000000,0.000000,0.000000,0.882932
-68513.619366,198680.974327,-42271.044857,-2284.467008,6622.842917,-1409.026937,0.000000,0.000000,0.000000,0.858811
-976.023599,-654.072202,378.143979,-33.224730,-22.034107,12.592962,0.000000,0.000000,0.000000,1.145748
-112517794702207.515625,-1121980689875505.375000,627355899889962.250000,-3750593156740.889160,-37399356329183.273438,20911863329665.324219,0.000000,0.000000,0.000000,1.176957
-106832.310017,464994.556702,83704.999470,-3561.484948,15499.926591,2790.162369,0.000000,0.000000,0.000000,0.823481
-188.412151,1517.044607,-365.409973,-7.031923,50.942682,-12.184864,0.000000,0.000000,0.000000,1.062576
1535.990550,2042.667681,-578.783988,50.417538,67.749876,-19.304690,0.000000,0.000000,0.000000,1.120249
170.139947,109.359173,22.027973,4.966798,3.283810,0.737159,0.000000,0.000000,0.000000,1.025032
-6574058769.760048,-4017658443.790324,1330648187.072254,-219135293.154469,-133921948.009751,44354939.561189,0.000000,0.000000,0.000000,1.195124
-10406.599174,-27746.994301,-60479.117758,-347.696389,-924.829426,-2015.958996,0.000000,0.000000,0.000000,0.999323
-84912.361993,112099.366046,23805.148637,-2831.008892,3737.085292,793.512234,0.000000,0.000000,0.000000,0.806351
-222473717.773273,-225643838.366027,-41555236.949720,-7415791.455159,-7521461.043680,-1385174.574706,0.000000,0.000000,0.000000,0.814451
-460.369072,-366.117914,288.085899,-16.304949,-11.961622,9.602567,0.000000,0.000000,0.000000,1.090365
-16656.623081,-23769.654213,-1111.910843,-555.617253,-792.476120,-37.065003,0.000000,0.000000,0.000000,0.846291
11.683366,23.214658,1.387951,-0.385841,0.648244,0.011660,0.000000,0.000000,0.000000,1.171386
579698.175474,1714615.596376,1367430.947671,19322.463144,57153.727102,45581.028741,0.000000,0.000000,0.000000,0.801445
104638.701761,-905021.002130,816236.948966,3487.381027,-30167.291882,27207.905568,0.000000,0.000000,0.000000,1.004728
-172.212856,-710.282019,-327.083616,-6.289776,-23.702237,-10.902899,0.000000,0.000000,0.000000,0.957529
-191757.473137,-4113126.221807,-8151039.331505,-6392.569448,-137104.294576,-271701.299597,0.000000,0.000000,0.000000,0.839667
82612155.548506,1500412063.793413,2440290447.502738,2753737.865659,50013735.435940,81343014.919196,0.000000,0.000000,0.000000,0.886175
9522.217071,3143.742941,-3965.950347,316.841924,104.938511,-132.202236,0.000000,0.000000,0.000000,1.127776
840474196.666630,741612855.811443,-529854749.137800,28015806.179466,24720428.183010,-17661824.959008,0.000000,0.000000,0.000000,0.942264
699.961579,70.665307,-305.379438,23.654312,2.049688,-10.676553,0.000000,0.000000,0.000000,0.908114
15120028.035525,-21504870.932041,42669742.950269,504000.377472,-716829.222726,1422324.773049,0.000000,0.000000,0.000000,0.813906
-1003.655520,-837.462445,-728.093123,-34.084005,-27.848385,-24.256129,0.000000,0.000000,0.000000,0.824164
58.333348,-32.637482,-36.470813,1.578410,-0.909337,-1.194264,0.000000,0.000000,0.000000,0.872297
351.312368,-73.504928,-309.848966,10.993085,-2.647754,-10.342750,0.000000,0.000000,0.000000,0.836343
-1298775.425447,8512522.275735,-12260178.162467,-43293.071293,283750.759191,-408672.591768,0.000000,0.000000,0.000000,0.947381
-2769.031640,-183.265652,-2113.302802,-93.473897,-6.489670,-70.676907,0.000000,0.000000,0.000000,0.923338
-129836.688322,668982.393794,744484.021482,-4328.138933,22299.190088,24816.117435,0.000000,0.000000,0.000000,0.916584
38.831990,-19.765552,-22.513725,0.955269,-0.527720,-0.824945,0.000000,0.000000,0.000000,0.956938
987.652465,35.305646,33.877788,32.478029,1.422853,1.137328,0.000000,0.000000,0.000000,1.156898
2858.119816,178.957983,-6560.925957,94.760752,5.660880,-218.684189,0.000000,0.000000,0.000000,1.004058
-4444.464449,-2322.481540,5438.006244,-148.688842,-77.495084,181.250626,0.000000,0.000000,0.000000,1.084822
87248077.209380,42133589.887774,-218530193.862655,2908268.716312,1404453.089157,-7284339.805351,0.000000,0.000000,0.000000,1.070284
8.625340,15.774980,-29.235287,-0.786285,0.481677,-1.096036,0.000000,0.000000,0.000000,1.096838
121283.330372,-48524.391956,-79633.658818,4042.356240,-1617.349895,-2654.444446,0.000000,0.000000,0.000000,0.873530
-52888.485257,6699.244949,-5804.836713,-1763.419675,223.485075,-193.508199,0.000000,0.000000,0.000000,0.922016
32362.039221,25788.151091,20950.017288,1092.452347,870.790847,707.827880,0.000000,0.000000,0.000000,0.944205
1005598.086709,-1327514.422787,272912.790199,33519.581549,-44250.427477,9097.107348,0.000000,0.000000,0.000000,0.969357
2709856013.230511,11754085742.006174,17442432588.212910,90328533.185664,391802858.038563,581414419.595484,0.000000,0.000000,0.000000,0.992513
-13726.097225,734.527110,-14498.167204,-458.025972,24.444248,-483.257868,0.000000,0.000000,0.000000,0.848419
-3711837701.357607,-323026177.922590,1012597729.585757,-123727924.074781,-10767538.769242,33753257.645389,0.000000,0.000000,0.000000,0.860345
-37.862681,25.855356,-81.939310,-1.708315,0.419925,-2.735127,0.000000,0.000000,0.000000,1.084198
-104.795447,7.125515,-2.786342,-4.035266,0.612925,-0.088296,0.000000,0.000000,0.000000,0.808275
29.371806,-69.163191,11.176170,0.079291,-2.563393,0.382504,0.000000,0.000000,0.000000,0.931321
3.005584,-15.030424,-37.182397,-0.836345,-0.082357,-1.201519,0.000000,0.000000,0.000000,0.847679
17.872063,3.108354,-8.249237,0.325653,0.399601,-0.228410,0.000000,0.000000,0.000000,1.069603
-37863.737457,-16119.237283,-38476.041431,-1275.323205,-542.565703,-1295.497614,0.000000,0.000000,0.000000,0.861356
9050.187685,-2021.895687,7022.257926,303.383641,-68.025616,235.653458,0.000000,0.000000,0.000000,1.156015
-388.857060,-426.790747,-54.827742,-13.586735,-14.149872,-1.824163,0.000000,0.000000,0.000000,1.164483
79.827728,-61.240440,-204.796547,2.095174,-1.919078,-6.821731,0.000000,0.000000,0.000000,0.985132
-1490.548055,-508.075810,-522.179719,-50.079656,-17.245337,-17.400366,0.000000,0.000000,0.000000,0.920192
5875.349109,-8603.849214,10225.405338,194.939232,-286.738269,340.831321,0.000000,0.000000,0.000000,1.039670
-1871459.773293,-29775.684715,709632.205418,-62591.044026,-995.750688,23733.523065,0.000000,0.000000,0.000000,1.191544
-58.872213,-10585.155117,-3316.942476,-2.541394,-352.417739,-110.556169,0.000000,0.000000,0.000000,0.931642
-3073679.146809,-68065980.436973,-33994006.101889,-102456.626208,-2268865.983772,-1133133.520565,0.000000,0.000000,0.000000,0.883217
-161.523728,-344.556127,670.792841,-5.849381,-11.670892,22.343783,0.000000,0.000000,0.000000,0.842383
-597830.917948,103967.688641,-10017.291903,-19928.115918,3465.527782,-333.916532,0.000000,0.000000,0.000000,0.842656
205331.730526,-4535020.445748,6343412.454401,6866.862163,-151672.855555,212154.266161,0.000000,0.000000,0.000000,0.978410
201.281089,-996.313824,-1589.194873,6.108147,-33.155496,-52.960341,0.000000,0.000000,0.000000,0.890721
19.705029,1058.194252,162.708665,0.289652,35.273325,5.431182,0.000000,0.000000,0.000000,0.967262
7542.970299,-67362.696993,26613.363970,250.708730,-2245.714228,887.116712,0.000000,0.000000,0.000000,0.871048
-106.544704,-60.942413,-236.639055,-4.158722,-1.968876,-7.865457,0.000000,0.000000,0.000000,1.182573
-50805.397991,25854.670702,-25997.565197,-1694.257226,861.805174,-866.591132,0.000000,0.000000,0.000000,1.100934
1886775.134954,-302262.950951,870043.307833,62891.933592,-10075.677824,29001.428857,0.000000,0.000000,0.000000,1.140723
49.185295,-31.155947,79.720549,0.598182,-0.927741,2.789251,0.000000,0.000000,0.000000,1.060528
-100550834.841770,-618313572.165008,323205140.608654,-3351695.109647,-20610452.433646,10773504.690116,0.000000,0.000000,0.000000,1.107152
-12315851829.502567,-7241843971.506700,2090557385.757324,-410528394.964870,-241394798.988348,69685246.197577,0.000000,0.000000,0.000000,0.876661
18.757710,-0.973017,-28.443384,0.354114,0.125768,-0.994810,0.000000,0.000000,0.000000,1.030936
-25.982663,-34.348595,-13.518041,-1.450265,-1.256765,-0.362547,0.000000,0.000000,0.000000,1.121565
2216.003081,-3170.333998,-5226.035733,73.351082,-105.809589,-174.198745,0.000000,0.000000,0.000000,1.000221
6583802998121127.000000,-667332253297590.500000,-98452237879701.718750,219460099937371.031250,-22244408443253.007812,-3281741262656.717285,0.000000,0.000000,0.000000,1.156248
3460.439507,-3174.464110,2049.435134,114.604805,-105.798012,68.298602,0.000000,0.000000,0.000000,1.134824
1803851460.577785,5163915185.262549,-1235630967.352422,60128381.039969,172130506.120087,-41187698.926370,0.000000,0.000000,0.000000,0.915465
60346.009595,-86709.541482,-34820.077764,2010.928601,-2889.867434,-1160.659652,0.000000,0.000000,0.000000,0.857303
-829.046211,-245.349587,-667.929468,-28.123603,-7.761459,-22.261379,0.000000,0.000000,0.000000,1.154023
-36263.859236,-44105.574112,-216075.591329,-1209.141080,-1470.042196,-7202.504046,0.000000,0.000000,0.000000,1.172900
76.756120,5.231546,-21.570001,1.619653,-0.040045,-0.708569,0.000000,0.000000,0.000000,0.910688
-25.474867,15.904964,-13.308112,-1.439833,0.085554,-0.453423,0.000000,0.000000,0.000000,0.964605
473.348886,-415.745447,-4540.420520,14.778441,-13.755275,-151.333290,0.000000,0.000000,0.000000,0.992010
1841.801619,1043.617153,1668.554438,61.017031,34.664831,55.618003,0.000000,0.000000,0.000000,0.811978
328011.392008,391294.503343,-61274.843870,10933.176951,13042.888872,-2042.491320,0.000000,0.000000,0.000000,0.988590
806.307649,400.026316,-98.748433,27.505404,14.241342,-3.408641,0.000000,0.000000,0.000000,1.141112
-5091297.965907,-1824635.551847,2486781.558573,-169710.565148,-60821.198676,82892.707037,0.000000,0.000000,0.000000,0.830858
-5919.946860,-4445.040829,2744.650704,-197.840071,-147.953913,91.480684,0.000000,0.000000,0.000000,0.882321
30.474383,-4.435339,-48.914545,-0.050150,0.114107,-1.664776,0.000000,0.000000,0.000000,1.003544
2359013.566234,6996463.745205,3316741.968962,78633.078583,233215.415854,110558.053825,0.000000,0.000000,0.000000,1.090557
-83581363.102059,-40364166.712422,209347412.993590,-2786045.958080,-1345472.129566,6978247.083204,0.000000,0.000000,0.000000,1.117236
43.205011,54.087566,-107.579606,0.387992,2.041481,-3.734705,0.000000,0.000000,0.000000,0.921839
-183.617259,121.173289,-331.808130,-6.651897,4.341552,-11.044158,0.000000,0.000000,0.000000,1.064942
-13532.748045,-8663.404678,-2586.841988,-451.436657,-288.568951,-86.241909,0.000000,0.000000,0.000000,1.190728
284957377.544775,-53199482.683124,-5007748.604781,9498578.549436,-1773315.911964,-166924.964198,0.000000,0.000000,0.000000,0.978843
1258.060772,109.537016,-4722.140272,41.174422,3.921566,-157.396520,0.000000,0.000000,0.000000,0.826292
-7828162.741798,3957389.456563,1899468.447255,-260939.522091,131913.063431,63315.618315,0.000000,0.000000,0.000000,1.161362
-130153329.709024,-43994389.626496,39058060.546005,-4338444.874679,-1466479.629957,1301935.355528,0.000000,0.000000,0.000000,1.090252
16.577352,25.772278,-80.421878,0.253546,0.851507,-2.739754,0.000000,0.000000,0.000000,1.169779
123159679034804.875000,1228097473202173.500000,-686691195590163.000000,4105322634492.853516,40936582440072.546875,-22889706519672.039062,0.000000,0.000000,0.000000,1.075259
45.400942,10.462111,-4.605194,0.447463,0.451608,-0.222933,0.000000,0.000000,0.000000,0.824259
-15127.157882,-25519.964436,-2219.261277,-505.149935,-850.894120,-73.973760,0.000000,0.000000,0.000000,0.962516
11862813.815800,3863421.358924,-25322646.692575,395426.471427,128780.689926,-844088.207667,0.000000,0.000000,0.000000,1.199109
3252.092159,-10124.662490,-9751.911752,108.166382,-337.286344,-325.060877,0.000000,0.000000,0.000000,0.923813
16001.664681,-33533.834717,-8455.482435,538.448527,-1129.315927,-284.703757,0.000000,0.000000,0.000000,1.146033
-22225.765003,-6692.786746,-9736.641422,-741.232315,-222.933112,-324.556667,0.000000,0.000000,0.000000,0.909728
3492080.968294,-822581.059319,8811535.860983,116401.961929,-27419.362118,293717.863494,0.000000,0.000000,0.000000,0.994752
38.485047,-23.772528,-22.844807,0.476603,-0.623631,-0.723477,0.000000,0.000000,0.000000,1.092672
70.150049,-7.427733,8.161421,1.527385,0.150851,0.246177,0.000000,0.000000,0.000000,0.917199
-4583.603915,-925.955955,-402.670042,-153.558663,-31.224238,-13.405696,0.000000,0.000000,0.000000,0.970720
-971.514781,-99.148569,3836.281859,-33.140132,-3.034186,127.866545,0.000000,0.000000,0.000000,1.009326
1590153.698373,645441.203860,-594828.309079,53004.826687,21514.892716,-19827.619904,0.000000,0.000000,0.000000,0.820667
687.130261,1034.355211,22.621219,22.336373,34.470487,0.764065,0.000000,0.000000,0.000000,1.157497
-451.217428,1345.564798,86.547537,-15.658244,44.627577,2.876580,0.000000,0.000000,0.000000,1.095574
-306518.146259,16987.088051,-26641.023889,-10217.893531,566.239579,-888.027999,0.000000,0.000000,0.000000,0.984745
-2046424.482013,327843.365553,-943699.642662,-68214.710657,10927.864513,-31456.665042,0.000000,0.000000,0.000000,1.051727
4.395678,12.681648,-10.113900,-0.195457,0.448051,-0.387672,0.000000,0.000000,0.000000,1.135512
111371894.996963,-235285914.171177,-254685282.871040,3712395.928736,-7842863.884529,-8489509.431881,0.000000,0.000000,0.000000,0.965913
1093.006598,2105.196183,-376.486337,35.663891,70.040043,-12.533980,0.000000,0.000000,0.000000,0.878008
395675.508960,1298793.400874,-611260.080906,13188.609902,43292.905367,-20375.333166,0.000000,0.000000,0.000000,0.923908
8.350450,15.874784,15.433789,-0.020428,0.505536,0.583060,0.000000,0.000000,0.000000,0.969764
-39772.450709,-14609.002897,-6870.153492,-1326.354348,-486.932778,-228.994010,0.000000,0.000000,0.000000,0.944591
49.040207,-34.117655,-66.848324,0.866529,-0.955581,-2.354839,0.000000,0.000000,0.000000,0.809814
17.551198,16.387834,-30.823903,0.004905,0.958683,-1.124599,0.000000,0.000000,0.000000,1.155113
419.607410,-396.773844,302.488961,13.232743,-12.832430,10.073965,0.000000,0.000000,0.000000,1.029983
1730.606251,940.722829,7546.197538,57.059824,31.605838,251.539582,0.000000,0.000000,0.000000,0.835258
-9775.209798,2272.961893,-7663.056203,-328.328217,76.094113,-257.132308,0.000000,0.000000,0.000000,1.066468
1445.641247,232.043825,3771.931894,47.655307,7.894291,125.717291,0.000000,0.000000,0.000000,1.169296
235190301.444184,205908925.115287,83583229.675690,7839676.021106,6863630.764583,2786107.648340,0.000000,0.000000,0.000000,1.119005
-403.781612,-295.249826,-507.331743,-14.240524,-10.057771,-17.238685,0.000000,0.000000,0.000000,1.038952
-108.969839,-1035.665767,26.151298,-4.383831,-34.108926,0.862033,0.000000,0.000000,0.000000,1.176150
-3231351.987838,93986052.162568,29847755.510078,-107712.240889,3132868.057900,994925.186764,0.000000,0.000000,0.000000,0.902790
993932.811808,243232.031808,418036.152994,33130.391434,8107.733425,13934.546984,0.000000,0.000000,0.000000,1.051618
-12107910.430164,61961898.278399,27544102.213665,-403597.601579,2065396.573598,918136.725579,0.000000,0.000000,0.000000,0.905255
35.824153,30.446541,-13.849683,0.075415,1.149313,-0.490796,0.000000,0.000000,0.000000,0.893379
-38.250365,-9.393047,-19.177510,-1.016084,0.073380,-1.119680,0.000000,0.000000,0.000000,1.000914
56079939.626152,-11517976.861692,-28253744.716739,1869330.612651,-383932.613942,-941791.486399,0.000000,0.000000,0.000000,0.982572
-113.497028,52.519313,-375.386593,-4.392385,1.580855,-12.498215,0.000000,0.000000,0.000000,1.056024
-108870.177528,-98817.472348,-175725.220707,-3704.053661,-3361.258901,-5977.021965,0.000000,0.000000,0.000000,0.809312
9823209852.350685,-2521903533.456018,-9555288385.886774,327440327.757520,-84063451.150615,-318509612.861072,0.000000,0.000000,0.000000,1.158956
8.222652,57.977927,160.889133,-0.288127,1.919609,5.354279,0.000000,0.000000,0.000000,1.156830
50.449228,15.411257,1.685743,0.717170,0.816838,0.260840,0.000000,0.000000,0.000000,0.873434
25748.227753,-17589.312121,18243.825972,974.441900,-665.716499,691.116431,0.000000,0.000000,0.000000,1.153578
42.353332,-32.129965,-13.025003,1.200108,-0.682555,-0.732390,0.000000,0.000000,0.000000,0.970115
-229.502059,2750.969880,2311.275592,-8.404067,91.997380,77.044001,0.000000,0.000000,0.000000,0.894150
96.359527,317.563036,108.480565,2.738144,10.304967,3.612897,0.000000,0.000000,0.000000,1.177652
128.137664,-771.165610,1713.669447,3.681421,-25.709954,57.244772,0.000000,0.000000,0.000000,1.171372
69.673737,2.065608,-44.257196,1.459964,0.048694,-1.685339,0.000000,0.000000,0.000000,1.036042
0.267487,-31.783000,6.935729,-0.447995,-1.238605,0.222504,0.000000,0.000000,0.000000,0.920117
9.941046,-31.119137,-25.519126,0.061558,-1.165112,-0.905387,0.000000,0.000000,0.000000,1.041553
-5960.159470,5858.913750,-22136.181254,-199.519882,195.372464,-737.864045,0.000000,0.000000,0.000000,0.852513
-0.543595,-24.017039,-30.745944,-0.695365,-0.706502,-0.994197,0.000000,0.000000,0.000000,1.121206
-25938.678269,-7573.696752,2329.673189,-865.426942,-252.079155,77.656433,0.000000,0.000000,0.000000,1.015589
-35379.873859,-72891.951148,-5513.929590,-1179.987488,-2429.519519,-183.787724,0.000000,0.000000,0.000000,0.852184
-221917632072.409515,13172398839.171160,222637844576.345825,-7397254403.024995,439079961.575216,7421261485.886341,0.000000,0.000000,0.000000,1.041386
48.710872,11.413225,-8.519470,0.512543,0.574369,-0.337798,0.000000,0.000000,0.000000,0.842234
8731140643.438225,6926854547.693554,2367470228.558906,291038020.689633,230895151.276838,78915674.286216,0.000000,0.000000,0.000000,0.891092
7515.040685,3515.683821,-3643.609178,249.460723,116.925093,-121.456457,0.000000,0.000000,0.000000,1.156470
98.474910,-53.433734,26.419051,2.227905,-1.537169,0.899447,0.000000,0.000000,0.000000,0.940498
12506.641804,22477.042668,-83147.607210,416.292288,749.224523,-2771.575430,0.000000,0.000000,0.000000,1.099871
551.763738,-864.481438,-136.903931,20.151476,-33.581440,-5.234885,0.000000,0.000000,0.000000,0.935047
-1115511642.550286,-1307516516.999996,465198340.123050,-37183722.139861,-43583884.204069,15506611.348070,0.000000,0.000000,0.000000,1.082900
1956.632656,268.106715,-1167.484772,64.431722,8.574336,-38.901013,0.000000,0.000000,0.000000,1.048884
113865.081023,-47306.086710,-87926.066345,3819.969815,-1587.709629,-2950.536609,0.000000,0.000000,0.000000,1.160611
-48.518242,-77.015594,115.240565,-2.118921,-2.344884,3.861098,0.000000,0.000000,0.000000,0.880410
5656.808155,-5156.762350,6180.598564,187.890864,-171.409337,206.025210,0.000000,0.000000,0.000000,1.082227
-11.555142,339.674329,-24.895460,-1.359626,12.213105,-0.462793,0.000000,0.000000,0.000000,0.888692
-6645068.380782,742729.115007,14631724.308806,-221502.962811,24757.617513,487724.136084,0.000000,0.000000,0.000000,0.839384
-3219.652958,-491.578109,419.506665,-108.680296,-16.823448,14.096711,0.000000,0.000000,0.000000,1.170744
581.406144,647.889536,-1086.731651,18.477541,21.548528,-36.218793,0.000000,0.000000,0.000000,1.082462
20731076.654538,-12384106.109682,29714570.884523,691035.204802,-412803.523588,990485.683088,0.000000,0.000000,0.000000,1.158045
100675.122464,381018.507135,105617.847443,3355.203221,12700.623586,3520.601346,0.000000,0.000000,0.000000,0.914463
-1511.711321,-1063.340990,-818.637142,-51.223720,-35.359295,-27.271696,0.000000,0.000000,0.000000,0.975595
731003.598022,411373.630760,-306703.762018,24365.803597,13712.678316,-10223.446467,0.000000,0.000000,0.000000,1.006657
17007272.323055,-7216798.789629,2356303.637056,566908.418845,-240559.909408,78543.467657,0.000000,0.000000,0.000000,0.863205
0.342816,19.881733,-15.636130,-1.056100,0.313662,-0.714459,0.000000,0.000000,0.000000,1.032604
-553.088212,-705.688263,1831.218543,-19.053079,-23.579849,61.034167,0.000000,0.000000,0.000000,1.136900
-4718473.047346,8976263.394945,5828346.559791,-157283.134955,299208.762524,194278.203327,0.000000,0.000000,0.000000,1.181825
319710.520668,-3709918.859785,5239424.049857,10656.314567,-123663.963329,174647.452805,0.000000,0.000000,0.000000,1.109992
-7.711449,-107.578418,285.656851,-0.759212,-3.279934,9.515587,0.000000,0.000000,0.000000,1.163210
473.552104,1226.121762,115.143226,14.892086,41.273173,3.829088,0.000000,0.000000,0.000000,0.924382
38.203430,-3.926017,-29.384967,0.636256,0.195431,-1.090000,0.000000,0.000000,0.000000,0.973842
-695.438511,201.822762,567.722034,-24.223862,6.857837,19.197012,0.000000,0.000000,0.000000,1.174824
-18502852.006515,5112345.705807,3512058.701259,-616762.394737,170411.539996,117068.628700,0.000000,0.000000,0.000000,0.819035
12191248.361069,33779769.950714,-20787657.395985,406374.667254,1125992.174973,-692921.915030,0.000000,0.000000,0.000000,0.849943
-209394.551446,61843.124831,29336.987183,-6980.510305,2061.398974,977.889591,0.000000,0.000000,0.000000,0.976608
85738.015438,136703.650125,4810.047421,2857.100936,4556.847497,160.329973,0.000000,0.000000,0.000000,1.013698
64318.062940,28712.868397,143987.294944,2150.472409,960.498047,4815.609473,0.000000,0.000000,0.000000,1.067462
-165.419725,-133.208766,67.506898,-6.330462,-4.277577,2.255368,0.000000,0.000000,0.000000,1.114062
-850.365019,-1313.105931,516.901659,-28.908592,-44.241675,17.296920,0.000000,0.000000,0.000000,1.066148
-508.253761,519.820036,5480.389059,-17.939919,17.428567,182.675875,0.000000,0.000000,0.000000,0.817497
-1745688.992781,835681.772978,-989648.447949,-58190.527005,27856.020388,-32988.291305,0.000000,0.000000,0.000000,0.983076
-131204.705029,18943.815263,208543.004246,-4374.336332,631.543501,6951.418874,0.000000,0.000000,0.000000,1.197002
23.539497,4.616799,-1.590959,-0.218998,-0.225952,0.027372,0.000000,0.000000,0.000000,0.942361
37.718468,19.663391,-22.312756,0.223974,0.800599,-0.734034,0.000000,0.000000,0.000000,1.104817
21873.891026,4842.947167,17483.252239,728.464086,161.337950,582.768236,0.000000,0.000000,0.000000,1.156099
64.818562,-82.943913,-24.112129,1.647963,-2.893559,-0.811187,0.000000,0.000000,0.000000,0.836249
78.683179,189.409703,87.832794,1.799696,6.272748,2.949538,0.000000,0.000000,0.000000,0.906427
2939.991669,4616.663580,5132.269301,97.417221,153.945547,171.078055,0.000000,0.000000,0.000000,0.936325
12596.904036,5746.323696,1025.013486,419.047920,191.604935,34.166554,0.000000,0.000000,0.000000,0.962051
-47787.079749,-125236.667582,15655.273639,-1593.554176,-4174.477861,521.844775,0.000000,0.000000,0.000000,1.075549
546.738719,691.041684,-317.256860,17.306642,22.752375,-10.564658,0.000000,0.000000,0.000000,1.034069
-8059.511828,-58905.201708,-6627.211431,-271.005554,-1976.745760,-222.325319,0.000000,0.000000,0.000000,1.176354
20027.398173,7552.181533,5258.146870,667.083946,251.886513,175.276513,0.000000,0.000000,0.000000,1.024877
105.616456,22.248100,-76.267217,2.689823,0.629865,-2.576516,0.000000,0.000000,0.000000,0.982953
1936.020644,2878.080574,-1790.954981,63.802927,96.118386,-59.684145,0.000000,0.000000,0.000000,1.150424
14.228405,-104.822116,-76.729899,0.076543,-3.185260,-2.542643,0.000000,0.000000,0.000000,1.126163
-33727310.111797,753274.087848,30758618.848407,-1124244.299021,25109.255434,1025287.297637,0.000000,0.000000,0.000000,0.844411
-3177.074248,-5989.133574,-36580.488813,-106.702057,-199.206684,-1219.346277,0.000000,0.000000,0.000000,1.036014
-47433.387211,-151484.793328,10799.629795,-1581.938030,-5049.423062,359.982848,0.000000,0.000000,0.000000,1.043285
19579.105748,320323.230988,-734205.463053,651.905709,10677.470727,-24473.513371,0.000000,0.000000,0.000000,0.988348
1148915.234904,1725315.406132,1029866.749953,38296.426933,57510.466919,34328.884669,0.000000,0.000000,0.000000,1.014765
177.243848,40.759764,73.953104,4.883907,1.252017,2.481325,0.000000,0.000000,0.000000,1.127865
4050568.699269,-2516967.373261,-105909.443617,135018.097001,-83899.220399,-3530.322506,0.000000,0.000000,0.000000,0.837587
-61698.374772,-64952.447252,-5857.099617,-2187.624574,-2303.376512,-207.733043,0.000000,0.000000,0.000000,1.198040
-376.276451,-187.737457,-171.581786,-12.915586,-6.171057,-5.704481,0.000000,0.000000,0.000000,0.872062
35727.223202,-49604.006937,423.213763,1190.539906,-1653.437593,14.110508,0.000000,0.000000,0.000000,0.835567
2454.820680,29554.804658,41909.436180,80.898079,984.734907,1396.969859,0.000000,0.000000,0.000000,1.050494
-1.457637,17.788250,-32.469337,-0.256459,0.528729,-1.063956,0.000000,0.000000,0.000000,0.896114
19.779594,2.196893,161.368929,0.063693,0.510886,5.363100,0.000000,0.000000,0.000000,1.006687
-2984.514449,1347.225748,877.501481,-100.116981,44.956268,29.253587,0.000000,0.000000,0.000000,1.052623
499.323852,-2859.429869,250.317669,16.131310,-95.323672,8.330773,0.000000,0.000000,0.000000,0.972416
-1189.150340,-2134.291566,-2690.616194,-40.323738,-71.193493,-89.677107,0.000000,0.000000,0.000000,0.927088
77.130616,93.129818,-252.873314,2.259392,3.379658,-8.427228,0.000000,0.000000,0.000000,1.063849
-451445619.498070,185477658.754778,189731121.643355,-15048188.288050,6182588.678193,6324370.720624,0.000000,0.000000,0.000000,0.814390
158.144252,50.801947,-236.369321,4.362653,1.725315,-7.915557,0.000000,0.000000,0.000000,1.084872
-70726.461803,-133529.374581,-387298.247344,-2525.744801,-4768.266306,-13832.062637,0.000000,0.000000,0.000000,1.102768
24.636480,72.615029,-25.892779,-0.149778,2.450187,-0.860218,0.000000,0.000000,0.000000,0.823580
-17056.560459,-24835.677504,528.433436,-569.644618,-828.062498,17.627050,0.000000,0.000000,0.000000,1.162363
-504180.010444,-553392.038116,-130277.468141,-16806.732818,-18446.478544,-4342.577751,0.000000,0.000000,0.000000,0.821384
2545087.781748,40096.975924,-965059.566648,85119.566470,1341.127435,-32276.231379,0.000000,0.000000,0.000000,0.876243
-1292530.517231,-1935739.353717,-1155856.583363,-43085.092798,-64524.683726,-38528.554989,0.000000,0.000000,0.000000,0.903588
2807.911475,10927.588384,5909.865550,92.933782,364.712825,197.003547,0.000000,0.000000,0.000000,0.992565
-18053.599545,33691.361440,24271.549519,-602.487899,1122.955528,809.039611,0.000000,0.000000,0.000000,1.050501
-18431701.213340,-16712378.941157,-11197018.347714,-614390.727417,-557079.727364,-373233.955647,0.000000,0.000000,0.000000,1.126806
-37120.698500,-116037.492193,56448.015931,-1238.156806,-3867.988208,1881.597038,0.000000,0.000000,0.000000,0.896502
1240044920.029906,1453555072.788846,-517164162.122644,41334829.942293,48451835.451044,-17238805.391846,0.000000,0.000000,0.000000,0.974140
3358953.656878,-985083.501233,415138.040837,111964.408300,-32836.116702,13837.927862,0.000000,0.000000,0.000000,0.913226
103609155167.539154,-77920407237.725845,-234211937753.301941,3453638504.757108,-2597346907.979971,-7807064591.781789,0.000000,0.000000,0.000000,0.945531
1061.274838,-754.654097,-469.766980,34.459548,-24.913255,-15.655005,0.000000,0.000000,0.000000,1.186926
-34324638.331743,-323884.557577,-26357752.708958,-1144155.547149,-10796.160831,-878591.740364,0.000000,0.000000,0.000000,0.962127
23165.844713,6735.319545,-2105.857710,771.375614,224.883717,-70.193252,0.000000,0.000000,0.000000,1.140163
490.557447,1117.837765,3078.767889,15.862371,37.241698,102.610909,0.000000,0.000000,0.000000,1.033141
30.552222,-8.200793,-27.422591,0.172821,-0.091589,-0.837135,0.000000,0.000000,0.000000,1.136733
639.398083,161.246087,319.258693,20.889417,5.102457,10.634132,0.000000,0.000000,0.000000,1.114637
615.136674,1785.688521,2638.802260,20.119168,60.972143,90.076706,0.000000,0.000000,0.000000,1.038443
50.385571,-3.984134,-2.258671,0.619134,0.052781,-0.059043,0.000000,0.000000,0.000000,1.193953
-66.108403,-320.460199,-357.097219,-3.276696,-11.010531,-12.150905,0.000000,0.000000,0.000000,1.192625
-1820.193464,2891.508472,-2869.015818,-60.923258,96.119834,-95.624863,0.000000,0.000000,0.000000,1.026543
214930.614870,-63488.736695,82632.127779,7163.672210,-2116.257487,2754.411476,0.000000,0.000000,0.000000,0.977905
-21191.792073,19045.651479,13592.616919,-706.771461,635.248818,453.087195,0.000000,0.000000,0.000000,1.157193
-97.458255,108.721546,709.436353,-4.090627,3.343483,23.643651,0.000000,0.000000,0.000000,0.958091
-9.686541,-41.485508,-119.276843,-1.390941,-1.511523,-4.010121,0.000000,0.000000,0.000000,1.187200
12067.413206,54.796816,12105.143134,401.746354,1.786938,403.507622,0.000000,0.000000,0.000000,0.955924
40.989714,-4.941530,-14.945280,0.732315,0.594224,-0.421955,0.000000,0.000000,0.000000,1.177776
3190.327328,911.944029,2092.576276,105.820862,30.135201,69.978031,0.000000,0.000000,0.000000,0.943368
32308.727295,110087.708003,-3271.193704,1187.368992,4047.530077,-120.268215,0.000000,0.000000,0.000000,0.827079
3265487.901028,-97458190.982030,-31106988.593128,108849.088484,-3248606.706016,-1036899.614274,0.000000,0.000000,0.000000,0.870387
31.121854,43.627122,-1.966123,-0.075417,1.326963,-0.050509,0.000000,0.000000,0.000000,0.918610
33.884568,-51.715221,-27.729679,0.597948,-1.252397,-0.916174,0.000000,0.000000,0.000000,0.903879
-3724.044942,380.250239,12384.378129,-124.858501,12.527549,412.807344,0.000000,0.000000,0.000000,0.895362
26768.669178,11333.895615,5734.131365,891.669087,377.825163,191.146577,0.000000,0.000000,0.000000,0.889664
-33.230135,12.573863,-17.708669,-1.292815,0.383423,-0.850535,0.000000,0.000000,0.000000,0.968999
-794.179011,-436.458924,88.152757,-28.048634,-14.792145,3.078020,0.000000,0.000000,0.000000,1.013257
9912337.808923,-13465808.501196,-40531710.463094,330410.113112,-448860.327150,-1351057.016598,0.000000,0.000000,0.000000,0.821278
300652.093047,-933330.833180,593529.845741,10020.715736,-31111.105637,19784.313595,0.000000,0.000000,0.000000,0.988740
-53861.946111,-191591.720974,-488779.915581,-1795.677067,-6386.201161,-16292.656772,0.000000,0.000000,0.000000,0.961047
10.374994,-9.973176,-25.270873,-0.166008,-0.990896,-0.900915,0.000000,0.000000,0.000000,1.172275
10050213072.321455,6024169435.466518,-1686744736.608104,335007101.758114,200805647.908120,-56224824.547178,0.000000,0.000000,0.000000,1.068235
40.428739,-7.213209,-14.210755,0.040385,-0.416614,-0.206599,0.000000,0.000000,0.000000,1.141943
143.936410,-1.549267,118.251238,4.045860,0.143845,3.932024,0.000000,0.000000,0.000000,1.138489
185702.004642,234343.526412,271228.388876,6189.621702,7811.660101,9040.941015,0.000000,0.000000,0.000000,0.949375
-800.194887,-1885.211777,-3304.351277,-28.182594,-64.304547,-112.745574,0.000000,0.000000,0.000000,0.845823
178.513343,24.185948,-33.847147,5.257286,1.224677,-1.129766,0.000000,0.000000,0.000000,0.914110
-189530.958133,4176099.624580,-5842005.384109,-6339.247568,139668.947131,-195384.784029,0.000000,0.000000,0.000000,1.062392
-65029.925711,-29203.701810,-146755.746583,-2175.541924,-976.508587,-4908.226005,0.000000,0.000000,0.000000,1.046150
6525.964305,-1908.562187,-830.193187,217.099015,-63.828968,-27.676172,0.000000,0.000000,0.000000,1.146327
60865.283801,83454.395670,52081.001557,2028.174962,2781.849057,1736.026658,0.000000,0.000000,0.000000,0.944161
29.369478,-20.870140,-19.838923,0.781300,-0.510870,-0.696105,0.000000,0.000000,0.000000,0.928885
76025.650317,10121.564575,-44340.414440,2533.580546,337.280374,-1478.012613,0.000000,0.000000,0.000000,1.154002
40.872439,-22.417506,-24.438546,0.253108,-0.732581,-0.853077,0.000000,0.000000,0.000000,0.901690
193.685770,2120.892457,313.731837,5.940917,70.657667,10.455024,0.000000,0.000000,0.000000,1.061761
4.293791,-4.531878,1.070721,-0.782464,-0.392950,0.095980,0.000000,0.000000,0.000000,0.981113
882214125.022132,1934768804.321061,-937754158.091469,29407137.085070,64492293.667439,-31258471.943330,0.000000,0.000000,0.000000,1.003691
-6370.470191,1957.510527,100515.633157,-213.256160,65.122383,3350.514636,0.000000,0.000000,0.000000,0.854357
35.858321,-21.652812,-34.062674,0.594973,-0.361684,-1.284854,0.000000,0.000000,0.000000,1.171669
-26010.719901,-27307.520960,-30923.901955,-870.951540,-913.213225,-1034.255275,0.000000,0.000000,0.000000,0.809294
72558.424712,154992.335288,-56755.202863,2417.969376,5166.420469,-1891.847709,0.000000,0.000000,0.000000,1.177510
-58858.802224,173630.847516,-16509.878180,-1969.449301,5806.986824,-552.151194,0.000000,0.000000,0.000000,0.938571
449117020.328341,626548627.265051,1427024754.930155,14970566.691995,20884954.203403,47567491.823790,0.000000,0.000000,0.000000,0.965873
-3104834.852920,8379554.854428,43488673.326224,-103495.109422,279318.465366,1449622.438969,0.000000,0.000000,0.000000,0.806254
2492.885386,-482.663770,4289.359278,82.735195,-16.458757,142.963111,0.000000,0.000000,0.000000,1.197061
-466614.688405,-1414949.569527,-1127168.144199,-15554.629511,-47165.103455,-37572.267698,0.000000,0.000000,0.000000,0.972570
15900.721292,14841.370397,3186.991793,529.240499,494.787267,106.236015,0.000000,0.000000,0.000000,1.066617
-22912.260919,-13601.771781,-10919.099681,-764.170222,-453.785727,-363.966133,0.000000,0.000000,0.000000,0.827217
6856920.891426,2356267.847348,1567416.113735,228563.490585,78541.788195,52247.196805,0.000000,0.000000,0.000000,0.931572
495074547.812133,865858147.713801,-332269786.397503,16502484.062126,28861938.225542,-11075659.558541,0.000000,0.000000,0.000000,1.015864
30.037747,115.034636,87.895859,0.208504,3.709097,3.105929,0.000000,0.000000,0.000000,0.865683
-95909.071391,581958.090573,457580.591890,-3197.488587,19398.542910,15252.690486,0.000000,0.000000,0.000000,0.964410
-13516.502327,6685.502076,-24364.167117,-451.089332,222.991578,-812.130749,0.000000,0.000000,0.000000,0.921414
46919.817589,-25997.979142,25382.860872,1563.238448,-866.610297,846.083643,0.000000,0.000000,0.000000,1.165302
-4895.552493,7969.001683,93031.235139,-163.758512,265.913813,3101.029513,0.000000,0.000000,0.000000,1.147375
54.243193,-23.370803,-58.962955,0.945470,-1.132002,-2.232236,0.000000,0.000000,0.000000,0.905243
-12838.719256,2177.574890,488.460780,-428.746871,72.464998,16.285725,0.000000,0.000000,0.000000,0.887778
8670.984441,28706.023693,-5406.584187,288.178635,956.611101,-180.209993,0.000000,0.000000,0.000000,0.882672
-222.014634,953.412901,674.732292,-7.846423,31.741796,22.477297,0.000000,0.000000,0.000000,0.929124
52.715932,69.238180,169.898772,1.186511,2.418474,5.648119,0.000000,0.000000,0.000000,0.872177
4934.023199,13123.660975,4176.316465,163.922913,437.581819,139.213511,0.000000,0.000000,0.000000,0.809480
394797.996773,20326.163718,-357498.777125,13158.929593,677.419451,-11916.631677,0.000000,0.000000,0.000000,0.852665
167.079976,102.435437,204.614726,4.431165,3.503869,6.816210,0.000000,0.000000,0.000000,0.818536
-1363.378226,320.057803,1080.690626,-46.404000,11.017048,36.007151,0.000000,0.000000,0.000000,1.140288
34153.860105,123596.277347,-55581.432641,1137.658007,4119.792212,-1852.712125,0.000000,0.000000,0.000000,0.833555
-17770.215046,37452.237926,9399.878397,-598.645439,1260.774234,316.483501,0.000000,0.000000,0.000000,1.027351
402953939.243938,-169828701.522548,-174558709.024726,13431796.997338,-5660956.661914,-5818623.632452,0.000000,0.000000,0.000000,0.895092
-7107399297.622962,-5637817793.071461,-1926513018.453486,-236913310.674969,-187927260.078740,-64217100.613085,0.000000,0.000000,0.000000,1.094618
-3042.089125,-22121.017190,-65963.142235,-101.886678,-737.183774,-2198.773505,0.000000,0.000000,0.000000,0.964641
96812.314522,304658.549205,-47023.700979,3226.338796,10155.353512,-1567.466813,0.000000,0.000000,0.000000,1.088460
62.122135,124.791964,-130.584099,1.764982,4.344752,-4.360343,0.000000,0.000000,0.000000,0.872413
-39755.804387,-165940.953746,90005.321656,-1325.812584,-5531.362771,3000.168044,0.000000,0.000000,0.000000,0.891384
-553.458773,1041.703621,121.642446,-22.838437,40.572575,4.827054,0.000000,0.000000,0.000000,0.814934
-420562.470738,-21596.225463,380746.176992,-14019.743523,-719.993053,12691.525191,0.000000,0.000000,0.000000,0.800565
-46742.252849,32938.078673,8582.292512,-1558.779156,1097.957536,286.059839,0.000000,0.000000,0.000000,0.851082
1891.063637,-11962.125588,-12837.656183,63.067414,-404.013631,-433.678423,0.000000,0.000000,0.000000,0.802055
-246806.805289,-240901.614480,-64302.495635,-8227.562927,-8030.022079,-2143.405010,0.000000,0.000000,0.000000,1.030139
31.885092,-446.533574,-635.095241,0.367768,-14.835771,-21.427325,0.000000,0.000000,0.000000,1.053327
-24.587585,73.006528,110.190891,-1.402330,2.874989,3.893587,0.000000,0.000000,0.000000,0.829351
12764.345875,-1216.183970,-5988.305691,424.542659,-40.313931,-199.609926,0.000000,0.000000,0.000000,1.191348
-2775633.191414,13363457.022880,478285.645723,-92521.614190,445448.418052,15942.842835,0.000000,0.000000,0.000000,0.964997
12621786.224601,25203537.089684,41389515.931352,420725.387361,840117.504293,1379650.526751,0.000000,0.000000,0.000000,0.832471
-3618.947134,-484.051887,4502.198591,-121.083344,-16.033302,150.063643,0.000000,0.000000,0.000000,0.859998
-535.063449,426.306584,541.445894,-18.212491,13.924016,18.034267,0.000000,0.000000,0.000000,1.189759
1437.617457,303.756420,-912.080378,47.013950,9.810653,-30.392967,0.000000,0.000000,0.000000,0.837812
99785932.913765,9071110.271077,218736037.598333,3326197.432836,302370.276855,7291201.246725,0.000000,0.000000,0.000000,1.195844
-1118.884206,-552.154450,-7115.012359,-37.919472,-18.153779,-237.150551,0.000000,0.000000,0.000000,0.907600
18796489.455179,38314381.653420,-1078414.178564,626548.965624,1277146.060850,-35947.147135,0.000000,0.000000,0.000000,1.175978
-2362.783466,-1621.254938,373.288172,-79.769294,-54.215235,12.438145,0.000000,0.000000,0.000000,0.918034
-25383.532945,17371.515363,-18054.812692,-962.355177,658.549041,-683.823455,0.000000,0.000000,0.000000,1.162965
-317821701.539272,-278234467.106159,-112930711.016065,-10594057.406537,-9274482.304967,-3764357.039560,0.000000,0.000000,0.000000,0.828171
2491174.074914,-12000870.253960,-424802.176000,83038.626127,-400029.148726,-14160.084229,0.000000,0.000000,0.000000,1.074301
1211.574792,948.147058,-384.820983,39.679792,31.362349,-12.832325,0.000000,0.000000,0.000000,0.828123
-2236.384600,-4228.665706,5733.882940,-75.106087,-140.796873,191.113526,0.000000,0.000000,0.000000,0.945933
-4503.535869,-6005.891291,18685.472839,-150.635802,-200.030635,622.844961,0.000000,0.000000,0.000000,0.871053
-380.684108,-44.295136,-320.080102,-13.239269,-1.258091,-10.675370,0.000000,0.000000,0.000000,1.006606
-34150.498550,-26999.663557,-22446.744187,-1154.582302,-912.572852,-758.272016,0.000000,0.000000,0.000000,0.891709
286.477733,204.040511,255.095194,9.732564,7.059128,9.008511,0.000000,0.000000,0.000000,0.802266
-13642708.476497,-8821045.517127,-17201690.129994,-454757.559658,-294034.879417,-573389.659000,0.000000,0.000000,0.000000,0.808057
36819.408642,-61381.230190,162475.319710,1226.763244,-2046.125388,5415.840411,0.000000,0.000000,0.000000,0.997179
-6.739715,-10.584686,-20.969296,-0.682692,-0.407990,-0.849846,0.000000,0.000000,0.000000,0.826401
50246975.441329,10575511.339306,-15725844.399813,1674898.394632,352517.171397,-524194.819433,0.000000,0.000000,0.000000,1.092000
-130.726641,-178.075867,166.298077,-5.332292,-5.763511,5.525468,0.000000,0.000000,0.000000,1.064843
-547732.373969,1637834.282982,-5720610.511081,-18258.642176,54594.711874,-190687.011482,0.000000,0.000000,0.000000,0.822479
46128.206250,376602.120551,-9336.309939,1536.777917,12553.267420,-311.199805,0.000000,0.000000,0.000000,1.009438
8001.395934,-1316.100828,5647.736955,265.893220,-44.244613,188.249777,0.000000,0.000000,0.000000,0.979089
3849.079279,5911.595181,-806.831688,128.419752,198.493713,-27.062547,0.000000,0.000000,0.000000,1.066492
-990.093189,-1791.141334,-637.137633,-33.966241,-59.873575,-21.240603,0.000000,0.000000,0.000000,0.981742
-101126096633.093109,76052995758.963242,228598901483.681274,-3370869888.595730,2535099858.575141,7619963382.780657,0.000000,0.000000,0.000000,0.968748
-16300.769793,-20109.146455,6398.374301,-544.288369,-670.303431,213.285258,0.000000,0.000000,0.000000,0.983512
132003284.083439,36786151.801194,-28579348.973674,4400108.911490,1226205.081966,-952644.959723,0.000000,0.000000,0.000000,1.084388
-139347620.348685,-115341245.540792,28132092.314007,-4644921.369447,-3844708.165840,937736.420668,0.000000,0.000000,0.000000,0.873257
-566.343290,5451.723985,41587.512605,-19.817296,181.715901,1386.246779,0.000000,0.000000,0.000000,0.816476
-291.053759,235.055981,256.899282,-10.525550,7.600179,8.626084,0.000000,0.000000,0.000000,1.047589
-102488.839456,-322722.717683,50748.976183,-3417.029229,-10757.343512,1691.620563,0.000000,0.000000,0.000000,1.027319
924.469093,-353.559374,-458.262610,30.097188,-11.421057,-15.270283,0.000000,0.000000,0.000000,1.173960
4463.611745,2949.564311,1385.467952,148.011021,98.506320,46.188466,0.000000,0.000000,0.000000,1.044913
14.765767,21.903564,-3.693391,-0.219448,0.518454,0.023868,0.000000,0.000000,0.000000,0.914418
-972.792484,7060.252376,5927.207873,-33.575008,235.356940,197.558118,0.000000,0.000000,0.000000,1.174704
7230618.955819,997005.838311,1795360.821798,241019.644981,33233.582141,59845.360083,0.000000,0.000000,0.000000,0.964197
-23344.396217,3392.878985,43787.252357,-778.860301,112.681624,1459.564142,0.000000,0.000000,0.000000,0.803833
78345.178220,3678.763308,-11769.904306,2610.760162,122.476232,-392.318311,0.000000,0.000000,0.000000,0.974165
1407.704094,271.088534,-1134.139094,46.265081,8.928597,-37.788534,0.000000,0.000000,0.000000,1.077810
271965308.760417,-244466978.813995,-337371283.171468,9065509.320184,-8148899.172265,-11245709.441006,0.000000,0.000000,0.000000,1.142695
19504.477682,-40342.233960,-5030.635826,653.668658,-1353.979488,-168.855913,0.000000,0.000000,0.000000,0.969278
-10005453.627958,9300530.667987,-6117449.053062,-333515.766855,310017.663289,-203914.956467,0.000000,0.000000,0.000000,1.019335
1160.244050,395.589802,375.672619,38.260127,12.868000,12.521869,0.000000,0.000000,0.000000,1.190436
-25.501259,55.830936,25.421932,-1.645872,1.433836,0.841916,0.000000,0.000000,0.000000,1.094258
2566.391553,3844.542286,-10141.478976,84.793984,128.585418,-338.040043,0.000000,0.000000,0.000000,0.907879
9443.279902,27052.850937,47931.334965,314.260038,901.836642,1597.704386,0.000000,0.000000,0.000000,0.928088
-20611.327411,-9038.906930,-6864.548141,-687.526248,-301.143814,-228.808937,0.000000,0.000000,0.000000,0.958425
-74220488.592419,-1314535748.881488,-2082090173.461504,-2474016.938866,-43817858.316740,-69403005.774496,0.000000,0.000000,0.000000,1.021077
-19.907763,329.713272,-169.466324,-1.265441,10.669103,-5.663056,0.000000,0.000000,0.000000,0.887687
-537.175838,-710.346651,298.104565,-18.811870,-23.945571,9.940282,0.000000,0.000000,0.000000,0.970445
-24.926939,-131.255349,-223.859372,-1.576790,-4.717545,-7.632140,0.000000,0.000000,0.000000,0.988023
356527.049223,389811.420743,90445.852174,11883.494519,12993.628021,3014.864233,0.000000,0.000000,0.000000,1.172336
1853.380622,1038.614930,-1086.343633,61.003799,34.307817,-36.198483,0.000000,0.000000,0.000000,1.017928
-37.508007,-4.980476,10.058679,-1.959839,0.137927,0.343215,0.000000,0.000000,0.000000,0.873146
-39403230.881154,62437195.285137,-22116419.520964,-1313441.717478,2081239.837599,-737213.967990,0.000000,0.000000,0.000000,0.818163
138.468647,378.012929,-421.005221,3.956079,12.426943,-14.025275,0.000000,0.000000,0.000000,1.022176
-10.634658,484.384166,266.638227,-1.090152,15.997863,8.904234,0.000000,0.000000,0.000000,0.982968
1332.922962,-370.455055,-1065.655001,43.457566,-11.996804,-35.526304,0.000000,0.000000,0.000000,1.031078
-2477.504398,-62459.127604,34664.959987,-83.347191,-2082.073231,1155.505277,0.000000,0.000000,0.000000,1.164925
-145.184481,-2744.567235,-2904.540937,-5.313755,-91.511369,-96.810671,0.000000,0.000000,0.000000,0.831382
106.282008,-92.569385,-62.015958,2.512255,-2.862737,-2.055529,0.000000,0.000000,0.000000,1.087354
27.207164,-33.358385,-51.649287,0.405758,-1.784120,-2.413073,0.000000,0.000000,0.000000,0.989456
291452045.255228,3416658142.686667,-3319779793.642771,9715067.246358,113888604.336667,-110659326.450702,0.000000,0.000000,0.000000,1.103315
-54579086.446468,11208454.691015,27489586.322331,-1819303.582582,373615.103006,916319.544616,0.000000,0.000000,0.000000,1.009699
-28321.999477,-51575.538028,-30738.671778,-944.707303,-1718.835387,-1024.605808,0.000000,0.000000,0.000000,0.923912
-23.150617,23.517800,-19.703343,-1.268381,0.693980,-0.644330,0.000000,0.000000,0.000000,1.013365
353927.745315,-1843566.570381,-97265.932115,11796.939891,-61452.272427,-3242.201682,0.000000,0.000000,0.000000,1.125743
22.561817,-1.007379,-17.031861,-0.411459,0.168624,-0.604071,0.000000,0.000000,0.000000,1.192228
-12.734605,1281.009583,-1173.342835,-1.026511,42.783028,-39.102640,0.000000,0.000000,0.000000,0.911578
-49903725.649491,-10546251.414564,15587645.210389,-1663458.300697,-351541.585439,519588.165169,0.000000,0.000000,0.000000,1.099672
-13214.067923,13309.001726,8196.026769,-441.140571,443.603739,273.188301,0.000000,0.000000,0.000000,0.818657
-702.298374,-221.594791,-742.914115,-23.939491,-7.269328,-24.751100,0.000000,0.000000,0.000000,0.883056
34.316048,62.224995,54.046313,0.744333,2.361607,1.792629,0.000000,0.000000,0.000000,1.151102
1075.319656,-194.968538,-1210.647530,35.177343,-6.721847,-40.346497,0.000000,0.000000,0.000000,1.003370
201212.587312,1956530.982508,1156323.021057,6706.466628,65217.803116,38544.084473,0.000000,0.000000,0.000000,1.075824
-154.323676,-72.515767,153.168011,-5.551290,-2.430155,5.094713,0.000000,0.000000,0.000000,0.806125
-50482232.510427,529061.748732,108507431.767478,-1682741.670585,17635.211124,3616914.389872,0.000000,0.000000,0.000000,0.827612
616.654700,-100.922993,143.722130,20.000751,-3.267527,4.787153,0.000000,0.000000,0.000000,1.144365
1322.123006,-2021.256042,-1634.955158,46.499616,-71.586966,-58.146453,0.000000,0.000000,0.000000,1.032040
-517732.935181,433854.216678,26004.283944,-17258.185432,14461.789760,866.820185,0.000000,0.000000,0.000000,1.072494
3873717102.529438,337111484.071715,-1056752925.728926,129123902.715803,11237049.963409,-35225097.530226,0.000000,0.000000,0.000000,0.824393
-178.162949,16.039223,-36.565082,-7.508695,0.361161,-1.312301,0.000000,0.000000,0.000000,1.118345
377239.631853,651155.875438,-446468.983354,12573.629467,21705.108812,-14882.307813,0.000000,0.000000,0.000000,0.880674
-2283.786233,-3465.333658,42195.174777,-77.064107,-115.975851,1411.172914,0.000000,0.000000,0.000000,0.942182
26988775.307808,35023239.766249,-96693897.222307,899625.299025,1167441.281241,-3223129.914279,0.000000,0.000000,0.000000,1.078415
-2523070437.364834,-11041559454.111109,-16330156946.025753,-84102348.500207,-368051981.829214,-544338564.874998,0.000000,0.000000,0.000000,1.061641
129731.173149,-69183.127854,-6282.833136,4323.462145,-2306.105479,-209.429163,0.000000,0.000000,0.000000,1.072066
25860.557217,25564.904552,30337.647071,863.865695,855.086838,1014.616368,0.000000,0.000000,0.000000,0.831722
-1536.028533,1730.262663,-4324.562247,-51.892917,58.163393,-144.142776,0.000000,0.000000,0.000000,1.021611
-10.262679,-128.794256,-177.993617,-1.069658,-3.845066,-5.921369,0.000000,0.000000,0.000000,1.028821
-67858291.445377,76750554.026792,70266180.230711,-2261943.764256,2558351.830892,2342205.993209,0.000000,0.000000,0.000000,1.066508
4920628.880420,-226558.399988,-10107899.099973,164020.275377,-7551.965890,-336929.969090,0.000000,0.000000,0.000000,1.195953
8.870913,-20.739265,-7.186902,-0.317215,-0.481490,-0.245855,0.000000,0.000000,0.000000,0.841150
906.983298,-3580.603966,-1299.757304,29.868766,-119.469729,-43.312359,0.000000,0.000000,0.000000,0.850637
-668.784426,-752.259719,-212.690394,-23.106836,-25.347814,-7.109367,0.000000,0.000000,0.000000,0.936637
-87.685758,-112.059157,258.611854,-3.192488,-3.485815,8.608672,0.000000,0.000000,0.000000,0.906809
-5671.431046,5962.419921,-1351.533294,-189.655985,198.841120,-45.057476,0.000000,0.000000,0.000000,0.865894
80.576233,160.246805,-118.041109,1.985239,5.505796,-3.925163,0.000000,0.000000,0.000000,0.987967
-38.128926,112.067525,-120.174363,-1.492392,3.628649,-4.000323,0.000000,0.000000,0.000000,1.043584
270863.576620,1872232.829568,666454.662899,9027.979823,62407.384258,22215.156881,0.000000,0.000000,0.000000,1.044146
-159043941.885512,-69563453.480937,-67336308.236265,-5301465.479111,-2318781.467489,-2244543.591518,0.000000,0.000000,0.000000,0.920562
72.153211,-22.317138,208.778711,1.734011,-0.546448,6.947603,0.000000,0.000000,0.000000,1.040714
-11.657668,22.879690,-77.686203,-0.857449,1.089335,-2.726996,0.000000,0.000000,0.000000,0.811833
-25875562.703090,8281832.396302,2301782.923431,-862519.464635,276061.001667,76726.091669,0.000000,0.000000,0.000000,0.957313
-106330.720076,25278.885462,220781.561194,-3545.088848,842.634863,7359.375250,0.000000,0.000000,0.000000,1.095972
-24780354.906420,29070027.524424,27021502.511716,-826012.496944,969000.850366,900716.750259,0.000000,0.000000,0.000000,0.959278
43.178737,41.184092,-2.700836,0.442909,1.403096,-0.080886,0.000000,0.000000,0.000000,0.998823
106.851789,-4.306162,-0.096354,2.563922,-0.111656,-0.015327,0.000000,0.000000,0.000000,1.141906
-3.560829,-93.238835,-19.464959,-0.576274,-3.017724,-0.656607,0.000000,0.000000,0.000000,0.806500
24.795842,-10.520342,-14.997285,0.438316,-0.764133,-0.481973,0.000000,0.000000,0.000000,0.986759
21.897892,-36.805561,-20.875840,0.219054,-0.857218,-0.726776,0.000000,0.000000,0.000000,1.102423
513990.247473,-1541165.432326,5384529.832604,17132.110946,-51371.942531,179484.323624,0.000000,0.000000,0.000000,0.873852
-93.917824,44.070192,-150.019035,-4.362878,2.194578,-5.553678,0.000000,0.000000,0.000000,0.812619
-448318.423828,-1483565.605477,702404.292540,-14944.518203,-49452.385035,23413.474665,0.000000,0.000000,0.000000,0.807618
-1609.692652,712.505317,923.433496,-54.299008,23.635617,30.787802,0.000000,0.000000,0.000000,0.820576
743.667495,1459.879129,-612.474429,24.395130,48.483986,-20.467979,0.000000,0.000000,0.000000,1.027701
150.051068,-18.741759,-160.720608,4.279982,-0.863992,-5.345626,0.000000,0.000000,0.000000,0.934740
1020119428.876024,-1762985628.459827,5516881406.100317,34003980.333709,-58766187.591181,183896046.856118,0.000000,0.000000,0.000000,1.178723
-32564.703273,6814.997771,-574.942492,-1086.170043,227.339573,-19.175276,0.000000,0.000000,0.000000,0.967271
21026216.537016,19064886.772171,12773107.327969,700873.191730,635495.791095,425770.229980,0.000000,0.000000,0.000000,0.987766
-393606171.644927,-4614200674.557343,4483275554.403180,-13120206.649968,-153806689.567418,149442518.480230,0.000000,0.000000,0.000000,0.816974
3256609954550.833008,3066387327496.610352,-2040741855830.640625,108553665150.763229,102212910916.391998,-68024728527.675629,0.000000,0.000000,0.000000,1.133103
-123873.856529,58614.320112,-335.074079,-4130.026961,1953.803162,-11.171131,0.000000,0.000000,0.000000,1.091993
-291936.413562,-1977028.631545,-708067.323168,-9732.018344,-65901.320990,-23602.239023,0.000000,0.000000,0.000000,0.988177
65.587789,66.777847,-30.072085,1.342474,2.383421,-1.001861,0.000000,0.000000,0.000000,0.817647
23268.266348,-3353.622212,-43650.063142,774.888038,-112.200724,-1454.999761,0.000000,0.000000,0.000000,0.806913
-3708041.834087,2304164.265620,96919.433185,-123602.245373,76805.162133,3230.639825,0.000000,0.000000,0.000000,0.914951
1353378891.679531,-505750478.243370,1283629503.908872,45112629.084594,-16858349.256210,42787650.114656,0.000000,0.000000,0.000000,1.073302
-232520.780642,179581.655480,-572899.923104,-7751.394875,5986.405503,-19096.662765,0.000000,0.000000,0.000000,1.114679
-78094.368961,373063.735567,529457.667861,-2603.423904,12435.641259,17648.585546,0.000000,0.000000,0.000000,0.813495
-1120.625524,-368.401664,-991.883766,-37.853361,-12.465590,-33.051763,0.000000,0.000000,0.000000,0.993904
-11032.689871,-6491.561215,-15485.939565,-368.415924,-215.911313,-516.182174,0.000000,0.000000,0.000000,0.811627
30.327398,7.973170,-18.222878,0.198532,0.776205,-0.685906,0.000000,0.000000,0.000000,0.971544
-14.338272,-37.626920,-107.482784,-1.513502,-1.601371,-3.668098,0.000000,0.000000,0.000000,0.828819
-15.062204,-72.701137,-76.273702,-1.410816,-2.317740,-2.533449,0.000000,0.000000,0.000000,0.843591
-5826069600.959375,-63790438.351055,2573054851.894095,-194202320.870156,-2126347.946960,85768495.075306,0.000000,0.000000,0.000000,1.009980
-849395.329008,-36136.023531,206512.494164,-28313.915054,-1204.093779,6883.740958,0.000000,0.000000,0.000000,1.165896
-4108.653295,2145.312106,3580.106332,-137.601380,71.715888,119.336143,0.000000,0.000000,0.000000,1.173099
-21071.032751,-7117.088923,-2734.822512,-702.900811,-237.079506,-91.156006,0.000000,0.000000,0.000000,0.980241
4569579.770440,1687845.680940,-1522328.511333,152318.683720,56261.505918,-50744.292255,0.000000,0.000000,0.000000,1.049528
-270743775.018825,243369283.900631,335856431.771818,-9024793.468736,8112309.581544,11195214.385820,0.000000,0.000000,0.000000,1.147849
-211155.810345,200077.187860,132379.815534,-7039.571504,6669.296536,4412.655463,0.000000,0.000000,0.000000,1.017479
-1504832963.211110,-328505419.841609,-5412519985.798393,-50161099.421919,-10950180.641907,-180417332.849567,0.000000,0.000000,0.000000,0.811464
2984.308758,-6279.120533,-1873.135376,98.991753,-209.316856,-62.435940,0.000000,0.000000,0.000000,0.816721
21322.459766,2137585.261966,-1746683.464712,710.094996,71252.616541,-58222.788206,0.000000,0.000000,0.000000,1.117804
-85012982.522201,111829713.339331,-87169420.355236,-2833766.706379,3727657.237503,-2905647.329196,0.000000,0.000000,0.000000,0.933819
-2869342889.814992,-354098490.620566,-3133915742.309062,-95644763.613053,-11803283.030776,-104463858.078725,0.000000,0.000000,0.000000,0.945291
940.257663,-842.020055,-416.858832,30.767589,-27.895835,-13.904585,0.000000,0.000000,0.000000,0.802871
-57472.610243,-472683.736363,8555.984825,-1916.581110,-15756.248731,285.209770,0.000000,0.000000,0.000000,0.804158
854019.395662,32275.280670,-199227.608721,28466.564573,1076.282566,-6640.926429,0.000000,0.000000,0.000000,1.159105
267595.960921,236677.242149,-619377.931100,8918.713713,7889.193671,-20645.921866,0.000000,0.000000,0.000000,0.947227
-604.383217,837.409205,-1646.198273,-21.364570,28.591848,-56.227604,0.000000,0.000000,0.000000,1.178009
-93.663459,20.951304,-34.550056,-3.494088,0.537188,-1.143198,0.000000,0.000000,0.000000,0.804628
1824.260833,2464.421718,-34999.332618,60.328161,82.342640,-1170.568093,0.000000,0.000000,0.000000,1.123032
-770345.747983,-376012.589351,-452076.744087,-25678.936753,-12534.058177,-15069.217437,0.000000,0.000000,0.000000,1.188309
7475014294.540032,4568266815.724357,-1513009575.240642,249167142.317667,152275560.637968,-50433652.514989,0.000000,0.000000,0.000000,1.051077
127.322602,-432.588462,755.536059,3.874314,-14.380898,25.169145,0.000000,0.000000,0.000000,0.835316
8.705595,22.793522,-2.766812,-0.545586,0.597979,-0.020455,0.000000,0.000000,0.000000,1.077266
-725968.583777,393527.394770,983356.627336,-24199.799412,13117.336228,32778.556634,0.000000,0.000000,0.000000,1.150362
162810.397031,62807.091057,-20380.034363,5426.302303,2093.594865,-679.324063,0.000000,0.000000,0.000000,1.104765
-186.246193,17.510889,-83.799730,-6.437102,0.362501,-2.782279,0.000000,0.000000,0.000000,0.862295
27142.308851,-154087.654274,-79630.899588,904.195308,-5136.099285,-2654.361585,0.000000,0.000000,0.000000,1.006393
-2287.960710,9210.280846,-13130.574389,-76.916025,306.964896,-437.670602,0.000000,0.000000,0.000000,1.078170
-148320.608406,-187254.604719,-216717.837338,-4944.459647,-6241.603676,-7223.924789,0.000000,0.000000,0.000000,1.188275
